/*******************************************************************************
 * Size: 30 px
 * Bpp: 4
 * Opts: --bpp 4 --size 30 --no-compress --format lvgl --lv-include lvgl.h --font assets/fonts/inter-600.ttf -r 0x20-0x7E,0xA0-0xFF,0x2010-0x2027,0x2030-0x203A,0x20AC,0x2122,0x2190-0x2193 --font assets/fonts/FontAwesome5-Solid+Brands+Regular.woff -r 61441,61448,61451,61452,61453,61457,61459,61461,61465,61468,61473,61478,61479,61480,61502,61507,61512,61515,61516,61517,61521,61522,61523,61524,61543,61544,61550,61552,61553,61556,61559,61560,61561,61563,61587,61589,61636,61637,61639,61641,61664,61671,61674,61683,61724,61732,61787,61931,62016,62017,62018,62019,62020,62087,62099,62189,62212,62810,63426,63650,61463,62194,62034,61675,61830,61829,61774,63166,62804,61948,61530,62171,61612,61548,61926,61475,62413,62153,63024,61942,61458,61524,61452,62790,61444,61634,63172,63171,63293,63296,62172,63327,63244,61870,62405,62042,62193,61470,62006 -o components/avo_ui/assets/fonts/avo_font_30.c
 ******************************************************************************/

#ifdef LV_LVGL_H_INCLUDE_SIMPLE
#include "lvgl.h"
#else
#include "lvgl.h"
#endif

#ifndef AVO_FONT_30
#define AVO_FONT_30 1
#endif

#if AVO_FONT_30

/*-----------------
 *    BITMAPS
 *----------------*/

/*Store the image of the glyphs*/
static LV_ATTRIBUTE_LARGE_CONST const uint8_t glyph_bitmap[] = {
    /* U+0020 " " */

    /* U+0021 "!" */
    0x4f, 0xff, 0xe0, 0x3f, 0xff, 0xd0, 0x3f, 0xff,
    0xd0, 0x3f, 0xff, 0xd0, 0x3f, 0xff, 0xc0, 0x2f,
    0xff, 0xc0, 0x2f, 0xff, 0xc0, 0x2f, 0xff, 0xc0,
    0x1f, 0xff, 0xb0, 0x1f, 0xff, 0xb0, 0x1f, 0xff,
    0xb0, 0x1f, 0xff, 0xa0, 0xf, 0xff, 0xa0, 0xf,
    0xff, 0xa0, 0xf, 0xff, 0x90, 0x4, 0x44, 0x20,
    0x0, 0x0, 0x0, 0x4, 0xa9, 0x10, 0x3f, 0xff,
    0xd0, 0x8f, 0xff, 0xf2, 0x5f, 0xff, 0xf0, 0x9,
    0xfd, 0x50,

    /* U+0022 "\"" */
    0xff, 0xfb, 0x0, 0xff, 0xfa, 0xef, 0xfb, 0x0,
    0xff, 0xf9, 0xef, 0xfa, 0x0, 0xff, 0xf9, 0xdf,
    0xf9, 0x0, 0xef, 0xf8, 0xcf, 0xf9, 0x0, 0xef,
    0xf7, 0xcf, 0xf8, 0x0, 0xdf, 0xf7, 0xbf, 0xf7,
    0x0, 0xcf, 0xf6, 0xaf, 0xf7, 0x0, 0xcf, 0xf5,
    0x9f, 0xf6, 0x0, 0xbf, 0xf5, 0x0, 0x0, 0x0,
    0x0, 0x0,

    /* U+0023 "#" */
    0x0, 0x0, 0x0, 0xff, 0xf0, 0x0, 0x4, 0xff,
    0xa0, 0x0, 0x0, 0x0, 0x1f, 0xfd, 0x0, 0x0,
    0x7f, 0xf8, 0x0, 0x0, 0x0, 0x4, 0xff, 0xa0,
    0x0, 0x9, 0xff, 0x50, 0x0, 0x0, 0x0, 0x7f,
    0xf8, 0x0, 0x0, 0xcf, 0xf3, 0x0, 0x0, 0x0,
    0x9, 0xff, 0x50, 0x0, 0xf, 0xff, 0x0, 0x0,
    0xe, 0xff, 0xff, 0xff, 0xff, 0xff, 0xff, 0xff,
    0xfd, 0x1, 0xff, 0xff, 0xff, 0xff, 0xff, 0xff,
    0xff, 0xff, 0xa0, 0x4f, 0xff, 0xff, 0xff, 0xff,
    0xff, 0xff, 0xff, 0xf8, 0x0, 0x0, 0x4f, 0xfb,
    0x0, 0x0, 0xaf, 0xf6, 0x0, 0x0, 0x0, 0x6,
    0xff, 0x80, 0x0, 0xc, 0xff, 0x30, 0x0, 0x0,
    0x0, 0x9f, 0xf6, 0x0, 0x0, 0xef, 0xf0, 0x0,
    0x0, 0x0, 0xb, 0xff, 0x30, 0x0, 0x1f, 0xfe,
    0x0, 0x0, 0x0, 0x0, 0xef, 0xf0, 0x0, 0x3,
    0xff, 0xb0, 0x0, 0x3, 0xff, 0xff, 0xff, 0xff,
    0xff, 0xff, 0xff, 0xff, 0x90, 0x6f, 0xff, 0xff,
    0xff, 0xff, 0xff, 0xff, 0xff, 0xf6, 0x8, 0xff,
    0xff, 0xff, 0xff, 0xff, 0xff, 0xff, 0xff, 0x40,
    0x0, 0x9, 0xff, 0x60, 0x0, 0xe, 0xff, 0x10,
    0x0, 0x0, 0x0, 0xbf, 0xf3, 0x0, 0x1, 0xff,
    0xe0, 0x0, 0x0, 0x0, 0xe, 0xff, 0x10, 0x0,
    0x3f, 0xfb, 0x0, 0x0, 0x0, 0x0, 0xff, 0xe0,
    0x0, 0x6, 0xff, 0x90, 0x0, 0x0, 0x0, 0x3f,
    0xfc, 0x0, 0x0, 0x8f, 0xf6, 0x0, 0x0, 0x0,
    0x5, 0xff, 0x90, 0x0, 0xb, 0xff, 0x40, 0x0,
    0x0,

    /* U+0024 "$" */
    0x0, 0x0, 0x0, 0x0, 0xfb, 0x0, 0x0, 0x0,
    0x0, 0x0, 0x0, 0x0, 0x0, 0xfb, 0x0, 0x0,
    0x0, 0x0, 0x0, 0x0, 0x0, 0x0, 0xfb, 0x0,
    0x0, 0x0, 0x0, 0x0, 0x0, 0x0, 0x0, 0xfb,
    0x0, 0x0, 0x0, 0x0, 0x0, 0x0, 0x16, 0xbe,
    0xff, 0xda, 0x50, 0x0, 0x0, 0x0, 0x6, 0xef,
    0xff, 0xff, 0xff, 0xfd, 0x40, 0x0, 0x0, 0x8f,
    0xff, 0xff, 0xff, 0xff, 0xff, 0xf5, 0x0, 0x4,
    0xff, 0xff, 0xe9, 0xff, 0xaf, 0xff, 0xff, 0x10,
    0xb, 0xff, 0xfb, 0x0, 0xfb, 0x1, 0xdf, 0xff,
    0x70, 0xf, 0xff, 0xf1, 0x0, 0xfb, 0x0, 0x3f,
    0xff, 0xb0, 0xf, 0xff, 0xf0, 0x0, 0xfb, 0x0,
    0x3, 0x44, 0x30, 0xd, 0xff, 0xf7, 0x0, 0xfb,
    0x0, 0x0, 0x0, 0x0, 0x7, 0xff, 0xff, 0xa4,
    0xfb, 0x0, 0x0, 0x0, 0x0, 0x0, 0xcf, 0xff,
    0xff, 0xff, 0x61, 0x0, 0x0, 0x0, 0x0, 0x9,
    0xff, 0xff, 0xff, 0xff, 0xc5, 0x0, 0x0, 0x0,
    0x0, 0x28, 0xdf, 0xff, 0xff, 0xff, 0xc2, 0x0,
    0x0, 0x0, 0x0, 0x2, 0xff, 0xef, 0xff, 0xfe,
    0x10, 0x0, 0x0, 0x0, 0x0, 0xfb, 0x5, 0xef,
    0xff, 0x90, 0x0, 0x0, 0x0, 0x0, 0xfb, 0x0,
    0x1f, 0xff, 0xf0, 0x6b, 0xbb, 0x30, 0x0, 0xfb,
    0x0, 0xd, 0xff, 0xf1, 0x6f, 0xff, 0x90, 0x0,
    0xfb, 0x0, 0x1f, 0xff, 0xf0, 0x2f, 0xff, 0xf6,
    0x0, 0xfb, 0x1, 0xbf, 0xff, 0xd0, 0xa, 0xff,
    0xff, 0xd9, 0xff, 0xaf, 0xff, 0xff, 0x60, 0x1,
    0xdf, 0xff, 0xff, 0xff, 0xff, 0xff, 0xfa, 0x0,
    0x0, 0x1a, 0xff, 0xff, 0xff, 0xff, 0xff, 0x80,
    0x0, 0x0, 0x0, 0x38, 0xce, 0xff, 0xdb, 0x71,
    0x0, 0x0, 0x0, 0x0, 0x0, 0x0, 0xfb, 0x0,
    0x0, 0x0, 0x0, 0x0, 0x0, 0x0, 0x0, 0xfb,
    0x0, 0x0, 0x0, 0x0, 0x0, 0x0, 0x0, 0x0,
    0x85, 0x0, 0x0, 0x0, 0x0,

    /* U+0025 "%" */
    0x0, 0x19, 0xef, 0xea, 0x20, 0x0, 0x0, 0x0,
    0x0, 0x4f, 0xf9, 0x0, 0x0, 0x1, 0xef, 0xff,
    0xff, 0xf2, 0x0, 0x0, 0x0, 0x1, 0xef, 0xd0,
    0x0, 0x0, 0xa, 0xff, 0xc8, 0xbf, 0xfc, 0x0,
    0x0, 0x0, 0xa, 0xff, 0x30, 0x0, 0x0, 0xf,
    0xfe, 0x0, 0xd, 0xff, 0x0, 0x0, 0x0, 0x5f,
    0xf8, 0x0, 0x0, 0x0, 0xf, 0xfb, 0x0, 0xa,
    0xff, 0x10, 0x0, 0x1, 0xef, 0xd0, 0x0, 0x0,
    0x0, 0xf, 0xfc, 0x0, 0xb, 0xff, 0x10, 0x0,
    0xb, 0xff, 0x30, 0x0, 0x0, 0x0, 0xd, 0xff,
    0x40, 0x4f, 0xfe, 0x0, 0x0, 0x5f, 0xf7, 0x0,
    0x0, 0x0, 0x0, 0x6, 0xff, 0xff, 0xff, 0xf7,
    0x0, 0x1, 0xff, 0xc0, 0x0, 0x0, 0x0, 0x0,
    0x0, 0x8f, 0xff, 0xff, 0x90, 0x0, 0xb, 0xff,
    0x20, 0x0, 0x0, 0x0, 0x0, 0x0, 0x1, 0x67,
    0x62, 0x0, 0x0, 0x6f, 0xf7, 0x0, 0x0, 0x0,
    0x0, 0x0, 0x0, 0x0, 0x0, 0x0, 0x0, 0x2,
    0xff, 0xc0, 0x0, 0x0, 0x0, 0x0, 0x0, 0x0,
    0x0, 0x0, 0x0, 0x0, 0xc, 0xff, 0x20, 0x0,
    0x8d, 0xfe, 0x91, 0x0, 0x0, 0x0, 0x0, 0x0,
    0x0, 0x7f, 0xf6, 0x0, 0xc, 0xff, 0xff, 0xfe,
    0x10, 0x0, 0x0, 0x0, 0x0, 0x2, 0xff, 0xb0,
    0x0, 0x7f, 0xfd, 0x8c, 0xff, 0xa0, 0x0, 0x0,
    0x0, 0x0, 0xc, 0xfe, 0x10, 0x0, 0xdf, 0xf1,
    0x0, 0xdf, 0xf0, 0x0, 0x0, 0x0, 0x0, 0x8f,
    0xf5, 0x0, 0x0, 0xff, 0xd0, 0x0, 0xaf, 0xf2,
    0x0, 0x0, 0x0, 0x3, 0xff, 0xa0, 0x0, 0x0,
    0xff, 0xc0, 0x0, 0x9f, 0xf3, 0x0, 0x0, 0x0,
    0xd, 0xfe, 0x10, 0x0, 0x0, 0xff, 0xd0, 0x0,
    0xaf, 0xf2, 0x0, 0x0, 0x0, 0x8f, 0xf4, 0x0,
    0x0, 0x0, 0xdf, 0xf1, 0x0, 0xef, 0xf0, 0x0,
    0x0, 0x3, 0xff, 0xa0, 0x0, 0x0, 0x0, 0x7f,
    0xfd, 0x8c, 0xff, 0xa0, 0x0, 0x0, 0xd, 0xfe,
    0x0, 0x0, 0x0, 0x0, 0xc, 0xff, 0xff, 0xfe,
    0x10, 0x0, 0x0, 0x9f, 0xf4, 0x0, 0x0, 0x0,
    0x0, 0x0, 0x8d, 0xfe, 0x91, 0x0,

    /* U+0026 "&" */
    0x0, 0x0, 0x18, 0xdf, 0xec, 0x70, 0x0, 0x0,
    0x0, 0x0, 0x0, 0x4e, 0xff, 0xff, 0xff, 0xd1,
    0x0, 0x0, 0x0, 0x0, 0x1e, 0xff, 0xff, 0xff,
    0xff, 0xb0, 0x0, 0x0, 0x0, 0x7, 0xff, 0xfa,
    0x44, 0xcf, 0xff, 0x20, 0x0, 0x0, 0x0, 0xbf,
    0xfc, 0x0, 0x0, 0xff, 0xf5, 0x0, 0x0, 0x0,
    0xc, 0xff, 0x90, 0x0, 0xf, 0xff, 0x50, 0x0,
    0x0, 0x0, 0xbf, 0xfc, 0x0, 0x5, 0xff, 0xf1,
    0x0, 0x0, 0x0, 0x6, 0xff, 0xf5, 0x5, 0xff,
    0xf9, 0x0, 0x0, 0x0, 0x0, 0xe, 0xff, 0xfc,
    0xff, 0xfc, 0x0, 0x0, 0x0, 0x0, 0x0, 0x4f,
    0xff, 0xff, 0xfa, 0x0, 0x0, 0x0, 0x0, 0x0,
    0x1, 0xff, 0xff, 0xf6, 0x0, 0x0, 0x0, 0x0,
    0x0, 0x3, 0xef, 0xff, 0xff, 0x90, 0x0, 0x8,
    0x88, 0x20, 0x3, 0xff, 0xff, 0xff, 0xff, 0x70,
    0x0, 0xff, 0xf4, 0x1, 0xef, 0xff, 0x51, 0xdf,
    0xff, 0x50, 0x3f, 0xff, 0x30, 0x6f, 0xff, 0x70,
    0x2, 0xef, 0xff, 0x38, 0xff, 0xf0, 0xa, 0xff,
    0xf1, 0x0, 0x3, 0xff, 0xff, 0xff, 0xfb, 0x0,
    0xaf, 0xff, 0x20, 0x0, 0x5, 0xff, 0xff, 0xff,
    0x40, 0x7, 0xff, 0xf9, 0x0, 0x0, 0x9, 0xff,
    0xff, 0xc0, 0x0, 0x2f, 0xff, 0xfb, 0x53, 0x59,
    0xff, 0xff, 0xfb, 0x0, 0x0, 0x7f, 0xff, 0xff,
    0xff, 0xff, 0xff, 0xff, 0xf7, 0x0, 0x0, 0x7f,
    0xff, 0xff, 0xff, 0xff, 0x9c, 0xff, 0xf5, 0x0,
    0x0, 0x28, 0xce, 0xfe, 0xc8, 0x10, 0x1d, 0xff,
    0xf3,

    /* U+0027 "'" */
    0xff, 0xfb, 0xef, 0xfb, 0xef, 0xfa, 0xdf, 0xf9,
    0xcf, 0xf9, 0xcf, 0xf8, 0xbf, 0xf7, 0xaf, 0xf7,
    0x9f, 0xf6, 0x0, 0x0,

    /* U+0028 "(" */
    0x0, 0x0, 0xbf, 0xfc, 0x0, 0x0, 0x4f, 0xff,
    0x70, 0x0, 0xb, 0xff, 0xf1, 0x0, 0x2, 0xff,
    0xfb, 0x0, 0x0, 0x8f, 0xff, 0x50, 0x0, 0xc,
    0xff, 0xf0, 0x0, 0x1, 0xff, 0xfc, 0x0, 0x0,
    0x5f, 0xff, 0x80, 0x0, 0x9, 0xff, 0xf4, 0x0,
    0x0, 0xcf, 0xff, 0x10, 0x0, 0xe, 0xff, 0xe0,
    0x0, 0x1, 0xff, 0xfc, 0x0, 0x0, 0x2f, 0xff,
    0xb0, 0x0, 0x3, 0xff, 0xfa, 0x0, 0x0, 0x4f,
    0xff, 0x90, 0x0, 0x3, 0xff, 0xfa, 0x0, 0x0,
    0x2f, 0xff, 0xa0, 0x0, 0x1, 0xff, 0xfc, 0x0,
    0x0, 0xf, 0xff, 0xe0, 0x0, 0x0, 0xbf, 0xff,
    0x20, 0x0, 0x8, 0xff, 0xf5, 0x0, 0x0, 0x4f,
    0xff, 0xa0, 0x0, 0x0, 0xef, 0xfe, 0x0, 0x0,
    0x9, 0xff, 0xf4, 0x0, 0x0, 0x3f, 0xff, 0xa0,
    0x0, 0x0, 0xcf, 0xff, 0x0, 0x0, 0x4, 0xff,
    0xf6, 0x0, 0x0, 0xc, 0xff, 0xd0,

    /* U+0029 ")" */
    0xaf, 0xfd, 0x0, 0x0, 0x4f, 0xff, 0x70, 0x0,
    0xd, 0xff, 0xe0, 0x0, 0x8, 0xff, 0xf4, 0x0,
    0x2, 0xff, 0xfa, 0x0, 0x0, 0xdf, 0xff, 0x0,
    0x0, 0x9f, 0xff, 0x40, 0x0, 0x5f, 0xff, 0x80,
    0x0, 0x1f, 0xff, 0xc0, 0x0, 0xe, 0xff, 0xf0,
    0x0, 0xc, 0xff, 0xf1, 0x0, 0xa, 0xff, 0xf4,
    0x0, 0x8, 0xff, 0xf5, 0x0, 0x7, 0xff, 0xf6,
    0x0, 0x6, 0xff, 0xf7, 0x0, 0x7, 0xff, 0xf6,
    0x0, 0x7, 0xff, 0xf5, 0x0, 0x9, 0xff, 0xf4,
    0x0, 0xc, 0xff, 0xf2, 0x0, 0xf, 0xff, 0xe0,
    0x0, 0x2f, 0xff, 0xb0, 0x0, 0x7f, 0xff, 0x70,
    0x0, 0xcf, 0xff, 0x20, 0x1, 0xff, 0xfc, 0x0,
    0x7, 0xff, 0xf6, 0x0, 0xd, 0xff, 0xe0, 0x0,
    0x3f, 0xff, 0x70, 0x0, 0xaf, 0xfe, 0x0, 0x0,

    /* U+002A "*" */
    0x0, 0x0, 0x2f, 0xf5, 0x0, 0x0, 0x0, 0x0,
    0x1, 0xff, 0x40, 0x0, 0x0, 0xb, 0x40, 0x1f,
    0xf3, 0x2, 0xc1, 0x6, 0xff, 0x91, 0xff, 0x37,
    0xff, 0x90, 0x7f, 0xff, 0xef, 0xfd, 0xff, 0xf9,
    0x0, 0x18, 0xff, 0xff, 0xff, 0xa2, 0x0, 0x0,
    0x8, 0xff, 0xff, 0xa1, 0x0, 0x0, 0x6e, 0xff,
    0xff, 0xff, 0xf8, 0x10, 0xaf, 0xff, 0x8f, 0xf8,
    0xff, 0xfd, 0x3, 0xfd, 0x30, 0xff, 0x31, 0xbf,
    0x60, 0x5, 0x0, 0x1f, 0xf4, 0x0, 0x50, 0x0,
    0x0, 0x2, 0xff, 0x50, 0x0, 0x0, 0x0, 0x0,
    0x19, 0x93, 0x0, 0x0, 0x0,

    /* U+002B "+" */
    0x0, 0x0, 0x0, 0x9f, 0xfc, 0x0, 0x0, 0x0,
    0x0, 0x0, 0x0, 0x9f, 0xfc, 0x0, 0x0, 0x0,
    0x0, 0x0, 0x0, 0x9f, 0xfc, 0x0, 0x0, 0x0,
    0x0, 0x0, 0x0, 0x9f, 0xfc, 0x0, 0x0, 0x0,
    0x0, 0x0, 0x0, 0x9f, 0xfc, 0x0, 0x0, 0x0,
    0x0, 0x0, 0x0, 0x9f, 0xfc, 0x0, 0x0, 0x0,
    0x4f, 0xff, 0xff, 0xff, 0xff, 0xff, 0xff, 0xf7,
    0x4f, 0xff, 0xff, 0xff, 0xff, 0xff, 0xff, 0xf7,
    0x4f, 0xff, 0xff, 0xff, 0xff, 0xff, 0xff, 0xf7,
    0x3, 0x33, 0x33, 0xcf, 0xff, 0x33, 0x33, 0x31,
    0x0, 0x0, 0x0, 0x9f, 0xfc, 0x0, 0x0, 0x0,
    0x0, 0x0, 0x0, 0x9f, 0xfc, 0x0, 0x0, 0x0,
    0x0, 0x0, 0x0, 0x9f, 0xfc, 0x0, 0x0, 0x0,
    0x0, 0x0, 0x0, 0x9f, 0xfc, 0x0, 0x0, 0x0,
    0x0, 0x0, 0x0, 0x9f, 0xfc, 0x0, 0x0, 0x0,

    /* U+002C "," */
    0x0, 0x1, 0x10, 0x0, 0xf, 0xff, 0xd0, 0x2,
    0xff, 0xf9, 0x0, 0x4f, 0xff, 0x40, 0x6, 0xff,
    0xf0, 0x0, 0x8f, 0xfb, 0x0, 0xb, 0xff, 0x70,
    0x0, 0xdf, 0xf2, 0x0, 0xf, 0xfe, 0x0, 0x2,
    0xff, 0x90, 0x0,

    /* U+002D "-" */
    0x33, 0x33, 0x33, 0x33, 0x33, 0xff, 0xff, 0xff,
    0xff, 0xfe, 0xff, 0xff, 0xff, 0xff, 0xfe, 0xff,
    0xff, 0xff, 0xff, 0xfe,

    /* U+002E "." */
    0x5, 0xb9, 0x10, 0x4f, 0xff, 0xd0, 0x8f, 0xff,
    0xf1, 0x5f, 0xff, 0xe0, 0x9, 0xfd, 0x30,

    /* U+002F "/" */
    0x0, 0x0, 0x0, 0x9, 0xff, 0xb0, 0x0, 0x0,
    0x0, 0xdf, 0xf7, 0x0, 0x0, 0x0, 0x1f, 0xff,
    0x30, 0x0, 0x0, 0x6, 0xff, 0xf0, 0x0, 0x0,
    0x0, 0xaf, 0xfb, 0x0, 0x0, 0x0, 0xe, 0xff,
    0x70, 0x0, 0x0, 0x2, 0xff, 0xf2, 0x0, 0x0,
    0x0, 0x6f, 0xfe, 0x0, 0x0, 0x0, 0xa, 0xff,
    0xa0, 0x0, 0x0, 0x0, 0xef, 0xf6, 0x0, 0x0,
    0x0, 0x3f, 0xff, 0x20, 0x0, 0x0, 0x7, 0xff,
    0xe0, 0x0, 0x0, 0x0, 0xbf, 0xf9, 0x0, 0x0,
    0x0, 0xf, 0xff, 0x50, 0x0, 0x0, 0x3, 0xff,
    0xf1, 0x0, 0x0, 0x0, 0x8f, 0xfd, 0x0, 0x0,
    0x0, 0xc, 0xff, 0x90, 0x0, 0x0, 0x0, 0xff,
    0xf5, 0x0, 0x0, 0x0, 0x4f, 0xff, 0x10, 0x0,
    0x0, 0x8, 0xff, 0xc0, 0x0, 0x0, 0x0, 0xcf,
    0xf8, 0x0, 0x0, 0x0, 0x1f, 0xff, 0x40, 0x0,
    0x0, 0x5, 0xff, 0xf0, 0x0, 0x0, 0x0, 0x9f,
    0xfc, 0x0, 0x0, 0x0, 0xd, 0xff, 0x70, 0x0,
    0x0, 0x1, 0xff, 0xf3, 0x0, 0x0, 0x0, 0x5f,
    0xff, 0x0, 0x0, 0x0, 0x0,

    /* U+0030 "0" */
    0x0, 0x0, 0x4, 0xae, 0xff, 0xd9, 0x30, 0x0,
    0x0, 0x0, 0x1, 0xbf, 0xff, 0xff, 0xff, 0xf9,
    0x0, 0x0, 0x0, 0x1d, 0xff, 0xff, 0xff, 0xff,
    0xff, 0xb0, 0x0, 0x0, 0xaf, 0xff, 0xfa, 0x67,
    0xcf, 0xff, 0xf7, 0x0, 0x3, 0xff, 0xff, 0x50,
    0x0, 0x8, 0xff, 0xff, 0x0, 0xa, 0xff, 0xf9,
    0x0, 0x0, 0x0, 0xcf, 0xff, 0x60, 0xe, 0xff,
    0xf2, 0x0, 0x0, 0x0, 0x5f, 0xff, 0xb0, 0x2f,
    0xff, 0xd0, 0x0, 0x0, 0x0, 0x1f, 0xff, 0xf0,
    0x5f, 0xff, 0xa0, 0x0, 0x0, 0x0, 0xd, 0xff,
    0xf1, 0x6f, 0xff, 0x80, 0x0, 0x0, 0x0, 0xb,
    0xff, 0xf3, 0x7f, 0xff, 0x70, 0x0, 0x0, 0x0,
    0xb, 0xff, 0xf4, 0x7f, 0xff, 0x70, 0x0, 0x0,
    0x0, 0xa, 0xff, 0xf4, 0x6f, 0xff, 0x80, 0x0,
    0x0, 0x0, 0xb, 0xff, 0xf3, 0x5f, 0xff, 0xa0,
    0x0, 0x0, 0x0, 0xd, 0xff, 0xf1, 0x2f, 0xff,
    0xd0, 0x0, 0x0, 0x0, 0xf, 0xff, 0xf0, 0xf,
    0xff, 0xf1, 0x0, 0x0, 0x0, 0x5f, 0xff, 0xb0,
    0xa, 0xff, 0xf8, 0x0, 0x0, 0x0, 0xcf, 0xff,
    0x60, 0x3, 0xff, 0xff, 0x40, 0x0, 0x8, 0xff,
    0xff, 0x10, 0x0, 0xaf, 0xff, 0xfa, 0x67, 0xcf,
    0xff, 0xf7, 0x0, 0x0, 0x1d, 0xff, 0xff, 0xff,
    0xff, 0xff, 0xb0, 0x0, 0x0, 0x1, 0xcf, 0xff,
    0xff, 0xff, 0xf9, 0x0, 0x0, 0x0, 0x0, 0x5,
    0xae, 0xff, 0xd9, 0x30, 0x0, 0x0,

    /* U+0031 "1" */
    0x0, 0x0, 0x8f, 0xff, 0xf8, 0x0, 0x2c, 0xff,
    0xff, 0xf8, 0x5, 0xff, 0xff, 0xff, 0xf8, 0x7f,
    0xff, 0xfc, 0xff, 0xf8, 0xaf, 0xfe, 0x36, 0xff,
    0xf8, 0xaf, 0xa1, 0x6, 0xff, 0xf8, 0x96, 0x0,
    0x6, 0xff, 0xf8, 0x0, 0x0, 0x6, 0xff, 0xf8,
    0x0, 0x0, 0x6, 0xff, 0xf8, 0x0, 0x0, 0x6,
    0xff, 0xf8, 0x0, 0x0, 0x6, 0xff, 0xf8, 0x0,
    0x0, 0x6, 0xff, 0xf8, 0x0, 0x0, 0x6, 0xff,
    0xf8, 0x0, 0x0, 0x6, 0xff, 0xf8, 0x0, 0x0,
    0x6, 0xff, 0xf8, 0x0, 0x0, 0x6, 0xff, 0xf8,
    0x0, 0x0, 0x6, 0xff, 0xf8, 0x0, 0x0, 0x6,
    0xff, 0xf8, 0x0, 0x0, 0x6, 0xff, 0xf8, 0x0,
    0x0, 0x6, 0xff, 0xf8, 0x0, 0x0, 0x6, 0xff,
    0xf8, 0x0, 0x0, 0x6, 0xff, 0xf8,

    /* U+0032 "2" */
    0x0, 0x0, 0x28, 0xce, 0xfd, 0xb5, 0x0, 0x0,
    0x0, 0x8, 0xff, 0xff, 0xff, 0xff, 0xd3, 0x0,
    0x0, 0x9f, 0xff, 0xff, 0xff, 0xff, 0xff, 0x30,
    0x5, 0xff, 0xff, 0xa5, 0x58, 0xef, 0xff, 0xd0,
    0xb, 0xff, 0xf5, 0x0, 0x0, 0x1e, 0xff, 0xf4,
    0xf, 0xff, 0xc0, 0x0, 0x0, 0x6, 0xff, 0xf7,
    0x1d, 0xdd, 0x80, 0x0, 0x0, 0x3, 0xff, 0xf8,
    0x0, 0x0, 0x0, 0x0, 0x0, 0x5, 0xff, 0xf6,
    0x0, 0x0, 0x0, 0x0, 0x0, 0xb, 0xff, 0xf2,
    0x0, 0x0, 0x0, 0x0, 0x0, 0x6f, 0xff, 0xa0,
    0x0, 0x0, 0x0, 0x0, 0x4, 0xff, 0xfe, 0x10,
    0x0, 0x0, 0x0, 0x0, 0x3f, 0xff, 0xf4, 0x0,
    0x0, 0x0, 0x0, 0x3, 0xff, 0xff, 0x60, 0x0,
    0x0, 0x0, 0x0, 0x4f, 0xff, 0xf6, 0x0, 0x0,
    0x0, 0x0, 0x4, 0xff, 0xff, 0x60, 0x0, 0x0,
    0x0, 0x0, 0x5f, 0xff, 0xf6, 0x0, 0x0, 0x0,
    0x0, 0x5, 0xff, 0xff, 0x60, 0x0, 0x0, 0x0,
    0x0, 0x5f, 0xff, 0xf7, 0x0, 0x0, 0x0, 0x0,
    0x6, 0xff, 0xff, 0xc6, 0x66, 0x66, 0x66, 0x66,
    0xf, 0xff, 0xff, 0xff, 0xff, 0xff, 0xff, 0xfe,
    0xf, 0xff, 0xff, 0xff, 0xff, 0xff, 0xff, 0xfe,
    0xf, 0xff, 0xff, 0xff, 0xff, 0xff, 0xff, 0xfe,

    /* U+0033 "3" */
    0x0, 0x0, 0x17, 0xce, 0xfe, 0xc8, 0x20, 0x0,
    0x0, 0x0, 0x7f, 0xff, 0xff, 0xff, 0xff, 0x80,
    0x0, 0x0, 0x9f, 0xff, 0xff, 0xff, 0xff, 0xff,
    0x80, 0x0, 0x4f, 0xff, 0xfb, 0x64, 0x6b, 0xff,
    0xff, 0x30, 0xb, 0xff, 0xf6, 0x0, 0x0, 0x9,
    0xff, 0xf9, 0x0, 0xdf, 0xfd, 0x0, 0x0, 0x0,
    0x1f, 0xff, 0xb0, 0x0, 0x0, 0x0, 0x0, 0x0,
    0x1, 0xff, 0xfb, 0x0, 0x0, 0x0, 0x0, 0x0,
    0x0, 0x8f, 0xff, 0x60, 0x0, 0x0, 0x0, 0x11,
    0x14, 0xaf, 0xff, 0xc0, 0x0, 0x0, 0x0, 0xc,
    0xff, 0xff, 0xff, 0x90, 0x0, 0x0, 0x0, 0x0,
    0xcf, 0xff, 0xff, 0x71, 0x0, 0x0, 0x0, 0x0,
    0xc, 0xff, 0xff, 0xff, 0xf8, 0x0, 0x0, 0x0,
    0x0, 0x0, 0x2, 0x7e, 0xff, 0xf9, 0x0, 0x0,
    0x0, 0x0, 0x0, 0x0, 0x2f, 0xff, 0xf2, 0x0,
    0x0, 0x0, 0x0, 0x0, 0x0, 0x9f, 0xff, 0x71,
    0x44, 0x42, 0x0, 0x0, 0x0, 0x7, 0xff, 0xf8,
    0x4f, 0xff, 0xb0, 0x0, 0x0, 0x0, 0xbf, 0xff,
    0x71, 0xff, 0xff, 0x60, 0x0, 0x0, 0x6f, 0xff,
    0xf3, 0x9, 0xff, 0xff, 0xc7, 0x67, 0xcf, 0xff,
    0xfc, 0x0, 0xc, 0xff, 0xff, 0xff, 0xff, 0xff,
    0xfd, 0x10, 0x0, 0x1a, 0xff, 0xff, 0xff, 0xff,
    0xfb, 0x10, 0x0, 0x0, 0x3, 0x8c, 0xef, 0xed,
    0x93, 0x0, 0x0,

    /* U+0034 "4" */
    0x0, 0x0, 0x0, 0x0, 0x7, 0xff, 0xff, 0xb0,
    0x0, 0x0, 0x0, 0x0, 0x0, 0x2f, 0xff, 0xff,
    0xb0, 0x0, 0x0, 0x0, 0x0, 0x0, 0xbf, 0xff,
    0xff, 0xb0, 0x0, 0x0, 0x0, 0x0, 0x5, 0xff,
    0xff, 0xff, 0xb0, 0x0, 0x0, 0x0, 0x0, 0x1e,
    0xff, 0xdf, 0xff, 0xb0, 0x0, 0x0, 0x0, 0x0,
    0x9f, 0xff, 0x4f, 0xff, 0xb0, 0x0, 0x0, 0x0,
    0x3, 0xff, 0xfa, 0xf, 0xff, 0xb0, 0x0, 0x0,
    0x0, 0xd, 0xff, 0xe1, 0xf, 0xff, 0xb0, 0x0,
    0x0, 0x0, 0x7f, 0xff, 0x60, 0xf, 0xff, 0xb0,
    0x0, 0x0, 0x2, 0xff, 0xfb, 0x0, 0xf, 0xff,
    0xb0, 0x0, 0x0, 0xb, 0xff, 0xf2, 0x0, 0xf,
    0xff, 0xb0, 0x0, 0x0, 0x5f, 0xff, 0x70, 0x0,
    0xf, 0xff, 0xb0, 0x0, 0x1, 0xef, 0xfd, 0x0,
    0x0, 0xf, 0xff, 0xb0, 0x0, 0xa, 0xff, 0xf3,
    0x0, 0x0, 0xf, 0xff, 0xb0, 0x0, 0x3f, 0xff,
    0xd6, 0x66, 0x66, 0x6f, 0xff, 0xf6, 0x63, 0x7f,
    0xff, 0xff, 0xff, 0xff, 0xff, 0xff, 0xff, 0xf8,
    0x7f, 0xff, 0xff, 0xff, 0xff, 0xff, 0xff, 0xff,
    0xf8, 0x7f, 0xff, 0xff, 0xff, 0xff, 0xff, 0xff,
    0xff, 0xf8, 0x0, 0x0, 0x0, 0x0, 0x0, 0xf,
    0xff, 0xb0, 0x0, 0x0, 0x0, 0x0, 0x0, 0x0,
    0xf, 0xff, 0xb0, 0x0, 0x0, 0x0, 0x0, 0x0,
    0x0, 0xf, 0xff, 0xb0, 0x0, 0x0, 0x0, 0x0,
    0x0, 0x0, 0xf, 0xff, 0xb0, 0x0,

    /* U+0035 "5" */
    0x0, 0xff, 0xff, 0xff, 0xff, 0xff, 0xff, 0xb0,
    0x1, 0xff, 0xff, 0xff, 0xff, 0xff, 0xff, 0xb0,
    0x2, 0xff, 0xff, 0xff, 0xff, 0xff, 0xff, 0xb0,
    0x4, 0xff, 0xf8, 0x55, 0x55, 0x55, 0x55, 0x40,
    0x6, 0xff, 0xf3, 0x0, 0x0, 0x0, 0x0, 0x0,
    0x7, 0xff, 0xf1, 0x0, 0x0, 0x0, 0x0, 0x0,
    0x9, 0xff, 0xf0, 0x0, 0x0, 0x0, 0x0, 0x0,
    0xb, 0xff, 0xd0, 0x7c, 0xff, 0xc8, 0x10, 0x0,
    0xc, 0xff, 0xdd, 0xff, 0xff, 0xff, 0xe4, 0x0,
    0xe, 0xff, 0xff, 0xff, 0xff, 0xff, 0xff, 0x30,
    0xf, 0xff, 0xfc, 0x52, 0x26, 0xef, 0xff, 0xd0,
    0x0, 0x25, 0x50, 0x0, 0x0, 0x1e, 0xff, 0xf5,
    0x0, 0x0, 0x0, 0x0, 0x0, 0x5, 0xff, 0xfa,
    0x0, 0x0, 0x0, 0x0, 0x0, 0x0, 0xff, 0xfc,
    0x0, 0x0, 0x0, 0x0, 0x0, 0x0, 0xff, 0xfd,
    0x25, 0x55, 0x20, 0x0, 0x0, 0x1, 0xff, 0xfb,
    0x5f, 0xff, 0x80, 0x0, 0x0, 0x6, 0xff, 0xf9,
    0x1f, 0xff, 0xf3, 0x0, 0x0, 0x2e, 0xff, 0xf3,
    0xa, 0xff, 0xff, 0x84, 0x48, 0xff, 0xff, 0xb0,
    0x1, 0xdf, 0xff, 0xff, 0xff, 0xff, 0xfd, 0x10,
    0x0, 0x1b, 0xff, 0xff, 0xff, 0xff, 0xb1, 0x0,
    0x0, 0x0, 0x49, 0xdf, 0xfd, 0xa4, 0x0, 0x0,

    /* U+0036 "6" */
    0x0, 0x0, 0x2, 0x8d, 0xff, 0xda, 0x40, 0x0,
    0x0, 0x0, 0x8, 0xff, 0xff, 0xff, 0xff, 0xb1,
    0x0, 0x0, 0xa, 0xff, 0xff, 0xff, 0xff, 0xff,
    0xd1, 0x0, 0x7, 0xff, 0xff, 0xc8, 0x8b, 0xff,
    0xff, 0xa0, 0x1, 0xff, 0xff, 0x50, 0x0, 0x3,
    0xff, 0xff, 0x20, 0x7f, 0xff, 0x60, 0x0, 0x0,
    0x6, 0xbb, 0xb4, 0xc, 0xff, 0xe0, 0x0, 0x0,
    0x0, 0x0, 0x0, 0x0, 0xff, 0xf9, 0x1, 0x8d,
    0xfe, 0xc6, 0x0, 0x0, 0x3f, 0xff, 0x64, 0xef,
    0xff, 0xff, 0xfd, 0x20, 0x5, 0xff, 0xf8, 0xff,
    0xff, 0xff, 0xff, 0xfe, 0x10, 0x6f, 0xff, 0xff,
    0xd5, 0x12, 0x7f, 0xff, 0xfb, 0x7, 0xff, 0xff,
    0xd0, 0x0, 0x0, 0x3f, 0xff, 0xf2, 0x6f, 0xff,
    0xf3, 0x0, 0x0, 0x0, 0x8f, 0xff, 0x75, 0xff,
    0xfd, 0x0, 0x0, 0x0, 0x3, 0xff, 0xf9, 0x4f,
    0xff, 0xc0, 0x0, 0x0, 0x0, 0x2f, 0xff, 0xa0,
    0xff, 0xfe, 0x0, 0x0, 0x0, 0x4, 0xff, 0xf8,
    0xc, 0xff, 0xf4, 0x0, 0x0, 0x0, 0xaf, 0xff,
    0x50, 0x5f, 0xff, 0xe1, 0x0, 0x0, 0x5f, 0xff,
    0xf0, 0x0, 0xcf, 0xff, 0xe8, 0x45, 0xaf, 0xff,
    0xf8, 0x0, 0x2, 0xef, 0xff, 0xff, 0xff, 0xff,
    0xfb, 0x0, 0x0, 0x2, 0xdf, 0xff, 0xff, 0xff,
    0xf9, 0x0, 0x0, 0x0, 0x0, 0x5a, 0xef, 0xed,
    0x92, 0x0, 0x0,

    /* U+0037 "7" */
    0xcf, 0xff, 0xff, 0xff, 0xff, 0xff, 0xff, 0xf1,
    0xcf, 0xff, 0xff, 0xff, 0xff, 0xff, 0xff, 0xf1,
    0xcf, 0xff, 0xff, 0xff, 0xff, 0xff, 0xff, 0xf1,
    0x57, 0x77, 0x77, 0x77, 0x77, 0x8f, 0xff, 0xf0,
    0x0, 0x0, 0x0, 0x0, 0x0, 0x8f, 0xff, 0x80,
    0x0, 0x0, 0x0, 0x0, 0x1, 0xff, 0xff, 0x10,
    0x0, 0x0, 0x0, 0x0, 0x8, 0xff, 0xf8, 0x0,
    0x0, 0x0, 0x0, 0x0, 0x1f, 0xff, 0xf1, 0x0,
    0x0, 0x0, 0x0, 0x0, 0x8f, 0xff, 0x80, 0x0,
    0x0, 0x0, 0x0, 0x1, 0xff, 0xff, 0x10, 0x0,
    0x0, 0x0, 0x0, 0x8, 0xff, 0xf8, 0x0, 0x0,
    0x0, 0x0, 0x0, 0x1f, 0xff, 0xf1, 0x0, 0x0,
    0x0, 0x0, 0x0, 0x8f, 0xff, 0x80, 0x0, 0x0,
    0x0, 0x0, 0x1, 0xff, 0xff, 0x10, 0x0, 0x0,
    0x0, 0x0, 0x8, 0xff, 0xf8, 0x0, 0x0, 0x0,
    0x0, 0x0, 0x1f, 0xff, 0xf1, 0x0, 0x0, 0x0,
    0x0, 0x0, 0x8f, 0xff, 0x80, 0x0, 0x0, 0x0,
    0x0, 0x1, 0xff, 0xff, 0x10, 0x0, 0x0, 0x0,
    0x0, 0x8, 0xff, 0xf8, 0x0, 0x0, 0x0, 0x0,
    0x0, 0x1f, 0xff, 0xf1, 0x0, 0x0, 0x0, 0x0,
    0x0, 0x8f, 0xff, 0x80, 0x0, 0x0, 0x0, 0x0,
    0x1, 0xff, 0xff, 0x10, 0x0, 0x0, 0x0, 0x0,

    /* U+0038 "8" */
    0x0, 0x0, 0x17, 0xce, 0xfe, 0xc8, 0x20, 0x0,
    0x0, 0x0, 0x7f, 0xff, 0xff, 0xff, 0xff, 0x90,
    0x0, 0x0, 0x8f, 0xff, 0xff, 0xff, 0xff, 0xff,
    0xb0, 0x0, 0x2f, 0xff, 0xfb, 0x42, 0x49, 0xff,
    0xff, 0x50, 0x8, 0xff, 0xf9, 0x0, 0x0, 0x7,
    0xff, 0xfb, 0x0, 0xaf, 0xff, 0x30, 0x0, 0x0,
    0xf, 0xff, 0xd0, 0x9, 0xff, 0xf3, 0x0, 0x0,
    0x0, 0xff, 0xfc, 0x0, 0x4f, 0xff, 0x90, 0x0,
    0x0, 0x6f, 0xff, 0x70, 0x0, 0xaf, 0xff, 0x93,
    0x12, 0x8f, 0xff, 0xd0, 0x0, 0x0, 0x9f, 0xff,
    0xff, 0xff, 0xff, 0xa0, 0x0, 0x0, 0x1, 0x8f,
    0xff, 0xff, 0xff, 0xa2, 0x0, 0x0, 0x6, 0xff,
    0xff, 0xff, 0xff, 0xff, 0xf8, 0x0, 0x5, 0xff,
    0xff, 0x72, 0x1, 0x6e, 0xff, 0xf8, 0x0, 0xef,
    0xff, 0x40, 0x0, 0x0, 0x2f, 0xff, 0xf2, 0x4f,
    0xff, 0xb0, 0x0, 0x0, 0x0, 0x8f, 0xff, 0x87,
    0xff, 0xf8, 0x0, 0x0, 0x0, 0x6, 0xff, 0xfa,
    0x6f, 0xff, 0xa0, 0x0, 0x0, 0x0, 0x8f, 0xff,
    0xa3, 0xff, 0xff, 0x30, 0x0, 0x0, 0x2e, 0xff,
    0xf6, 0xc, 0xff, 0xff, 0x83, 0x12, 0x7e, 0xff,
    0xfe, 0x0, 0x1d, 0xff, 0xff, 0xff, 0xff, 0xff,
    0xff, 0x30, 0x0, 0x1a, 0xff, 0xff, 0xff, 0xff,
    0xfc, 0x20, 0x0, 0x0, 0x3, 0x8c, 0xef, 0xed,
    0x94, 0x0, 0x0,

    /* U+0039 "9" */
    0x0, 0x0, 0x28, 0xce, 0xfe, 0xb6, 0x0, 0x0,
    0x0, 0x0, 0x8f, 0xff, 0xff, 0xff, 0xfe, 0x30,
    0x0, 0x0, 0xaf, 0xff, 0xff, 0xff, 0xff, 0xff,
    0x40, 0x0, 0x7f, 0xff, 0xfc, 0x65, 0x7d, 0xff,
    0xfe, 0x10, 0xe, 0xff, 0xf7, 0x0, 0x0, 0xa,
    0xff, 0xf8, 0x4, 0xff, 0xfb, 0x0, 0x0, 0x0,
    0xe, 0xff, 0xf0, 0x6f, 0xff, 0x60, 0x0, 0x0,
    0x0, 0x9f, 0xff, 0x37, 0xff, 0xf5, 0x0, 0x0,
    0x0, 0x9, 0xff, 0xf7, 0x5f, 0xff, 0x90, 0x0,
    0x0, 0x0, 0xdf, 0xff, 0x91, 0xff, 0xff, 0x30,
    0x0, 0x0, 0x8f, 0xff, 0xfa, 0xa, 0xff, 0xff,
    0x72, 0x13, 0xbf, 0xff, 0xff, 0xa0, 0x1e, 0xff,
    0xff, 0xff, 0xff, 0xf7, 0xff, 0xf9, 0x0, 0x2d,
    0xff, 0xff, 0xff, 0xf6, 0x3f, 0xff, 0x90, 0x0,
    0x6, 0xce, 0xfd, 0x92, 0x5, 0xff, 0xf6, 0x0,
    0x0, 0x0, 0x0, 0x0, 0x0, 0x8f, 0xff, 0x31,
    0x55, 0x53, 0x0, 0x0, 0x0, 0xe, 0xff, 0xf0,
    0x1f, 0xff, 0xe0, 0x0, 0x0, 0x6, 0xff, 0xfa,
    0x0, 0xcf, 0xff, 0x90, 0x0, 0x4, 0xff, 0xff,
    0x30, 0x4, 0xff, 0xff, 0xd9, 0x8b, 0xff, 0xff,
    0xa0, 0x0, 0x8, 0xff, 0xff, 0xff, 0xff, 0xff,
    0xc0, 0x0, 0x0, 0x7, 0xff, 0xff, 0xff, 0xff,
    0xa1, 0x0, 0x0, 0x0, 0x2, 0x8d, 0xef, 0xda,
    0x40, 0x0, 0x0,

    /* U+003A ":" */
    0x8, 0xed, 0x30, 0x5f, 0xff, 0xe0, 0x8f, 0xff,
    0xf1, 0x4f, 0xff, 0xd0, 0x5, 0xba, 0x10, 0x0,
    0x0, 0x0, 0x0, 0x0, 0x0, 0x0, 0x0, 0x0,
    0x0, 0x0, 0x0, 0x0, 0x0, 0x0, 0x0, 0x0,
    0x0, 0x5, 0xb9, 0x10, 0x4f, 0xff, 0xd0, 0x8f,
    0xff, 0xf1, 0x5f, 0xff, 0xe0, 0x9, 0xfd, 0x30,

    /* U+003B ";" */
    0x0, 0x2a, 0xb4, 0x0, 0xe, 0xff, 0xf2, 0x3,
    0xff, 0xff, 0x60, 0x1f, 0xff, 0xf3, 0x0, 0x5e,
    0xe7, 0x0, 0x0, 0x0, 0x0, 0x0, 0x0, 0x0,
    0x0, 0x0, 0x0, 0x0, 0x0, 0x0, 0x0, 0x0,
    0x0, 0x0, 0x0, 0x0, 0x0, 0x0, 0x0, 0x0,
    0x0, 0x0, 0x0, 0x1, 0x10, 0x0, 0xf, 0xff,
    0xd0, 0x2, 0xff, 0xf9, 0x0, 0x4f, 0xff, 0x40,
    0x6, 0xff, 0xf0, 0x0, 0x8f, 0xfb, 0x0, 0xb,
    0xff, 0x70, 0x0, 0xdf, 0xf2, 0x0, 0xf, 0xfe,
    0x0, 0x2, 0xff, 0x90, 0x0,

    /* U+003C "<" */
    0x0, 0x0, 0x0, 0x0, 0x0, 0x0, 0x0, 0x10,
    0x0, 0x0, 0x0, 0x0, 0x0, 0x0, 0x29, 0xf0,
    0x0, 0x0, 0x0, 0x0, 0x0, 0x3a, 0xff, 0xf0,
    0x0, 0x0, 0x0, 0x0, 0x3b, 0xff, 0xff, 0xf0,
    0x0, 0x0, 0x0, 0x4c, 0xff, 0xff, 0xff, 0xc0,
    0x0, 0x0, 0x5c, 0xff, 0xff, 0xff, 0xa3, 0x0,
    0x0, 0x6d, 0xff, 0xff, 0xfe, 0x81, 0x0, 0x0,
    0x4e, 0xff, 0xff, 0xfd, 0x60, 0x0, 0x0, 0x0,
    0x8f, 0xff, 0xfb, 0x40, 0x0, 0x0, 0x0, 0x0,
    0x8f, 0xff, 0xf7, 0x0, 0x0, 0x0, 0x0, 0x0,
    0x6f, 0xff, 0xff, 0xf9, 0x20, 0x0, 0x0, 0x0,
    0x2, 0xaf, 0xff, 0xff, 0xfa, 0x30, 0x0, 0x0,
    0x0, 0x2, 0x9f, 0xff, 0xff, 0xfc, 0x50, 0x0,
    0x0, 0x0, 0x1, 0x8f, 0xff, 0xff, 0xfe, 0x70,
    0x0, 0x0, 0x0, 0x1, 0x7e, 0xff, 0xff, 0xf0,
    0x0, 0x0, 0x0, 0x0, 0x0, 0x7e, 0xff, 0xf0,
    0x0, 0x0, 0x0, 0x0, 0x0, 0x0, 0x6d, 0xf0,
    0x0, 0x0, 0x0, 0x0, 0x0, 0x0, 0x0, 0x50,

    /* U+003D "=" */
    0x55, 0x55, 0x55, 0x55, 0x55, 0x55, 0x55, 0xf,
    0xff, 0xff, 0xff, 0xff, 0xff, 0xff, 0xf2, 0xff,
    0xff, 0xff, 0xff, 0xff, 0xff, 0xff, 0x2f, 0xff,
    0xff, 0xff, 0xff, 0xff, 0xff, 0xf2, 0x0, 0x0,
    0x0, 0x0, 0x0, 0x0, 0x0, 0x0, 0x0, 0x0,
    0x0, 0x0, 0x0, 0x0, 0x0, 0x0, 0x0, 0x0,
    0x0, 0x0, 0x0, 0x0, 0x5, 0x66, 0x66, 0x66,
    0x66, 0x66, 0x66, 0x61, 0xff, 0xff, 0xff, 0xff,
    0xff, 0xff, 0xff, 0x2f, 0xff, 0xff, 0xff, 0xff,
    0xff, 0xff, 0xf2, 0xff, 0xff, 0xff, 0xff, 0xff,
    0xff, 0xff, 0x20,

    /* U+003E ">" */
    0x10, 0x0, 0x0, 0x0, 0x0, 0x0, 0x0, 0xd,
    0xb3, 0x0, 0x0, 0x0, 0x0, 0x0, 0x0, 0xdf,
    0xfc, 0x40, 0x0, 0x0, 0x0, 0x0, 0xd, 0xff,
    0xff, 0xc5, 0x0, 0x0, 0x0, 0x0, 0x9f, 0xff,
    0xff, 0xfd, 0x60, 0x0, 0x0, 0x0, 0x28, 0xff,
    0xff, 0xff, 0xe6, 0x0, 0x0, 0x0, 0x0, 0x7d,
    0xff, 0xff, 0xfe, 0x70, 0x0, 0x0, 0x0, 0x5,
    0xcf, 0xff, 0xff, 0xe6, 0x0, 0x0, 0x0, 0x0,
    0x3a, 0xff, 0xff, 0xb0, 0x0, 0x0, 0x0, 0x0,
    0x5e, 0xff, 0xfb, 0x0, 0x0, 0x0, 0x17, 0xef,
    0xff, 0xff, 0x90, 0x0, 0x2, 0x9f, 0xff, 0xff,
    0xfb, 0x30, 0x0, 0x4b, 0xff, 0xff, 0xff, 0xa3,
    0x0, 0x5, 0xdf, 0xff, 0xff, 0xfa, 0x20, 0x0,
    0x0, 0xdf, 0xff, 0xff, 0x91, 0x0, 0x0, 0x0,
    0xd, 0xff, 0xf8, 0x10, 0x0, 0x0, 0x0, 0x0,
    0xde, 0x71, 0x0, 0x0, 0x0, 0x0, 0x0, 0x5,
    0x0, 0x0, 0x0, 0x0, 0x0, 0x0, 0x0,

    /* U+003F "?" */
    0x0, 0x3, 0x9d, 0xff, 0xda, 0x40, 0x0, 0x0,
    0x9f, 0xff, 0xff, 0xff, 0xfb, 0x10, 0xa, 0xff,
    0xff, 0xff, 0xff, 0xff, 0xc0, 0x3f, 0xff, 0xf9,
    0x44, 0x9f, 0xff, 0xf5, 0x9f, 0xff, 0x70, 0x0,
    0x7, 0xff, 0xfb, 0xbf, 0xff, 0x0, 0x0, 0x1,
    0xff, 0xfd, 0x1, 0x10, 0x0, 0x0, 0x2, 0xff,
    0xfc, 0x0, 0x0, 0x0, 0x0, 0x9, 0xff, 0xf8,
    0x0, 0x0, 0x0, 0x0, 0x8f, 0xff, 0xf2, 0x0,
    0x0, 0x0, 0x2c, 0xff, 0xff, 0x50, 0x0, 0x0,
    0x3, 0xff, 0xff, 0xd3, 0x0, 0x0, 0x0, 0xc,
    0xff, 0xfa, 0x0, 0x0, 0x0, 0x0, 0x1f, 0xff,
    0xb0, 0x0, 0x0, 0x0, 0x0, 0x3f, 0xff, 0x50,
    0x0, 0x0, 0x0, 0x0, 0x4f, 0xff, 0x30, 0x0,
    0x0, 0x0, 0x0, 0x1, 0x11, 0x0, 0x0, 0x0,
    0x0, 0x0, 0x0, 0x0, 0x0, 0x0, 0x0, 0x0,
    0x0, 0x7, 0xa7, 0x0, 0x0, 0x0, 0x0, 0x0,
    0x9f, 0xff, 0x80, 0x0, 0x0, 0x0, 0x0, 0xef,
    0xff, 0xc0, 0x0, 0x0, 0x0, 0x0, 0xcf, 0xff,
    0xa0, 0x0, 0x0, 0x0, 0x0, 0x2c, 0xfb, 0x10,
    0x0, 0x0,

    /* U+0040 "@" */
    0x0, 0x0, 0x0, 0x0, 0x4, 0x9c, 0xde, 0xfe,
    0xca, 0x61, 0x0, 0x0, 0x0, 0x0, 0x0, 0x0,
    0x0, 0x18, 0xff, 0xff, 0xff, 0xff, 0xff, 0xff,
    0xa2, 0x0, 0x0, 0x0, 0x0, 0x0, 0x5, 0xff,
    0xff, 0xff, 0xff, 0xff, 0xff, 0xff, 0xff, 0x70,
    0x0, 0x0, 0x0, 0x0, 0x7f, 0xff, 0xfe, 0x95,
    0x21, 0x1, 0x26, 0xaf, 0xff, 0xfa, 0x0, 0x0,
    0x0, 0x6, 0xff, 0xff, 0x70, 0x0, 0x0, 0x0,
    0x0, 0x2, 0xbf, 0xff, 0x90, 0x0, 0x0, 0x3f,
    0xff, 0xe2, 0x0, 0x0, 0x0, 0x0, 0x0, 0x0,
    0x8, 0xff, 0xf5, 0x0, 0x0, 0xbf, 0xff, 0x20,
    0x0, 0x2a, 0xef, 0xe9, 0x15, 0xaa, 0x20, 0xaf,
    0xfe, 0x0, 0x3, 0xff, 0xf6, 0x0, 0x5, 0xff,
    0xff, 0xff, 0xea, 0xff, 0x40, 0x1f, 0xff, 0x60,
    0x9, 0xff, 0xe0, 0x0, 0x3f, 0xff, 0xff, 0xff,
    0xff, 0xff, 0x40, 0x8, 0xff, 0xc0, 0xe, 0xff,
    0x70, 0x0, 0xcf, 0xfd, 0x51, 0x27, 0xff, 0xff,
    0x40, 0x3, 0xff, 0xf0, 0x2f, 0xff, 0x30, 0x3,
    0xff, 0xf2, 0x0, 0x0, 0x5f, 0xff, 0x40, 0x0,
    0xff, 0xf4, 0x4f, 0xff, 0x0, 0x8, 0xff, 0x80,
    0x0, 0x0, 0xe, 0xff, 0x40, 0x0, 0xcf, 0xf5,
    0x5f, 0xfe, 0x0, 0xa, 0xff, 0x40, 0x0, 0x0,
    0xb, 0xff, 0x40, 0x0, 0xbf, 0xf6, 0x7f, 0xfd,
    0x0, 0xc, 0xff, 0x20, 0x0, 0x0, 0xa, 0xff,
    0x40, 0x0, 0xbf, 0xf7, 0x7f, 0xfd, 0x0, 0xc,
    0xff, 0x20, 0x0, 0x0, 0xa, 0xff, 0x40, 0x0,
    0xbf, 0xf6, 0x6f, 0xfe, 0x0, 0xa, 0xff, 0x40,
    0x0, 0x0, 0xb, 0xff, 0x40, 0x0, 0xcf, 0xf4,
    0x4f, 0xff, 0x0, 0x8, 0xff, 0x70, 0x0, 0x0,
    0xe, 0xff, 0x40, 0x0, 0xef, 0xf2, 0x2f, 0xff,
    0x30, 0x4, 0xff, 0xd0, 0x0, 0x0, 0x4f, 0xff,
    0x40, 0x2, 0xff, 0xe0, 0xe, 0xff, 0x70, 0x0,
    0xdf, 0xf9, 0x0, 0x2, 0xef, 0xff, 0x80, 0xa,
    0xff, 0x80, 0xa, 0xff, 0xd0, 0x0, 0x5f, 0xff,
    0xeb, 0xcf, 0xfd, 0xff, 0xfb, 0xdf, 0xff, 0x10,
    0x5, 0xff, 0xf5, 0x0, 0x7, 0xff, 0xff, 0xff,
    0xe1, 0xcf, 0xff, 0xff, 0xf5, 0x0, 0x0, 0xdf,
    0xff, 0x20, 0x0, 0x4b, 0xef, 0xd9, 0x10, 0x8,
    0xdf, 0xeb, 0x30, 0x0, 0x0, 0x4f, 0xff, 0xd2,
    0x0, 0x0, 0x0, 0x0, 0x0, 0x0, 0x0, 0x0,
    0x0, 0x0, 0x0, 0x8, 0xff, 0xff, 0x70, 0x0,
    0x0, 0x0, 0x0, 0x0, 0x0, 0x0, 0x0, 0x0,
    0x0, 0x0, 0xaf, 0xff, 0xfe, 0xa6, 0x31, 0x1,
    0x24, 0x7b, 0x90, 0x0, 0x0, 0x0, 0x0, 0x0,
    0x6, 0xff, 0xff, 0xff, 0xff, 0xff, 0xff, 0xff,
    0xf1, 0x0, 0x0, 0x0, 0x0, 0x0, 0x0, 0x19,
    0xff, 0xff, 0xff, 0xff, 0xff, 0xff, 0xf3, 0x0,
    0x0, 0x0, 0x0, 0x0, 0x0, 0x0, 0x15, 0x9c,
    0xde, 0xfe, 0xdb, 0x84, 0x0, 0x0, 0x0, 0x0,

    /* U+0041 "A" */
    0x0, 0x0, 0x0, 0x0, 0xdf, 0xff, 0xf7, 0x0,
    0x0, 0x0, 0x0, 0x0, 0x0, 0x0, 0x2, 0xff,
    0xff, 0xfd, 0x0, 0x0, 0x0, 0x0, 0x0, 0x0,
    0x0, 0x8, 0xff, 0xff, 0xff, 0x30, 0x0, 0x0,
    0x0, 0x0, 0x0, 0x0, 0xd, 0xff, 0xbf, 0xff,
    0x80, 0x0, 0x0, 0x0, 0x0, 0x0, 0x0, 0x3f,
    0xff, 0x6c, 0xff, 0xe0, 0x0, 0x0, 0x0, 0x0,
    0x0, 0x0, 0x8f, 0xff, 0x28, 0xff, 0xf4, 0x0,
    0x0, 0x0, 0x0, 0x0, 0x0, 0xef, 0xfe, 0x4,
    0xff, 0xf9, 0x0, 0x0, 0x0, 0x0, 0x0, 0x4,
    0xff, 0xf9, 0x0, 0xff, 0xff, 0x0, 0x0, 0x0,
    0x0, 0x0, 0x9, 0xff, 0xf5, 0x0, 0xbf, 0xff,
    0x50, 0x0, 0x0, 0x0, 0x0, 0xe, 0xff, 0xf1,
    0x0, 0x6f, 0xff, 0xa0, 0x0, 0x0, 0x0, 0x0,
    0x4f, 0xff, 0xc0, 0x0, 0x1f, 0xff, 0xf0, 0x0,
    0x0, 0x0, 0x0, 0xaf, 0xff, 0x70, 0x0, 0xb,
    0xff, 0xf6, 0x0, 0x0, 0x0, 0x0, 0xff, 0xff,
    0x20, 0x0, 0x6, 0xff, 0xfb, 0x0, 0x0, 0x0,
    0x5, 0xff, 0xff, 0xff, 0xff, 0xff, 0xff, 0xff,
    0x10, 0x0, 0x0, 0xa, 0xff, 0xff, 0xff, 0xff,
    0xff, 0xff, 0xff, 0x70, 0x0, 0x0, 0xf, 0xff,
    0xff, 0xff, 0xff, 0xff, 0xff, 0xff, 0xc0, 0x0,
    0x0, 0x5f, 0xff, 0xf3, 0x33, 0x33, 0x33, 0x4f,
    0xff, 0xf2, 0x0, 0x0, 0xbf, 0xff, 0x70, 0x0,
    0x0, 0x0, 0xb, 0xff, 0xf8, 0x0, 0x1, 0xff,
    0xff, 0x20, 0x0, 0x0, 0x0, 0x5, 0xff, 0xfd,
    0x0, 0x6, 0xff, 0xfd, 0x0, 0x0, 0x0, 0x0,
    0x0, 0xff, 0xff, 0x30, 0xb, 0xff, 0xf8, 0x0,
    0x0, 0x0, 0x0, 0x0, 0xbf, 0xff, 0x90, 0x1f,
    0xff, 0xf2, 0x0, 0x0, 0x0, 0x0, 0x0, 0x5f,
    0xff, 0xe0,

    /* U+0042 "B" */
    0xcf, 0xff, 0xff, 0xff, 0xfe, 0xd9, 0x30, 0x0,
    0xc, 0xff, 0xff, 0xff, 0xff, 0xff, 0xff, 0x90,
    0x0, 0xcf, 0xff, 0xff, 0xff, 0xff, 0xff, 0xff,
    0x90, 0xc, 0xff, 0xf6, 0x55, 0x56, 0x8e, 0xff,
    0xff, 0x20, 0xcf, 0xff, 0x10, 0x0, 0x0, 0x1d,
    0xff, 0xf7, 0xc, 0xff, 0xf1, 0x0, 0x0, 0x0,
    0x7f, 0xff, 0x80, 0xcf, 0xff, 0x10, 0x0, 0x0,
    0x5, 0xff, 0xf7, 0xc, 0xff, 0xf1, 0x0, 0x0,
    0x0, 0xbf, 0xff, 0x30, 0xcf, 0xff, 0x10, 0x0,
    0x2, 0xaf, 0xff, 0x80, 0xc, 0xff, 0xfe, 0xee,
    0xef, 0xff, 0xfe, 0x60, 0x0, 0xcf, 0xff, 0xff,
    0xff, 0xff, 0xfe, 0x82, 0x0, 0xc, 0xff, 0xff,
    0xff, 0xff, 0xff, 0xff, 0xf8, 0x0, 0xcf, 0xff,
    0x10, 0x0, 0x1, 0x7f, 0xff, 0xf6, 0xc, 0xff,
    0xf1, 0x0, 0x0, 0x0, 0x3f, 0xff, 0xe0, 0xcf,
    0xff, 0x10, 0x0, 0x0, 0x0, 0xbf, 0xff, 0x4c,
    0xff, 0xf1, 0x0, 0x0, 0x0, 0x9, 0xff, 0xf6,
    0xcf, 0xff, 0x10, 0x0, 0x0, 0x0, 0xbf, 0xff,
    0x5c, 0xff, 0xf1, 0x0, 0x0, 0x0, 0x4f, 0xff,
    0xf3, 0xcf, 0xff, 0x65, 0x55, 0x56, 0xaf, 0xff,
    0xfd, 0xc, 0xff, 0xff, 0xff, 0xff, 0xff, 0xff,
    0xff, 0x30, 0xcf, 0xff, 0xff, 0xff, 0xff, 0xff,
    0xfe, 0x40, 0xc, 0xff, 0xff, 0xff, 0xff, 0xfd,
    0xb6, 0x10, 0x0,

    /* U+0043 "C" */
    0x0, 0x0, 0x0, 0x39, 0xcf, 0xfe, 0xc9, 0x30,
    0x0, 0x0, 0x0, 0x0, 0x2b, 0xff, 0xff, 0xff,
    0xff, 0xfb, 0x20, 0x0, 0x0, 0x3, 0xff, 0xff,
    0xff, 0xff, 0xff, 0xff, 0xf3, 0x0, 0x0, 0x2f,
    0xff, 0xff, 0xeb, 0x9a, 0xef, 0xff, 0xfe, 0x10,
    0x0, 0xcf, 0xff, 0xf7, 0x0, 0x0, 0x6, 0xff,
    0xff, 0xb0, 0x5, 0xff, 0xff, 0x40, 0x0, 0x0,
    0x0, 0x4f, 0xff, 0xf2, 0xc, 0xff, 0xf8, 0x0,
    0x0, 0x0, 0x0, 0x9, 0xff, 0xf7, 0x1f, 0xff,
    0xf1, 0x0, 0x0, 0x0, 0x0, 0x2, 0x88, 0x85,
    0x4f, 0xff, 0xb0, 0x0, 0x0, 0x0, 0x0, 0x0,
    0x0, 0x0, 0x6f, 0xff, 0x90, 0x0, 0x0, 0x0,
    0x0, 0x0, 0x0, 0x0, 0x7f, 0xff, 0x70, 0x0,
    0x0, 0x0, 0x0, 0x0, 0x0, 0x0, 0x7f, 0xff,
    0x70, 0x0, 0x0, 0x0, 0x0, 0x0, 0x0, 0x0,
    0x6f, 0xff, 0x90, 0x0, 0x0, 0x0, 0x0, 0x0,
    0x0, 0x0, 0x4f, 0xff, 0xb0, 0x0, 0x0, 0x0,
    0x0, 0x0, 0x0, 0x0, 0x1f, 0xff, 0xf0, 0x0,
    0x0, 0x0, 0x0, 0x2, 0x77, 0x75, 0xc, 0xff,
    0xf7, 0x0, 0x0, 0x0, 0x0, 0x8, 0xff, 0xf7,
    0x5, 0xff, 0xff, 0x30, 0x0, 0x0, 0x0, 0x3f,
    0xff, 0xf2, 0x0, 0xdf, 0xff, 0xf6, 0x0, 0x0,
    0x6, 0xff, 0xff, 0xa0, 0x0, 0x2f, 0xff, 0xff,
    0xeb, 0xab, 0xef, 0xff, 0xfe, 0x10, 0x0, 0x4,
    0xff, 0xff, 0xff, 0xff, 0xff, 0xff, 0xe2, 0x0,
    0x0, 0x0, 0x2b, 0xff, 0xff, 0xff, 0xff, 0xfb,
    0x10, 0x0, 0x0, 0x0, 0x0, 0x39, 0xcf, 0xfe,
    0xc8, 0x30, 0x0, 0x0,

    /* U+0044 "D" */
    0xcf, 0xff, 0xff, 0xff, 0xfe, 0xb7, 0x10, 0x0,
    0x0, 0xc, 0xff, 0xff, 0xff, 0xff, 0xff, 0xff,
    0x80, 0x0, 0x0, 0xcf, 0xff, 0xff, 0xff, 0xff,
    0xff, 0xff, 0xd1, 0x0, 0xc, 0xff, 0xf9, 0x77,
    0x79, 0xbf, 0xff, 0xff, 0xc0, 0x0, 0xcf, 0xff,
    0x10, 0x0, 0x0, 0x8, 0xff, 0xff, 0x80, 0xc,
    0xff, 0xf1, 0x0, 0x0, 0x0, 0x5, 0xff, 0xff,
    0x10, 0xcf, 0xff, 0x10, 0x0, 0x0, 0x0, 0xb,
    0xff, 0xf7, 0xc, 0xff, 0xf1, 0x0, 0x0, 0x0,
    0x0, 0x4f, 0xff, 0xb0, 0xcf, 0xff, 0x10, 0x0,
    0x0, 0x0, 0x0, 0xff, 0xfe, 0xc, 0xff, 0xf1,
    0x0, 0x0, 0x0, 0x0, 0xd, 0xff, 0xf1, 0xcf,
    0xff, 0x10, 0x0, 0x0, 0x0, 0x0, 0xbf, 0xff,
    0x1c, 0xff, 0xf1, 0x0, 0x0, 0x0, 0x0, 0xc,
    0xff, 0xf1, 0xcf, 0xff, 0x10, 0x0, 0x0, 0x0,
    0x0, 0xdf, 0xff, 0xc, 0xff, 0xf1, 0x0, 0x0,
    0x0, 0x0, 0xf, 0xff, 0xe0, 0xcf, 0xff, 0x10,
    0x0, 0x0, 0x0, 0x4, 0xff, 0xfb, 0xc, 0xff,
    0xf1, 0x0, 0x0, 0x0, 0x0, 0xbf, 0xff, 0x70,
    0xcf, 0xff, 0x10, 0x0, 0x0, 0x0, 0x6f, 0xff,
    0xf1, 0xc, 0xff, 0xf1, 0x0, 0x0, 0x1, 0x8f,
    0xff, 0xf8, 0x0, 0xcf, 0xff, 0x97, 0x77, 0x9b,
    0xff, 0xff, 0xfc, 0x0, 0xc, 0xff, 0xff, 0xff,
    0xff, 0xff, 0xff, 0xfc, 0x10, 0x0, 0xcf, 0xff,
    0xff, 0xff, 0xff, 0xff, 0xf8, 0x0, 0x0, 0xc,
    0xff, 0xff, 0xff, 0xff, 0xdb, 0x61, 0x0, 0x0,
    0x0,

    /* U+0045 "E" */
    0xcf, 0xff, 0xff, 0xff, 0xff, 0xff, 0xff, 0x6c,
    0xff, 0xff, 0xff, 0xff, 0xff, 0xff, 0xf6, 0xcf,
    0xff, 0xff, 0xff, 0xff, 0xff, 0xff, 0x6c, 0xff,
    0xf7, 0x66, 0x66, 0x66, 0x66, 0x62, 0xcf, 0xff,
    0x10, 0x0, 0x0, 0x0, 0x0, 0xc, 0xff, 0xf1,
    0x0, 0x0, 0x0, 0x0, 0x0, 0xcf, 0xff, 0x10,
    0x0, 0x0, 0x0, 0x0, 0xc, 0xff, 0xf1, 0x0,
    0x0, 0x0, 0x0, 0x0, 0xcf, 0xff, 0x10, 0x0,
    0x0, 0x0, 0x0, 0xc, 0xff, 0xff, 0xff, 0xff,
    0xff, 0xff, 0x90, 0xcf, 0xff, 0xff, 0xff, 0xff,
    0xff, 0xf9, 0xc, 0xff, 0xff, 0xff, 0xff, 0xff,
    0xff, 0x90, 0xcf, 0xff, 0x65, 0x55, 0x55, 0x55,
    0x53, 0xc, 0xff, 0xf1, 0x0, 0x0, 0x0, 0x0,
    0x0, 0xcf, 0xff, 0x10, 0x0, 0x0, 0x0, 0x0,
    0xc, 0xff, 0xf1, 0x0, 0x0, 0x0, 0x0, 0x0,
    0xcf, 0xff, 0x10, 0x0, 0x0, 0x0, 0x0, 0xc,
    0xff, 0xf1, 0x0, 0x0, 0x0, 0x0, 0x0, 0xcf,
    0xff, 0x76, 0x66, 0x66, 0x66, 0x66, 0x2c, 0xff,
    0xff, 0xff, 0xff, 0xff, 0xff, 0xf7, 0xcf, 0xff,
    0xff, 0xff, 0xff, 0xff, 0xff, 0x7c, 0xff, 0xff,
    0xff, 0xff, 0xff, 0xff, 0xf7,

    /* U+0046 "F" */
    0xcf, 0xff, 0xff, 0xff, 0xff, 0xff, 0xff, 0x2c,
    0xff, 0xff, 0xff, 0xff, 0xff, 0xff, 0xf2, 0xcf,
    0xff, 0xff, 0xff, 0xff, 0xff, 0xff, 0x2c, 0xff,
    0xf7, 0x66, 0x66, 0x66, 0x66, 0x61, 0xcf, 0xff,
    0x10, 0x0, 0x0, 0x0, 0x0, 0xc, 0xff, 0xf1,
    0x0, 0x0, 0x0, 0x0, 0x0, 0xcf, 0xff, 0x10,
    0x0, 0x0, 0x0, 0x0, 0xc, 0xff, 0xf1, 0x0,
    0x0, 0x0, 0x0, 0x0, 0xcf, 0xff, 0x10, 0x0,
    0x0, 0x0, 0x0, 0xc, 0xff, 0xf6, 0x55, 0x55,
    0x55, 0x55, 0x0, 0xcf, 0xff, 0xff, 0xff, 0xff,
    0xff, 0xf3, 0xc, 0xff, 0xff, 0xff, 0xff, 0xff,
    0xff, 0x30, 0xcf, 0xff, 0xff, 0xff, 0xff, 0xff,
    0xf3, 0xc, 0xff, 0xf1, 0x0, 0x0, 0x0, 0x0,
    0x0, 0xcf, 0xff, 0x10, 0x0, 0x0, 0x0, 0x0,
    0xc, 0xff, 0xf1, 0x0, 0x0, 0x0, 0x0, 0x0,
    0xcf, 0xff, 0x10, 0x0, 0x0, 0x0, 0x0, 0xc,
    0xff, 0xf1, 0x0, 0x0, 0x0, 0x0, 0x0, 0xcf,
    0xff, 0x10, 0x0, 0x0, 0x0, 0x0, 0xc, 0xff,
    0xf1, 0x0, 0x0, 0x0, 0x0, 0x0, 0xcf, 0xff,
    0x10, 0x0, 0x0, 0x0, 0x0, 0xc, 0xff, 0xf1,
    0x0, 0x0, 0x0, 0x0, 0x0,

    /* U+0047 "G" */
    0x0, 0x0, 0x0, 0x39, 0xcf, 0xfe, 0xc9, 0x30,
    0x0, 0x0, 0x0, 0x0, 0x2b, 0xff, 0xff, 0xff,
    0xff, 0xfc, 0x20, 0x0, 0x0, 0x3, 0xff, 0xff,
    0xff, 0xff, 0xff, 0xff, 0xf4, 0x0, 0x0, 0x2f,
    0xff, 0xff, 0xeb, 0xab, 0xef, 0xff, 0xff, 0x30,
    0x0, 0xcf, 0xff, 0xf7, 0x0, 0x0, 0x5, 0xef,
    0xff, 0xd0, 0x5, 0xff, 0xff, 0x40, 0x0, 0x0,
    0x0, 0x2f, 0xff, 0xf4, 0xc, 0xff, 0xf8, 0x0,
    0x0, 0x0, 0x0, 0x8, 0xff, 0xf8, 0x1f, 0xff,
    0xf1, 0x0, 0x0, 0x0, 0x0, 0x0, 0x0, 0x0,
    0x4f, 0xff, 0xb0, 0x0, 0x0, 0x0, 0x0, 0x0,
    0x0, 0x0, 0x6f, 0xff, 0x90, 0x0, 0x0, 0x0,
    0x0, 0x0, 0x0, 0x0, 0x7f, 0xff, 0x70, 0x0,
    0x0, 0xf, 0xff, 0xff, 0xff, 0xfe, 0x7f, 0xff,
    0x70, 0x0, 0x0, 0xf, 0xff, 0xff, 0xff, 0xfe,
    0x6f, 0xff, 0x90, 0x0, 0x0, 0xf, 0xff, 0xff,
    0xff, 0xfd, 0x4f, 0xff, 0xb0, 0x0, 0x0, 0x2,
    0x22, 0x22, 0xff, 0xfd, 0x1f, 0xff, 0xf1, 0x0,
    0x0, 0x0, 0x0, 0x1, 0xff, 0xfb, 0xc, 0xff,
    0xf8, 0x0, 0x0, 0x0, 0x0, 0x7, 0xff, 0xf8,
    0x6, 0xff, 0xff, 0x40, 0x0, 0x0, 0x0, 0x1e,
    0xff, 0xf3, 0x0, 0xdf, 0xff, 0xf7, 0x0, 0x0,
    0x4, 0xef, 0xff, 0xb0, 0x0, 0x2f, 0xff, 0xff,
    0xfb, 0xaa, 0xdf, 0xff, 0xfe, 0x10, 0x0, 0x4,
    0xff, 0xff, 0xff, 0xff, 0xff, 0xff, 0xe4, 0x0,
    0x0, 0x0, 0x2b, 0xff, 0xff, 0xff, 0xff, 0xfc,
    0x20, 0x0, 0x0, 0x0, 0x0, 0x39, 0xcf, 0xff,
    0xd9, 0x40, 0x0, 0x0,

    /* U+0048 "H" */
    0xcf, 0xff, 0x10, 0x0, 0x0, 0x0, 0x0, 0xbf,
    0xff, 0x2c, 0xff, 0xf1, 0x0, 0x0, 0x0, 0x0,
    0xb, 0xff, 0xf2, 0xcf, 0xff, 0x10, 0x0, 0x0,
    0x0, 0x0, 0xbf, 0xff, 0x2c, 0xff, 0xf1, 0x0,
    0x0, 0x0, 0x0, 0xb, 0xff, 0xf2, 0xcf, 0xff,
    0x10, 0x0, 0x0, 0x0, 0x0, 0xbf, 0xff, 0x2c,
    0xff, 0xf1, 0x0, 0x0, 0x0, 0x0, 0xb, 0xff,
    0xf2, 0xcf, 0xff, 0x10, 0x0, 0x0, 0x0, 0x0,
    0xbf, 0xff, 0x2c, 0xff, 0xf1, 0x0, 0x0, 0x0,
    0x0, 0xb, 0xff, 0xf2, 0xcf, 0xff, 0x10, 0x0,
    0x0, 0x0, 0x0, 0xbf, 0xff, 0x2c, 0xff, 0xff,
    0xff, 0xff, 0xff, 0xff, 0xff, 0xff, 0xf2, 0xcf,
    0xff, 0xff, 0xff, 0xff, 0xff, 0xff, 0xff, 0xff,
    0x2c, 0xff, 0xff, 0xff, 0xff, 0xff, 0xff, 0xff,
    0xff, 0xf2, 0xcf, 0xff, 0x76, 0x66, 0x66, 0x66,
    0x66, 0xdf, 0xff, 0x2c, 0xff, 0xf1, 0x0, 0x0,
    0x0, 0x0, 0xb, 0xff, 0xf2, 0xcf, 0xff, 0x10,
    0x0, 0x0, 0x0, 0x0, 0xbf, 0xff, 0x2c, 0xff,
    0xf1, 0x0, 0x0, 0x0, 0x0, 0xb, 0xff, 0xf2,
    0xcf, 0xff, 0x10, 0x0, 0x0, 0x0, 0x0, 0xbf,
    0xff, 0x2c, 0xff, 0xf1, 0x0, 0x0, 0x0, 0x0,
    0xb, 0xff, 0xf2, 0xcf, 0xff, 0x10, 0x0, 0x0,
    0x0, 0x0, 0xbf, 0xff, 0x2c, 0xff, 0xf1, 0x0,
    0x0, 0x0, 0x0, 0xb, 0xff, 0xf2, 0xcf, 0xff,
    0x10, 0x0, 0x0, 0x0, 0x0, 0xbf, 0xff, 0x2c,
    0xff, 0xf1, 0x0, 0x0, 0x0, 0x0, 0xb, 0xff,
    0xf2,

    /* U+0049 "I" */
    0xcf, 0xff, 0x1c, 0xff, 0xf1, 0xcf, 0xff, 0x1c,
    0xff, 0xf1, 0xcf, 0xff, 0x1c, 0xff, 0xf1, 0xcf,
    0xff, 0x1c, 0xff, 0xf1, 0xcf, 0xff, 0x1c, 0xff,
    0xf1, 0xcf, 0xff, 0x1c, 0xff, 0xf1, 0xcf, 0xff,
    0x1c, 0xff, 0xf1, 0xcf, 0xff, 0x1c, 0xff, 0xf1,
    0xcf, 0xff, 0x1c, 0xff, 0xf1, 0xcf, 0xff, 0x1c,
    0xff, 0xf1, 0xcf, 0xff, 0x1c, 0xff, 0xf1,

    /* U+004A "J" */
    0x0, 0x0, 0x0, 0x0, 0x0, 0xaf, 0xff, 0x30,
    0x0, 0x0, 0x0, 0x0, 0xa, 0xff, 0xf3, 0x0,
    0x0, 0x0, 0x0, 0x0, 0xaf, 0xff, 0x30, 0x0,
    0x0, 0x0, 0x0, 0xa, 0xff, 0xf3, 0x0, 0x0,
    0x0, 0x0, 0x0, 0xaf, 0xff, 0x30, 0x0, 0x0,
    0x0, 0x0, 0xa, 0xff, 0xf3, 0x0, 0x0, 0x0,
    0x0, 0x0, 0xaf, 0xff, 0x30, 0x0, 0x0, 0x0,
    0x0, 0xa, 0xff, 0xf3, 0x0, 0x0, 0x0, 0x0,
    0x0, 0xaf, 0xff, 0x30, 0x0, 0x0, 0x0, 0x0,
    0xa, 0xff, 0xf3, 0x0, 0x0, 0x0, 0x0, 0x0,
    0xaf, 0xff, 0x30, 0x0, 0x0, 0x0, 0x0, 0xa,
    0xff, 0xf3, 0x0, 0x0, 0x0, 0x0, 0x0, 0xaf,
    0xff, 0x30, 0x0, 0x0, 0x0, 0x0, 0xa, 0xff,
    0xf3, 0xdf, 0xff, 0x0, 0x0, 0x0, 0xaf, 0xff,
    0x3d, 0xff, 0xf1, 0x0, 0x0, 0xb, 0xff, 0xf2,
    0xcf, 0xff, 0x30, 0x0, 0x0, 0xdf, 0xff, 0x18,
    0xff, 0xfb, 0x0, 0x0, 0x5f, 0xff, 0xe0, 0x3f,
    0xff, 0xfc, 0x65, 0x9f, 0xff, 0xf8, 0x0, 0x9f,
    0xff, 0xff, 0xff, 0xff, 0xfd, 0x10, 0x0, 0x9f,
    0xff, 0xff, 0xff, 0xfd, 0x20, 0x0, 0x0, 0x39,
    0xdf, 0xfe, 0xb5, 0x0, 0x0,

    /* U+004B "K" */
    0xcf, 0xff, 0x10, 0x0, 0x0, 0x0, 0x2f, 0xff,
    0xfb, 0xc, 0xff, 0xf1, 0x0, 0x0, 0x0, 0x1e,
    0xff, 0xfc, 0x0, 0xcf, 0xff, 0x10, 0x0, 0x0,
    0xd, 0xff, 0xfe, 0x10, 0xc, 0xff, 0xf1, 0x0,
    0x0, 0xb, 0xff, 0xfe, 0x20, 0x0, 0xcf, 0xff,
    0x10, 0x0, 0x9, 0xff, 0xff, 0x30, 0x0, 0xc,
    0xff, 0xf1, 0x0, 0x7, 0xff, 0xff, 0x50, 0x0,
    0x0, 0xcf, 0xff, 0x10, 0x5, 0xff, 0xff, 0x70,
    0x0, 0x0, 0xc, 0xff, 0xf1, 0x3, 0xff, 0xff,
    0x90, 0x0, 0x0, 0x0, 0xcf, 0xff, 0x11, 0xef,
    0xff, 0xa0, 0x0, 0x0, 0x0, 0xc, 0xff, 0xf1,
    0xbf, 0xff, 0xf0, 0x0, 0x0, 0x0, 0x0, 0xcf,
    0xff, 0x8f, 0xff, 0xff, 0x70, 0x0, 0x0, 0x0,
    0xc, 0xff, 0xff, 0xff, 0xff, 0xff, 0x20, 0x0,
    0x0, 0x0, 0xcf, 0xff, 0xff, 0xbb, 0xff, 0xfc,
    0x0, 0x0, 0x0, 0xc, 0xff, 0xff, 0xc0, 0x1e,
    0xff, 0xf8, 0x0, 0x0, 0x0, 0xcf, 0xff, 0xf1,
    0x0, 0x5f, 0xff, 0xf3, 0x0, 0x0, 0xc, 0xff,
    0xf3, 0x0, 0x0, 0xaf, 0xff, 0xd0, 0x0, 0x0,
    0xcf, 0xff, 0x10, 0x0, 0x1, 0xef, 0xff, 0x80,
    0x0, 0xc, 0xff, 0xf1, 0x0, 0x0, 0x5, 0xff,
    0xff, 0x30, 0x0, 0xcf, 0xff, 0x10, 0x0, 0x0,
    0xa, 0xff, 0xfd, 0x0, 0xc, 0xff, 0xf1, 0x0,
    0x0, 0x0, 0x1e, 0xff, 0xf9, 0x0, 0xcf, 0xff,
    0x10, 0x0, 0x0, 0x0, 0x4f, 0xff, 0xf4, 0xc,
    0xff, 0xf1, 0x0, 0x0, 0x0, 0x0, 0xaf, 0xff,
    0xe1,

    /* U+004C "L" */
    0xcf, 0xff, 0x10, 0x0, 0x0, 0x0, 0x0, 0xcf,
    0xff, 0x10, 0x0, 0x0, 0x0, 0x0, 0xcf, 0xff,
    0x10, 0x0, 0x0, 0x0, 0x0, 0xcf, 0xff, 0x10,
    0x0, 0x0, 0x0, 0x0, 0xcf, 0xff, 0x10, 0x0,
    0x0, 0x0, 0x0, 0xcf, 0xff, 0x10, 0x0, 0x0,
    0x0, 0x0, 0xcf, 0xff, 0x10, 0x0, 0x0, 0x0,
    0x0, 0xcf, 0xff, 0x10, 0x0, 0x0, 0x0, 0x0,
    0xcf, 0xff, 0x10, 0x0, 0x0, 0x0, 0x0, 0xcf,
    0xff, 0x10, 0x0, 0x0, 0x0, 0x0, 0xcf, 0xff,
    0x10, 0x0, 0x0, 0x0, 0x0, 0xcf, 0xff, 0x10,
    0x0, 0x0, 0x0, 0x0, 0xcf, 0xff, 0x10, 0x0,
    0x0, 0x0, 0x0, 0xcf, 0xff, 0x10, 0x0, 0x0,
    0x0, 0x0, 0xcf, 0xff, 0x10, 0x0, 0x0, 0x0,
    0x0, 0xcf, 0xff, 0x10, 0x0, 0x0, 0x0, 0x0,
    0xcf, 0xff, 0x10, 0x0, 0x0, 0x0, 0x0, 0xcf,
    0xff, 0x10, 0x0, 0x0, 0x0, 0x0, 0xcf, 0xff,
    0x76, 0x66, 0x66, 0x66, 0x64, 0xcf, 0xff, 0xff,
    0xff, 0xff, 0xff, 0xfc, 0xcf, 0xff, 0xff, 0xff,
    0xff, 0xff, 0xfc, 0xcf, 0xff, 0xff, 0xff, 0xff,
    0xff, 0xfc,

    /* U+004D "M" */
    0xcf, 0xff, 0xff, 0x40, 0x0, 0x0, 0x0, 0x0,
    0x9, 0xff, 0xff, 0xf7, 0xcf, 0xff, 0xff, 0xa0,
    0x0, 0x0, 0x0, 0x0, 0xe, 0xff, 0xff, 0xf7,
    0xcf, 0xff, 0xff, 0xf0, 0x0, 0x0, 0x0, 0x0,
    0x5f, 0xff, 0xff, 0xf7, 0xcf, 0xff, 0xff, 0xf5,
    0x0, 0x0, 0x0, 0x0, 0xbf, 0xff, 0xff, 0xf7,
    0xcf, 0xfe, 0xcf, 0xfb, 0x0, 0x0, 0x0, 0x1,
    0xff, 0xfb, 0xff, 0xf7, 0xcf, 0xff, 0x8f, 0xff,
    0x10, 0x0, 0x0, 0x6, 0xff, 0xf6, 0xff, 0xf7,
    0xcf, 0xff, 0x3f, 0xff, 0x70, 0x0, 0x0, 0xc,
    0xff, 0xc5, 0xff, 0xf7, 0xcf, 0xff, 0xe, 0xff,
    0xd0, 0x0, 0x0, 0x2f, 0xff, 0x86, 0xff, 0xf7,
    0xcf, 0xff, 0xa, 0xff, 0xf3, 0x0, 0x0, 0x8f,
    0xff, 0x36, 0xff, 0xf7, 0xcf, 0xff, 0x5, 0xff,
    0xf9, 0x0, 0x0, 0xdf, 0xfe, 0x6, 0xff, 0xf7,
    0xcf, 0xff, 0x0, 0xff, 0xfe, 0x0, 0x3, 0xff,
    0xf9, 0x6, 0xff, 0xf7, 0xcf, 0xff, 0x0, 0x9f,
    0xff, 0x40, 0x9, 0xff, 0xf3, 0x6, 0xff, 0xf7,
    0xcf, 0xff, 0x0, 0x4f, 0xff, 0x90, 0xe, 0xff,
    0xe0, 0x6, 0xff, 0xf7, 0xcf, 0xff, 0x0, 0xe,
    0xff, 0xd0, 0x2f, 0xff, 0x80, 0x6, 0xff, 0xf7,
    0xcf, 0xff, 0x0, 0x8, 0xff, 0xf1, 0x6f, 0xff,
    0x20, 0x6, 0xff, 0xf7, 0xcf, 0xff, 0x0, 0x2,
    0xff, 0xf5, 0xaf, 0xfd, 0x0, 0x6, 0xff, 0xf7,
    0xcf, 0xff, 0x0, 0x0, 0xdf, 0xf9, 0xef, 0xf7,
    0x0, 0x6, 0xff, 0xf7, 0xcf, 0xff, 0x0, 0x0,
    0x7f, 0xff, 0xff, 0xf1, 0x0, 0x6, 0xff, 0xf7,
    0xcf, 0xff, 0x0, 0x0, 0x1f, 0xff, 0xff, 0xb0,
    0x0, 0x6, 0xff, 0xf7, 0xcf, 0xff, 0x0, 0x0,
    0xb, 0xff, 0xff, 0x60, 0x0, 0x6, 0xff, 0xf7,
    0xcf, 0xff, 0x0, 0x0, 0x5, 0xff, 0xff, 0x10,
    0x0, 0x6, 0xff, 0xf7, 0xcf, 0xff, 0x0, 0x0,
    0x0, 0xff, 0xfa, 0x0, 0x0, 0x6, 0xff, 0xf7,

    /* U+004E "N" */
    0xcf, 0xff, 0xe0, 0x0, 0x0, 0x0, 0x0, 0x6f,
    0xff, 0x9c, 0xff, 0xff, 0x80, 0x0, 0x0, 0x0,
    0x6, 0xff, 0xf9, 0xcf, 0xff, 0xff, 0x20, 0x0,
    0x0, 0x0, 0x6f, 0xff, 0x9c, 0xff, 0xff, 0xfc,
    0x0, 0x0, 0x0, 0x6, 0xff, 0xf9, 0xcf, 0xff,
    0xff, 0xf6, 0x0, 0x0, 0x0, 0x6f, 0xff, 0x9c,
    0xff, 0xf9, 0xff, 0xe1, 0x0, 0x0, 0x6, 0xff,
    0xf9, 0xcf, 0xff, 0x2f, 0xff, 0x90, 0x0, 0x0,
    0x6f, 0xff, 0x9c, 0xff, 0xf0, 0x9f, 0xff, 0x30,
    0x0, 0x6, 0xff, 0xf9, 0xcf, 0xff, 0x11, 0xff,
    0xfc, 0x0, 0x0, 0x6f, 0xff, 0x9c, 0xff, 0xf2,
    0x7, 0xff, 0xf7, 0x0, 0x6, 0xff, 0xf9, 0xcf,
    0xff, 0x20, 0xd, 0xff, 0xf1, 0x0, 0x6f, 0xff,
    0x9c, 0xff, 0xf3, 0x0, 0x4f, 0xff, 0xa0, 0x6,
    0xff, 0xf9, 0xcf, 0xff, 0x30, 0x0, 0xbf, 0xff,
    0x40, 0x6f, 0xff, 0x9c, 0xff, 0xf3, 0x0, 0x1,
    0xff, 0xfd, 0x5, 0xff, 0xf9, 0xcf, 0xff, 0x30,
    0x0, 0x7, 0xff, 0xf5, 0x5f, 0xff, 0x9c, 0xff,
    0xf3, 0x0, 0x0, 0xd, 0xff, 0xd4, 0xff, 0xf9,
    0xcf, 0xff, 0x30, 0x0, 0x0, 0x3f, 0xff, 0x9f,
    0xff, 0x9c, 0xff, 0xf3, 0x0, 0x0, 0x0, 0xaf,
    0xff, 0xff, 0xf9, 0xcf, 0xff, 0x30, 0x0, 0x0,
    0x1, 0xef, 0xff, 0xff, 0x9c, 0xff, 0xf3, 0x0,
    0x0, 0x0, 0x6, 0xff, 0xff, 0xf9, 0xcf, 0xff,
    0x30, 0x0, 0x0, 0x0, 0xc, 0xff, 0xff, 0x9c,
    0xff, 0xf3, 0x0, 0x0, 0x0, 0x0, 0x2f, 0xff,
    0xf9,

    /* U+004F "O" */
    0x0, 0x0, 0x0, 0x39, 0xce, 0xff, 0xd9, 0x30,
    0x0, 0x0, 0x0, 0x0, 0x2, 0xbf, 0xff, 0xff,
    0xff, 0xff, 0xc2, 0x0, 0x0, 0x0, 0x3, 0xff,
    0xff, 0xff, 0xff, 0xff, 0xff, 0xf4, 0x0, 0x0,
    0x2, 0xff, 0xff, 0xfe, 0xba, 0xbe, 0xff, 0xff,
    0xf3, 0x0, 0x0, 0xcf, 0xff, 0xf6, 0x0, 0x0,
    0x6, 0xff, 0xff, 0xd0, 0x0, 0x5f, 0xff, 0xf3,
    0x0, 0x0, 0x0, 0x3, 0xff, 0xff, 0x60, 0xc,
    0xff, 0xf8, 0x0, 0x0, 0x0, 0x0, 0x7, 0xff,
    0xfd, 0x1, 0xff, 0xff, 0x10, 0x0, 0x0, 0x0,
    0x0, 0xf, 0xff, 0xf2, 0x4f, 0xff, 0xb0, 0x0,
    0x0, 0x0, 0x0, 0x0, 0xaf, 0xff, 0x56, 0xff,
    0xf9, 0x0, 0x0, 0x0, 0x0, 0x0, 0x8, 0xff,
    0xf7, 0x7f, 0xff, 0x70, 0x0, 0x0, 0x0, 0x0,
    0x0, 0x7f, 0xff, 0x87, 0xff, 0xf7, 0x0, 0x0,
    0x0, 0x0, 0x0, 0x6, 0xff, 0xf8, 0x6f, 0xff,
    0x90, 0x0, 0x0, 0x0, 0x0, 0x0, 0x8f, 0xff,
    0x74, 0xff, 0xfb, 0x0, 0x0, 0x0, 0x0, 0x0,
    0xa, 0xff, 0xf5, 0x1f, 0xff, 0xf1, 0x0, 0x0,
    0x0, 0x0, 0x0, 0xff, 0xff, 0x20, 0xcf, 0xff,
    0x80, 0x0, 0x0, 0x0, 0x0, 0x7f, 0xff, 0xd0,
    0x5, 0xff, 0xff, 0x30, 0x0, 0x0, 0x0, 0x3f,
    0xff, 0xf6, 0x0, 0xd, 0xff, 0xff, 0x60, 0x0,
    0x0, 0x6f, 0xff, 0xfd, 0x0, 0x0, 0x2f, 0xff,
    0xff, 0xeb, 0x9b, 0xef, 0xff, 0xff, 0x30, 0x0,
    0x0, 0x3f, 0xff, 0xff, 0xff, 0xff, 0xff, 0xff,
    0x40, 0x0, 0x0, 0x0, 0x2b, 0xff, 0xff, 0xff,
    0xff, 0xfc, 0x20, 0x0, 0x0, 0x0, 0x0, 0x3,
    0x9c, 0xff, 0xfd, 0x93, 0x0, 0x0, 0x0,

    /* U+0050 "P" */
    0xcf, 0xff, 0xff, 0xff, 0xfe, 0xc7, 0x10, 0x0,
    0xc, 0xff, 0xff, 0xff, 0xff, 0xff, 0xff, 0x60,
    0x0, 0xcf, 0xff, 0xff, 0xff, 0xff, 0xff, 0xff,
    0x60, 0xc, 0xff, 0xf6, 0x55, 0x56, 0x9f, 0xff,
    0xff, 0x20, 0xcf, 0xff, 0x10, 0x0, 0x0, 0x1d,
    0xff, 0xf8, 0xc, 0xff, 0xf1, 0x0, 0x0, 0x0,
    0x4f, 0xff, 0xd0, 0xcf, 0xff, 0x10, 0x0, 0x0,
    0x0, 0xff, 0xff, 0xc, 0xff, 0xf1, 0x0, 0x0,
    0x0, 0xf, 0xff, 0xf0, 0xcf, 0xff, 0x10, 0x0,
    0x0, 0x2, 0xff, 0xfe, 0xc, 0xff, 0xf1, 0x0,
    0x0, 0x0, 0xaf, 0xff, 0xa0, 0xcf, 0xff, 0x10,
    0x0, 0x13, 0xbf, 0xff, 0xf4, 0xc, 0xff, 0xff,
    0xff, 0xff, 0xff, 0xff, 0xfa, 0x0, 0xcf, 0xff,
    0xff, 0xff, 0xff, 0xff, 0xfa, 0x0, 0xc, 0xff,
    0xff, 0xff, 0xff, 0xff, 0xc5, 0x0, 0x0, 0xcf,
    0xff, 0x64, 0x44, 0x42, 0x10, 0x0, 0x0, 0xc,
    0xff, 0xf1, 0x0, 0x0, 0x0, 0x0, 0x0, 0x0,
    0xcf, 0xff, 0x10, 0x0, 0x0, 0x0, 0x0, 0x0,
    0xc, 0xff, 0xf1, 0x0, 0x0, 0x0, 0x0, 0x0,
    0x0, 0xcf, 0xff, 0x10, 0x0, 0x0, 0x0, 0x0,
    0x0, 0xc, 0xff, 0xf1, 0x0, 0x0, 0x0, 0x0,
    0x0, 0x0, 0xcf, 0xff, 0x10, 0x0, 0x0, 0x0,
    0x0, 0x0, 0xc, 0xff, 0xf1, 0x0, 0x0, 0x0,
    0x0, 0x0, 0x0,

    /* U+0051 "Q" */
    0x0, 0x0, 0x0, 0x39, 0xce, 0xff, 0xd9, 0x30,
    0x0, 0x0, 0x0, 0x0, 0x2, 0xbf, 0xff, 0xff,
    0xff, 0xff, 0xc2, 0x0, 0x0, 0x0, 0x3, 0xff,
    0xff, 0xff, 0xff, 0xff, 0xff, 0xf4, 0x0, 0x0,
    0x2, 0xff, 0xff, 0xfe, 0xba, 0xbe, 0xff, 0xff,
    0xf3, 0x0, 0x0, 0xcf, 0xff, 0xf6, 0x0, 0x0,
    0x6, 0xff, 0xff, 0xd0, 0x0, 0x5f, 0xff, 0xf3,
    0x0, 0x0, 0x0, 0x3, 0xff, 0xff, 0x60, 0xc,
    0xff, 0xf8, 0x0, 0x0, 0x0, 0x0, 0x7, 0xff,
    0xfd, 0x1, 0xff, 0xff, 0x10, 0x0, 0x0, 0x0,
    0x0, 0xf, 0xff, 0xf2, 0x4f, 0xff, 0xb0, 0x0,
    0x0, 0x0, 0x0, 0x0, 0xaf, 0xff, 0x56, 0xff,
    0xf9, 0x0, 0x0, 0x0, 0x0, 0x0, 0x8, 0xff,
    0xf7, 0x7f, 0xff, 0x70, 0x0, 0x0, 0x0, 0x0,
    0x0, 0x7f, 0xff, 0x87, 0xff, 0xf7, 0x0, 0x0,
    0x0, 0x0, 0x0, 0x6, 0xff, 0xf8, 0x6f, 0xff,
    0x90, 0x0, 0x0, 0x0, 0x0, 0x0, 0x8f, 0xff,
    0x74, 0xff, 0xfb, 0x0, 0x0, 0x0, 0x0, 0x0,
    0xa, 0xff, 0xf5, 0x1f, 0xff, 0xf1, 0x0, 0x3,
    0x88, 0x70, 0x0, 0xff, 0xff, 0x20, 0xcf, 0xff,
    0x80, 0x0, 0xd, 0xff, 0x90, 0x7f, 0xff, 0xd0,
    0x5, 0xff, 0xff, 0x30, 0x0, 0x2f, 0xff, 0x9f,
    0xff, 0xf6, 0x0, 0xd, 0xff, 0xff, 0x60, 0x0,
    0x5f, 0xff, 0xff, 0xfd, 0x0, 0x0, 0x2f, 0xff,
    0xff, 0xeb, 0x9b, 0xff, 0xff, 0xff, 0x30, 0x0,
    0x0, 0x3f, 0xff, 0xff, 0xff, 0xff, 0xff, 0xff,
    0x50, 0x0, 0x0, 0x0, 0x2b, 0xff, 0xff, 0xff,
    0xff, 0xff, 0xfa, 0x0, 0x0, 0x0, 0x0, 0x3,
    0x9c, 0xff, 0xfd, 0x99, 0xff, 0xf7, 0x0, 0x0,
    0x0, 0x0, 0x0, 0x0, 0x0, 0x0, 0x8, 0xff,
    0xf4, 0x0, 0x0, 0x0, 0x0, 0x0, 0x0, 0x0,
    0x0, 0x7, 0x88, 0x60,

    /* U+0052 "R" */
    0xcf, 0xff, 0xff, 0xff, 0xfe, 0xc7, 0x20, 0x0,
    0xc, 0xff, 0xff, 0xff, 0xff, 0xff, 0xff, 0x70,
    0x0, 0xcf, 0xff, 0xff, 0xff, 0xff, 0xff, 0xff,
    0x80, 0xc, 0xff, 0xf6, 0x55, 0x56, 0x9e, 0xff,
    0xff, 0x30, 0xcf, 0xff, 0x10, 0x0, 0x0, 0x1d,
    0xff, 0xf9, 0xc, 0xff, 0xf1, 0x0, 0x0, 0x0,
    0x4f, 0xff, 0xd0, 0xcf, 0xff, 0x10, 0x0, 0x0,
    0x0, 0xff, 0xff, 0xc, 0xff, 0xf1, 0x0, 0x0,
    0x0, 0xf, 0xff, 0xf0, 0xcf, 0xff, 0x10, 0x0,
    0x0, 0x3, 0xff, 0xfe, 0xc, 0xff, 0xf1, 0x0,
    0x0, 0x0, 0xcf, 0xff, 0xa0, 0xcf, 0xff, 0x65,
    0x55, 0x58, 0xef, 0xff, 0xf3, 0xc, 0xff, 0xff,
    0xff, 0xff, 0xff, 0xff, 0xf9, 0x0, 0xcf, 0xff,
    0xff, 0xff, 0xff, 0xff, 0xf8, 0x0, 0xc, 0xff,
    0xff, 0xff, 0xff, 0xff, 0xf6, 0x0, 0x0, 0xcf,
    0xff, 0x10, 0x0, 0x8f, 0xff, 0xc0, 0x0, 0xc,
    0xff, 0xf1, 0x0, 0x1, 0xef, 0xff, 0x50, 0x0,
    0xcf, 0xff, 0x10, 0x0, 0x7, 0xff, 0xfd, 0x0,
    0xc, 0xff, 0xf1, 0x0, 0x0, 0xe, 0xff, 0xf6,
    0x0, 0xcf, 0xff, 0x10, 0x0, 0x0, 0x6f, 0xff,
    0xe0, 0xc, 0xff, 0xf1, 0x0, 0x0, 0x0, 0xdf,
    0xff, 0x70, 0xcf, 0xff, 0x10, 0x0, 0x0, 0x5,
    0xff, 0xff, 0x1c, 0xff, 0xf1, 0x0, 0x0, 0x0,
    0xc, 0xff, 0xf9,

    /* U+0053 "S" */
    0x0, 0x0, 0x16, 0xbd, 0xff, 0xda, 0x50, 0x0,
    0x0, 0x0, 0x6, 0xef, 0xff, 0xff, 0xff, 0xfd,
    0x40, 0x0, 0x0, 0x8f, 0xff, 0xff, 0xff, 0xff,
    0xff, 0xf5, 0x0, 0x4, 0xff, 0xff, 0xe9, 0x77,
    0xaf, 0xff, 0xff, 0x10, 0xb, 0xff, 0xfb, 0x0,
    0x0, 0x1, 0xdf, 0xff, 0x70, 0xf, 0xff, 0xf1,
    0x0, 0x0, 0x0, 0x3f, 0xff, 0xb0, 0xf, 0xff,
    0xf0, 0x0, 0x0, 0x0, 0x3, 0x44, 0x30, 0xd,
    0xff, 0xf7, 0x0, 0x0, 0x0, 0x0, 0x0, 0x0,
    0x7, 0xff, 0xff, 0xa3, 0x0, 0x0, 0x0, 0x0,
    0x0, 0x0, 0xcf, 0xff, 0xff, 0xea, 0x61, 0x0,
    0x0, 0x0, 0x0, 0x9, 0xff, 0xff, 0xff, 0xff,
    0xc5, 0x0, 0x0, 0x0, 0x0, 0x28, 0xdf, 0xff,
    0xff, 0xff, 0xc2, 0x0, 0x0, 0x0, 0x0, 0x2,
    0x6a, 0xef, 0xff, 0xfe, 0x10, 0x0, 0x0, 0x0,
    0x0, 0x0, 0x5, 0xef, 0xff, 0x90, 0x0, 0x0,
    0x0, 0x0, 0x0, 0x0, 0x1f, 0xff, 0xf0, 0x6b,
    0xbb, 0x30, 0x0, 0x0, 0x0, 0xd, 0xff, 0xf1,
    0x6f, 0xff, 0x90, 0x0, 0x0, 0x0, 0x1f, 0xff,
    0xf0, 0x2f, 0xff, 0xf6, 0x0, 0x0, 0x1, 0xbf,
    0xff, 0xd0, 0xa, 0xff, 0xff, 0xd8, 0x77, 0xaf,
    0xff, 0xff, 0x60, 0x1, 0xdf, 0xff, 0xff, 0xff,
    0xff, 0xff, 0xfa, 0x0, 0x0, 0x1a, 0xff, 0xff,
    0xff, 0xff, 0xff, 0x80, 0x0, 0x0, 0x0, 0x38,
    0xce, 0xff, 0xdb, 0x71, 0x0, 0x0,

    /* U+0054 "T" */
    0xcf, 0xff, 0xff, 0xff, 0xff, 0xff, 0xff, 0xff,
    0xf9, 0xcf, 0xff, 0xff, 0xff, 0xff, 0xff, 0xff,
    0xff, 0xf9, 0xcf, 0xff, 0xff, 0xff, 0xff, 0xff,
    0xff, 0xff, 0xf9, 0x46, 0x66, 0x66, 0x6f, 0xff,
    0xe6, 0x66, 0x66, 0x63, 0x0, 0x0, 0x0, 0xf,
    0xff, 0xd0, 0x0, 0x0, 0x0, 0x0, 0x0, 0x0,
    0xf, 0xff, 0xd0, 0x0, 0x0, 0x0, 0x0, 0x0,
    0x0, 0xf, 0xff, 0xd0, 0x0, 0x0, 0x0, 0x0,
    0x0, 0x0, 0xf, 0xff, 0xd0, 0x0, 0x0, 0x0,
    0x0, 0x0, 0x0, 0xf, 0xff, 0xd0, 0x0, 0x0,
    0x0, 0x0, 0x0, 0x0, 0xf, 0xff, 0xd0, 0x0,
    0x0, 0x0, 0x0, 0x0, 0x0, 0xf, 0xff, 0xd0,
    0x0, 0x0, 0x0, 0x0, 0x0, 0x0, 0xf, 0xff,
    0xd0, 0x0, 0x0, 0x0, 0x0, 0x0, 0x0, 0xf,
    0xff, 0xd0, 0x0, 0x0, 0x0, 0x0, 0x0, 0x0,
    0xf, 0xff, 0xd0, 0x0, 0x0, 0x0, 0x0, 0x0,
    0x0, 0xf, 0xff, 0xd0, 0x0, 0x0, 0x0, 0x0,
    0x0, 0x0, 0xf, 0xff, 0xd0, 0x0, 0x0, 0x0,
    0x0, 0x0, 0x0, 0xf, 0xff, 0xd0, 0x0, 0x0,
    0x0, 0x0, 0x0, 0x0, 0xf, 0xff, 0xd0, 0x0,
    0x0, 0x0, 0x0, 0x0, 0x0, 0xf, 0xff, 0xd0,
    0x0, 0x0, 0x0, 0x0, 0x0, 0x0, 0xf, 0xff,
    0xd0, 0x0, 0x0, 0x0, 0x0, 0x0, 0x0, 0xf,
    0xff, 0xd0, 0x0, 0x0, 0x0, 0x0, 0x0, 0x0,
    0xf, 0xff, 0xd0, 0x0, 0x0, 0x0,

    /* U+0055 "U" */
    0xcf, 0xff, 0x10, 0x0, 0x0, 0x0, 0x0, 0xff,
    0xfe, 0xcf, 0xff, 0x10, 0x0, 0x0, 0x0, 0x0,
    0xff, 0xfe, 0xcf, 0xff, 0x10, 0x0, 0x0, 0x0,
    0x0, 0xff, 0xfe, 0xcf, 0xff, 0x10, 0x0, 0x0,
    0x0, 0x0, 0xff, 0xfe, 0xcf, 0xff, 0x10, 0x0,
    0x0, 0x0, 0x0, 0xff, 0xfe, 0xcf, 0xff, 0x10,
    0x0, 0x0, 0x0, 0x0, 0xff, 0xfe, 0xcf, 0xff,
    0x10, 0x0, 0x0, 0x0, 0x0, 0xff, 0xfe, 0xcf,
    0xff, 0x10, 0x0, 0x0, 0x0, 0x0, 0xff, 0xfe,
    0xcf, 0xff, 0x10, 0x0, 0x0, 0x0, 0x0, 0xff,
    0xfe, 0xcf, 0xff, 0x10, 0x0, 0x0, 0x0, 0x0,
    0xff, 0xfe, 0xcf, 0xff, 0x10, 0x0, 0x0, 0x0,
    0x0, 0xff, 0xfe, 0xcf, 0xff, 0x10, 0x0, 0x0,
    0x0, 0x0, 0xff, 0xfe, 0xcf, 0xff, 0x10, 0x0,
    0x0, 0x0, 0x0, 0xff, 0xfe, 0xcf, 0xff, 0x10,
    0x0, 0x0, 0x0, 0x0, 0xff, 0xfe, 0xcf, 0xff,
    0x30, 0x0, 0x0, 0x0, 0x1, 0xff, 0xfd, 0xaf,
    0xff, 0x70, 0x0, 0x0, 0x0, 0x5, 0xff, 0xfc,
    0x7f, 0xff, 0xe1, 0x0, 0x0, 0x0, 0xd, 0xff,
    0xf8, 0x1f, 0xff, 0xfd, 0x30, 0x0, 0x2, 0xcf,
    0xff, 0xf2, 0x7, 0xff, 0xff, 0xfc, 0xaa, 0xcf,
    0xff, 0xff, 0x80, 0x0, 0xaf, 0xff, 0xff, 0xff,
    0xff, 0xff, 0xfb, 0x0, 0x0, 0x6, 0xff, 0xff,
    0xff, 0xff, 0xff, 0x70, 0x0, 0x0, 0x0, 0x16,
    0xbd, 0xff, 0xdb, 0x61, 0x0, 0x0,

    /* U+0056 "V" */
    0x1f, 0xff, 0xf3, 0x0, 0x0, 0x0, 0x0, 0x0,
    0x5f, 0xff, 0xe0, 0xb, 0xff, 0xf8, 0x0, 0x0,
    0x0, 0x0, 0x0, 0xaf, 0xff, 0x90, 0x6, 0xff,
    0xfd, 0x0, 0x0, 0x0, 0x0, 0x0, 0xff, 0xff,
    0x30, 0x0, 0xff, 0xff, 0x30, 0x0, 0x0, 0x0,
    0x5, 0xff, 0xfe, 0x0, 0x0, 0xaf, 0xff, 0x80,
    0x0, 0x0, 0x0, 0xa, 0xff, 0xf8, 0x0, 0x0,
    0x5f, 0xff, 0xe0, 0x0, 0x0, 0x0, 0xf, 0xff,
    0xf3, 0x0, 0x0, 0xf, 0xff, 0xf3, 0x0, 0x0,
    0x0, 0x4f, 0xff, 0xd0, 0x0, 0x0, 0x9, 0xff,
    0xf8, 0x0, 0x0, 0x0, 0xaf, 0xff, 0x80, 0x0,
    0x0, 0x4, 0xff, 0xfe, 0x0, 0x0, 0x0, 0xef,
    0xff, 0x20, 0x0, 0x0, 0x0, 0xef, 0xff, 0x30,
    0x0, 0x4, 0xff, 0xfc, 0x0, 0x0, 0x0, 0x0,
    0x8f, 0xff, 0x90, 0x0, 0x9, 0xff, 0xf7, 0x0,
    0x0, 0x0, 0x0, 0x3f, 0xff, 0xe0, 0x0, 0xe,
    0xff, 0xf1, 0x0, 0x0, 0x0, 0x0, 0xd, 0xff,
    0xf3, 0x0, 0x3f, 0xff, 0xc0, 0x0, 0x0, 0x0,
    0x0, 0x7, 0xff, 0xf8, 0x0, 0x8f, 0xff, 0x60,
    0x0, 0x0, 0x0, 0x0, 0x2, 0xff, 0xfc, 0x0,
    0xdf, 0xff, 0x10, 0x0, 0x0, 0x0, 0x0, 0x0,
    0xcf, 0xff, 0x11, 0xff, 0xfb, 0x0, 0x0, 0x0,
    0x0, 0x0, 0x0, 0x6f, 0xff, 0x55, 0xff, 0xf6,
    0x0, 0x0, 0x0, 0x0, 0x0, 0x0, 0x1f, 0xff,
    0xaa, 0xff, 0xf0, 0x0, 0x0, 0x0, 0x0, 0x0,
    0x0, 0xb, 0xff, 0xee, 0xff, 0xa0, 0x0, 0x0,
    0x0, 0x0, 0x0, 0x0, 0x5, 0xff, 0xff, 0xff,
    0x50, 0x0, 0x0, 0x0, 0x0, 0x0, 0x0, 0x0,
    0xff, 0xff, 0xff, 0x0, 0x0, 0x0, 0x0, 0x0,
    0x0, 0x0, 0x0, 0xaf, 0xff, 0xfa, 0x0, 0x0,
    0x0, 0x0,

    /* U+0057 "W" */
    0x2f, 0xff, 0xf1, 0x0, 0x0, 0x0, 0xe, 0xff,
    0xf8, 0x0, 0x0, 0x0, 0x7, 0xff, 0xfb, 0xd,
    0xff, 0xf4, 0x0, 0x0, 0x0, 0x2f, 0xff, 0xfc,
    0x0, 0x0, 0x0, 0xb, 0xff, 0xf7, 0x9, 0xff,
    0xf8, 0x0, 0x0, 0x0, 0x6f, 0xff, 0xff, 0x0,
    0x0, 0x0, 0xf, 0xff, 0xf3, 0x5, 0xff, 0xfc,
    0x0, 0x0, 0x0, 0xaf, 0xff, 0xff, 0x40, 0x0,
    0x0, 0x3f, 0xff, 0xe0, 0x1, 0xff, 0xff, 0x0,
    0x0, 0x0, 0xef, 0xff, 0xff, 0x80, 0x0, 0x0,
    0x6f, 0xff, 0xa0, 0x0, 0xcf, 0xff, 0x40, 0x0,
    0x2, 0xff, 0xfb, 0xff, 0xc0, 0x0, 0x0, 0xaf,
    0xff, 0x60, 0x0, 0x8f, 0xff, 0x80, 0x0, 0x6,
    0xff, 0xf6, 0xff, 0xf0, 0x0, 0x0, 0xef, 0xff,
    0x20, 0x0, 0x4f, 0xff, 0xc0, 0x0, 0xa, 0xff,
    0xc3, 0xff, 0xf4, 0x0, 0x2, 0xff, 0xfd, 0x0,
    0x0, 0xf, 0xff, 0xf0, 0x0, 0xe, 0xff, 0x80,
    0xff, 0xf8, 0x0, 0x6, 0xff, 0xf9, 0x0, 0x0,
    0xb, 0xff, 0xf3, 0x0, 0x2f, 0xff, 0x50, 0xcf,
    0xfc, 0x0, 0xa, 0xff, 0xf5, 0x0, 0x0, 0x7,
    0xff, 0xf7, 0x0, 0x6f, 0xff, 0x10, 0x8f, 0xff,
    0x0, 0xe, 0xff, 0xf1, 0x0, 0x0, 0x3, 0xff,
    0xfb, 0x0, 0xaf, 0xfd, 0x0, 0x4f, 0xff, 0x40,
    0x1f, 0xff, 0xc0, 0x0, 0x0, 0x0, 0xef, 0xfe,
    0x0, 0xef, 0xf9, 0x0, 0xf, 0xff, 0x70, 0x5f,
    0xff, 0x80, 0x0, 0x0, 0x0, 0xaf, 0xff, 0x21,
    0xff, 0xf5, 0x0, 0xb, 0xff, 0xb0, 0x8f, 0xff,
    0x30, 0x0, 0x0, 0x0, 0x6f, 0xff, 0x55, 0xff,
    0xf1, 0x0, 0x7, 0xff, 0xe0, 0xcf, 0xff, 0x0,
    0x0, 0x0, 0x0, 0x1f, 0xff, 0x88, 0xff, 0xc0,
    0x0, 0x3, 0xff, 0xf1, 0xef, 0xfb, 0x0, 0x0,
    0x0, 0x0, 0xd, 0xff, 0xbb, 0xff, 0x80, 0x0,
    0x0, 0xff, 0xf6, 0xff, 0xf7, 0x0, 0x0, 0x0,
    0x0, 0x9, 0xff, 0xde, 0xff, 0x40, 0x0, 0x0,
    0xbf, 0xfc, 0xff, 0xf2, 0x0, 0x0, 0x0, 0x0,
    0x5, 0xff, 0xff, 0xff, 0x0, 0x0, 0x0, 0x6f,
    0xff, 0xff, 0xe0, 0x0, 0x0, 0x0, 0x0, 0x0,
    0xff, 0xff, 0xfc, 0x0, 0x0, 0x0, 0x2f, 0xff,
    0xff, 0xa0, 0x0, 0x0, 0x0, 0x0, 0x0, 0xcf,
    0xff, 0xf7, 0x0, 0x0, 0x0, 0xe, 0xff, 0xff,
    0x50, 0x0, 0x0, 0x0, 0x0, 0x0, 0x8f, 0xff,
    0xf3, 0x0, 0x0, 0x0, 0xa, 0xff, 0xff, 0x10,
    0x0, 0x0,

    /* U+0058 "X" */
    0x4, 0xff, 0xff, 0x40, 0x0, 0x0, 0x0, 0x8,
    0xff, 0xfd, 0x0, 0x9, 0xff, 0xfd, 0x0, 0x0,
    0x0, 0x3, 0xff, 0xff, 0x30, 0x0, 0xd, 0xff,
    0xf9, 0x0, 0x0, 0x0, 0xdf, 0xff, 0x80, 0x0,
    0x0, 0x4f, 0xff, 0xf3, 0x0, 0x0, 0x8f, 0xff,
    0xd0, 0x0, 0x0, 0x0, 0x9f, 0xff, 0xd0, 0x0,
    0x3f, 0xff, 0xf3, 0x0, 0x0, 0x0, 0x0, 0xdf,
    0xff, 0x70, 0xc, 0xff, 0xf8, 0x0, 0x0, 0x0,
    0x0, 0x3, 0xff, 0xff, 0x15, 0xff, 0xfd, 0x0,
    0x0, 0x0, 0x0, 0x0, 0x9, 0xff, 0xf9, 0xdf,
    0xff, 0x30, 0x0, 0x0, 0x0, 0x0, 0x0, 0xd,
    0xff, 0xff, 0xff, 0x80, 0x0, 0x0, 0x0, 0x0,
    0x0, 0x0, 0x3f, 0xff, 0xff, 0xd0, 0x0, 0x0,
    0x0, 0x0, 0x0, 0x0, 0x0, 0xcf, 0xff, 0xf4,
    0x0, 0x0, 0x0, 0x0, 0x0, 0x0, 0x0, 0xe,
    0xff, 0xff, 0xa0, 0x0, 0x0, 0x0, 0x0, 0x0,
    0x0, 0x9, 0xff, 0xff, 0xff, 0x50, 0x0, 0x0,
    0x0, 0x0, 0x0, 0x4, 0xff, 0xff, 0xff, 0xfe,
    0x10, 0x0, 0x0, 0x0, 0x0, 0x1, 0xef, 0xff,
    0x3a, 0xff, 0xfb, 0x0, 0x0, 0x0, 0x0, 0x0,
    0xbf, 0xff, 0xa0, 0x1f, 0xff, 0xf6, 0x0, 0x0,
    0x0, 0x0, 0x6f, 0xff, 0xe1, 0x0, 0x7f, 0xff,
    0xf2, 0x0, 0x0, 0x0, 0x2f, 0xff, 0xf5, 0x0,
    0x0, 0xcf, 0xff, 0xb0, 0x0, 0x0, 0xc, 0xff,
    0xfa, 0x0, 0x0, 0x2, 0xff, 0xff, 0x60, 0x0,
    0x7, 0xff, 0xfe, 0x10, 0x0, 0x0, 0x7, 0xff,
    0xff, 0x20, 0x3, 0xff, 0xff, 0x40, 0x0, 0x0,
    0x0, 0xc, 0xff, 0xfc, 0x0, 0xdf, 0xff, 0x90,
    0x0, 0x0, 0x0, 0x0, 0x2f, 0xff, 0xf7,

    /* U+0059 "Y" */
    0xe, 0xff, 0xf9, 0x0, 0x0, 0x0, 0x0, 0x2,
    0xff, 0xff, 0x60, 0x5f, 0xff, 0xf2, 0x0, 0x0,
    0x0, 0x0, 0xbf, 0xff, 0xc0, 0x0, 0xcf, 0xff,
    0xb0, 0x0, 0x0, 0x0, 0x4f, 0xff, 0xf3, 0x0,
    0x2, 0xff, 0xff, 0x40, 0x0, 0x0, 0xc, 0xff,
    0xf9, 0x0, 0x0, 0x9, 0xff, 0xfd, 0x0, 0x0,
    0x5, 0xff, 0xfe, 0x10, 0x0, 0x0, 0x1e, 0xff,
    0xf6, 0x0, 0x0, 0xef, 0xff, 0x60, 0x0, 0x0,
    0x0, 0x6f, 0xff, 0xe0, 0x0, 0x7f, 0xff, 0xd0,
    0x0, 0x0, 0x0, 0x0, 0xcf, 0xff, 0x70, 0xe,
    0xff, 0xf3, 0x0, 0x0, 0x0, 0x0, 0x3, 0xff,
    0xff, 0x17, 0xff, 0xfa, 0x0, 0x0, 0x0, 0x0,
    0x0, 0x9, 0xff, 0xf8, 0xef, 0xff, 0x10, 0x0,
    0x0, 0x0, 0x0, 0x0, 0x1e, 0xff, 0xff, 0xff,
    0x70, 0x0, 0x0, 0x0, 0x0, 0x0, 0x0, 0x6f,
    0xff, 0xff, 0xd0, 0x0, 0x0, 0x0, 0x0, 0x0,
    0x0, 0x0, 0xcf, 0xff, 0xf4, 0x0, 0x0, 0x0,
    0x0, 0x0, 0x0, 0x0, 0x4, 0xff, 0xfc, 0x0,
    0x0, 0x0, 0x0, 0x0, 0x0, 0x0, 0x0, 0x3f,
    0xff, 0xb0, 0x0, 0x0, 0x0, 0x0, 0x0, 0x0,
    0x0, 0x3, 0xff, 0xfb, 0x0, 0x0, 0x0, 0x0,
    0x0, 0x0, 0x0, 0x0, 0x3f, 0xff, 0xb0, 0x0,
    0x0, 0x0, 0x0, 0x0, 0x0, 0x0, 0x3, 0xff,
    0xfb, 0x0, 0x0, 0x0, 0x0, 0x0, 0x0, 0x0,
    0x0, 0x3f, 0xff, 0xb0, 0x0, 0x0, 0x0, 0x0,
    0x0, 0x0, 0x0, 0x3, 0xff, 0xfb, 0x0, 0x0,
    0x0, 0x0, 0x0, 0x0, 0x0, 0x0, 0x3f, 0xff,
    0xb0, 0x0, 0x0, 0x0, 0x0, 0x0, 0x0, 0x0,
    0x3, 0xff, 0xfb, 0x0, 0x0, 0x0, 0x0,

    /* U+005A "Z" */
    0x4f, 0xff, 0xff, 0xff, 0xff, 0xff, 0xff, 0xff,
    0xd4, 0xff, 0xff, 0xff, 0xff, 0xff, 0xff, 0xff,
    0xfd, 0x4f, 0xff, 0xff, 0xff, 0xff, 0xff, 0xff,
    0xff, 0xb1, 0x55, 0x55, 0x55, 0x55, 0x55, 0x6f,
    0xff, 0xf2, 0x0, 0x0, 0x0, 0x0, 0x0, 0xb,
    0xff, 0xf6, 0x0, 0x0, 0x0, 0x0, 0x0, 0x8,
    0xff, 0xfb, 0x0, 0x0, 0x0, 0x0, 0x0, 0x4,
    0xff, 0xff, 0x10, 0x0, 0x0, 0x0, 0x0, 0x0,
    0xef, 0xff, 0x50, 0x0, 0x0, 0x0, 0x0, 0x0,
    0xaf, 0xff, 0xa0, 0x0, 0x0, 0x0, 0x0, 0x0,
    0x5f, 0xff, 0xe1, 0x0, 0x0, 0x0, 0x0, 0x0,
    0x1e, 0xff, 0xf4, 0x0, 0x0, 0x0, 0x0, 0x0,
    0xb, 0xff, 0xf9, 0x0, 0x0, 0x0, 0x0, 0x0,
    0x6, 0xff, 0xfd, 0x0, 0x0, 0x0, 0x0, 0x0,
    0x2, 0xff, 0xff, 0x30, 0x0, 0x0, 0x0, 0x0,
    0x0, 0xcf, 0xff, 0x80, 0x0, 0x0, 0x0, 0x0,
    0x0, 0x7f, 0xff, 0xc0, 0x0, 0x0, 0x0, 0x0,
    0x0, 0x2f, 0xff, 0xe2, 0x0, 0x0, 0x0, 0x0,
    0x0, 0xd, 0xff, 0xf5, 0x0, 0x0, 0x0, 0x0,
    0x0, 0x8, 0xff, 0xfc, 0x55, 0x55, 0x55, 0x55,
    0x55, 0x42, 0xff, 0xff, 0xff, 0xff, 0xff, 0xff,
    0xff, 0xfe, 0x3f, 0xff, 0xff, 0xff, 0xff, 0xff,
    0xff, 0xff, 0xe3, 0xff, 0xff, 0xff, 0xff, 0xff,
    0xff, 0xff, 0xfe,

    /* U+005B "[" */
    0x2f, 0xff, 0xff, 0xf9, 0x2f, 0xff, 0xff, 0xf9,
    0x2f, 0xff, 0xff, 0xf9, 0x2f, 0xff, 0x90, 0x0,
    0x2f, 0xff, 0x80, 0x0, 0x2f, 0xff, 0x80, 0x0,
    0x2f, 0xff, 0x80, 0x0, 0x2f, 0xff, 0x80, 0x0,
    0x2f, 0xff, 0x80, 0x0, 0x2f, 0xff, 0x80, 0x0,
    0x2f, 0xff, 0x80, 0x0, 0x2f, 0xff, 0x80, 0x0,
    0x2f, 0xff, 0x80, 0x0, 0x2f, 0xff, 0x80, 0x0,
    0x2f, 0xff, 0x80, 0x0, 0x2f, 0xff, 0x80, 0x0,
    0x2f, 0xff, 0x80, 0x0, 0x2f, 0xff, 0x80, 0x0,
    0x2f, 0xff, 0x80, 0x0, 0x2f, 0xff, 0x80, 0x0,
    0x2f, 0xff, 0x80, 0x0, 0x2f, 0xff, 0x80, 0x0,
    0x2f, 0xff, 0x80, 0x0, 0x2f, 0xff, 0x80, 0x0,
    0x2f, 0xff, 0x90, 0x0, 0x2f, 0xff, 0xff, 0xf9,
    0x2f, 0xff, 0xff, 0xf9, 0x2f, 0xff, 0xff, 0xf9,

    /* U+005C "\\" */
    0x5f, 0xff, 0x0, 0x0, 0x0, 0x1, 0xff, 0xf3,
    0x0, 0x0, 0x0, 0xd, 0xff, 0x70, 0x0, 0x0,
    0x0, 0x9f, 0xfc, 0x0, 0x0, 0x0, 0x5, 0xff,
    0xf0, 0x0, 0x0, 0x0, 0x1f, 0xff, 0x40, 0x0,
    0x0, 0x0, 0xcf, 0xf8, 0x0, 0x0, 0x0, 0x8,
    0xff, 0xc0, 0x0, 0x0, 0x0, 0x4f, 0xff, 0x10,
    0x0, 0x0, 0x0, 0xff, 0xf5, 0x0, 0x0, 0x0,
    0xc, 0xff, 0x90, 0x0, 0x0, 0x0, 0x8f, 0xfd,
    0x0, 0x0, 0x0, 0x3, 0xff, 0xf1, 0x0, 0x0,
    0x0, 0xf, 0xff, 0x50, 0x0, 0x0, 0x0, 0xbf,
    0xf9, 0x0, 0x0, 0x0, 0x7, 0xff, 0xe0, 0x0,
    0x0, 0x0, 0x3f, 0xff, 0x20, 0x0, 0x0, 0x0,
    0xef, 0xf6, 0x0, 0x0, 0x0, 0xa, 0xff, 0xa0,
    0x0, 0x0, 0x0, 0x6f, 0xfe, 0x0, 0x0, 0x0,
    0x2, 0xff, 0xf2, 0x0, 0x0, 0x0, 0xe, 0xff,
    0x70, 0x0, 0x0, 0x0, 0xaf, 0xfb, 0x0, 0x0,
    0x0, 0x6, 0xff, 0xf0, 0x0, 0x0, 0x0, 0x1f,
    0xff, 0x30, 0x0, 0x0, 0x0, 0xdf, 0xf7, 0x0,
    0x0, 0x0, 0x9, 0xff, 0xb0,

    /* U+005D "]" */
    0x6f, 0xff, 0xff, 0xf5, 0x6f, 0xff, 0xff, 0xf5,
    0x6f, 0xff, 0xff, 0xf5, 0x0, 0x6, 0xff, 0xf5,
    0x0, 0x5, 0xff, 0xf5, 0x0, 0x5, 0xff, 0xf5,
    0x0, 0x5, 0xff, 0xf5, 0x0, 0x5, 0xff, 0xf5,
    0x0, 0x5, 0xff, 0xf5, 0x0, 0x5, 0xff, 0xf5,
    0x0, 0x5, 0xff, 0xf5, 0x0, 0x5, 0xff, 0xf5,
    0x0, 0x5, 0xff, 0xf5, 0x0, 0x5, 0xff, 0xf5,
    0x0, 0x5, 0xff, 0xf5, 0x0, 0x5, 0xff, 0xf5,
    0x0, 0x5, 0xff, 0xf5, 0x0, 0x5, 0xff, 0xf5,
    0x0, 0x5, 0xff, 0xf5, 0x0, 0x5, 0xff, 0xf5,
    0x0, 0x5, 0xff, 0xf5, 0x0, 0x5, 0xff, 0xf5,
    0x0, 0x5, 0xff, 0xf5, 0x0, 0x5, 0xff, 0xf5,
    0x0, 0x6, 0xff, 0xf5, 0x6f, 0xff, 0xff, 0xf5,
    0x6f, 0xff, 0xff, 0xf5, 0x6f, 0xff, 0xff, 0xf5,

    /* U+005E "^" */
    0x0, 0x0, 0x8d, 0xdc, 0x10, 0x0, 0x0, 0x0,
    0x1f, 0xff, 0xf8, 0x0, 0x0, 0x0, 0x8, 0xff,
    0xff, 0xe0, 0x0, 0x0, 0x1, 0xff, 0xfb, 0xff,
    0x70, 0x0, 0x0, 0x8f, 0xf8, 0x1f, 0xfe, 0x0,
    0x0, 0xe, 0xff, 0x10, 0xaf, 0xf6, 0x0, 0x7,
    0xff, 0xa0, 0x2, 0xff, 0xd0, 0x0, 0xef, 0xf2,
    0x0, 0xb, 0xff, 0x50, 0x6f, 0xfb, 0x0, 0x0,
    0x4f, 0xfc, 0x8, 0xbb, 0x30, 0x0, 0x0, 0x9b,
    0xb2,

    /* U+005F "_" */
    0x22, 0x22, 0x22, 0x22, 0x22, 0x22, 0x22, 0xf,
    0xff, 0xff, 0xff, 0xff, 0xff, 0xff, 0xf1, 0xff,
    0xff, 0xff, 0xff, 0xff, 0xff, 0xff, 0x1f, 0xff,
    0xff, 0xff, 0xff, 0xff, 0xff, 0xf1,

    /* U+0060 "`" */
    0x49, 0x99, 0x10, 0x1, 0xef, 0xf7, 0x0, 0x5,
    0xff, 0xe0, 0x0, 0xb, 0xff, 0x60, 0x0, 0x1f,
    0xfd, 0x0,

    /* U+0061 "a" */
    0x0, 0x1, 0x7c, 0xef, 0xec, 0x81, 0x0, 0x0,
    0x6, 0xff, 0xff, 0xff, 0xff, 0xf5, 0x0, 0x6,
    0xff, 0xff, 0xff, 0xff, 0xff, 0xf4, 0x1, 0xff,
    0xff, 0x82, 0x1, 0x9f, 0xff, 0xc0, 0x28, 0xbe,
    0x70, 0x0, 0x0, 0xcf, 0xff, 0x10, 0x0, 0x0,
    0x0, 0x0, 0xa, 0xff, 0xf2, 0x0, 0x0, 0x0,
    0x0, 0x26, 0xef, 0xff, 0x30, 0x0, 0x59, 0xce,
    0xff, 0xff, 0xff, 0xf3, 0x4, 0xef, 0xff, 0xff,
    0xff, 0xff, 0xff, 0x33, 0xff, 0xff, 0xeb, 0x85,
    0x29, 0xff, 0xf3, 0xaf, 0xff, 0x70, 0x0, 0x0,
    0x9f, 0xff, 0x3d, 0xff, 0xe0, 0x0, 0x0, 0xb,
    0xff, 0xf3, 0xdf, 0xfe, 0x0, 0x0, 0x2, 0xff,
    0xff, 0x3a, 0xff, 0xf9, 0x10, 0x5, 0xef, 0xff,
    0xf3, 0x4f, 0xff, 0xff, 0xef, 0xff, 0xcf, 0xff,
    0x30, 0x8f, 0xff, 0xff, 0xff, 0x87, 0xff, 0xf3,
    0x0, 0x3a, 0xef, 0xeb, 0x40, 0x7f, 0xff, 0x30,

    /* U+0062 "b" */
    0xff, 0xfd, 0x0, 0x0, 0x0, 0x0, 0x0, 0x0,
    0xff, 0xfd, 0x0, 0x0, 0x0, 0x0, 0x0, 0x0,
    0xff, 0xfd, 0x0, 0x0, 0x0, 0x0, 0x0, 0x0,
    0xff, 0xfd, 0x0, 0x0, 0x0, 0x0, 0x0, 0x0,
    0xff, 0xfd, 0x0, 0x0, 0x0, 0x0, 0x0, 0x0,
    0xff, 0xfd, 0x1, 0x8d, 0xfe, 0xb4, 0x0, 0x0,
    0xff, 0xfd, 0x1d, 0xff, 0xff, 0xff, 0xa0, 0x0,
    0xff, 0xfd, 0xbf, 0xff, 0xff, 0xff, 0xfa, 0x0,
    0xff, 0xff, 0xfd, 0x63, 0x5b, 0xff, 0xff, 0x40,
    0xff, 0xff, 0xd1, 0x0, 0x0, 0xaf, 0xff, 0xb0,
    0xff, 0xff, 0x50, 0x0, 0x0, 0x1f, 0xff, 0xf1,
    0xff, 0xff, 0x0, 0x0, 0x0, 0xb, 0xff, 0xf4,
    0xff, 0xfd, 0x0, 0x0, 0x0, 0x8, 0xff, 0xf5,
    0xff, 0xfc, 0x0, 0x0, 0x0, 0x8, 0xff, 0xf6,
    0xff, 0xfd, 0x0, 0x0, 0x0, 0x9, 0xff, 0xf5,
    0xff, 0xff, 0x0, 0x0, 0x0, 0xb, 0xff, 0xf4,
    0xff, 0xff, 0x50, 0x0, 0x0, 0x1f, 0xff, 0xf1,
    0xff, 0xff, 0xd1, 0x0, 0x0, 0xaf, 0xff, 0xb0,
    0xff, 0xff, 0xfd, 0x64, 0x5c, 0xff, 0xff, 0x40,
    0xff, 0xfc, 0xbf, 0xff, 0xff, 0xff, 0xfa, 0x0,
    0xff, 0xfc, 0x1e, 0xff, 0xff, 0xff, 0xa0, 0x0,
    0xff, 0xfc, 0x1, 0x8d, 0xfe, 0xb4, 0x0, 0x0,

    /* U+0063 "c" */
    0x0, 0x0, 0x39, 0xdf, 0xfe, 0xa4, 0x0, 0x0,
    0x0, 0x8, 0xff, 0xff, 0xff, 0xff, 0xc1, 0x0,
    0x0, 0xaf, 0xff, 0xff, 0xff, 0xff, 0xfd, 0x0,
    0x6, 0xff, 0xff, 0x94, 0x37, 0xef, 0xff, 0x80,
    0xe, 0xff, 0xf6, 0x0, 0x0, 0x2f, 0xff, 0xf0,
    0x4f, 0xff, 0xc0, 0x0, 0x0, 0x8, 0xc8, 0x50,
    0x8f, 0xff, 0x70, 0x0, 0x0, 0x0, 0x0, 0x0,
    0x9f, 0xff, 0x40, 0x0, 0x0, 0x0, 0x0, 0x0,
    0xaf, 0xff, 0x30, 0x0, 0x0, 0x0, 0x0, 0x0,
    0x9f, 0xff, 0x40, 0x0, 0x0, 0x0, 0x0, 0x0,
    0x8f, 0xff, 0x70, 0x0, 0x0, 0x0, 0x0, 0x0,
    0x4f, 0xff, 0xc0, 0x0, 0x0, 0x8, 0xea, 0x71,
    0xe, 0xff, 0xf6, 0x0, 0x0, 0x2f, 0xff, 0xf0,
    0x6, 0xff, 0xff, 0x94, 0x37, 0xef, 0xff, 0x80,
    0x0, 0xaf, 0xff, 0xff, 0xff, 0xff, 0xfd, 0x0,
    0x0, 0x8, 0xff, 0xff, 0xff, 0xff, 0xb1, 0x0,
    0x0, 0x0, 0x39, 0xdf, 0xfe, 0xa4, 0x0, 0x0,

    /* U+0064 "d" */
    0x0, 0x0, 0x0, 0x0, 0x0, 0x1, 0xff, 0xfb,
    0x0, 0x0, 0x0, 0x0, 0x0, 0x1, 0xff, 0xfb,
    0x0, 0x0, 0x0, 0x0, 0x0, 0x1, 0xff, 0xfb,
    0x0, 0x0, 0x0, 0x0, 0x0, 0x1, 0xff, 0xfb,
    0x0, 0x0, 0x0, 0x0, 0x0, 0x1, 0xff, 0xfb,
    0x0, 0x0, 0x6c, 0xef, 0xc6, 0x1, 0xff, 0xfb,
    0x0, 0x1d, 0xff, 0xff, 0xff, 0xb1, 0xff, 0xfb,
    0x0, 0xdf, 0xff, 0xff, 0xff, 0xf8, 0xff, 0xfb,
    0x9, 0xff, 0xff, 0x94, 0x48, 0xff, 0xff, 0xfb,
    0xf, 0xff, 0xf6, 0x0, 0x0, 0x3f, 0xff, 0xfb,
    0x5f, 0xff, 0xc0, 0x0, 0x0, 0x9, 0xff, 0xfb,
    0x8f, 0xff, 0x70, 0x0, 0x0, 0x4, 0xff, 0xfb,
    0x9f, 0xff, 0x40, 0x0, 0x0, 0x1, 0xff, 0xfb,
    0xaf, 0xff, 0x30, 0x0, 0x0, 0x0, 0xff, 0xfb,
    0x9f, 0xff, 0x40, 0x0, 0x0, 0x1, 0xff, 0xfb,
    0x8f, 0xff, 0x70, 0x0, 0x0, 0x4, 0xff, 0xfb,
    0x5f, 0xff, 0xc0, 0x0, 0x0, 0x9, 0xff, 0xfb,
    0xf, 0xff, 0xf6, 0x0, 0x0, 0x3f, 0xff, 0xfb,
    0x9, 0xff, 0xff, 0x94, 0x48, 0xff, 0xff, 0xfb,
    0x0, 0xef, 0xff, 0xff, 0xff, 0xf8, 0xff, 0xfb,
    0x0, 0x1d, 0xff, 0xff, 0xff, 0xb0, 0xff, 0xfb,
    0x0, 0x0, 0x6c, 0xef, 0xd6, 0x0, 0xff, 0xfb,

    /* U+0065 "e" */
    0x0, 0x0, 0x39, 0xdf, 0xfd, 0x93, 0x0, 0x0,
    0x0, 0x9, 0xff, 0xff, 0xff, 0xff, 0x90, 0x0,
    0x0, 0xaf, 0xff, 0xff, 0xff, 0xff, 0xfa, 0x0,
    0x6, 0xff, 0xfe, 0x62, 0x25, 0xef, 0xff, 0x50,
    0xe, 0xff, 0xe1, 0x0, 0x0, 0x2f, 0xff, 0xd0,
    0x4f, 0xff, 0x70, 0x0, 0x0, 0x9, 0xff, 0xf1,
    0x8f, 0xff, 0x20, 0x0, 0x0, 0x4, 0xff, 0xf5,
    0x9f, 0xff, 0xff, 0xff, 0xff, 0xff, 0xff, 0xf6,
    0xaf, 0xff, 0xff, 0xff, 0xff, 0xff, 0xff, 0xf7,
    0x9f, 0xff, 0xca, 0xaa, 0xaa, 0xaa, 0xaa, 0xa5,
    0x8f, 0xff, 0x30, 0x0, 0x0, 0x0, 0x0, 0x0,
    0x4f, 0xff, 0x80, 0x0, 0x0, 0x0, 0x0, 0x0,
    0xe, 0xff, 0xf2, 0x0, 0x0, 0xa, 0xfb, 0x81,
    0x6, 0xff, 0xfe, 0x72, 0x14, 0xbf, 0xff, 0xd0,
    0x0, 0xbf, 0xff, 0xff, 0xff, 0xff, 0xff, 0x30,
    0x0, 0x9, 0xff, 0xff, 0xff, 0xff, 0xe3, 0x0,
    0x0, 0x0, 0x39, 0xdf, 0xfe, 0xb6, 0x0, 0x0,

    /* U+0066 "f" */
    0x0, 0x0, 0x0, 0x2, 0x32, 0x0, 0x0, 0x0,
    0x7, 0xef, 0xff, 0xf2, 0x0, 0x0, 0xaf, 0xff,
    0xff, 0xf0, 0x0, 0x4, 0xff, 0xff, 0xff, 0xb0,
    0x0, 0x9, 0xff, 0xfa, 0x10, 0x10, 0x0, 0xa,
    0xff, 0xf2, 0x0, 0x0, 0x0, 0xb, 0xff, 0xf1,
    0x0, 0x0, 0xbf, 0xff, 0xff, 0xff, 0xff, 0xa0,
    0xbf, 0xff, 0xff, 0xff, 0xff, 0xa0, 0xbf, 0xff,
    0xff, 0xff, 0xff, 0xa0, 0x1, 0x1c, 0xff, 0xf2,
    0x11, 0x0, 0x0, 0xb, 0xff, 0xf1, 0x0, 0x0,
    0x0, 0xb, 0xff, 0xf1, 0x0, 0x0, 0x0, 0xb,
    0xff, 0xf1, 0x0, 0x0, 0x0, 0xb, 0xff, 0xf1,
    0x0, 0x0, 0x0, 0xb, 0xff, 0xf1, 0x0, 0x0,
    0x0, 0xb, 0xff, 0xf1, 0x0, 0x0, 0x0, 0xb,
    0xff, 0xf1, 0x0, 0x0, 0x0, 0xb, 0xff, 0xf1,
    0x0, 0x0, 0x0, 0xb, 0xff, 0xf1, 0x0, 0x0,
    0x0, 0xb, 0xff, 0xf1, 0x0, 0x0, 0x0, 0xb,
    0xff, 0xf1, 0x0, 0x0, 0x0, 0xb, 0xff, 0xf1,
    0x0, 0x0, 0x0, 0xb, 0xff, 0xf1, 0x0, 0x0,

    /* U+0067 "g" */
    0x0, 0x0, 0x6c, 0xff, 0xd7, 0x0, 0xff, 0xfc,
    0x0, 0x1c, 0xff, 0xff, 0xff, 0xb0, 0xff, 0xfc,
    0x0, 0xdf, 0xff, 0xff, 0xff, 0xf8, 0xff, 0xfc,
    0x8, 0xff, 0xff, 0x94, 0x48, 0xff, 0xff, 0xfc,
    0xf, 0xff, 0xf7, 0x0, 0x0, 0x3f, 0xff, 0xfc,
    0x4f, 0xff, 0xd0, 0x0, 0x0, 0x9, 0xff, 0xfc,
    0x8f, 0xff, 0x70, 0x0, 0x0, 0x4, 0xff, 0xfc,
    0x9f, 0xff, 0x40, 0x0, 0x0, 0x1, 0xff, 0xfc,
    0xaf, 0xff, 0x30, 0x0, 0x0, 0x0, 0xff, 0xfc,
    0xaf, 0xff, 0x40, 0x0, 0x0, 0x1, 0xff, 0xfc,
    0x8f, 0xff, 0x60, 0x0, 0x0, 0x3, 0xff, 0xfc,
    0x6f, 0xff, 0xb0, 0x0, 0x0, 0x8, 0xff, 0xfc,
    0x1f, 0xff, 0xf4, 0x0, 0x0, 0x1e, 0xff, 0xfc,
    0xa, 0xff, 0xff, 0x72, 0x25, 0xef, 0xff, 0xfc,
    0x1, 0xef, 0xff, 0xff, 0xff, 0xf9, 0xff, 0xfc,
    0x0, 0x2e, 0xff, 0xff, 0xff, 0xb0, 0xff, 0xfc,
    0x0, 0x0, 0x7c, 0xef, 0xd7, 0x0, 0xff, 0xfb,
    0x0, 0x0, 0x0, 0x0, 0x0, 0x1, 0xff, 0xfa,
    0x0, 0x16, 0x40, 0x0, 0x0, 0x6, 0xff, 0xf7,
    0xb, 0xff, 0xf7, 0x20, 0x2, 0x8f, 0xff, 0xf1,
    0x5, 0xff, 0xff, 0xff, 0xff, 0xff, 0xff, 0x60,
    0x0, 0x5f, 0xff, 0xff, 0xff, 0xff, 0xf6, 0x0,
    0x0, 0x1, 0x7b, 0xef, 0xfe, 0xb7, 0x10, 0x0,

    /* U+0068 "h" */
    0xff, 0xfc, 0x0, 0x0, 0x0, 0x0, 0x0, 0xf,
    0xff, 0xc0, 0x0, 0x0, 0x0, 0x0, 0x0, 0xff,
    0xfc, 0x0, 0x0, 0x0, 0x0, 0x0, 0xf, 0xff,
    0xc0, 0x0, 0x0, 0x0, 0x0, 0x0, 0xff, 0xfc,
    0x0, 0x0, 0x0, 0x0, 0x0, 0xf, 0xff, 0xc0,
    0x8, 0xdf, 0xeb, 0x50, 0x0, 0xff, 0xfc, 0x1d,
    0xff, 0xff, 0xff, 0x90, 0xf, 0xff, 0xca, 0xff,
    0xff, 0xff, 0xff, 0x60, 0xff, 0xff, 0xfc, 0x65,
    0x8f, 0xff, 0xfd, 0xf, 0xff, 0xfb, 0x0, 0x0,
    0x3f, 0xff, 0xf2, 0xff, 0xff, 0x20, 0x0, 0x0,
    0xbf, 0xff, 0x4f, 0xff, 0xe0, 0x0, 0x0, 0x8,
    0xff, 0xf5, 0xff, 0xfd, 0x0, 0x0, 0x0, 0x7f,
    0xff, 0x5f, 0xff, 0xd0, 0x0, 0x0, 0x7, 0xff,
    0xf5, 0xff, 0xfd, 0x0, 0x0, 0x0, 0x7f, 0xff,
    0x5f, 0xff, 0xd0, 0x0, 0x0, 0x7, 0xff, 0xf5,
    0xff, 0xfd, 0x0, 0x0, 0x0, 0x7f, 0xff, 0x5f,
    0xff, 0xd0, 0x0, 0x0, 0x7, 0xff, 0xf5, 0xff,
    0xfd, 0x0, 0x0, 0x0, 0x7f, 0xff, 0x5f, 0xff,
    0xd0, 0x0, 0x0, 0x7, 0xff, 0xf5, 0xff, 0xfd,
    0x0, 0x0, 0x0, 0x7f, 0xff, 0x5f, 0xff, 0xd0,
    0x0, 0x0, 0x7, 0xff, 0xf5,

    /* U+0069 "i" */
    0x0, 0x32, 0x0, 0xb, 0xff, 0x80, 0x3f, 0xff,
    0xf1, 0x2f, 0xff, 0xf0, 0x6, 0xee, 0x50, 0x0,
    0x0, 0x0, 0x0, 0x0, 0x0, 0xf, 0xff, 0xd0,
    0xf, 0xff, 0xd0, 0xf, 0xff, 0xd0, 0xf, 0xff,
    0xd0, 0xf, 0xff, 0xd0, 0xf, 0xff, 0xd0, 0xf,
    0xff, 0xd0, 0xf, 0xff, 0xd0, 0xf, 0xff, 0xd0,
    0xf, 0xff, 0xd0, 0xf, 0xff, 0xd0, 0xf, 0xff,
    0xd0, 0xf, 0xff, 0xd0, 0xf, 0xff, 0xd0, 0xf,
    0xff, 0xd0, 0xf, 0xff, 0xd0, 0xf, 0xff, 0xd0,

    /* U+006A "j" */
    0x0, 0x6, 0xee, 0x40, 0x0, 0x2f, 0xff, 0xf0,
    0x0, 0x3f, 0xff, 0xf1, 0x0, 0xb, 0xff, 0x80,
    0x0, 0x0, 0x32, 0x0, 0x0, 0x0, 0x0, 0x0,
    0x0, 0x0, 0x0, 0x0, 0x0, 0xf, 0xff, 0xd0,
    0x0, 0xf, 0xff, 0xd0, 0x0, 0xf, 0xff, 0xd0,
    0x0, 0xf, 0xff, 0xd0, 0x0, 0xf, 0xff, 0xd0,
    0x0, 0xf, 0xff, 0xd0, 0x0, 0xf, 0xff, 0xd0,
    0x0, 0xf, 0xff, 0xd0, 0x0, 0xf, 0xff, 0xd0,
    0x0, 0xf, 0xff, 0xd0, 0x0, 0xf, 0xff, 0xd0,
    0x0, 0xf, 0xff, 0xd0, 0x0, 0xf, 0xff, 0xd0,
    0x0, 0xf, 0xff, 0xd0, 0x0, 0xf, 0xff, 0xd0,
    0x0, 0xf, 0xff, 0xd0, 0x0, 0xf, 0xff, 0xd0,
    0x0, 0xf, 0xff, 0xd0, 0x0, 0x2f, 0xff, 0xb0,
    0x14, 0xcf, 0xff, 0x90, 0x9f, 0xff, 0xff, 0x30,
    0x9f, 0xff, 0xf7, 0x0, 0x9f, 0xea, 0x40, 0x0,

    /* U+006B "k" */
    0xff, 0xfd, 0x0, 0x0, 0x0, 0x0, 0x0, 0xf,
    0xff, 0xd0, 0x0, 0x0, 0x0, 0x0, 0x0, 0xff,
    0xfd, 0x0, 0x0, 0x0, 0x0, 0x0, 0xf, 0xff,
    0xd0, 0x0, 0x0, 0x0, 0x0, 0x0, 0xff, 0xfd,
    0x0, 0x0, 0x0, 0x0, 0x0, 0xf, 0xff, 0xd0,
    0x0, 0x0, 0x6f, 0xff, 0xe2, 0xff, 0xfd, 0x0,
    0x0, 0x4f, 0xff, 0xf3, 0xf, 0xff, 0xd0, 0x0,
    0x2f, 0xff, 0xf5, 0x0, 0xff, 0xfd, 0x0, 0x1d,
    0xff, 0xf7, 0x0, 0xf, 0xff, 0xd0, 0xc, 0xff,
    0xfa, 0x0, 0x0, 0xff, 0xfd, 0xa, 0xff, 0xfc,
    0x0, 0x0, 0xf, 0xff, 0xd7, 0xff, 0xfd, 0x10,
    0x0, 0x0, 0xff, 0xff, 0xff, 0xff, 0x50, 0x0,
    0x0, 0xf, 0xff, 0xff, 0xff, 0xfd, 0x0, 0x0,
    0x0, 0xff, 0xff, 0xff, 0xff, 0xf8, 0x0, 0x0,
    0xf, 0xff, 0xf9, 0x4f, 0xff, 0xf4, 0x0, 0x0,
    0xff, 0xff, 0x0, 0x9f, 0xff, 0xe1, 0x0, 0xf,
    0xff, 0xd0, 0x0, 0xdf, 0xff, 0xa0, 0x0, 0xff,
    0xfd, 0x0, 0x3, 0xff, 0xff, 0x60, 0xf, 0xff,
    0xd0, 0x0, 0x7, 0xff, 0xff, 0x20, 0xff, 0xfd,
    0x0, 0x0, 0xc, 0xff, 0xfc, 0xf, 0xff, 0xd0,
    0x0, 0x0, 0x1f, 0xff, 0xf8,

    /* U+006C "l" */
    0xff, 0xfd, 0xff, 0xfd, 0xff, 0xfd, 0xff, 0xfd,
    0xff, 0xfd, 0xff, 0xfd, 0xff, 0xfd, 0xff, 0xfd,
    0xff, 0xfd, 0xff, 0xfd, 0xff, 0xfd, 0xff, 0xfd,
    0xff, 0xfd, 0xff, 0xfd, 0xff, 0xfd, 0xff, 0xfd,
    0xff, 0xfd, 0xff, 0xfd, 0xff, 0xfd, 0xff, 0xfd,
    0xff, 0xfd, 0xff, 0xfd,

    /* U+006D "m" */
    0xff, 0xf9, 0x3, 0xbe, 0xfd, 0x60, 0x0, 0x8,
    0xdf, 0xeb, 0x40, 0xf, 0xff, 0xa5, 0xff, 0xff,
    0xff, 0x70, 0x2e, 0xff, 0xff, 0xff, 0x70, 0xff,
    0xfb, 0xef, 0xff, 0xff, 0xff, 0x2d, 0xff, 0xff,
    0xff, 0xff, 0x3f, 0xff, 0xff, 0xa6, 0x7d, 0xff,
    0xfd, 0xfe, 0x75, 0x9f, 0xff, 0xfa, 0xff, 0xff,
    0x80, 0x0, 0xd, 0xff, 0xfe, 0x10, 0x0, 0x5f,
    0xff, 0xdf, 0xff, 0xf0, 0x0, 0x0, 0x7f, 0xff,
    0x80, 0x0, 0x0, 0xff, 0xff, 0xff, 0xfd, 0x0,
    0x0, 0x5, 0xff, 0xf5, 0x0, 0x0, 0xd, 0xff,
    0xff, 0xff, 0xd0, 0x0, 0x0, 0x5f, 0xff, 0x50,
    0x0, 0x0, 0xdf, 0xff, 0xff, 0xfd, 0x0, 0x0,
    0x5, 0xff, 0xf5, 0x0, 0x0, 0xd, 0xff, 0xff,
    0xff, 0xd0, 0x0, 0x0, 0x5f, 0xff, 0x50, 0x0,
    0x0, 0xdf, 0xff, 0xff, 0xfd, 0x0, 0x0, 0x5,
    0xff, 0xf5, 0x0, 0x0, 0xd, 0xff, 0xff, 0xff,
    0xd0, 0x0, 0x0, 0x5f, 0xff, 0x50, 0x0, 0x0,
    0xdf, 0xff, 0xff, 0xfd, 0x0, 0x0, 0x5, 0xff,
    0xf5, 0x0, 0x0, 0xd, 0xff, 0xff, 0xff, 0xd0,
    0x0, 0x0, 0x5f, 0xff, 0x50, 0x0, 0x0, 0xdf,
    0xff, 0xff, 0xfd, 0x0, 0x0, 0x5, 0xff, 0xf5,
    0x0, 0x0, 0xd, 0xff, 0xff, 0xff, 0xd0, 0x0,
    0x0, 0x5f, 0xff, 0x50, 0x0, 0x0, 0xdf, 0xff,
    0xff, 0xfd, 0x0, 0x0, 0x5, 0xff, 0xf5, 0x0,
    0x0, 0xd, 0xff, 0xf0,

    /* U+006E "n" */
    0xff, 0xfa, 0x1, 0x9d, 0xfe, 0xb5, 0x0, 0xf,
    0xff, 0xa2, 0xef, 0xff, 0xff, 0xf9, 0x0, 0xff,
    0xfa, 0xdf, 0xff, 0xff, 0xff, 0xf5, 0xf, 0xff,
    0xff, 0xa3, 0x25, 0xef, 0xff, 0xd0, 0xff, 0xff,
    0x90, 0x0, 0x2, 0xff, 0xff, 0x2f, 0xff, 0xf1,
    0x0, 0x0, 0xa, 0xff, 0xf4, 0xff, 0xfe, 0x0,
    0x0, 0x0, 0x8f, 0xff, 0x5f, 0xff, 0xd0, 0x0,
    0x0, 0x7, 0xff, 0xf5, 0xff, 0xfd, 0x0, 0x0,
    0x0, 0x7f, 0xff, 0x5f, 0xff, 0xd0, 0x0, 0x0,
    0x7, 0xff, 0xf5, 0xff, 0xfd, 0x0, 0x0, 0x0,
    0x7f, 0xff, 0x5f, 0xff, 0xd0, 0x0, 0x0, 0x7,
    0xff, 0xf5, 0xff, 0xfd, 0x0, 0x0, 0x0, 0x7f,
    0xff, 0x5f, 0xff, 0xd0, 0x0, 0x0, 0x7, 0xff,
    0xf5, 0xff, 0xfd, 0x0, 0x0, 0x0, 0x7f, 0xff,
    0x5f, 0xff, 0xd0, 0x0, 0x0, 0x7, 0xff, 0xf5,
    0xff, 0xfd, 0x0, 0x0, 0x0, 0x7f, 0xff, 0x50,

    /* U+006F "o" */
    0x0, 0x0, 0x39, 0xdf, 0xfe, 0xa5, 0x0, 0x0,
    0x0, 0x8, 0xff, 0xff, 0xff, 0xff, 0xb1, 0x0,
    0x0, 0xaf, 0xff, 0xff, 0xff, 0xff, 0xfd, 0x10,
    0x6, 0xff, 0xff, 0x94, 0x37, 0xef, 0xff, 0xa0,
    0xe, 0xff, 0xf5, 0x0, 0x0, 0x2f, 0xff, 0xf2,
    0x4f, 0xff, 0xc0, 0x0, 0x0, 0x7, 0xff, 0xf8,
    0x8f, 0xff, 0x60, 0x0, 0x0, 0x2, 0xff, 0xfc,
    0x9f, 0xff, 0x40, 0x0, 0x0, 0x0, 0xff, 0xfd,
    0xaf, 0xff, 0x30, 0x0, 0x0, 0x0, 0xef, 0xff,
    0x9f, 0xff, 0x40, 0x0, 0x0, 0x0, 0xff, 0xfd,
    0x8f, 0xff, 0x60, 0x0, 0x0, 0x2, 0xff, 0xfc,
    0x4f, 0xff, 0xc0, 0x0, 0x0, 0x7, 0xff, 0xf8,
    0xe, 0xff, 0xf5, 0x0, 0x0, 0x2f, 0xff, 0xf2,
    0x6, 0xff, 0xff, 0x94, 0x37, 0xef, 0xff, 0xa0,
    0x0, 0xaf, 0xff, 0xff, 0xff, 0xff, 0xfd, 0x10,
    0x0, 0x8, 0xff, 0xff, 0xff, 0xff, 0xb1, 0x0,
    0x0, 0x0, 0x39, 0xdf, 0xfe, 0xa5, 0x0, 0x0,

    /* U+0070 "p" */
    0xff, 0xfc, 0x1, 0x9e, 0xfe, 0xb4, 0x0, 0x0,
    0xff, 0xfc, 0x2e, 0xff, 0xff, 0xff, 0xa0, 0x0,
    0xff, 0xfc, 0xcf, 0xff, 0xff, 0xff, 0xfa, 0x0,
    0xff, 0xff, 0xfb, 0x30, 0x29, 0xff, 0xff, 0x40,
    0xff, 0xff, 0xc0, 0x0, 0x0, 0x8f, 0xff, 0xb0,
    0xff, 0xff, 0x40, 0x0, 0x0, 0xf, 0xff, 0xf1,
    0xff, 0xff, 0x0, 0x0, 0x0, 0xb, 0xff, 0xf4,
    0xff, 0xfd, 0x0, 0x0, 0x0, 0x8, 0xff, 0xf5,
    0xff, 0xfc, 0x0, 0x0, 0x0, 0x8, 0xff, 0xf6,
    0xff, 0xfd, 0x0, 0x0, 0x0, 0x9, 0xff, 0xf5,
    0xff, 0xff, 0x0, 0x0, 0x0, 0xc, 0xff, 0xf4,
    0xff, 0xff, 0x50, 0x0, 0x0, 0x1f, 0xff, 0xf1,
    0xff, 0xff, 0xd1, 0x0, 0x0, 0xbf, 0xff, 0xb0,
    0xff, 0xff, 0xfe, 0x64, 0x5c, 0xff, 0xff, 0x40,
    0xff, 0xfd, 0xbf, 0xff, 0xff, 0xff, 0xfa, 0x0,
    0xff, 0xfd, 0x1d, 0xff, 0xff, 0xff, 0xa0, 0x0,
    0xff, 0xfd, 0x1, 0x8d, 0xfe, 0xb4, 0x0, 0x0,
    0xff, 0xfd, 0x0, 0x0, 0x0, 0x0, 0x0, 0x0,
    0xff, 0xfd, 0x0, 0x0, 0x0, 0x0, 0x0, 0x0,
    0xff, 0xfd, 0x0, 0x0, 0x0, 0x0, 0x0, 0x0,
    0xff, 0xfd, 0x0, 0x0, 0x0, 0x0, 0x0, 0x0,
    0xff, 0xfd, 0x0, 0x0, 0x0, 0x0, 0x0, 0x0,
    0xff, 0xfd, 0x0, 0x0, 0x0, 0x0, 0x0, 0x0,

    /* U+0071 "q" */
    0x0, 0x0, 0x6c, 0xef, 0xc6, 0x0, 0xff, 0xfb,
    0x0, 0x1d, 0xff, 0xff, 0xff, 0xb0, 0xff, 0xfb,
    0x0, 0xdf, 0xff, 0xff, 0xff, 0xf7, 0xff, 0xfb,
    0x9, 0xff, 0xff, 0x94, 0x48, 0xff, 0xff, 0xfb,
    0xf, 0xff, 0xf6, 0x0, 0x0, 0x3f, 0xff, 0xfb,
    0x5f, 0xff, 0xc0, 0x0, 0x0, 0x9, 0xff, 0xfb,
    0x8f, 0xff, 0x70, 0x0, 0x0, 0x4, 0xff, 0xfb,
    0x9f, 0xff, 0x40, 0x0, 0x0, 0x1, 0xff, 0xfb,
    0xaf, 0xff, 0x30, 0x0, 0x0, 0x0, 0xff, 0xfb,
    0x9f, 0xff, 0x40, 0x0, 0x0, 0x1, 0xff, 0xfb,
    0x8f, 0xff, 0x70, 0x0, 0x0, 0x4, 0xff, 0xfb,
    0x5f, 0xff, 0xc0, 0x0, 0x0, 0x9, 0xff, 0xfb,
    0xf, 0xff, 0xf6, 0x0, 0x0, 0x3f, 0xff, 0xfb,
    0x9, 0xff, 0xff, 0x94, 0x48, 0xff, 0xff, 0xfb,
    0x0, 0xef, 0xff, 0xff, 0xff, 0xf9, 0xff, 0xfb,
    0x0, 0x1d, 0xff, 0xff, 0xff, 0xb1, 0xff, 0xfb,
    0x0, 0x0, 0x6c, 0xef, 0xd6, 0x1, 0xff, 0xfb,
    0x0, 0x0, 0x0, 0x0, 0x0, 0x1, 0xff, 0xfb,
    0x0, 0x0, 0x0, 0x0, 0x0, 0x1, 0xff, 0xfb,
    0x0, 0x0, 0x0, 0x0, 0x0, 0x1, 0xff, 0xfb,
    0x0, 0x0, 0x0, 0x0, 0x0, 0x1, 0xff, 0xfb,
    0x0, 0x0, 0x0, 0x0, 0x0, 0x1, 0xff, 0xfb,
    0x0, 0x0, 0x0, 0x0, 0x0, 0x1, 0xff, 0xfb,

    /* U+0072 "r" */
    0x0, 0x0, 0x0, 0x0, 0x0, 0xff, 0xfb, 0x4,
    0xbf, 0xf5, 0xff, 0xfb, 0x5f, 0xff, 0xf5, 0xff,
    0xfc, 0xef, 0xff, 0xf5, 0xff, 0xff, 0xfd, 0x74,
    0x52, 0xff, 0xff, 0xb0, 0x0, 0x0, 0xff, 0xff,
    0x20, 0x0, 0x0, 0xff, 0xfe, 0x0, 0x0, 0x0,
    0xff, 0xfd, 0x0, 0x0, 0x0, 0xff, 0xfd, 0x0,
    0x0, 0x0, 0xff, 0xfd, 0x0, 0x0, 0x0, 0xff,
    0xfd, 0x0, 0x0, 0x0, 0xff, 0xfd, 0x0, 0x0,
    0x0, 0xff, 0xfd, 0x0, 0x0, 0x0, 0xff, 0xfd,
    0x0, 0x0, 0x0, 0xff, 0xfd, 0x0, 0x0, 0x0,
    0xff, 0xfd, 0x0, 0x0, 0x0, 0xff, 0xfd, 0x0,
    0x0, 0x0,

    /* U+0073 "s" */
    0x0, 0x2, 0x8d, 0xef, 0xeb, 0x70, 0x0, 0x0,
    0x8, 0xff, 0xff, 0xff, 0xff, 0xe3, 0x0, 0x7,
    0xff, 0xff, 0xff, 0xff, 0xff, 0xe1, 0x0, 0xff,
    0xff, 0x60, 0x1, 0x9f, 0xff, 0x90, 0x2f, 0xff,
    0xa0, 0x0, 0x0, 0xbc, 0x84, 0x3, 0xff, 0xfc,
    0x0, 0x0, 0x0, 0x0, 0x0, 0xf, 0xff, 0xfc,
    0x62, 0x0, 0x0, 0x0, 0x0, 0x7f, 0xff, 0xff,
    0xfe, 0xb7, 0x10, 0x0, 0x0, 0x6e, 0xff, 0xff,
    0xff, 0xff, 0x80, 0x0, 0x0, 0x5, 0x9d, 0xff,
    0xff, 0xff, 0x90, 0x0, 0x0, 0x0, 0x0, 0x4b,
    0xff, 0xff, 0x10, 0x1, 0x40, 0x0, 0x0, 0xc,
    0xff, 0xf3, 0x7e, 0xff, 0x40, 0x0, 0x0, 0xcf,
    0xff, 0x25, 0xff, 0xfe, 0x51, 0x2, 0x9f, 0xff,
    0xd0, 0xb, 0xff, 0xff, 0xff, 0xff, 0xff, 0xf4,
    0x0, 0xb, 0xff, 0xff, 0xff, 0xff, 0xe5, 0x0,
    0x0, 0x4, 0x9d, 0xff, 0xeb, 0x71, 0x0, 0x0,

    /* U+0074 "t" */
    0x0, 0x6f, 0xff, 0x70, 0x0, 0x0, 0x6, 0xff,
    0xf7, 0x0, 0x0, 0x0, 0x6f, 0xff, 0x70, 0x0,
    0x0, 0x6, 0xff, 0xf7, 0x0, 0x0, 0xbf, 0xff,
    0xff, 0xff, 0xf9, 0xb, 0xff, 0xff, 0xff, 0xff,
    0x90, 0xbf, 0xff, 0xff, 0xff, 0xf9, 0x0, 0x17,
    0xff, 0xf8, 0x11, 0x0, 0x0, 0x6f, 0xff, 0x70,
    0x0, 0x0, 0x6, 0xff, 0xf7, 0x0, 0x0, 0x0,
    0x6f, 0xff, 0x70, 0x0, 0x0, 0x6, 0xff, 0xf7,
    0x0, 0x0, 0x0, 0x6f, 0xff, 0x70, 0x0, 0x0,
    0x6, 0xff, 0xf7, 0x0, 0x0, 0x0, 0x6f, 0xff,
    0x70, 0x0, 0x0, 0x6, 0xff, 0xf7, 0x0, 0x0,
    0x0, 0x5f, 0xff, 0x70, 0x0, 0x0, 0x4, 0xff,
    0xfd, 0x43, 0x20, 0x0, 0xe, 0xff, 0xff, 0xf9,
    0x0, 0x0, 0x6f, 0xff, 0xff, 0xd0, 0x0, 0x0,
    0x4b, 0xef, 0xeb, 0x0,

    /* U+0075 "u" */
    0xff, 0xfd, 0x0, 0x0, 0x0, 0x7f, 0xff, 0x5f,
    0xff, 0xd0, 0x0, 0x0, 0x7, 0xff, 0xf5, 0xff,
    0xfd, 0x0, 0x0, 0x0, 0x7f, 0xff, 0x5f, 0xff,
    0xd0, 0x0, 0x0, 0x7, 0xff, 0xf5, 0xff, 0xfd,
    0x0, 0x0, 0x0, 0x7f, 0xff, 0x5f, 0xff, 0xd0,
    0x0, 0x0, 0x7, 0xff, 0xf5, 0xff, 0xfd, 0x0,
    0x0, 0x0, 0x7f, 0xff, 0x5f, 0xff, 0xd0, 0x0,
    0x0, 0x7, 0xff, 0xf5, 0xff, 0xfd, 0x0, 0x0,
    0x0, 0x7f, 0xff, 0x5f, 0xff, 0xd0, 0x0, 0x0,
    0x7, 0xff, 0xf5, 0xff, 0xfe, 0x0, 0x0, 0x0,
    0x8f, 0xff, 0x5e, 0xff, 0xf1, 0x0, 0x0, 0xc,
    0xff, 0xf5, 0xcf, 0xff, 0x90, 0x0, 0x5, 0xff,
    0xff, 0x58, 0xff, 0xff, 0xb6, 0x5a, 0xff, 0xff,
    0xf5, 0x1e, 0xff, 0xff, 0xff, 0xff, 0x7f, 0xff,
    0x50, 0x4f, 0xff, 0xff, 0xff, 0x64, 0xff, 0xf5,
    0x0, 0x29, 0xdf, 0xea, 0x30, 0x4f, 0xff, 0x50,

    /* U+0076 "v" */
    0x3f, 0xff, 0xc0, 0x0, 0x0, 0x0, 0x2f, 0xff,
    0xd0, 0xe, 0xff, 0xf2, 0x0, 0x0, 0x0, 0x7f,
    0xff, 0x80, 0x8, 0xff, 0xf7, 0x0, 0x0, 0x0,
    0xcf, 0xff, 0x20, 0x2, 0xff, 0xfc, 0x0, 0x0,
    0x1, 0xff, 0xfc, 0x0, 0x0, 0xcf, 0xff, 0x10,
    0x0, 0x7, 0xff, 0xf6, 0x0, 0x0, 0x7f, 0xff,
    0x60, 0x0, 0xc, 0xff, 0xf1, 0x0, 0x0, 0x1f,
    0xff, 0xb0, 0x0, 0x1f, 0xff, 0xb0, 0x0, 0x0,
    0xb, 0xff, 0xf1, 0x0, 0x6f, 0xff, 0x50, 0x0,
    0x0, 0x6, 0xff, 0xf6, 0x0, 0xbf, 0xff, 0x0,
    0x0, 0x0, 0x0, 0xff, 0xfb, 0x0, 0xff, 0xf9,
    0x0, 0x0, 0x0, 0x0, 0xaf, 0xff, 0x5, 0xff,
    0xf4, 0x0, 0x0, 0x0, 0x0, 0x4f, 0xff, 0x39,
    0xff, 0xe0, 0x0, 0x0, 0x0, 0x0, 0xe, 0xff,
    0x8d, 0xff, 0x80, 0x0, 0x0, 0x0, 0x0, 0x9,
    0xff, 0xdf, 0xff, 0x20, 0x0, 0x0, 0x0, 0x0,
    0x3, 0xff, 0xff, 0xfd, 0x0, 0x0, 0x0, 0x0,
    0x0, 0x0, 0xdf, 0xff, 0xf7, 0x0, 0x0, 0x0,
    0x0, 0x0, 0x0, 0x8f, 0xff, 0xf1, 0x0, 0x0,
    0x0,

    /* U+0077 "w" */
    0x3f, 0xff, 0xc0, 0x0, 0x0, 0x5f, 0xff, 0x80,
    0x0, 0x0, 0x9f, 0xff, 0x60, 0xef, 0xff, 0x0,
    0x0, 0x9, 0xff, 0xfc, 0x0, 0x0, 0xd, 0xff,
    0xf1, 0xa, 0xff, 0xf4, 0x0, 0x0, 0xdf, 0xff,
    0xf0, 0x0, 0x1, 0xff, 0xfc, 0x0, 0x5f, 0xff,
    0x80, 0x0, 0x1f, 0xff, 0xff, 0x40, 0x0, 0x5f,
    0xff, 0x80, 0x1, 0xff, 0xfb, 0x0, 0x5, 0xff,
    0xff, 0xf8, 0x0, 0x9, 0xff, 0xf3, 0x0, 0xc,
    0xff, 0xf0, 0x0, 0x9f, 0xf9, 0xff, 0xc0, 0x0,
    0xdf, 0xfe, 0x0, 0x0, 0x7f, 0xff, 0x30, 0xd,
    0xff, 0x2f, 0xff, 0x0, 0x1f, 0xff, 0xa0, 0x0,
    0x3, 0xff, 0xf7, 0x1, 0xff, 0xe0, 0xcf, 0xf3,
    0x5, 0xff, 0xf5, 0x0, 0x0, 0xe, 0xff, 0xa0,
    0x4f, 0xfb, 0x8, 0xff, 0x70, 0x8f, 0xff, 0x10,
    0x0, 0x0, 0xaf, 0xfe, 0x8, 0xff, 0x70, 0x4f,
    0xfb, 0xc, 0xff, 0xc0, 0x0, 0x0, 0x5, 0xff,
    0xf1, 0xcf, 0xf2, 0x0, 0xff, 0xe0, 0xff, 0xf8,
    0x0, 0x0, 0x0, 0x1f, 0xff, 0x5f, 0xfe, 0x0,
    0xb, 0xff, 0x4f, 0xff, 0x30, 0x0, 0x0, 0x0,
    0xcf, 0xfb, 0xff, 0x90, 0x0, 0x7f, 0xfb, 0xff,
    0xe0, 0x0, 0x0, 0x0, 0x7, 0xff, 0xff, 0xf5,
    0x0, 0x2, 0xff, 0xff, 0xfa, 0x0, 0x0, 0x0,
    0x0, 0x3f, 0xff, 0xff, 0x10, 0x0, 0xe, 0xff,
    0xff, 0x50, 0x0, 0x0, 0x0, 0x0, 0xef, 0xff,
    0xc0, 0x0, 0x0, 0x9f, 0xff, 0xf1, 0x0, 0x0,
    0x0, 0x0, 0xa, 0xff, 0xf8, 0x0, 0x0, 0x5,
    0xff, 0xfc, 0x0, 0x0, 0x0,

    /* U+0078 "x" */
    0xa, 0xff, 0xf8, 0x0, 0x0, 0x5, 0xff, 0xfc,
    0x0, 0x1e, 0xff, 0xf2, 0x0, 0x0, 0xef, 0xff,
    0x20, 0x0, 0x6f, 0xff, 0xb0, 0x0, 0x8f, 0xff,
    0x80, 0x0, 0x0, 0xcf, 0xff, 0x30, 0x1f, 0xff,
    0xd0, 0x0, 0x0, 0x3, 0xff, 0xfb, 0x9, 0xff,
    0xf4, 0x0, 0x0, 0x0, 0x8, 0xff, 0xf5, 0xff,
    0xfa, 0x0, 0x0, 0x0, 0x0, 0xe, 0xff, 0xff,
    0xff, 0x10, 0x0, 0x0, 0x0, 0x0, 0x5f, 0xff,
    0xff, 0x60, 0x0, 0x0, 0x0, 0x0, 0x1, 0xff,
    0xff, 0xf1, 0x0, 0x0, 0x0, 0x0, 0x0, 0x9f,
    0xff, 0xff, 0x90, 0x0, 0x0, 0x0, 0x0, 0x3f,
    0xff, 0xef, 0xff, 0x30, 0x0, 0x0, 0x0, 0xd,
    0xff, 0xe1, 0xef, 0xfd, 0x0, 0x0, 0x0, 0x7,
    0xff, 0xf6, 0x6, 0xff, 0xf8, 0x0, 0x0, 0x2,
    0xff, 0xfe, 0x0, 0xd, 0xff, 0xf2, 0x0, 0x0,
    0xbf, 0xff, 0x50, 0x0, 0x5f, 0xff, 0xc0, 0x0,
    0x5f, 0xff, 0xb0, 0x0, 0x0, 0xbf, 0xff, 0x60,
    0xe, 0xff, 0xf2, 0x0, 0x0, 0x2, 0xff, 0xfe,
    0x10,

    /* U+0079 "y" */
    0x3f, 0xff, 0xc0, 0x0, 0x0, 0x0, 0x2f, 0xff,
    0xe0, 0xd, 0xff, 0xf2, 0x0, 0x0, 0x0, 0x7f,
    0xff, 0x80, 0x8, 0xff, 0xf7, 0x0, 0x0, 0x0,
    0xcf, 0xff, 0x20, 0x2, 0xff, 0xfc, 0x0, 0x0,
    0x2, 0xff, 0xfc, 0x0, 0x0, 0xcf, 0xff, 0x10,
    0x0, 0x7, 0xff, 0xf6, 0x0, 0x0, 0x6f, 0xff,
    0x70, 0x0, 0xd, 0xff, 0xf0, 0x0, 0x0, 0xf,
    0xff, 0xc0, 0x0, 0x2f, 0xff, 0xa0, 0x0, 0x0,
    0xa, 0xff, 0xf1, 0x0, 0x8f, 0xff, 0x40, 0x0,
    0x0, 0x4, 0xff, 0xf7, 0x0, 0xdf, 0xfe, 0x0,
    0x0, 0x0, 0x0, 0xef, 0xfb, 0x2, 0xff, 0xf8,
    0x0, 0x0, 0x0, 0x0, 0x8f, 0xff, 0x7, 0xff,
    0xf2, 0x0, 0x0, 0x0, 0x0, 0x2f, 0xff, 0x4c,
    0xff, 0xc0, 0x0, 0x0, 0x0, 0x0, 0xc, 0xff,
    0x9f, 0xff, 0x60, 0x0, 0x0, 0x0, 0x0, 0x6,
    0xff, 0xff, 0xff, 0x0, 0x0, 0x0, 0x0, 0x0,
    0x1, 0xff, 0xff, 0xfa, 0x0, 0x0, 0x0, 0x0,
    0x0, 0x0, 0xbf, 0xff, 0xf4, 0x0, 0x0, 0x0,
    0x0, 0x0, 0x0, 0x5f, 0xff, 0xe0, 0x0, 0x0,
    0x0, 0x0, 0x0, 0x0, 0x6f, 0xff, 0x80, 0x0,
    0x0, 0x0, 0x0, 0x0, 0x0, 0xbf, 0xff, 0x20,
    0x0, 0x0, 0x0, 0x0, 0x13, 0x28, 0xff, 0xfb,
    0x0, 0x0, 0x0, 0x0, 0x0, 0x8f, 0xff, 0xff,
    0xf3, 0x0, 0x0, 0x0, 0x0, 0x0, 0xdf, 0xff,
    0xff, 0x60, 0x0, 0x0, 0x0, 0x0, 0x0, 0xce,
    0xfe, 0xa3, 0x0, 0x0, 0x0, 0x0, 0x0,

    /* U+007A "z" */
    0xf, 0xff, 0xff, 0xff, 0xff, 0xff, 0xfe, 0x0,
    0xff, 0xff, 0xff, 0xff, 0xff, 0xff, 0xe0, 0xf,
    0xff, 0xff, 0xff, 0xff, 0xff, 0xfe, 0x0, 0x55,
    0x55, 0x55, 0x56, 0xff, 0xff, 0x50, 0x0, 0x0,
    0x0, 0x0, 0xaf, 0xff, 0x90, 0x0, 0x0, 0x0,
    0x0, 0x6f, 0xff, 0xd0, 0x0, 0x0, 0x0, 0x0,
    0x3f, 0xff, 0xf2, 0x0, 0x0, 0x0, 0x0, 0xd,
    0xff, 0xf6, 0x0, 0x0, 0x0, 0x0, 0xa, 0xff,
    0xfa, 0x0, 0x0, 0x0, 0x0, 0x6, 0xff, 0xfd,
    0x0, 0x0, 0x0, 0x0, 0x3, 0xff, 0xff, 0x30,
    0x0, 0x0, 0x0, 0x1, 0xdf, 0xff, 0x70, 0x0,
    0x0, 0x0, 0x0, 0xbf, 0xff, 0xb0, 0x0, 0x0,
    0x0, 0x0, 0x7f, 0xff, 0xf6, 0x55, 0x55, 0x55,
    0x50, 0x2f, 0xff, 0xff, 0xff, 0xff, 0xff, 0xff,
    0x33, 0xff, 0xff, 0xff, 0xff, 0xff, 0xff, 0xf3,
    0x3f, 0xff, 0xff, 0xff, 0xff, 0xff, 0xff, 0x30,

    /* U+007B "{" */
    0x0, 0x0, 0x1, 0x7c, 0xef, 0x0, 0x0, 0x3,
    0xff, 0xff, 0xf0, 0x0, 0x0, 0xef, 0xff, 0xff,
    0x0, 0x0, 0x5f, 0xff, 0xd4, 0x10, 0x0, 0x9,
    0xff, 0xf3, 0x0, 0x0, 0x0, 0xaf, 0xfe, 0x0,
    0x0, 0x0, 0xb, 0xff, 0xd0, 0x0, 0x0, 0x0,
    0xbf, 0xfd, 0x0, 0x0, 0x0, 0xb, 0xff, 0xd0,
    0x0, 0x0, 0x0, 0xcf, 0xfd, 0x0, 0x0, 0x0,
    0xe, 0xff, 0xc0, 0x0, 0x0, 0x6, 0xff, 0xfa,
    0x0, 0x0, 0xff, 0xff, 0xff, 0x40, 0x0, 0xf,
    0xff, 0xfe, 0x60, 0x0, 0x0, 0xff, 0xff, 0x10,
    0x0, 0x0, 0xf, 0xff, 0xff, 0x70, 0x0, 0x0,
    0x3, 0xbf, 0xff, 0x60, 0x0, 0x0, 0x1, 0xff,
    0xfa, 0x0, 0x0, 0x0, 0xc, 0xff, 0xd0, 0x0,
    0x0, 0x0, 0xbf, 0xfd, 0x0, 0x0, 0x0, 0xb,
    0xff, 0xd0, 0x0, 0x0, 0x0, 0xbf, 0xfd, 0x0,
    0x0, 0x0, 0xa, 0xff, 0xe0, 0x0, 0x0, 0x0,
    0x9f, 0xff, 0x20, 0x0, 0x0, 0x6, 0xff, 0xfc,
    0x30, 0x0, 0x0, 0x1e, 0xff, 0xff, 0xf0, 0x0,
    0x0, 0x4f, 0xff, 0xff, 0x0, 0x0, 0x0, 0x18,
    0xce, 0xf0,

    /* U+007C "|" */
    0x6f, 0xff, 0x26, 0xff, 0xf2, 0x6f, 0xff, 0x26,
    0xff, 0xf2, 0x6f, 0xff, 0x26, 0xff, 0xf2, 0x6f,
    0xff, 0x26, 0xff, 0xf2, 0x6f, 0xff, 0x26, 0xff,
    0xf2, 0x6f, 0xff, 0x26, 0xff, 0xf2, 0x6f, 0xff,
    0x26, 0xff, 0xf2, 0x6f, 0xff, 0x26, 0xff, 0xf2,
    0x6f, 0xff, 0x26, 0xff, 0xf2, 0x6f, 0xff, 0x26,
    0xff, 0xf2, 0x6f, 0xff, 0x26, 0xff, 0xf2, 0x6f,
    0xff, 0x26, 0xff, 0xf2, 0x6f, 0xff, 0x26, 0xff,
    0xf2, 0x6f, 0xff, 0x26, 0xff, 0xf2, 0x6f, 0xff,
    0x26, 0xff, 0xf2, 0x6f, 0xff, 0x26, 0xff, 0xf2,
    0x6f, 0xff, 0x26, 0xff, 0xf2, 0x6f, 0xff, 0x26,
    0xff, 0xf2, 0x6f, 0xff, 0x20,

    /* U+007D "}" */
    0x6f, 0xda, 0x50, 0x0, 0x0, 0x6, 0xff, 0xff,
    0xc0, 0x0, 0x0, 0x6f, 0xff, 0xff, 0x90, 0x0,
    0x0, 0x16, 0xff, 0xff, 0x0, 0x0, 0x0, 0x9,
    0xff, 0xf3, 0x0, 0x0, 0x0, 0x4f, 0xff, 0x40,
    0x0, 0x0, 0x3, 0xff, 0xf5, 0x0, 0x0, 0x0,
    0x3f, 0xff, 0x50, 0x0, 0x0, 0x3, 0xff, 0xf5,
    0x0, 0x0, 0x0, 0x3f, 0xff, 0x60, 0x0, 0x0,
    0x2, 0xff, 0xf8, 0x0, 0x0, 0x0, 0xf, 0xff,
    0xe1, 0x0, 0x0, 0x0, 0xaf, 0xff, 0xff, 0xb0,
    0x0, 0x0, 0xaf, 0xff, 0xff, 0x0, 0x0, 0x0,
    0x4f, 0xff, 0xf0, 0x0, 0x1, 0xbf, 0xff, 0xff,
    0x0, 0x0, 0xbf, 0xff, 0x71, 0x0, 0x0, 0xf,
    0xff, 0xa0, 0x0, 0x0, 0x2, 0xff, 0xf6, 0x0,
    0x0, 0x0, 0x3f, 0xff, 0x50, 0x0, 0x0, 0x3,
    0xff, 0xf5, 0x0, 0x0, 0x0, 0x3f, 0xff, 0x50,
    0x0, 0x0, 0x4, 0xff, 0xf4, 0x0, 0x0, 0x0,
    0x8f, 0xff, 0x30, 0x0, 0x1, 0x5f, 0xff, 0xf0,
    0x0, 0x6, 0xff, 0xff, 0xf9, 0x0, 0x0, 0x6f,
    0xff, 0xfc, 0x10, 0x0, 0x6, 0xfe, 0xb6, 0x0,
    0x0, 0x0,

    /* U+007E "~" */
    0x0, 0x2, 0x44, 0x0, 0x0, 0x0, 0x0, 0x0,
    0x0, 0xaf, 0xff, 0xf7, 0x0, 0x0, 0x3d, 0xda,
    0xa, 0xff, 0xff, 0xff, 0xb1, 0x0, 0x7f, 0xfc,
    0x3f, 0xff, 0xff, 0xff, 0xfe, 0x67, 0xff, 0xf9,
    0x7f, 0xfe, 0x30, 0x7f, 0xff, 0xff, 0xff, 0xf3,
    0x9f, 0xf8, 0x0, 0x4, 0xef, 0xff, 0xff, 0x90,
    0x47, 0x73, 0x0, 0x0, 0x19, 0xef, 0xd6, 0x0,

    /* U+00A0 " " */

    /* U+00A1 "¡" */
    0x9, 0xed, 0x40, 0x5f, 0xff, 0xf0, 0x8f, 0xff,
    0xf2, 0x3f, 0xff, 0xd0, 0x5, 0xa9, 0x20, 0x0,
    0x0, 0x0, 0x0, 0x0, 0x0, 0x4, 0x44, 0x20,
    0xf, 0xff, 0xa0, 0xf, 0xff, 0xa0, 0xf, 0xff,
    0xa0, 0xf, 0xff, 0xb0, 0xf, 0xff, 0xb0, 0x1f,
    0xff, 0xb0, 0x1f, 0xff, 0xb0, 0x1f, 0xff, 0xc0,
    0x2f, 0xff, 0xc0, 0x2f, 0xff, 0xc0, 0x2f, 0xff,
    0xd0, 0x3f, 0xff, 0xd0, 0x3f, 0xff, 0xd0, 0x3f,
    0xff, 0xe0, 0x3f, 0xff, 0xe0,

    /* U+00A2 "¢" */
    0x0, 0x0, 0x0, 0xd, 0xe0, 0x0, 0x0, 0x0,
    0x0, 0x0, 0x0, 0xd, 0xe0, 0x0, 0x0, 0x0,
    0x0, 0x0, 0x39, 0xdf, 0xfe, 0xa4, 0x0, 0x0,
    0x0, 0x8, 0xff, 0xff, 0xff, 0xff, 0xb1, 0x0,
    0x0, 0xaf, 0xff, 0xff, 0xff, 0xff, 0xfd, 0x0,
    0x5, 0xff, 0xff, 0x9f, 0xf7, 0xef, 0xff, 0x80,
    0xe, 0xff, 0xf6, 0xd, 0xe0, 0x2f, 0xff, 0xf0,
    0x3f, 0xff, 0xc0, 0xd, 0xe0, 0x9, 0xd9, 0x60,
    0x7f, 0xff, 0x70, 0xd, 0xe0, 0x0, 0x0, 0x0,
    0x9f, 0xff, 0x40, 0xd, 0xe0, 0x0, 0x0, 0x0,
    0xaf, 0xff, 0x30, 0xd, 0xe0, 0x0, 0x0, 0x0,
    0x9f, 0xff, 0x40, 0xd, 0xe0, 0x0, 0x0, 0x0,
    0x8f, 0xff, 0x60, 0xd, 0xe0, 0x0, 0x0, 0x0,
    0x4f, 0xff, 0xb0, 0xd, 0xe0, 0x7, 0xc8, 0x50,
    0xe, 0xff, 0xf4, 0xd, 0xe0, 0x1e, 0xff, 0xf0,
    0x7, 0xff, 0xff, 0x6e, 0xf4, 0xdf, 0xff, 0x90,
    0x0, 0xcf, 0xff, 0xff, 0xff, 0xff, 0xfe, 0x10,
    0x0, 0xb, 0xff, 0xff, 0xff, 0xff, 0xd2, 0x0,
    0x0, 0x0, 0x5c, 0xff, 0xff, 0xd7, 0x0, 0x0,
    0x0, 0x0, 0x0, 0xf, 0xf0, 0x0, 0x0, 0x0,
    0x0, 0x0, 0x0, 0xd, 0xe0, 0x0, 0x0, 0x0,
    0x0, 0x0, 0x0, 0xd, 0xe0, 0x0, 0x0, 0x0,

    /* U+00A3 "£" */
    0x0, 0x0, 0x0, 0x6b, 0xef, 0xeb, 0x60, 0x0,
    0x0, 0x0, 0x3, 0xdf, 0xff, 0xff, 0xff, 0xd2,
    0x0, 0x0, 0x2, 0xff, 0xff, 0xff, 0xff, 0xff,
    0xe1, 0x0, 0x0, 0xcf, 0xff, 0xe8, 0x68, 0xef,
    0xff, 0xa0, 0x0, 0x2f, 0xff, 0xd1, 0x0, 0x1,
    0xdf, 0xff, 0x10, 0x6, 0xff, 0xf6, 0x0, 0x0,
    0x6, 0xfd, 0xb3, 0x0, 0x7f, 0xff, 0x30, 0x0,
    0x0, 0x0, 0x0, 0x0, 0x7, 0xff, 0xf3, 0x0,
    0x0, 0x0, 0x0, 0x0, 0x0, 0x7f, 0xff, 0x30,
    0x0, 0x0, 0x0, 0x0, 0x5, 0xaf, 0xff, 0xff,
    0xaa, 0xaa, 0xa5, 0x0, 0x0, 0x8f, 0xff, 0xff,
    0xff, 0xff, 0xff, 0x70, 0x0, 0x8, 0xff, 0xff,
    0xff, 0xff, 0xff, 0xf7, 0x0, 0x0, 0x0, 0x4f,
    0xff, 0x50, 0x0, 0x0, 0x0, 0x0, 0x0, 0x3,
    0xff, 0xf6, 0x0, 0x0, 0x0, 0x0, 0x0, 0x0,
    0x2f, 0xff, 0x70, 0x0, 0x0, 0x0, 0x0, 0x0,
    0x2, 0xff, 0xf7, 0x0, 0x0, 0x0, 0x0, 0x0,
    0x0, 0x2f, 0xff, 0x60, 0x0, 0x0, 0x4, 0x44,
    0x20, 0x6, 0xff, 0xe1, 0x0, 0x0, 0x1, 0xff,
    0xf7, 0x6f, 0xff, 0xf8, 0x66, 0x66, 0x66, 0x9f,
    0xff, 0x6b, 0xff, 0xff, 0xff, 0xff, 0xff, 0xff,
    0xff, 0xf2, 0x8f, 0xff, 0xff, 0xff, 0xff, 0xff,
    0xff, 0xfa, 0x8, 0xff, 0xff, 0xff, 0xff, 0xff,
    0xff, 0xd7, 0x0,

    /* U+00A4 "¤" */
    0x0, 0x20, 0x0, 0x0, 0x0, 0x0, 0x0, 0x0,
    0x2, 0x0, 0x2, 0xeb, 0x0, 0x28, 0xce, 0xfd,
    0xa4, 0x0, 0x3f, 0x80, 0xd, 0xff, 0xb9, 0xff,
    0xff, 0xff, 0xff, 0xc6, 0xff, 0xf5, 0x4, 0xff,
    0xff, 0xff, 0xec, 0xbd, 0xff, 0xff, 0xff, 0xb0,
    0x0, 0x5f, 0xff, 0xe5, 0x0, 0x0, 0x2b, 0xff,
    0xfe, 0x0, 0x0, 0x5f, 0xfd, 0x10, 0x0, 0x0,
    0x0, 0x8f, 0xfd, 0x0, 0x0, 0xdf, 0xf2, 0x0,
    0x0, 0x0, 0x0, 0xb, 0xff, 0x40, 0x3, 0xff,
    0x90, 0x0, 0x0, 0x0, 0x0, 0x3, 0xff, 0x90,
    0x7, 0xff, 0x30, 0x0, 0x0, 0x0, 0x0, 0x0,
    0xdf, 0xe0, 0x9, 0xff, 0x0, 0x0, 0x0, 0x0,
    0x0, 0x0, 0xaf, 0xf0, 0xa, 0xff, 0x0, 0x0,
    0x0, 0x0, 0x0, 0x0, 0x8f, 0xf1, 0x9, 0xff,
    0x0, 0x0, 0x0, 0x0, 0x0, 0x0, 0xaf, 0xf0,
    0x7, 0xff, 0x30, 0x0, 0x0, 0x0, 0x0, 0x0,
    0xdf, 0xe0, 0x3, 0xff, 0x90, 0x0, 0x0, 0x0,
    0x0, 0x3, 0xff, 0x90, 0x0, 0xdf, 0xf3, 0x0,
    0x0, 0x0, 0x0, 0xc, 0xff, 0x40, 0x0, 0x5f,
    0xfd, 0x20, 0x0, 0x0, 0x0, 0x9f, 0xff, 0x0,
    0x0, 0xaf, 0xff, 0xe6, 0x0, 0x0, 0x3b, 0xff,
    0xff, 0x30, 0xa, 0xff, 0xff, 0xff, 0xfc, 0xbd,
    0xff, 0xff, 0xff, 0xf3, 0x9, 0xff, 0x58, 0xff,
    0xff, 0xff, 0xff, 0xc3, 0xcf, 0xe2, 0x0, 0xa5,
    0x0, 0x28, 0xce, 0xfd, 0xa4, 0x0, 0xb, 0x30,
    0x0, 0x0, 0x0, 0x0, 0x0, 0x0, 0x0, 0x0,
    0x0, 0x0,

    /* U+00A5 "¥" */
    0x5f, 0xff, 0xb0, 0x0, 0x0, 0x0, 0xdf, 0xff,
    0x40, 0xdf, 0xff, 0x20, 0x0, 0x0, 0x4f, 0xff,
    0xc0, 0x6, 0xff, 0xf9, 0x0, 0x0, 0xb, 0xff,
    0xf4, 0x0, 0xe, 0xff, 0xf1, 0x0, 0x2, 0xff,
    0xfd, 0x0, 0x0, 0x6f, 0xff, 0x70, 0x0, 0x8f,
    0xff, 0x50, 0x0, 0x0, 0xef, 0xfe, 0x0, 0xe,
    0xff, 0xd0, 0x0, 0x0, 0x7, 0xff, 0xf5, 0x6,
    0xff, 0xf6, 0x0, 0x0, 0x0, 0xf, 0xff, 0xc0,
    0xdf, 0xfe, 0x0, 0x0, 0x0, 0x0, 0x8f, 0xff,
    0x7f, 0xff, 0x70, 0x0, 0x0, 0x0, 0x1, 0xff,
    0xff, 0xff, 0xe0, 0x0, 0x0, 0x1, 0x77, 0x7f,
    0xff, 0xff, 0xff, 0x77, 0x60, 0x0, 0x3f, 0xff,
    0xff, 0xff, 0xff, 0xff, 0xfd, 0x0, 0x3, 0xff,
    0xff, 0xff, 0xff, 0xff, 0xff, 0xd0, 0x0, 0x0,
    0x0, 0x8, 0xff, 0xf6, 0x0, 0x0, 0x0, 0x0,
    0x0, 0x0, 0x8f, 0xff, 0x50, 0x0, 0x0, 0x0,
    0x3f, 0xff, 0xff, 0xff, 0xff, 0xff, 0xfd, 0x0,
    0x3, 0xff, 0xff, 0xff, 0xff, 0xff, 0xff, 0xd0,
    0x0, 0x17, 0x77, 0x7f, 0xff, 0xfd, 0x77, 0x76,
    0x0, 0x0, 0x0, 0x0, 0x8f, 0xff, 0x50, 0x0,
    0x0, 0x0, 0x0, 0x0, 0x8, 0xff, 0xf5, 0x0,
    0x0, 0x0, 0x0, 0x0, 0x0, 0x8f, 0xff, 0x50,
    0x0, 0x0, 0x0, 0x0, 0x0, 0x8, 0xff, 0xf5,
    0x0, 0x0, 0x0,

    /* U+00A6 "¦" */
    0xff, 0xf7, 0xff, 0xf7, 0xff, 0xf7, 0xff, 0xf7,
    0xff, 0xf7, 0xff, 0xf7, 0xff, 0xf7, 0xff, 0xf7,
    0xff, 0xf7, 0xff, 0xf7, 0x45, 0x52, 0x0, 0x0,
    0x0, 0x0, 0x0, 0x0, 0x0, 0x0, 0x0, 0x0,
    0xff, 0xf7, 0xff, 0xf7, 0xff, 0xf7, 0xff, 0xf7,
    0xff, 0xf7, 0xff, 0xf7, 0xff, 0xf7, 0xff, 0xf7,
    0xff, 0xf7, 0xff, 0xf7, 0x56, 0x62,

    /* U+00A7 "§" */
    0x0, 0x0, 0x6c, 0xef, 0xeb, 0x50, 0x0, 0x0,
    0x1, 0xcf, 0xff, 0xff, 0xff, 0xb0, 0x0, 0x0,
    0xbf, 0xff, 0xff, 0xff, 0xff, 0x80, 0x0, 0x2f,
    0xff, 0xd4, 0x24, 0xdf, 0xff, 0x10, 0x5, 0xff,
    0xf2, 0x0, 0x2, 0xff, 0xf6, 0x0, 0x5f, 0xff,
    0x10, 0x0, 0x6, 0x52, 0x0, 0x3, 0xff, 0xf8,
    0x0, 0x0, 0x0, 0x0, 0x0, 0xc, 0xff, 0xfa,
    0x20, 0x0, 0x0, 0x0, 0x0, 0x1d, 0xff, 0xff,
    0xa2, 0x0, 0x0, 0x0, 0x3, 0x9f, 0xff, 0xff,
    0xfb, 0x30, 0x0, 0x8, 0xff, 0x95, 0xbf, 0xff,
    0xff, 0x80, 0x3, 0xff, 0xc0, 0x0, 0x3b, 0xff,
    0xff, 0x80, 0x7f, 0xf9, 0x0, 0x0, 0x3, 0xcf,
    0xff, 0x26, 0xff, 0xd0, 0x0, 0x0, 0x1, 0xef,
    0xf7, 0x2f, 0xff, 0xa1, 0x0, 0x0, 0x9, 0xff,
    0x80, 0x9f, 0xff, 0xe7, 0x10, 0x0, 0xbf, 0xf4,
    0x0, 0x9f, 0xff, 0xff, 0x83, 0x7f, 0xfa, 0x0,
    0x0, 0x4d, 0xff, 0xff, 0xff, 0xb5, 0x0, 0x0,
    0x0, 0x5, 0xcf, 0xff, 0xfd, 0x10, 0x0, 0x0,
    0x0, 0x0, 0x4c, 0xff, 0xfc, 0x0, 0x0, 0x0,
    0x0, 0x0, 0xa, 0xff, 0xf3, 0x0, 0x1, 0x53,
    0x0, 0x0, 0x1f, 0xff, 0x60, 0xc, 0xff, 0xb0,
    0x0, 0x1, 0xff, 0xf6, 0x0, 0x8f, 0xff, 0x91,
    0x2, 0xbf, 0xff, 0x30, 0x1, 0xef, 0xff, 0xff,
    0xff, 0xff, 0xc0, 0x0, 0x3, 0xff, 0xff, 0xff,
    0xff, 0xd1, 0x0, 0x0, 0x1, 0x9e, 0xff, 0xfd,
    0x80, 0x0, 0x0, 0x0, 0x0, 0x0, 0x10, 0x0,
    0x0, 0x0,

    /* U+00A8 "¨" */
    0x0, 0x0, 0x0, 0x0, 0x0, 0x0, 0x6, 0xff,
    0x50, 0x2, 0xdf, 0xb0, 0xf, 0xff, 0xe0, 0x9,
    0xff, 0xf5, 0xe, 0xff, 0xe0, 0x8, 0xff, 0xf4,
    0x4, 0xee, 0x40, 0x1, 0xcf, 0x90,

    /* U+00A9 "©" */
    0x0, 0x0, 0x0, 0x2, 0x7c, 0xef, 0xed, 0x94,
    0x0, 0x0, 0x0, 0x0, 0x0, 0x0, 0x19, 0xff,
    0xff, 0xff, 0xff, 0xfd, 0x40, 0x0, 0x0, 0x0,
    0x0, 0x4e, 0xff, 0xff, 0xff, 0xff, 0xff, 0xff,
    0x90, 0x0, 0x0, 0x0, 0x5f, 0xff, 0xfe, 0x95,
    0x45, 0x7c, 0xff, 0xff, 0xb0, 0x0, 0x0, 0x3f,
    0xff, 0xf7, 0x0, 0x0, 0x0, 0x4, 0xdf, 0xff,
    0x80, 0x0, 0xd, 0xff, 0xf4, 0x0, 0x5b, 0xdc,
    0x93, 0x0, 0xbf, 0xff, 0x40, 0x6, 0xff, 0xf5,
    0x1, 0xcf, 0xff, 0xff, 0xf8, 0x0, 0xdf, 0xfc,
    0x0, 0xcf, 0xfa, 0x0, 0xdf, 0xff, 0xff, 0xff,
    0xf7, 0x4, 0xff, 0xf3, 0x1f, 0xff, 0x30, 0x9f,
    0xfe, 0x50, 0x18, 0xff, 0xf1, 0xc, 0xff, 0x85,
    0xff, 0xe0, 0xf, 0xff, 0x20, 0x0, 0x9, 0xff,
    0x60, 0x7f, 0xfc, 0x7f, 0xfb, 0x3, 0xff, 0xa0,
    0x0, 0x0, 0x13, 0x31, 0x4, 0xff, 0xd8, 0xff,
    0xa0, 0x4f, 0xf7, 0x0, 0x0, 0x0, 0x0, 0x0,
    0x3f, 0xff, 0x7f, 0xfb, 0x3, 0xff, 0xa0, 0x0,
    0x0, 0x13, 0x31, 0x4, 0xff, 0xd5, 0xff, 0xe0,
    0xf, 0xff, 0x20, 0x0, 0xc, 0xff, 0x40, 0x7f,
    0xfc, 0x1f, 0xff, 0x30, 0x9f, 0xfe, 0x50, 0x19,
    0xff, 0xe0, 0xc, 0xff, 0x80, 0xdf, 0xfa, 0x0,
    0xdf, 0xff, 0xff, 0xff, 0xf6, 0x4, 0xff, 0xf3,
    0x6, 0xff, 0xf4, 0x1, 0xdf, 0xff, 0xff, 0xf7,
    0x0, 0xdf, 0xfc, 0x0, 0xd, 0xff, 0xf3, 0x0,
    0x6b, 0xdd, 0x93, 0x0, 0xbf, 0xff, 0x40, 0x0,
    0x3f, 0xff, 0xf7, 0x0, 0x0, 0x0, 0x3, 0xdf,
    0xff, 0x90, 0x0, 0x0, 0x5f, 0xff, 0xfe, 0x95,
    0x45, 0x7c, 0xff, 0xff, 0xb0, 0x0, 0x0, 0x0,
    0x4f, 0xff, 0xff, 0xff, 0xff, 0xff, 0xff, 0x90,
    0x0, 0x0, 0x0, 0x0, 0x1a, 0xff, 0xff, 0xff,
    0xff, 0xfd, 0x50, 0x0, 0x0, 0x0, 0x0, 0x0,
    0x2, 0x7c, 0xef, 0xed, 0x94, 0x0, 0x0, 0x0,
    0x0,

    /* U+00AA "ª" */
    0x0, 0x3, 0xae, 0xfe, 0xc7, 0x10, 0x0, 0x8,
    0xff, 0xff, 0xff, 0xfe, 0x20, 0x5, 0xff, 0xf9,
    0x66, 0xdf, 0xfc, 0x0, 0x49, 0xc5, 0x0, 0x1,
    0xff, 0xf1, 0x0, 0x0, 0x0, 0x0, 0x1f, 0xff,
    0x30, 0x0, 0x26, 0x9b, 0xdf, 0xff, 0xf3, 0x1,
    0xbf, 0xff, 0xff, 0xff, 0xff, 0x30, 0xbf, 0xff,
    0x96, 0x41, 0xef, 0xf3, 0xf, 0xff, 0x20, 0x0,
    0xe, 0xff, 0x31, 0xff, 0xf0, 0x0, 0x4, 0xff,
    0xf3, 0xe, 0xff, 0xb5, 0x48, 0xff, 0xff, 0x30,
    0x5f, 0xff, 0xff, 0xfb, 0xcf, 0xf3, 0x0, 0x4b,
    0xef, 0xd8, 0x9, 0xcc, 0x20,

    /* U+00AB "«" */
    0x0, 0x0, 0x3, 0xff, 0xfd, 0x10, 0x9f, 0xff,
    0x80, 0x0, 0x1, 0xef, 0xff, 0x20, 0x7f, 0xff,
    0xb0, 0x0, 0x0, 0xcf, 0xff, 0x50, 0x4f, 0xff,
    0xd0, 0x0, 0x0, 0xaf, 0xff, 0x80, 0x2f, 0xff,
    0xe2, 0x0, 0x0, 0x7f, 0xff, 0xa0, 0x1d, 0xff,
    0xf4, 0x0, 0x0, 0x5f, 0xff, 0xd0, 0xb, 0xff,
    0xf7, 0x0, 0x0, 0x3f, 0xff, 0xe2, 0x9, 0xff,
    0xf9, 0x0, 0x0, 0x4, 0xff, 0xfd, 0x0, 0xbf,
    0xff, 0x70, 0x0, 0x0, 0x7, 0xff, 0xfb, 0x1,
    0xdf, 0xff, 0x40, 0x0, 0x0, 0xa, 0xff, 0xf8,
    0x2, 0xef, 0xff, 0x20, 0x0, 0x0, 0xc, 0xff,
    0xf5, 0x4, 0xff, 0xfd, 0x10, 0x0, 0x0, 0x1e,
    0xff, 0xf3, 0x6, 0xff, 0xfb, 0x0, 0x0, 0x0,
    0x3f, 0xff, 0xe1, 0x9, 0xff, 0xf8, 0x0, 0x0,
    0x0, 0x5f, 0xff, 0xc0, 0xc, 0xff, 0xf5, 0x0,
    0x0, 0x0, 0x23, 0x33, 0x0, 0x3, 0x33, 0x20,

    /* U+00AC "¬" */
    0x23, 0x33, 0x33, 0x33, 0x33, 0x33, 0x30, 0xdf,
    0xff, 0xff, 0xff, 0xff, 0xff, 0xf1, 0xdf, 0xff,
    0xff, 0xff, 0xff, 0xff, 0xf1, 0xdf, 0xff, 0xff,
    0xff, 0xff, 0xff, 0xf1, 0x0, 0x0, 0x0, 0x0,
    0x3, 0xff, 0xf1, 0x0, 0x0, 0x0, 0x0, 0x3,
    0xff, 0xf1, 0x0, 0x0, 0x0, 0x0, 0x3, 0xff,
    0xf1, 0x0, 0x0, 0x0, 0x0, 0x3, 0xff, 0xf1,

    /* U+00AE "®" */
    0x0, 0x0, 0x0, 0x1, 0x33, 0x10, 0x0, 0x0,
    0x0, 0x0, 0x0, 0x7, 0xdf, 0xff, 0xfc, 0x60,
    0x0, 0x0, 0x0, 0x3, 0xef, 0xff, 0xff, 0xff,
    0xfd, 0x20, 0x0, 0x0, 0x4f, 0xff, 0x83, 0x1,
    0x39, 0xff, 0xf3, 0x0, 0x1, 0xef, 0xc2, 0x22,
    0x21, 0x0, 0x2d, 0xfe, 0x0, 0x9, 0xfe, 0x11,
    0xff, 0xff, 0xf7, 0x2, 0xff, 0x80, 0x1f, 0xf5,
    0x1, 0xfe, 0x56, 0xff, 0x30, 0x6f, 0xe0, 0x5f,
    0xe0, 0x1, 0xfd, 0x0, 0xaf, 0x60, 0xf, 0xf3,
    0x7f, 0xb0, 0x1, 0xfe, 0x12, 0xef, 0x30, 0xd,
    0xf6, 0x8f, 0xa0, 0x1, 0xff, 0xff, 0xf9, 0x0,
    0xb, 0xf7, 0x7f, 0xb0, 0x1, 0xff, 0x4e, 0xf7,
    0x0, 0xd, 0xf5, 0x4f, 0xf0, 0x1, 0xfd, 0x2,
    0xfe, 0x0, 0x1f, 0xf2, 0xf, 0xf7, 0x1, 0xfd,
    0x0, 0xbf, 0x60, 0x8f, 0xd0, 0x7, 0xff, 0x30,
    0x21, 0x0, 0x2, 0x14, 0xff, 0x60, 0x0, 0xdf,
    0xe4, 0x0, 0x0, 0x0, 0x5f, 0xfc, 0x0, 0x0,
    0x2d, 0xff, 0xc6, 0x44, 0x7d, 0xff, 0xd1, 0x0,
    0x0, 0x1, 0xbf, 0xff, 0xff, 0xff, 0xfa, 0x0,
    0x0, 0x0, 0x0, 0x3, 0x9d, 0xff, 0xd9, 0x30,
    0x0, 0x0,

    /* U+00AF "¯" */
    0x4a, 0xaa, 0xaa, 0xaa, 0x96, 0xff, 0xff, 0xff,
    0xff, 0x6f, 0xff, 0xff, 0xff, 0xf0,

    /* U+00B0 "°" */
    0x0, 0x2, 0x8b, 0xb7, 0x10, 0x0, 0x6, 0xff,
    0xff, 0xfe, 0x30, 0x4, 0xff, 0xff, 0xff, 0xfe,
    0x10, 0xcf, 0xf9, 0x11, 0xcf, 0xf8, 0x1f, 0xfb,
    0x0, 0x0, 0xef, 0xd3, 0xff, 0x80, 0x0, 0xc,
    0xff, 0x2f, 0xfa, 0x0, 0x0, 0xef, 0xe0, 0xdf,
    0xf5, 0x0, 0x9f, 0xfa, 0x6, 0xff, 0xfd, 0xef,
    0xff, 0x20, 0x9, 0xff, 0xff, 0xff, 0x60, 0x0,
    0x5, 0xcf, 0xeb, 0x30, 0x0,

    /* U+00B1 "±" */
    0x0, 0x0, 0x0, 0x8f, 0xfc, 0x0, 0x0, 0x0,
    0x0, 0x0, 0x0, 0x8f, 0xfc, 0x0, 0x0, 0x0,
    0x0, 0x0, 0x0, 0x8f, 0xfc, 0x0, 0x0, 0x0,
    0x0, 0x0, 0x0, 0x8f, 0xfc, 0x0, 0x0, 0x0,
    0x3f, 0xff, 0xff, 0xff, 0xff, 0xff, 0xff, 0xf6,
    0x3f, 0xff, 0xff, 0xff, 0xff, 0xff, 0xff, 0xf6,
    0x3f, 0xff, 0xff, 0xff, 0xff, 0xff, 0xff, 0xf6,
    0x2, 0x22, 0x22, 0xbf, 0xfe, 0x22, 0x22, 0x21,
    0x0, 0x0, 0x0, 0x8f, 0xfc, 0x0, 0x0, 0x0,
    0x0, 0x0, 0x0, 0x8f, 0xfc, 0x0, 0x0, 0x0,
    0x0, 0x0, 0x0, 0x8f, 0xfc, 0x0, 0x0, 0x0,
    0x0, 0x0, 0x0, 0x24, 0x43, 0x0, 0x0, 0x0,
    0x0, 0x0, 0x0, 0x0, 0x0, 0x0, 0x0, 0x0,
    0x3f, 0xff, 0xff, 0xff, 0xff, 0xff, 0xff, 0xf6,
    0x3f, 0xff, 0xff, 0xff, 0xff, 0xff, 0xff, 0xf6,
    0x3f, 0xff, 0xff, 0xff, 0xff, 0xff, 0xff, 0xf6,
    0x4, 0x44, 0x44, 0x44, 0x44, 0x44, 0x44, 0x41,

    /* U+00B2 "²" */
    0x0, 0x5b, 0xef, 0xfc, 0x70, 0x0, 0x9, 0xff,
    0xff, 0xff, 0xfd, 0x10, 0x3f, 0xff, 0x96, 0x8f,
    0xff, 0x90, 0x5c, 0xc7, 0x0, 0x6, 0xff, 0xc0,
    0x0, 0x0, 0x0, 0x8, 0xff, 0xa0, 0x0, 0x0,
    0x0, 0x7f, 0xff, 0x30, 0x0, 0x0, 0x1a, 0xff,
    0xf5, 0x0, 0x0, 0x4, 0xef, 0xfd, 0x20, 0x0,
    0x0, 0x8f, 0xff, 0x70, 0x0, 0x0, 0x1c, 0xff,
    0xfb, 0x88, 0x88, 0x80, 0x5f, 0xff, 0xff, 0xff,
    0xff, 0xf1, 0x5f, 0xff, 0xff, 0xff, 0xff, 0xf1,

    /* U+00B3 "³" */
    0x0, 0x29, 0xdf, 0xfd, 0x81, 0x0, 0x5, 0xff,
    0xff, 0xff, 0xfe, 0x30, 0xf, 0xff, 0xb7, 0x7d,
    0xff, 0xc0, 0x19, 0x97, 0x0, 0x2, 0xff, 0xe0,
    0x0, 0x0, 0x0, 0x19, 0xff, 0x90, 0x0, 0x0,
    0xaf, 0xff, 0xc6, 0x0, 0x0, 0x0, 0x9e, 0xff,
    0xfc, 0x50, 0x0, 0x0, 0x0, 0x5, 0xff, 0xf3,
    0x49, 0x97, 0x0, 0x0, 0xef, 0xf7, 0x4f, 0xff,
    0xc8, 0x8d, 0xff, 0xf4, 0x8, 0xff, 0xff, 0xff,
    0xff, 0x90, 0x0, 0x39, 0xdf, 0xfd, 0xa3, 0x0,

    /* U+00B4 "´" */
    0x0, 0x59, 0x99, 0x0, 0xe, 0xff, 0x70, 0x6,
    0xff, 0xd0, 0x0, 0xdf, 0xf3, 0x0, 0x4f, 0xf9,
    0x0, 0x0,

    /* U+00B5 "µ" */
    0xff, 0xfd, 0x0, 0x0, 0x0, 0x7f, 0xff, 0x50,
    0xf, 0xff, 0xd0, 0x0, 0x0, 0x7, 0xff, 0xf5,
    0x0, 0xff, 0xfd, 0x0, 0x0, 0x0, 0x7f, 0xff,
    0x50, 0xf, 0xff, 0xd0, 0x0, 0x0, 0x7, 0xff,
    0xf5, 0x0, 0xff, 0xfd, 0x0, 0x0, 0x0, 0x7f,
    0xff, 0x50, 0xf, 0xff, 0xd0, 0x0, 0x0, 0x7,
    0xff, 0xf5, 0x0, 0xff, 0xfd, 0x0, 0x0, 0x0,
    0x7f, 0xff, 0x50, 0xf, 0xff, 0xd0, 0x0, 0x0,
    0x7, 0xff, 0xf5, 0x0, 0xff, 0xfd, 0x0, 0x0,
    0x0, 0x7f, 0xff, 0x50, 0xf, 0xff, 0xd0, 0x0,
    0x0, 0x7, 0xff, 0xf5, 0x0, 0xff, 0xfd, 0x0,
    0x0, 0x0, 0x7f, 0xff, 0x50, 0xf, 0xff, 0xf0,
    0x0, 0x0, 0xe, 0xff, 0xf5, 0x0, 0xff, 0xff,
    0x60, 0x0, 0x1, 0xff, 0xff, 0x50, 0xf, 0xff,
    0xff, 0x61, 0x3, 0xdf, 0xff, 0xf9, 0x0, 0xff,
    0xff, 0xff, 0xff, 0xff, 0xdf, 0xff, 0xff, 0x4f,
    0xff, 0xda, 0xff, 0xff, 0xf3, 0x8f, 0xff, 0xf4,
    0xff, 0xfd, 0x7, 0xef, 0xb3, 0x0, 0x7d, 0xff,
    0x4f, 0xff, 0xd0, 0x0, 0x0, 0x0, 0x0, 0x0,
    0x0, 0xff, 0xfd, 0x0, 0x0, 0x0, 0x0, 0x0,
    0x0, 0xf, 0xff, 0xd0, 0x0, 0x0, 0x0, 0x0,
    0x0, 0x0, 0xff, 0xfd, 0x0, 0x0, 0x0, 0x0,
    0x0, 0x0, 0xf, 0xff, 0xd0, 0x0, 0x0, 0x0,
    0x0, 0x0, 0x0, 0xff, 0xfd, 0x0, 0x0, 0x0,
    0x0, 0x0, 0x0, 0x0,

    /* U+00B6 "¶" */
    0x0, 0x1, 0x6c, 0xef, 0xff, 0xff, 0xff, 0xf0,
    0x4, 0xef, 0xff, 0xff, 0xff, 0xff, 0xff, 0x3,
    0xff, 0xff, 0xff, 0xff, 0xff, 0xff, 0xf0, 0xdf,
    0xff, 0xff, 0xfe, 0x22, 0xaf, 0xfe, 0x4f, 0xff,
    0xff, 0xff, 0xe0, 0x7, 0xff, 0xd8, 0xff, 0xff,
    0xff, 0xfe, 0x0, 0x7f, 0xfd, 0xaf, 0xff, 0xff,
    0xff, 0xe0, 0x7, 0xff, 0xda, 0xff, 0xff, 0xff,
    0xfe, 0x0, 0x7f, 0xfd, 0x8f, 0xff, 0xff, 0xff,
    0xe0, 0x7, 0xff, 0xd3, 0xff, 0xff, 0xff, 0xfe,
    0x0, 0x7f, 0xfd, 0xc, 0xff, 0xff, 0xff, 0xe0,
    0x7, 0xff, 0xd0, 0x2f, 0xff, 0xff, 0xfe, 0x0,
    0x7f, 0xfd, 0x0, 0x2d, 0xff, 0xff, 0xe0, 0x7,
    0xff, 0xd0, 0x0, 0x4, 0x9b, 0xdc, 0x0, 0x7f,
    0xfd, 0x0, 0x0, 0x0, 0x0, 0x0, 0x7, 0xff,
    0xd0, 0x0, 0x0, 0x0, 0x0, 0x0, 0x7f, 0xfd,
    0x0, 0x0, 0x0, 0x0, 0x0, 0x7, 0xff, 0xd0,
    0x0, 0x0, 0x0, 0x0, 0x0, 0x7f, 0xfd, 0x0,
    0x0, 0x0, 0x0, 0x0, 0x7, 0xff, 0xd0, 0x0,
    0x0, 0x0, 0x0, 0x0, 0x7f, 0xfd, 0x0, 0x0,
    0x0, 0x0, 0x0, 0x7, 0xff, 0xd0, 0x0, 0x0,
    0x0, 0x0, 0x0, 0x7f, 0xfd,

    /* U+00B7 "·" */
    0x5, 0xba, 0x10, 0x4f, 0xff, 0xd0, 0x8f, 0xff,
    0xf1, 0x5f, 0xff, 0xe0, 0x9, 0xfd, 0x30,

    /* U+00B8 "¸" */
    0xf, 0xa0, 0x0, 0x2f, 0xa0, 0x0, 0x4f, 0xfe,
    0x80, 0x25, 0x7f, 0xf4, 0x0, 0xd, 0xf6, 0xab,
    0xdf, 0xf3, 0xff, 0xfd, 0x60,

    /* U+00B9 "¹" */
    0x0, 0x5e, 0xff, 0xf2, 0xbf, 0xff, 0xff, 0x7f,
    0xfc, 0xff, 0xf7, 0xd5, 0x2f, 0xff, 0x20, 0x2,
    0xff, 0xf0, 0x0, 0x2f, 0xff, 0x0, 0x2, 0xff,
    0xf0, 0x0, 0x2f, 0xff, 0x0, 0x2, 0xff, 0xf0,
    0x0, 0x2f, 0xff, 0x0, 0x2, 0xff, 0xf0, 0x0,
    0x2f, 0xff,

    /* U+00BA "º" */
    0x0, 0x0, 0x46, 0x75, 0x20, 0x0, 0x0, 0x5,
    0xef, 0xff, 0xff, 0xb2, 0x0, 0x7, 0xff, 0xff,
    0xff, 0xff, 0xe2, 0x2, 0xff, 0xfa, 0x20, 0x4d,
    0xff, 0xc0, 0x9f, 0xfc, 0x0, 0x0, 0x2f, 0xff,
    0x3d, 0xff, 0x60, 0x0, 0x0, 0xbf, 0xf7, 0xef,
    0xf3, 0x0, 0x0, 0x9, 0xff, 0x8e, 0xff, 0x40,
    0x0, 0x0, 0xaf, 0xf8, 0xbf, 0xf8, 0x0, 0x0,
    0xe, 0xff, 0x56, 0xff, 0xf2, 0x0, 0x7, 0xff,
    0xf0, 0xd, 0xff, 0xfa, 0x8b, 0xff, 0xf7, 0x0,
    0x2d, 0xff, 0xff, 0xff, 0xf9, 0x0, 0x0, 0x6,
    0xce, 0xfd, 0xa4, 0x0, 0x0,

    /* U+00BB "»" */
    0x7f, 0xff, 0xa0, 0x1d, 0xff, 0xf3, 0x0, 0x0,
    0x0, 0xaf, 0xff, 0x70, 0x2f, 0xff, 0xe1, 0x0,
    0x0, 0x0, 0xdf, 0xff, 0x40, 0x4f, 0xff, 0xd0,
    0x0, 0x0, 0x1, 0xef, 0xff, 0x20, 0x7f, 0xff,
    0xa0, 0x0, 0x0, 0x3, 0xff, 0xfe, 0x10, 0xaf,
    0xff, 0x80, 0x0, 0x0, 0x6, 0xff, 0xfc, 0x0,
    0xcf, 0xff, 0x50, 0x0, 0x0, 0x9, 0xff, 0xf9,
    0x1, 0xef, 0xff, 0x30, 0x0, 0x0, 0x7f, 0xff,
    0xc0, 0xd, 0xff, 0xf5, 0x0, 0x0, 0x4f, 0xff,
    0xd1, 0xb, 0xff, 0xf8, 0x0, 0x0, 0x2e, 0xff,
    0xf2, 0x8, 0xff, 0xfa, 0x0, 0x0, 0xd, 0xff,
    0xf4, 0x5, 0xff, 0xfc, 0x0, 0x0, 0xb, 0xff,
    0xf7, 0x2, 0xff, 0xfe, 0x10, 0x0, 0x8, 0xff,
    0xfa, 0x1, 0xdf, 0xff, 0x30, 0x0, 0x5, 0xff,
    0xfc, 0x0, 0xcf, 0xff, 0x50, 0x0, 0x0, 0x23,
    0x33, 0x0, 0x3, 0x33, 0x20, 0x0, 0x0, 0x0,

    /* U+00BC "¼" */
    0x0, 0x35, 0x54, 0x0, 0x0, 0x0, 0x0, 0x0,
    0x5, 0x54, 0x0, 0x0, 0x8f, 0xff, 0xc0, 0x0,
    0x0, 0x0, 0x0, 0x9, 0xff, 0x40, 0x0, 0xaf,
    0xff, 0xfc, 0x0, 0x0, 0x0, 0x0, 0x4, 0xff,
    0x90, 0x0, 0xd, 0xf5, 0xff, 0xc0, 0x0, 0x0,
    0x0, 0x1, 0xef, 0xd0, 0x0, 0x0, 0xb2, 0xf,
    0xfc, 0x0, 0x0, 0x0, 0x0, 0xaf, 0xf3, 0x0,
    0x0, 0x0, 0x0, 0xff, 0xc0, 0x0, 0x0, 0x0,
    0x5f, 0xf8, 0x0, 0x0, 0x0, 0x0, 0xf, 0xfc,
    0x0, 0x0, 0x0, 0x1e, 0xfd, 0x0, 0x0, 0x0,
    0x0, 0x0, 0xff, 0xc0, 0x0, 0x0, 0xb, 0xff,
    0x20, 0x0, 0x0, 0x0, 0x0, 0xf, 0xfc, 0x0,
    0x0, 0x6, 0xff, 0x70, 0x0, 0x0, 0x0, 0x0,
    0x0, 0xff, 0xc0, 0x0, 0x2, 0xff, 0xc0, 0x0,
    0x0, 0x0, 0x0, 0x0, 0xf, 0xfc, 0x0, 0x0,
    0xcf, 0xf2, 0x0, 0x0, 0x59, 0x42, 0x0, 0x0,
    0xff, 0xc0, 0x0, 0x7f, 0xf6, 0x0, 0x0, 0x7f,
    0xff, 0x70, 0x0, 0xf, 0xfc, 0x0, 0x2f, 0xfb,
    0x0, 0x0, 0x1f, 0xff, 0xf7, 0x0, 0x0, 0x0,
    0x0, 0xc, 0xfe, 0x10, 0x0, 0xa, 0xff, 0xff,
    0x70, 0x0, 0x0, 0x0, 0x8, 0xff, 0x50, 0x0,
    0x4, 0xff, 0x8f, 0xf7, 0x0, 0x0, 0x0, 0x3,
    0xff, 0xa0, 0x0, 0x0, 0xdf, 0xd2, 0xff, 0x70,
    0x0, 0x0, 0x0, 0xdf, 0xe1, 0x0, 0x0, 0x6f,
    0xf4, 0x1f, 0xf7, 0x0, 0x0, 0x0, 0x9f, 0xf4,
    0x0, 0x0, 0x1e, 0xfb, 0x1, 0xff, 0x70, 0x0,
    0x0, 0x4f, 0xf9, 0x0, 0x0, 0x9, 0xff, 0x86,
    0x7f, 0xfd, 0x50, 0x0, 0xe, 0xfd, 0x0, 0x0,
    0x0, 0xcf, 0xff, 0xff, 0xff, 0xfe, 0x0, 0xa,
    0xff, 0x30, 0x0, 0x0, 0xc, 0xff, 0xff, 0xff,
    0xff, 0xe0, 0x5, 0xff, 0x80, 0x0, 0x0, 0x0,
    0x0, 0x0, 0x3, 0xff, 0x70, 0x0, 0x68, 0x70,
    0x0, 0x0, 0x0, 0x0, 0x0, 0x0, 0x18, 0x83,
    0x0,

    /* U+00BD "½" */
    0x0, 0x35, 0x54, 0x0, 0x0, 0x0, 0x0, 0x0,
    0x5, 0x54, 0x0, 0x0, 0x7, 0xff, 0xfc, 0x0,
    0x0, 0x0, 0x0, 0x0, 0x9f, 0xf4, 0x0, 0x0,
    0xaf, 0xff, 0xfc, 0x0, 0x0, 0x0, 0x0, 0x4,
    0xff, 0x90, 0x0, 0x0, 0xdf, 0x6f, 0xfc, 0x0,
    0x0, 0x0, 0x0, 0xd, 0xfe, 0x0, 0x0, 0x0,
    0xb3, 0xf, 0xfc, 0x0, 0x0, 0x0, 0x0, 0x9f,
    0xf4, 0x0, 0x0, 0x0, 0x0, 0xf, 0xfc, 0x0,
    0x0, 0x0, 0x4, 0xff, 0x90, 0x0, 0x0, 0x0,
    0x0, 0xf, 0xfc, 0x0, 0x0, 0x0, 0xe, 0xfe,
    0x0, 0x0, 0x0, 0x0, 0x0, 0xf, 0xfc, 0x0,
    0x0, 0x0, 0x9f, 0xf4, 0x0, 0x0, 0x0, 0x0,
    0x0, 0xf, 0xfc, 0x0, 0x0, 0x4, 0xff, 0x90,
    0x0, 0x0, 0x0, 0x0, 0x0, 0xf, 0xfc, 0x0,
    0x0, 0xe, 0xfd, 0x0, 0x0, 0x0, 0x0, 0x0,
    0x0, 0xf, 0xfc, 0x0, 0x0, 0x9f, 0xf3, 0x0,
    0x0, 0x12, 0x10, 0x0, 0x0, 0xf, 0xfc, 0x0,
    0x4, 0xff, 0x90, 0x0, 0x5d, 0xff, 0xfc, 0x30,
    0x0, 0xf, 0xfc, 0x0, 0x1e, 0xfd, 0x0, 0x5,
    0xff, 0xff, 0xff, 0xf3, 0x0, 0x0, 0x0, 0x0,
    0xaf, 0xf3, 0x0, 0xc, 0xff, 0x30, 0x7f, 0xf9,
    0x0, 0x0, 0x0, 0x4, 0xff, 0x80, 0x0, 0x2,
    0x32, 0x0, 0xf, 0xfa, 0x0, 0x0, 0x0, 0x1e,
    0xfd, 0x0, 0x0, 0x0, 0x0, 0x0, 0x4f, 0xf6,
    0x0, 0x0, 0x0, 0xaf, 0xf3, 0x0, 0x0, 0x0,
    0x0, 0x2, 0xef, 0xd0, 0x0, 0x0, 0x5, 0xff,
    0x80, 0x0, 0x0, 0x0, 0x0, 0x2e, 0xfe, 0x20,
    0x0, 0x0, 0x1e, 0xfd, 0x0, 0x0, 0x0, 0x0,
    0x2, 0xef, 0xf3, 0x0, 0x0, 0x0, 0xaf, 0xf3,
    0x0, 0x0, 0x0, 0x0, 0x2e, 0xff, 0x30, 0x0,
    0x0, 0x5, 0xff, 0x80, 0x0, 0x0, 0x0, 0x3,
    0xef, 0xfa, 0x66, 0x65, 0x0, 0x1e, 0xfd, 0x0,
    0x0, 0x0, 0x0, 0xa, 0xff, 0xff, 0xff, 0xfe,
    0x0, 0xaf, 0xf3, 0x0, 0x0, 0x0, 0x0, 0xa,
    0xff, 0xff, 0xff, 0xfe,

    /* U+00BE "¾" */
    0x0, 0x7c, 0xff, 0xb4, 0x0, 0x0, 0x0, 0x0,
    0x0, 0x1f, 0xfc, 0x0, 0x0, 0xb, 0xff, 0xff,
    0xff, 0x40, 0x0, 0x0, 0x0, 0x0, 0xbf, 0xf2,
    0x0, 0x0, 0x5f, 0xfb, 0x57, 0xff, 0xd0, 0x0,
    0x0, 0x0, 0x6, 0xff, 0x70, 0x0, 0x0, 0x24,
    0x40, 0x0, 0xbf, 0xf0, 0x0, 0x0, 0x0, 0x1f,
    0xfc, 0x0, 0x0, 0x0, 0x0, 0x0, 0x3, 0xff,
    0xb0, 0x0, 0x0, 0x0, 0xbf, 0xf2, 0x0, 0x0,
    0x0, 0x0, 0xa, 0xff, 0xfa, 0x10, 0x0, 0x0,
    0x6, 0xff, 0x70, 0x0, 0x0, 0x0, 0x0, 0xa,
    0xff, 0xfb, 0x30, 0x0, 0x0, 0x1f, 0xfc, 0x0,
    0x0, 0x0, 0x0, 0x0, 0x0, 0x14, 0xef, 0xf1,
    0x0, 0x0, 0xbf, 0xf2, 0x0, 0x0, 0x0, 0x0,
    0x0, 0x0, 0x0, 0x8f, 0xf6, 0x0, 0x6, 0xff,
    0x70, 0x0, 0x0, 0x0, 0x0, 0x12, 0x20, 0x0,
    0x8f, 0xf7, 0x0, 0x1f, 0xfc, 0x0, 0x0, 0x0,
    0x0, 0x0, 0xaf, 0xfa, 0x35, 0xef, 0xf4, 0x0,
    0xbf, 0xf2, 0x0, 0x0, 0x25, 0x32, 0x0, 0x3f,
    0xff, 0xff, 0xff, 0xb0, 0x6, 0xff, 0x70, 0x0,
    0x2, 0xff, 0xfb, 0x0, 0x3, 0xbf, 0xff, 0xe8,
    0x0, 0x1f, 0xfc, 0x0, 0x0, 0xc, 0xff, 0xfb,
    0x0, 0x0, 0x0, 0x21, 0x0, 0x0, 0xbf, 0xf2,
    0x0, 0x0, 0x5f, 0xff, 0xfb, 0x0, 0x0, 0x0,
    0x0, 0x0, 0x6, 0xff, 0x70, 0x0, 0x0, 0xef,
    0xbd, 0xfb, 0x0, 0x0, 0x0, 0x0, 0x0, 0x1f,
    0xfc, 0x0, 0x0, 0x8, 0xff, 0x2d, 0xfb, 0x0,
    0x0, 0x0, 0x0, 0x0, 0xbf, 0xf2, 0x0, 0x0,
    0x2f, 0xf8, 0xd, 0xfb, 0x0, 0x0, 0x0, 0x0,
    0x6, 0xff, 0x70, 0x0, 0x0, 0xbf, 0xe0, 0xd,
    0xfb, 0x0, 0x0, 0x0, 0x0, 0x1f, 0xfc, 0x0,
    0x0, 0x4, 0xff, 0xa6, 0x6f, 0xff, 0x60, 0x0,
    0x0, 0x0, 0xbf, 0xf2, 0x0, 0x0, 0x7, 0xff,
    0xff, 0xff, 0xff, 0xf2, 0x0, 0x0, 0x6, 0xff,
    0x70, 0x0, 0x0, 0x7, 0xff, 0xff, 0xff, 0xff,
    0xf2, 0x0, 0x0, 0x1f, 0xfc, 0x0, 0x0, 0x0,
    0x0, 0x0, 0x0, 0xe, 0xfb, 0x0, 0x0, 0x0,
    0x48, 0x82, 0x0, 0x0, 0x0, 0x0, 0x0, 0x0,
    0x7, 0x85, 0x0,

    /* U+00BF "¿" */
    0x0, 0x0, 0x0, 0x9e, 0xe5, 0x0, 0x0, 0x0,
    0x0, 0x0, 0x5f, 0xff, 0xf1, 0x0, 0x0, 0x0,
    0x0, 0x7, 0xff, 0xff, 0x30, 0x0, 0x0, 0x0,
    0x0, 0x3f, 0xff, 0xe0, 0x0, 0x0, 0x0, 0x0,
    0x0, 0x4a, 0x92, 0x0, 0x0, 0x0, 0x0, 0x0,
    0x0, 0x0, 0x0, 0x0, 0x0, 0x0, 0x0, 0x0,
    0x0, 0x0, 0x0, 0x0, 0x0, 0x0, 0x0, 0xc,
    0xee, 0x80, 0x0, 0x0, 0x0, 0x0, 0x0, 0xff,
    0xf9, 0x0, 0x0, 0x0, 0x0, 0x0, 0x4f, 0xff,
    0x70, 0x0, 0x0, 0x0, 0x0, 0x1d, 0xff, 0xf3,
    0x0, 0x0, 0x0, 0x0, 0x4e, 0xff, 0xfc, 0x0,
    0x0, 0x0, 0x0, 0x8f, 0xff, 0xfd, 0x10, 0x0,
    0x0, 0x0, 0x7f, 0xff, 0xf9, 0x0, 0x0, 0x0,
    0x0, 0x1f, 0xff, 0xf7, 0x0, 0x0, 0x0, 0x0,
    0x5, 0xff, 0xfb, 0x0, 0x0, 0x0, 0x0, 0x0,
    0x8f, 0xff, 0x60, 0x0, 0x0, 0x24, 0x44, 0x8,
    0xff, 0xf6, 0x0, 0x0, 0xb, 0xff, 0xf0, 0x5f,
    0xff, 0xc0, 0x0, 0x3, 0xff, 0xfd, 0x0, 0xff,
    0xff, 0xc5, 0x37, 0xff, 0xff, 0x70, 0x6, 0xff,
    0xff, 0xff, 0xff, 0xff, 0xd0, 0x0, 0x7, 0xff,
    0xff, 0xff, 0xff, 0xc1, 0x0, 0x0, 0x2, 0x8c,
    0xef, 0xea, 0x50, 0x0, 0x0,

    /* U+00C0 "À" */
    0x0, 0x0, 0x0, 0x2f, 0xff, 0x80, 0x0, 0x0,
    0x0, 0x0, 0x0, 0x0, 0x0, 0x0, 0x7, 0xff,
    0xe0, 0x0, 0x0, 0x0, 0x0, 0x0, 0x0, 0x0,
    0x0, 0x0, 0xcf, 0xf6, 0x0, 0x0, 0x0, 0x0,
    0x0, 0x0, 0x0, 0x0, 0x0, 0x3f, 0xfd, 0x0,
    0x0, 0x0, 0x0, 0x0, 0x0, 0x0, 0x0, 0x0,
    0x6, 0x99, 0x10, 0x0, 0x0, 0x0, 0x0, 0x0,
    0x0, 0x0, 0x0, 0x0, 0x0, 0x0, 0x0, 0x0,
    0x0, 0x0, 0x0, 0x0, 0x0, 0x0, 0x0, 0x0,
    0x0, 0x0, 0x0, 0x0, 0x0, 0x0, 0x0, 0x0,
    0x0, 0xdf, 0xff, 0xf7, 0x0, 0x0, 0x0, 0x0,
    0x0, 0x0, 0x0, 0x2, 0xff, 0xff, 0xfd, 0x0,
    0x0, 0x0, 0x0, 0x0, 0x0, 0x0, 0x8, 0xff,
    0xff, 0xff, 0x30, 0x0, 0x0, 0x0, 0x0, 0x0,
    0x0, 0xd, 0xff, 0xbf, 0xff, 0x80, 0x0, 0x0,
    0x0, 0x0, 0x0, 0x0, 0x3f, 0xff, 0x6c, 0xff,
    0xe0, 0x0, 0x0, 0x0, 0x0, 0x0, 0x0, 0x8f,
    0xff, 0x28, 0xff, 0xf4, 0x0, 0x0, 0x0, 0x0,
    0x0, 0x0, 0xef, 0xfe, 0x4, 0xff, 0xf9, 0x0,
    0x0, 0x0, 0x0, 0x0, 0x4, 0xff, 0xf9, 0x0,
    0xff, 0xff, 0x0, 0x0, 0x0, 0x0, 0x0, 0x9,
    0xff, 0xf5, 0x0, 0xbf, 0xff, 0x50, 0x0, 0x0,
    0x0, 0x0, 0xe, 0xff, 0xf1, 0x0, 0x6f, 0xff,
    0xa0, 0x0, 0x0, 0x0, 0x0, 0x4f, 0xff, 0xc0,
    0x0, 0x1f, 0xff, 0xf0, 0x0, 0x0, 0x0, 0x0,
    0xaf, 0xff, 0x70, 0x0, 0xb, 0xff, 0xf6, 0x0,
    0x0, 0x0, 0x0, 0xff, 0xff, 0x20, 0x0, 0x6,
    0xff, 0xfb, 0x0, 0x0, 0x0, 0x5, 0xff, 0xff,
    0xff, 0xff, 0xff, 0xff, 0xff, 0x10, 0x0, 0x0,
    0xa, 0xff, 0xff, 0xff, 0xff, 0xff, 0xff, 0xff,
    0x70, 0x0, 0x0, 0xf, 0xff, 0xff, 0xff, 0xff,
    0xff, 0xff, 0xff, 0xc0, 0x0, 0x0, 0x5f, 0xff,
    0xf3, 0x33, 0x33, 0x33, 0x4f, 0xff, 0xf2, 0x0,
    0x0, 0xbf, 0xff, 0x70, 0x0, 0x0, 0x0, 0xb,
    0xff, 0xf8, 0x0, 0x1, 0xff, 0xff, 0x20, 0x0,
    0x0, 0x0, 0x5, 0xff, 0xfd, 0x0, 0x6, 0xff,
    0xfd, 0x0, 0x0, 0x0, 0x0, 0x0, 0xff, 0xff,
    0x30, 0xb, 0xff, 0xf8, 0x0, 0x0, 0x0, 0x0,
    0x0, 0xbf, 0xff, 0x90, 0x1f, 0xff, 0xf2, 0x0,
    0x0, 0x0, 0x0, 0x0, 0x5f, 0xff, 0xe0,

    /* U+00C1 "Á" */
    0x0, 0x0, 0x0, 0x0, 0x0, 0xb, 0xff, 0xd0,
    0x0, 0x0, 0x0, 0x0, 0x0, 0x0, 0x0, 0x0,
    0x2f, 0xff, 0x30, 0x0, 0x0, 0x0, 0x0, 0x0,
    0x0, 0x0, 0x0, 0x9f, 0xf9, 0x0, 0x0, 0x0,
    0x0, 0x0, 0x0, 0x0, 0x0, 0x1, 0xff, 0xe0,
    0x0, 0x0, 0x0, 0x0, 0x0, 0x0, 0x0, 0x0,
    0x3, 0x99, 0x30, 0x0, 0x0, 0x0, 0x0, 0x0,
    0x0, 0x0, 0x0, 0x0, 0x0, 0x0, 0x0, 0x0,
    0x0, 0x0, 0x0, 0x0, 0x0, 0x0, 0x0, 0x0,
    0x0, 0x0, 0x0, 0x0, 0x0, 0x0, 0x0, 0x0,
    0x0, 0xdf, 0xff, 0xf7, 0x0, 0x0, 0x0, 0x0,
    0x0, 0x0, 0x0, 0x2, 0xff, 0xff, 0xfd, 0x0,
    0x0, 0x0, 0x0, 0x0, 0x0, 0x0, 0x8, 0xff,
    0xff, 0xff, 0x30, 0x0, 0x0, 0x0, 0x0, 0x0,
    0x0, 0xd, 0xff, 0xbf, 0xff, 0x80, 0x0, 0x0,
    0x0, 0x0, 0x0, 0x0, 0x3f, 0xff, 0x6c, 0xff,
    0xe0, 0x0, 0x0, 0x0, 0x0, 0x0, 0x0, 0x8f,
    0xff, 0x28, 0xff, 0xf4, 0x0, 0x0, 0x0, 0x0,
    0x0, 0x0, 0xef, 0xfe, 0x4, 0xff, 0xf9, 0x0,
    0x0, 0x0, 0x0, 0x0, 0x4, 0xff, 0xf9, 0x0,
    0xff, 0xff, 0x0, 0x0, 0x0, 0x0, 0x0, 0x9,
    0xff, 0xf5, 0x0, 0xbf, 0xff, 0x50, 0x0, 0x0,
    0x0, 0x0, 0xe, 0xff, 0xf1, 0x0, 0x6f, 0xff,
    0xa0, 0x0, 0x0, 0x0, 0x0, 0x4f, 0xff, 0xc0,
    0x0, 0x1f, 0xff, 0xf0, 0x0, 0x0, 0x0, 0x0,
    0xaf, 0xff, 0x70, 0x0, 0xb, 0xff, 0xf6, 0x0,
    0x0, 0x0, 0x0, 0xff, 0xff, 0x20, 0x0, 0x6,
    0xff, 0xfb, 0x0, 0x0, 0x0, 0x5, 0xff, 0xff,
    0xff, 0xff, 0xff, 0xff, 0xff, 0x10, 0x0, 0x0,
    0xa, 0xff, 0xff, 0xff, 0xff, 0xff, 0xff, 0xff,
    0x70, 0x0, 0x0, 0xf, 0xff, 0xff, 0xff, 0xff,
    0xff, 0xff, 0xff, 0xc0, 0x0, 0x0, 0x5f, 0xff,
    0xf3, 0x33, 0x33, 0x33, 0x4f, 0xff, 0xf2, 0x0,
    0x0, 0xbf, 0xff, 0x70, 0x0, 0x0, 0x0, 0xb,
    0xff, 0xf8, 0x0, 0x1, 0xff, 0xff, 0x20, 0x0,
    0x0, 0x0, 0x5, 0xff, 0xfd, 0x0, 0x6, 0xff,
    0xfd, 0x0, 0x0, 0x0, 0x0, 0x0, 0xff, 0xff,
    0x30, 0xb, 0xff, 0xf8, 0x0, 0x0, 0x0, 0x0,
    0x0, 0xbf, 0xff, 0x90, 0x1f, 0xff, 0xf2, 0x0,
    0x0, 0x0, 0x0, 0x0, 0x5f, 0xff, 0xe0,

    /* U+00C2 "Â" */
    0x0, 0x0, 0x0, 0x0, 0x2e, 0xff, 0xc0, 0x0,
    0x0, 0x0, 0x0, 0x0, 0x0, 0x0, 0x1, 0xef,
    0xff, 0xfb, 0x0, 0x0, 0x0, 0x0, 0x0, 0x0,
    0x0, 0x1d, 0xff, 0x69, 0xff, 0x90, 0x0, 0x0,
    0x0, 0x0, 0x0, 0x0, 0xcf, 0xf9, 0x0, 0xcf,
    0xf8, 0x0, 0x0, 0x0, 0x0, 0x0, 0x3, 0x88,
    0x70, 0x0, 0x18, 0x87, 0x10, 0x0, 0x0, 0x0,
    0x0, 0x0, 0x0, 0x0, 0x0, 0x0, 0x0, 0x0,
    0x0, 0x0, 0x0, 0x0, 0x0, 0x0, 0x0, 0x0,
    0x0, 0x0, 0x0, 0x0, 0x0, 0x0, 0x0, 0x0,
    0x0, 0xdf, 0xff, 0xf7, 0x0, 0x0, 0x0, 0x0,
    0x0, 0x0, 0x0, 0x2, 0xff, 0xff, 0xfd, 0x0,
    0x0, 0x0, 0x0, 0x0, 0x0, 0x0, 0x8, 0xff,
    0xff, 0xff, 0x30, 0x0, 0x0, 0x0, 0x0, 0x0,
    0x0, 0xd, 0xff, 0xbf, 0xff, 0x80, 0x0, 0x0,
    0x0, 0x0, 0x0, 0x0, 0x3f, 0xff, 0x6c, 0xff,
    0xe0, 0x0, 0x0, 0x0, 0x0, 0x0, 0x0, 0x8f,
    0xff, 0x28, 0xff, 0xf4, 0x0, 0x0, 0x0, 0x0,
    0x0, 0x0, 0xef, 0xfe, 0x4, 0xff, 0xf9, 0x0,
    0x0, 0x0, 0x0, 0x0, 0x4, 0xff, 0xf9, 0x0,
    0xff, 0xff, 0x0, 0x0, 0x0, 0x0, 0x0, 0x9,
    0xff, 0xf5, 0x0, 0xbf, 0xff, 0x50, 0x0, 0x0,
    0x0, 0x0, 0xe, 0xff, 0xf1, 0x0, 0x6f, 0xff,
    0xa0, 0x0, 0x0, 0x0, 0x0, 0x4f, 0xff, 0xc0,
    0x0, 0x1f, 0xff, 0xf0, 0x0, 0x0, 0x0, 0x0,
    0xaf, 0xff, 0x70, 0x0, 0xb, 0xff, 0xf6, 0x0,
    0x0, 0x0, 0x0, 0xff, 0xff, 0x20, 0x0, 0x6,
    0xff, 0xfb, 0x0, 0x0, 0x0, 0x5, 0xff, 0xff,
    0xff, 0xff, 0xff, 0xff, 0xff, 0x10, 0x0, 0x0,
    0xa, 0xff, 0xff, 0xff, 0xff, 0xff, 0xff, 0xff,
    0x70, 0x0, 0x0, 0xf, 0xff, 0xff, 0xff, 0xff,
    0xff, 0xff, 0xff, 0xc0, 0x0, 0x0, 0x5f, 0xff,
    0xf3, 0x33, 0x33, 0x33, 0x4f, 0xff, 0xf2, 0x0,
    0x0, 0xbf, 0xff, 0x70, 0x0, 0x0, 0x0, 0xb,
    0xff, 0xf8, 0x0, 0x1, 0xff, 0xff, 0x20, 0x0,
    0x0, 0x0, 0x5, 0xff, 0xfd, 0x0, 0x6, 0xff,
    0xfd, 0x0, 0x0, 0x0, 0x0, 0x0, 0xff, 0xff,
    0x30, 0xb, 0xff, 0xf8, 0x0, 0x0, 0x0, 0x0,
    0x0, 0xbf, 0xff, 0x90, 0x1f, 0xff, 0xf2, 0x0,
    0x0, 0x0, 0x0, 0x0, 0x5f, 0xff, 0xe0,

    /* U+00C3 "Ã" */
    0x0, 0x0, 0x0, 0x8, 0xfe, 0x70, 0x8, 0xfa,
    0x0, 0x0, 0x0, 0x0, 0x0, 0x0, 0x5f, 0xff,
    0xfc, 0x6e, 0xf7, 0x0, 0x0, 0x0, 0x0, 0x0,
    0x0, 0xbf, 0xc6, 0xef, 0xff, 0xf1, 0x0, 0x0,
    0x0, 0x0, 0x0, 0x0, 0xdf, 0x60, 0x19, 0xee,
    0x50, 0x0, 0x0, 0x0, 0x0, 0x0, 0x0, 0x0,
    0x0, 0x0, 0x0, 0x0, 0x0, 0x0, 0x0, 0x0,
    0x0, 0x0, 0x0, 0x0, 0x0, 0x0, 0x0, 0x0,
    0x0, 0x0, 0x0, 0x0, 0x0, 0x0, 0x0, 0x0,
    0x0, 0x0, 0x0, 0x0, 0x0, 0x0, 0x0, 0x0,
    0x0, 0xdf, 0xff, 0xf7, 0x0, 0x0, 0x0, 0x0,
    0x0, 0x0, 0x0, 0x2, 0xff, 0xff, 0xfd, 0x0,
    0x0, 0x0, 0x0, 0x0, 0x0, 0x0, 0x8, 0xff,
    0xff, 0xff, 0x30, 0x0, 0x0, 0x0, 0x0, 0x0,
    0x0, 0xd, 0xff, 0xbf, 0xff, 0x80, 0x0, 0x0,
    0x0, 0x0, 0x0, 0x0, 0x3f, 0xff, 0x6c, 0xff,
    0xe0, 0x0, 0x0, 0x0, 0x0, 0x0, 0x0, 0x8f,
    0xff, 0x28, 0xff, 0xf4, 0x0, 0x0, 0x0, 0x0,
    0x0, 0x0, 0xef, 0xfe, 0x4, 0xff, 0xf9, 0x0,
    0x0, 0x0, 0x0, 0x0, 0x4, 0xff, 0xf9, 0x0,
    0xff, 0xff, 0x0, 0x0, 0x0, 0x0, 0x0, 0x9,
    0xff, 0xf5, 0x0, 0xbf, 0xff, 0x50, 0x0, 0x0,
    0x0, 0x0, 0xe, 0xff, 0xf1, 0x0, 0x6f, 0xff,
    0xa0, 0x0, 0x0, 0x0, 0x0, 0x4f, 0xff, 0xc0,
    0x0, 0x1f, 0xff, 0xf0, 0x0, 0x0, 0x0, 0x0,
    0xaf, 0xff, 0x70, 0x0, 0xb, 0xff, 0xf6, 0x0,
    0x0, 0x0, 0x0, 0xff, 0xff, 0x20, 0x0, 0x6,
    0xff, 0xfb, 0x0, 0x0, 0x0, 0x5, 0xff, 0xff,
    0xff, 0xff, 0xff, 0xff, 0xff, 0x10, 0x0, 0x0,
    0xa, 0xff, 0xff, 0xff, 0xff, 0xff, 0xff, 0xff,
    0x70, 0x0, 0x0, 0xf, 0xff, 0xff, 0xff, 0xff,
    0xff, 0xff, 0xff, 0xc0, 0x0, 0x0, 0x5f, 0xff,
    0xf3, 0x33, 0x33, 0x33, 0x4f, 0xff, 0xf2, 0x0,
    0x0, 0xbf, 0xff, 0x70, 0x0, 0x0, 0x0, 0xb,
    0xff, 0xf8, 0x0, 0x1, 0xff, 0xff, 0x20, 0x0,
    0x0, 0x0, 0x5, 0xff, 0xfd, 0x0, 0x6, 0xff,
    0xfd, 0x0, 0x0, 0x0, 0x0, 0x0, 0xff, 0xff,
    0x30, 0xb, 0xff, 0xf8, 0x0, 0x0, 0x0, 0x0,
    0x0, 0xbf, 0xff, 0x90, 0x1f, 0xff, 0xf2, 0x0,
    0x0, 0x0, 0x0, 0x0, 0x5f, 0xff, 0xe0,

    /* U+00C4 "Ä" */
    0x0, 0x0, 0x0, 0x8f, 0xc1, 0x0, 0x3d, 0xe5,
    0x0, 0x0, 0x0, 0x0, 0x0, 0x3, 0xff, 0xf9,
    0x0, 0xdf, 0xff, 0x0, 0x0, 0x0, 0x0, 0x0,
    0x3, 0xff, 0xfa, 0x0, 0xdf, 0xff, 0x0, 0x0,
    0x0, 0x0, 0x0, 0x0, 0xaf, 0xe2, 0x0, 0x5f,
    0xf7, 0x0, 0x0, 0x0, 0x0, 0x0, 0x0, 0x0,
    0x0, 0x0, 0x0, 0x0, 0x0, 0x0, 0x0, 0x0,
    0x0, 0x0, 0x0, 0x0, 0x0, 0x0, 0x0, 0x0,
    0x0, 0x0, 0x0, 0x0, 0x0, 0x0, 0x0, 0x0,
    0x0, 0x0, 0x0, 0x0, 0x0, 0x0, 0x0, 0x0,
    0x0, 0xdf, 0xff, 0xf7, 0x0, 0x0, 0x0, 0x0,
    0x0, 0x0, 0x0, 0x2, 0xff, 0xff, 0xfd, 0x0,
    0x0, 0x0, 0x0, 0x0, 0x0, 0x0, 0x8, 0xff,
    0xff, 0xff, 0x30, 0x0, 0x0, 0x0, 0x0, 0x0,
    0x0, 0xd, 0xff, 0xbf, 0xff, 0x80, 0x0, 0x0,
    0x0, 0x0, 0x0, 0x0, 0x3f, 0xff, 0x6c, 0xff,
    0xe0, 0x0, 0x0, 0x0, 0x0, 0x0, 0x0, 0x8f,
    0xff, 0x28, 0xff, 0xf4, 0x0, 0x0, 0x0, 0x0,
    0x0, 0x0, 0xef, 0xfe, 0x4, 0xff, 0xf9, 0x0,
    0x0, 0x0, 0x0, 0x0, 0x4, 0xff, 0xf9, 0x0,
    0xff, 0xff, 0x0, 0x0, 0x0, 0x0, 0x0, 0x9,
    0xff, 0xf5, 0x0, 0xbf, 0xff, 0x50, 0x0, 0x0,
    0x0, 0x0, 0xe, 0xff, 0xf1, 0x0, 0x6f, 0xff,
    0xa0, 0x0, 0x0, 0x0, 0x0, 0x4f, 0xff, 0xc0,
    0x0, 0x1f, 0xff, 0xf0, 0x0, 0x0, 0x0, 0x0,
    0xaf, 0xff, 0x70, 0x0, 0xb, 0xff, 0xf6, 0x0,
    0x0, 0x0, 0x0, 0xff, 0xff, 0x20, 0x0, 0x6,
    0xff, 0xfb, 0x0, 0x0, 0x0, 0x5, 0xff, 0xff,
    0xff, 0xff, 0xff, 0xff, 0xff, 0x10, 0x0, 0x0,
    0xa, 0xff, 0xff, 0xff, 0xff, 0xff, 0xff, 0xff,
    0x70, 0x0, 0x0, 0xf, 0xff, 0xff, 0xff, 0xff,
    0xff, 0xff, 0xff, 0xc0, 0x0, 0x0, 0x5f, 0xff,
    0xf3, 0x33, 0x33, 0x33, 0x4f, 0xff, 0xf2, 0x0,
    0x0, 0xbf, 0xff, 0x70, 0x0, 0x0, 0x0, 0xb,
    0xff, 0xf8, 0x0, 0x1, 0xff, 0xff, 0x20, 0x0,
    0x0, 0x0, 0x5, 0xff, 0xfd, 0x0, 0x6, 0xff,
    0xfd, 0x0, 0x0, 0x0, 0x0, 0x0, 0xff, 0xff,
    0x30, 0xb, 0xff, 0xf8, 0x0, 0x0, 0x0, 0x0,
    0x0, 0xbf, 0xff, 0x90, 0x1f, 0xff, 0xf2, 0x0,
    0x0, 0x0, 0x0, 0x0, 0x5f, 0xff, 0xe0,

    /* U+00C5 "Å" */
    0x0, 0x0, 0x0, 0x0, 0x2a, 0xed, 0x91, 0x0,
    0x0, 0x0, 0x0, 0x0, 0x0, 0x0, 0x3, 0xff,
    0xff, 0xfd, 0x10, 0x0, 0x0, 0x0, 0x0, 0x0,
    0x0, 0xc, 0xfb, 0x12, 0xdf, 0x80, 0x0, 0x0,
    0x0, 0x0, 0x0, 0x0, 0xf, 0xf3, 0x0, 0x6f,
    0xc0, 0x0, 0x0, 0x0, 0x0, 0x0, 0x0, 0xf,
    0xf3, 0x0, 0x6f, 0xc0, 0x0, 0x0, 0x0, 0x0,
    0x0, 0x0, 0xc, 0xfb, 0x12, 0xdf, 0x80, 0x0,
    0x0, 0x0, 0x0, 0x0, 0x0, 0x3, 0xff, 0xff,
    0xfd, 0x10, 0x0, 0x0, 0x0, 0x0, 0x0, 0x0,
    0x0, 0x2a, 0xed, 0x91, 0x0, 0x0, 0x0, 0x0,
    0x0, 0x0, 0x0, 0x0, 0x0, 0x0, 0x0, 0x0,
    0x0, 0x0, 0x0, 0x0, 0x0, 0x0, 0x0, 0xdf,
    0xff, 0xf7, 0x0, 0x0, 0x0, 0x0, 0x0, 0x0,
    0x0, 0x2, 0xff, 0xff, 0xfd, 0x0, 0x0, 0x0,
    0x0, 0x0, 0x0, 0x0, 0x8, 0xff, 0xff, 0xff,
    0x30, 0x0, 0x0, 0x0, 0x0, 0x0, 0x0, 0xd,
    0xff, 0xbf, 0xff, 0x80, 0x0, 0x0, 0x0, 0x0,
    0x0, 0x0, 0x3f, 0xff, 0x6c, 0xff, 0xe0, 0x0,
    0x0, 0x0, 0x0, 0x0, 0x0, 0x8f, 0xff, 0x28,
    0xff, 0xf4, 0x0, 0x0, 0x0, 0x0, 0x0, 0x0,
    0xef, 0xfe, 0x4, 0xff, 0xf9, 0x0, 0x0, 0x0,
    0x0, 0x0, 0x4, 0xff, 0xf9, 0x0, 0xff, 0xff,
    0x0, 0x0, 0x0, 0x0, 0x0, 0x9, 0xff, 0xf5,
    0x0, 0xbf, 0xff, 0x50, 0x0, 0x0, 0x0, 0x0,
    0xe, 0xff, 0xf1, 0x0, 0x6f, 0xff, 0xa0, 0x0,
    0x0, 0x0, 0x0, 0x4f, 0xff, 0xc0, 0x0, 0x1f,
    0xff, 0xf0, 0x0, 0x0, 0x0, 0x0, 0xaf, 0xff,
    0x70, 0x0, 0xb, 0xff, 0xf6, 0x0, 0x0, 0x0,
    0x0, 0xff, 0xff, 0x20, 0x0, 0x6, 0xff, 0xfb,
    0x0, 0x0, 0x0, 0x5, 0xff, 0xff, 0xff, 0xff,
    0xff, 0xff, 0xff, 0x10, 0x0, 0x0, 0xa, 0xff,
    0xff, 0xff, 0xff, 0xff, 0xff, 0xff, 0x70, 0x0,
    0x0, 0xf, 0xff, 0xff, 0xff, 0xff, 0xff, 0xff,
    0xff, 0xc0, 0x0, 0x0, 0x5f, 0xff, 0xf3, 0x33,
    0x33, 0x33, 0x4f, 0xff, 0xf2, 0x0, 0x0, 0xbf,
    0xff, 0x70, 0x0, 0x0, 0x0, 0xb, 0xff, 0xf8,
    0x0, 0x1, 0xff, 0xff, 0x20, 0x0, 0x0, 0x0,
    0x5, 0xff, 0xfd, 0x0, 0x6, 0xff, 0xfd, 0x0,
    0x0, 0x0, 0x0, 0x0, 0xff, 0xff, 0x30, 0xb,
    0xff, 0xf8, 0x0, 0x0, 0x0, 0x0, 0x0, 0xbf,
    0xff, 0x90, 0x1f, 0xff, 0xf2, 0x0, 0x0, 0x0,
    0x0, 0x0, 0x5f, 0xff, 0xe0,

    /* U+00C6 "Æ" */
    0x0, 0x0, 0x0, 0x0, 0x0, 0xbf, 0xff, 0xff,
    0xff, 0xff, 0xff, 0xff, 0xff, 0xff, 0x90, 0x0,
    0x0, 0x0, 0x0, 0x2f, 0xff, 0xff, 0xff, 0xff,
    0xff, 0xff, 0xff, 0xff, 0xf9, 0x0, 0x0, 0x0,
    0x0, 0x9, 0xff, 0xfa, 0xbf, 0xff, 0xff, 0xff,
    0xff, 0xff, 0xff, 0x90, 0x0, 0x0, 0x0, 0x1,
    0xff, 0xfe, 0x6, 0xff, 0xf9, 0x66, 0x66, 0x66,
    0x66, 0x63, 0x0, 0x0, 0x0, 0x0, 0x7f, 0xff,
    0x80, 0x6f, 0xff, 0x50, 0x0, 0x0, 0x0, 0x0,
    0x0, 0x0, 0x0, 0x0, 0xe, 0xff, 0xf2, 0x6,
    0xff, 0xf5, 0x0, 0x0, 0x0, 0x0, 0x0, 0x0,
    0x0, 0x0, 0x6, 0xff, 0xfb, 0x0, 0x6f, 0xff,
    0x50, 0x0, 0x0, 0x0, 0x0, 0x0, 0x0, 0x0,
    0x0, 0xdf, 0xff, 0x40, 0x6, 0xff, 0xf5, 0x0,
    0x0, 0x0, 0x0, 0x0, 0x0, 0x0, 0x0, 0x4f,
    0xff, 0xd0, 0x0, 0x6f, 0xff, 0x50, 0x0, 0x0,
    0x0, 0x0, 0x0, 0x0, 0x0, 0xb, 0xff, 0xf6,
    0x0, 0x6, 0xff, 0xff, 0xff, 0xff, 0xff, 0xff,
    0xd0, 0x0, 0x0, 0x2, 0xff, 0xfe, 0x0, 0x0,
    0x6f, 0xff, 0xff, 0xff, 0xff, 0xff, 0xfd, 0x0,
    0x0, 0x0, 0x9f, 0xff, 0x80, 0x0, 0x6, 0xff,
    0xff, 0xff, 0xff, 0xff, 0xff, 0xd0, 0x0, 0x0,
    0x1f, 0xff, 0xf2, 0x0, 0x0, 0x6f, 0xff, 0x95,
    0x55, 0x55, 0x55, 0x54, 0x0, 0x0, 0x7, 0xff,
    0xff, 0xff, 0xff, 0xff, 0xff, 0xf5, 0x0, 0x0,
    0x0, 0x0, 0x0, 0x0, 0x0, 0xef, 0xff, 0xff,
    0xff, 0xff, 0xff, 0xff, 0x50, 0x0, 0x0, 0x0,
    0x0, 0x0, 0x0, 0x6f, 0xff, 0xff, 0xff, 0xff,
    0xff, 0xff, 0xf5, 0x0, 0x0, 0x0, 0x0, 0x0,
    0x0, 0xd, 0xff, 0xf6, 0x0, 0x0, 0x0, 0x6f,
    0xff, 0x50, 0x0, 0x0, 0x0, 0x0, 0x0, 0x4,
    0xff, 0xfe, 0x0, 0x0, 0x0, 0x6, 0xff, 0xf5,
    0x0, 0x0, 0x0, 0x0, 0x0, 0x0, 0xbf, 0xff,
    0x80, 0x0, 0x0, 0x0, 0x6f, 0xff, 0x96, 0x66,
    0x66, 0x66, 0x66, 0x40, 0x2f, 0xff, 0xf2, 0x0,
    0x0, 0x0, 0x6, 0xff, 0xff, 0xff, 0xff, 0xff,
    0xff, 0xfa, 0x9, 0xff, 0xfb, 0x0, 0x0, 0x0,
    0x0, 0x6f, 0xff, 0xff, 0xff, 0xff, 0xff, 0xff,
    0xa1, 0xff, 0xff, 0x40, 0x0, 0x0, 0x0, 0x6,
    0xff, 0xff, 0xff, 0xff, 0xff, 0xff, 0xfa,

    /* U+00C7 "Ç" */
    0x0, 0x0, 0x0, 0x39, 0xcf, 0xfe, 0xc9, 0x30,
    0x0, 0x0, 0x0, 0x0, 0x2b, 0xff, 0xff, 0xff,
    0xff, 0xfb, 0x20, 0x0, 0x0, 0x3, 0xff, 0xff,
    0xff, 0xff, 0xff, 0xff, 0xf3, 0x0, 0x0, 0x2f,
    0xff, 0xff, 0xeb, 0x9a, 0xef, 0xff, 0xfe, 0x10,
    0x0, 0xcf, 0xff, 0xf7, 0x0, 0x0, 0x6, 0xff,
    0xff, 0xb0, 0x5, 0xff, 0xff, 0x40, 0x0, 0x0,
    0x0, 0x4f, 0xff, 0xf2, 0xc, 0xff, 0xf8, 0x0,
    0x0, 0x0, 0x0, 0x9, 0xff, 0xf7, 0x1f, 0xff,
    0xf1, 0x0, 0x0, 0x0, 0x0, 0x2, 0x88, 0x85,
    0x4f, 0xff, 0xb0, 0x0, 0x0, 0x0, 0x0, 0x0,
    0x0, 0x0, 0x6f, 0xff, 0x90, 0x0, 0x0, 0x0,
    0x0, 0x0, 0x0, 0x0, 0x7f, 0xff, 0x70, 0x0,
    0x0, 0x0, 0x0, 0x0, 0x0, 0x0, 0x7f, 0xff,
    0x70, 0x0, 0x0, 0x0, 0x0, 0x0, 0x0, 0x0,
    0x6f, 0xff, 0x90, 0x0, 0x0, 0x0, 0x0, 0x0,
    0x0, 0x0, 0x4f, 0xff, 0xb0, 0x0, 0x0, 0x0,
    0x0, 0x0, 0x0, 0x0, 0x1f, 0xff, 0xf0, 0x0,
    0x0, 0x0, 0x0, 0x2, 0x77, 0x75, 0xc, 0xff,
    0xf7, 0x0, 0x0, 0x0, 0x0, 0x8, 0xff, 0xf7,
    0x5, 0xff, 0xff, 0x30, 0x0, 0x0, 0x0, 0x3f,
    0xff, 0xf2, 0x0, 0xdf, 0xff, 0xf6, 0x0, 0x0,
    0x6, 0xff, 0xff, 0xa0, 0x0, 0x2f, 0xff, 0xff,
    0xeb, 0xab, 0xef, 0xff, 0xfe, 0x10, 0x0, 0x4,
    0xff, 0xff, 0xff, 0xff, 0xff, 0xff, 0xe2, 0x0,
    0x0, 0x0, 0x2b, 0xff, 0xff, 0xff, 0xff, 0xfb,
    0x10, 0x0, 0x0, 0x0, 0x0, 0x39, 0xcf, 0xff,
    0xc8, 0x30, 0x0, 0x0, 0x0, 0x0, 0x0, 0x0,
    0x8, 0xf3, 0x0, 0x0, 0x0, 0x0, 0x0, 0x0,
    0x0, 0x0, 0xa, 0xfe, 0xb3, 0x0, 0x0, 0x0,
    0x0, 0x0, 0x0, 0x0, 0x5, 0x6b, 0xfd, 0x0,
    0x0, 0x0, 0x0, 0x0, 0x0, 0x0, 0x0, 0x4,
    0xff, 0x0, 0x0, 0x0, 0x0, 0x0, 0x0, 0x0,
    0x3b, 0xbe, 0xfd, 0x0, 0x0, 0x0, 0x0, 0x0,
    0x0, 0x0, 0x5f, 0xfe, 0xb2, 0x0, 0x0, 0x0,

    /* U+00C8 "È" */
    0x0, 0xa, 0xff, 0xe0, 0x0, 0x0, 0x0, 0x0,
    0x0, 0x1e, 0xff, 0x60, 0x0, 0x0, 0x0, 0x0,
    0x0, 0x6f, 0xfd, 0x0, 0x0, 0x0, 0x0, 0x0,
    0x0, 0xbf, 0xf4, 0x0, 0x0, 0x0, 0x0, 0x0,
    0x2, 0x99, 0x50, 0x0, 0x0, 0x0, 0x0, 0x0,
    0x0, 0x0, 0x0, 0x0, 0x0, 0x0, 0x0, 0x0,
    0x0, 0x0, 0x0, 0x0, 0xc, 0xff, 0xff, 0xff,
    0xff, 0xff, 0xff, 0xf6, 0xcf, 0xff, 0xff, 0xff,
    0xff, 0xff, 0xff, 0x6c, 0xff, 0xff, 0xff, 0xff,
    0xff, 0xff, 0xf6, 0xcf, 0xff, 0x76, 0x66, 0x66,
    0x66, 0x66, 0x2c, 0xff, 0xf1, 0x0, 0x0, 0x0,
    0x0, 0x0, 0xcf, 0xff, 0x10, 0x0, 0x0, 0x0,
    0x0, 0xc, 0xff, 0xf1, 0x0, 0x0, 0x0, 0x0,
    0x0, 0xcf, 0xff, 0x10, 0x0, 0x0, 0x0, 0x0,
    0xc, 0xff, 0xf1, 0x0, 0x0, 0x0, 0x0, 0x0,
    0xcf, 0xff, 0xff, 0xff, 0xff, 0xff, 0xf9, 0xc,
    0xff, 0xff, 0xff, 0xff, 0xff, 0xff, 0x90, 0xcf,
    0xff, 0xff, 0xff, 0xff, 0xff, 0xf9, 0xc, 0xff,
    0xf6, 0x55, 0x55, 0x55, 0x55, 0x30, 0xcf, 0xff,
    0x10, 0x0, 0x0, 0x0, 0x0, 0xc, 0xff, 0xf1,
    0x0, 0x0, 0x0, 0x0, 0x0, 0xcf, 0xff, 0x10,
    0x0, 0x0, 0x0, 0x0, 0xc, 0xff, 0xf1, 0x0,
    0x0, 0x0, 0x0, 0x0, 0xcf, 0xff, 0x10, 0x0,
    0x0, 0x0, 0x0, 0xc, 0xff, 0xf7, 0x66, 0x66,
    0x66, 0x66, 0x62, 0xcf, 0xff, 0xff, 0xff, 0xff,
    0xff, 0xff, 0x7c, 0xff, 0xff, 0xff, 0xff, 0xff,
    0xff, 0xf7, 0xcf, 0xff, 0xff, 0xff, 0xff, 0xff,
    0xff, 0x70,

    /* U+00C9 "É" */
    0x0, 0x0, 0x0, 0x4, 0xff, 0xf4, 0x0, 0x0,
    0x0, 0x0, 0x0, 0xcf, 0xfa, 0x0, 0x0, 0x0,
    0x0, 0x0, 0x3f, 0xfe, 0x10, 0x0, 0x0, 0x0,
    0x0, 0xa, 0xff, 0x50, 0x0, 0x0, 0x0, 0x0,
    0x0, 0x99, 0x80, 0x0, 0x0, 0x0, 0x0, 0x0,
    0x0, 0x0, 0x0, 0x0, 0x0, 0x0, 0x0, 0x0,
    0x0, 0x0, 0x0, 0x0, 0xc, 0xff, 0xff, 0xff,
    0xff, 0xff, 0xff, 0xf6, 0xcf, 0xff, 0xff, 0xff,
    0xff, 0xff, 0xff, 0x6c, 0xff, 0xff, 0xff, 0xff,
    0xff, 0xff, 0xf6, 0xcf, 0xff, 0x76, 0x66, 0x66,
    0x66, 0x66, 0x2c, 0xff, 0xf1, 0x0, 0x0, 0x0,
    0x0, 0x0, 0xcf, 0xff, 0x10, 0x0, 0x0, 0x0,
    0x0, 0xc, 0xff, 0xf1, 0x0, 0x0, 0x0, 0x0,
    0x0, 0xcf, 0xff, 0x10, 0x0, 0x0, 0x0, 0x0,
    0xc, 0xff, 0xf1, 0x0, 0x0, 0x0, 0x0, 0x0,
    0xcf, 0xff, 0xff, 0xff, 0xff, 0xff, 0xf9, 0xc,
    0xff, 0xff, 0xff, 0xff, 0xff, 0xff, 0x90, 0xcf,
    0xff, 0xff, 0xff, 0xff, 0xff, 0xf9, 0xc, 0xff,
    0xf6, 0x55, 0x55, 0x55, 0x55, 0x30, 0xcf, 0xff,
    0x10, 0x0, 0x0, 0x0, 0x0, 0xc, 0xff, 0xf1,
    0x0, 0x0, 0x0, 0x0, 0x0, 0xcf, 0xff, 0x10,
    0x0, 0x0, 0x0, 0x0, 0xc, 0xff, 0xf1, 0x0,
    0x0, 0x0, 0x0, 0x0, 0xcf, 0xff, 0x10, 0x0,
    0x0, 0x0, 0x0, 0xc, 0xff, 0xf7, 0x66, 0x66,
    0x66, 0x66, 0x62, 0xcf, 0xff, 0xff, 0xff, 0xff,
    0xff, 0xff, 0x7c, 0xff, 0xff, 0xff, 0xff, 0xff,
    0xff, 0xf7, 0xcf, 0xff, 0xff, 0xff, 0xff, 0xff,
    0xff, 0x70,

    /* U+00CA "Ê" */
    0x0, 0x0, 0xa, 0xff, 0xf5, 0x0, 0x0, 0x0,
    0x0, 0x9, 0xff, 0xff, 0xf3, 0x0, 0x0, 0x0,
    0x7, 0xff, 0xc3, 0xff, 0xe2, 0x0, 0x0, 0x6,
    0xff, 0xe1, 0x6, 0xff, 0xd1, 0x0, 0x0, 0x78,
    0x83, 0x0, 0x6, 0x88, 0x40, 0x0, 0x0, 0x0,
    0x0, 0x0, 0x0, 0x0, 0x0, 0x0, 0x0, 0x0,
    0x0, 0x0, 0x0, 0x0, 0xc, 0xff, 0xff, 0xff,
    0xff, 0xff, 0xff, 0xf6, 0xcf, 0xff, 0xff, 0xff,
    0xff, 0xff, 0xff, 0x6c, 0xff, 0xff, 0xff, 0xff,
    0xff, 0xff, 0xf6, 0xcf, 0xff, 0x76, 0x66, 0x66,
    0x66, 0x66, 0x2c, 0xff, 0xf1, 0x0, 0x0, 0x0,
    0x0, 0x0, 0xcf, 0xff, 0x10, 0x0, 0x0, 0x0,
    0x0, 0xc, 0xff, 0xf1, 0x0, 0x0, 0x0, 0x0,
    0x0, 0xcf, 0xff, 0x10, 0x0, 0x0, 0x0, 0x0,
    0xc, 0xff, 0xf1, 0x0, 0x0, 0x0, 0x0, 0x0,
    0xcf, 0xff, 0xff, 0xff, 0xff, 0xff, 0xf9, 0xc,
    0xff, 0xff, 0xff, 0xff, 0xff, 0xff, 0x90, 0xcf,
    0xff, 0xff, 0xff, 0xff, 0xff, 0xf9, 0xc, 0xff,
    0xf6, 0x55, 0x55, 0x55, 0x55, 0x30, 0xcf, 0xff,
    0x10, 0x0, 0x0, 0x0, 0x0, 0xc, 0xff, 0xf1,
    0x0, 0x0, 0x0, 0x0, 0x0, 0xcf, 0xff, 0x10,
    0x0, 0x0, 0x0, 0x0, 0xc, 0xff, 0xf1, 0x0,
    0x0, 0x0, 0x0, 0x0, 0xcf, 0xff, 0x10, 0x0,
    0x0, 0x0, 0x0, 0xc, 0xff, 0xf7, 0x66, 0x66,
    0x66, 0x66, 0x62, 0xcf, 0xff, 0xff, 0xff, 0xff,
    0xff, 0xff, 0x7c, 0xff, 0xff, 0xff, 0xff, 0xff,
    0xff, 0xf7, 0xcf, 0xff, 0xff, 0xff, 0xff, 0xff,
    0xff, 0x70,

    /* U+00CB "Ë" */
    0x0, 0x3d, 0xe6, 0x0, 0xa, 0xfa, 0x0, 0x0,
    0xc, 0xff, 0xf1, 0x6, 0xff, 0xf6, 0x0, 0x0,
    0xcf, 0xff, 0x10, 0x7f, 0xff, 0x70, 0x0, 0x4,
    0xff, 0x70, 0x0, 0xcf, 0xc1, 0x0, 0x0, 0x0,
    0x0, 0x0, 0x0, 0x0, 0x0, 0x0, 0x0, 0x0,
    0x0, 0x0, 0x0, 0x0, 0x0, 0x0, 0x0, 0x0,
    0x0, 0x0, 0x0, 0x0, 0xc, 0xff, 0xff, 0xff,
    0xff, 0xff, 0xff, 0xf6, 0xcf, 0xff, 0xff, 0xff,
    0xff, 0xff, 0xff, 0x6c, 0xff, 0xff, 0xff, 0xff,
    0xff, 0xff, 0xf6, 0xcf, 0xff, 0x76, 0x66, 0x66,
    0x66, 0x66, 0x2c, 0xff, 0xf1, 0x0, 0x0, 0x0,
    0x0, 0x0, 0xcf, 0xff, 0x10, 0x0, 0x0, 0x0,
    0x0, 0xc, 0xff, 0xf1, 0x0, 0x0, 0x0, 0x0,
    0x0, 0xcf, 0xff, 0x10, 0x0, 0x0, 0x0, 0x0,
    0xc, 0xff, 0xf1, 0x0, 0x0, 0x0, 0x0, 0x0,
    0xcf, 0xff, 0xff, 0xff, 0xff, 0xff, 0xf9, 0xc,
    0xff, 0xff, 0xff, 0xff, 0xff, 0xff, 0x90, 0xcf,
    0xff, 0xff, 0xff, 0xff, 0xff, 0xf9, 0xc, 0xff,
    0xf6, 0x55, 0x55, 0x55, 0x55, 0x30, 0xcf, 0xff,
    0x10, 0x0, 0x0, 0x0, 0x0, 0xc, 0xff, 0xf1,
    0x0, 0x0, 0x0, 0x0, 0x0, 0xcf, 0xff, 0x10,
    0x0, 0x0, 0x0, 0x0, 0xc, 0xff, 0xf1, 0x0,
    0x0, 0x0, 0x0, 0x0, 0xcf, 0xff, 0x10, 0x0,
    0x0, 0x0, 0x0, 0xc, 0xff, 0xf7, 0x66, 0x66,
    0x66, 0x66, 0x62, 0xcf, 0xff, 0xff, 0xff, 0xff,
    0xff, 0xff, 0x7c, 0xff, 0xff, 0xff, 0xff, 0xff,
    0xff, 0xf7, 0xcf, 0xff, 0xff, 0xff, 0xff, 0xff,
    0xff, 0x70,

    /* U+00CC "Ì" */
    0xc, 0xff, 0xc0, 0x0, 0x3, 0xff, 0xf3, 0x0,
    0x0, 0x8f, 0xfa, 0x0, 0x0, 0xd, 0xff, 0x10,
    0x0, 0x3, 0x99, 0x40, 0x0, 0x0, 0x0, 0x0,
    0x0, 0x0, 0x0, 0x0, 0x0, 0xc, 0xff, 0xf1,
    0x0, 0xc, 0xff, 0xf1, 0x0, 0xc, 0xff, 0xf1,
    0x0, 0xc, 0xff, 0xf1, 0x0, 0xc, 0xff, 0xf1,
    0x0, 0xc, 0xff, 0xf1, 0x0, 0xc, 0xff, 0xf1,
    0x0, 0xc, 0xff, 0xf1, 0x0, 0xc, 0xff, 0xf1,
    0x0, 0xc, 0xff, 0xf1, 0x0, 0xc, 0xff, 0xf1,
    0x0, 0xc, 0xff, 0xf1, 0x0, 0xc, 0xff, 0xf1,
    0x0, 0xc, 0xff, 0xf1, 0x0, 0xc, 0xff, 0xf1,
    0x0, 0xc, 0xff, 0xf1, 0x0, 0xc, 0xff, 0xf1,
    0x0, 0xc, 0xff, 0xf1, 0x0, 0xc, 0xff, 0xf1,
    0x0, 0xc, 0xff, 0xf1, 0x0, 0xc, 0xff, 0xf1,
    0x0, 0xc, 0xff, 0xf1,

    /* U+00CD "Í" */
    0x0, 0x7f, 0xff, 0x20, 0xe, 0xff, 0x70, 0x5,
    0xff, 0xc0, 0x0, 0xcf, 0xf3, 0x0, 0x19, 0x96,
    0x0, 0x0, 0x0, 0x0, 0x0, 0x0, 0x0, 0x0,
    0xc, 0xff, 0xf1, 0x0, 0xcf, 0xff, 0x10, 0xc,
    0xff, 0xf1, 0x0, 0xcf, 0xff, 0x10, 0xc, 0xff,
    0xf1, 0x0, 0xcf, 0xff, 0x10, 0xc, 0xff, 0xf1,
    0x0, 0xcf, 0xff, 0x10, 0xc, 0xff, 0xf1, 0x0,
    0xcf, 0xff, 0x10, 0xc, 0xff, 0xf1, 0x0, 0xcf,
    0xff, 0x10, 0xc, 0xff, 0xf1, 0x0, 0xcf, 0xff,
    0x10, 0xc, 0xff, 0xf1, 0x0, 0xcf, 0xff, 0x10,
    0xc, 0xff, 0xf1, 0x0, 0xcf, 0xff, 0x10, 0xc,
    0xff, 0xf1, 0x0, 0xcf, 0xff, 0x10, 0xc, 0xff,
    0xf1, 0x0, 0xcf, 0xff, 0x10, 0x0,

    /* U+00CE "Î" */
    0x0, 0x0, 0xcf, 0xff, 0x30, 0x0, 0x0, 0xb,
    0xff, 0xff, 0xe1, 0x0, 0x0, 0xaf, 0xfa, 0x5f,
    0xfd, 0x10, 0x8, 0xff, 0xd0, 0x8, 0xff, 0xc0,
    0x18, 0x88, 0x20, 0x0, 0x78, 0x83, 0x0, 0x0,
    0x0, 0x0, 0x0, 0x0, 0x0, 0x0, 0x0, 0x0,
    0x0, 0x0, 0x0, 0x0, 0xcf, 0xff, 0x10, 0x0,
    0x0, 0x0, 0xcf, 0xff, 0x10, 0x0, 0x0, 0x0,
    0xcf, 0xff, 0x10, 0x0, 0x0, 0x0, 0xcf, 0xff,
    0x10, 0x0, 0x0, 0x0, 0xcf, 0xff, 0x10, 0x0,
    0x0, 0x0, 0xcf, 0xff, 0x10, 0x0, 0x0, 0x0,
    0xcf, 0xff, 0x10, 0x0, 0x0, 0x0, 0xcf, 0xff,
    0x10, 0x0, 0x0, 0x0, 0xcf, 0xff, 0x10, 0x0,
    0x0, 0x0, 0xcf, 0xff, 0x10, 0x0, 0x0, 0x0,
    0xcf, 0xff, 0x10, 0x0, 0x0, 0x0, 0xcf, 0xff,
    0x10, 0x0, 0x0, 0x0, 0xcf, 0xff, 0x10, 0x0,
    0x0, 0x0, 0xcf, 0xff, 0x10, 0x0, 0x0, 0x0,
    0xcf, 0xff, 0x10, 0x0, 0x0, 0x0, 0xcf, 0xff,
    0x10, 0x0, 0x0, 0x0, 0xcf, 0xff, 0x10, 0x0,
    0x0, 0x0, 0xcf, 0xff, 0x10, 0x0, 0x0, 0x0,
    0xcf, 0xff, 0x10, 0x0, 0x0, 0x0, 0xcf, 0xff,
    0x10, 0x0, 0x0, 0x0, 0xcf, 0xff, 0x10, 0x0,
    0x0, 0x0, 0xcf, 0xff, 0x10, 0x0,

    /* U+00CF "Ï" */
    0x4, 0xee, 0x40, 0x1, 0xcf, 0x90, 0xe, 0xff,
    0xe0, 0x9, 0xff, 0xf4, 0xf, 0xff, 0xe0, 0x9,
    0xff, 0xf4, 0x6, 0xff, 0x50, 0x2, 0xdf, 0xa0,
    0x0, 0x0, 0x0, 0x0, 0x0, 0x0, 0x0, 0x0,
    0x0, 0x0, 0x0, 0x0, 0x0, 0x0, 0x0, 0x0,
    0x0, 0x0, 0x0, 0x0, 0xcf, 0xff, 0x10, 0x0,
    0x0, 0x0, 0xcf, 0xff, 0x10, 0x0, 0x0, 0x0,
    0xcf, 0xff, 0x10, 0x0, 0x0, 0x0, 0xcf, 0xff,
    0x10, 0x0, 0x0, 0x0, 0xcf, 0xff, 0x10, 0x0,
    0x0, 0x0, 0xcf, 0xff, 0x10, 0x0, 0x0, 0x0,
    0xcf, 0xff, 0x10, 0x0, 0x0, 0x0, 0xcf, 0xff,
    0x10, 0x0, 0x0, 0x0, 0xcf, 0xff, 0x10, 0x0,
    0x0, 0x0, 0xcf, 0xff, 0x10, 0x0, 0x0, 0x0,
    0xcf, 0xff, 0x10, 0x0, 0x0, 0x0, 0xcf, 0xff,
    0x10, 0x0, 0x0, 0x0, 0xcf, 0xff, 0x10, 0x0,
    0x0, 0x0, 0xcf, 0xff, 0x10, 0x0, 0x0, 0x0,
    0xcf, 0xff, 0x10, 0x0, 0x0, 0x0, 0xcf, 0xff,
    0x10, 0x0, 0x0, 0x0, 0xcf, 0xff, 0x10, 0x0,
    0x0, 0x0, 0xcf, 0xff, 0x10, 0x0, 0x0, 0x0,
    0xcf, 0xff, 0x10, 0x0, 0x0, 0x0, 0xcf, 0xff,
    0x10, 0x0, 0x0, 0x0, 0xcf, 0xff, 0x10, 0x0,
    0x0, 0x0, 0xcf, 0xff, 0x10, 0x0,

    /* U+00D0 "Ð" */
    0x0, 0xe, 0xff, 0xff, 0xff, 0xff, 0xda, 0x61,
    0x0, 0x0, 0x0, 0x0, 0xe, 0xff, 0xff, 0xff,
    0xff, 0xff, 0xff, 0x70, 0x0, 0x0, 0x0, 0xe,
    0xff, 0xff, 0xff, 0xff, 0xff, 0xff, 0xfb, 0x0,
    0x0, 0x0, 0xe, 0xff, 0xf7, 0x77, 0x79, 0xbf,
    0xff, 0xff, 0xb0, 0x0, 0x0, 0xe, 0xff, 0xf0,
    0x0, 0x0, 0x1, 0x9f, 0xff, 0xf6, 0x0, 0x0,
    0xe, 0xff, 0xf0, 0x0, 0x0, 0x0, 0x7, 0xff,
    0xfe, 0x0, 0x0, 0xe, 0xff, 0xf0, 0x0, 0x0,
    0x0, 0x0, 0xcf, 0xff, 0x50, 0x0, 0xe, 0xff,
    0xf0, 0x0, 0x0, 0x0, 0x0, 0x6f, 0xff, 0x90,
    0x0, 0xe, 0xff, 0xf0, 0x0, 0x0, 0x0, 0x0,
    0x1f, 0xff, 0xc0, 0x9d, 0xdf, 0xff, 0xfd, 0xdd,
    0xdd, 0x0, 0x0, 0xf, 0xff, 0xf0, 0xbf, 0xff,
    0xff, 0xff, 0xff, 0xff, 0x0, 0x0, 0xd, 0xff,
    0xf0, 0xbf, 0xff, 0xff, 0xff, 0xff, 0xff, 0x0,
    0x0, 0xe, 0xff, 0xf0, 0x0, 0xe, 0xff, 0xf0,
    0x0, 0x0, 0x0, 0x0, 0xf, 0xff, 0xe0, 0x0,
    0xe, 0xff, 0xf0, 0x0, 0x0, 0x0, 0x0, 0x1f,
    0xff, 0xc0, 0x0, 0xe, 0xff, 0xf0, 0x0, 0x0,
    0x0, 0x0, 0x6f, 0xff, 0x90, 0x0, 0xe, 0xff,
    0xf0, 0x0, 0x0, 0x0, 0x0, 0xdf, 0xff, 0x50,
    0x0, 0xe, 0xff, 0xf0, 0x0, 0x0, 0x0, 0x8,
    0xff, 0xfe, 0x0, 0x0, 0xe, 0xff, 0xf0, 0x0,
    0x0, 0x1, 0xaf, 0xff, 0xf6, 0x0, 0x0, 0xe,
    0xff, 0xf7, 0x77, 0x79, 0xbf, 0xff, 0xff, 0xb0,
    0x0, 0x0, 0xe, 0xff, 0xff, 0xff, 0xff, 0xff,
    0xff, 0xfb, 0x0, 0x0, 0x0, 0xe, 0xff, 0xff,
    0xff, 0xff, 0xff, 0xfe, 0x70, 0x0, 0x0, 0x0,
    0xe, 0xff, 0xff, 0xff, 0xff, 0xda, 0x60, 0x0,
    0x0, 0x0,

    /* U+00D1 "Ñ" */
    0x0, 0x0, 0x2, 0xcf, 0xb3, 0x0, 0xff, 0x20,
    0x0, 0x0, 0x0, 0x0, 0xdf, 0xff, 0xf8, 0x9f,
    0xf0, 0x0, 0x0, 0x0, 0x0, 0x3f, 0xf7, 0xaf,
    0xff, 0xf9, 0x0, 0x0, 0x0, 0x0, 0x5, 0xfe,
    0x0, 0x5c, 0xfb, 0x10, 0x0, 0x0, 0x0, 0x0,
    0x0, 0x0, 0x0, 0x0, 0x0, 0x0, 0x0, 0x0,
    0x0, 0x0, 0x0, 0x0, 0x0, 0x0, 0x0, 0x0,
    0x0, 0x0, 0x0, 0x0, 0x0, 0x0, 0x0, 0x0,
    0x0, 0x0, 0xc, 0xff, 0xfe, 0x0, 0x0, 0x0,
    0x0, 0x6, 0xff, 0xf9, 0xcf, 0xff, 0xf8, 0x0,
    0x0, 0x0, 0x0, 0x6f, 0xff, 0x9c, 0xff, 0xff,
    0xf2, 0x0, 0x0, 0x0, 0x6, 0xff, 0xf9, 0xcf,
    0xff, 0xff, 0xc0, 0x0, 0x0, 0x0, 0x6f, 0xff,
    0x9c, 0xff, 0xff, 0xff, 0x60, 0x0, 0x0, 0x6,
    0xff, 0xf9, 0xcf, 0xff, 0x9f, 0xfe, 0x10, 0x0,
    0x0, 0x6f, 0xff, 0x9c, 0xff, 0xf2, 0xff, 0xf9,
    0x0, 0x0, 0x6, 0xff, 0xf9, 0xcf, 0xff, 0x9,
    0xff, 0xf3, 0x0, 0x0, 0x6f, 0xff, 0x9c, 0xff,
    0xf1, 0x1f, 0xff, 0xc0, 0x0, 0x6, 0xff, 0xf9,
    0xcf, 0xff, 0x20, 0x7f, 0xff, 0x70, 0x0, 0x6f,
    0xff, 0x9c, 0xff, 0xf2, 0x0, 0xdf, 0xff, 0x10,
    0x6, 0xff, 0xf9, 0xcf, 0xff, 0x30, 0x4, 0xff,
    0xfa, 0x0, 0x6f, 0xff, 0x9c, 0xff, 0xf3, 0x0,
    0xb, 0xff, 0xf4, 0x6, 0xff, 0xf9, 0xcf, 0xff,
    0x30, 0x0, 0x1f, 0xff, 0xd0, 0x5f, 0xff, 0x9c,
    0xff, 0xf3, 0x0, 0x0, 0x7f, 0xff, 0x55, 0xff,
    0xf9, 0xcf, 0xff, 0x30, 0x0, 0x0, 0xdf, 0xfd,
    0x4f, 0xff, 0x9c, 0xff, 0xf3, 0x0, 0x0, 0x3,
    0xff, 0xf9, 0xff, 0xf9, 0xcf, 0xff, 0x30, 0x0,
    0x0, 0xa, 0xff, 0xff, 0xff, 0x9c, 0xff, 0xf3,
    0x0, 0x0, 0x0, 0x1e, 0xff, 0xff, 0xf9, 0xcf,
    0xff, 0x30, 0x0, 0x0, 0x0, 0x6f, 0xff, 0xff,
    0x9c, 0xff, 0xf3, 0x0, 0x0, 0x0, 0x0, 0xcf,
    0xff, 0xf9, 0xcf, 0xff, 0x30, 0x0, 0x0, 0x0,
    0x2, 0xff, 0xff, 0x90,

    /* U+00D2 "Ò" */
    0x0, 0x0, 0x0, 0x59, 0x99, 0x0, 0x0, 0x0,
    0x0, 0x0, 0x0, 0x0, 0x0, 0x1, 0xff, 0xf6,
    0x0, 0x0, 0x0, 0x0, 0x0, 0x0, 0x0, 0x0,
    0x6, 0xff, 0xd0, 0x0, 0x0, 0x0, 0x0, 0x0,
    0x0, 0x0, 0x0, 0xc, 0xff, 0x40, 0x0, 0x0,
    0x0, 0x0, 0x0, 0x0, 0x0, 0x0, 0x2f, 0xfb,
    0x0, 0x0, 0x0, 0x0, 0x0, 0x0, 0x0, 0x0,
    0x0, 0x0, 0x0, 0x0, 0x0, 0x0, 0x0, 0x0,
    0x0, 0x0, 0x0, 0x0, 0x0, 0x0, 0x0, 0x0,
    0x0, 0x0, 0x0, 0x0, 0x0, 0x0, 0x0, 0x0,
    0x0, 0x0, 0x0, 0x0, 0x0, 0x0, 0x0, 0x39,
    0xce, 0xff, 0xd9, 0x30, 0x0, 0x0, 0x0, 0x0,
    0x2, 0xbf, 0xff, 0xff, 0xff, 0xff, 0xc2, 0x0,
    0x0, 0x0, 0x3, 0xff, 0xff, 0xff, 0xff, 0xff,
    0xff, 0xf4, 0x0, 0x0, 0x2, 0xff, 0xff, 0xfe,
    0xba, 0xbe, 0xff, 0xff, 0xf3, 0x0, 0x0, 0xcf,
    0xff, 0xf6, 0x0, 0x0, 0x6, 0xff, 0xff, 0xd0,
    0x0, 0x5f, 0xff, 0xf3, 0x0, 0x0, 0x0, 0x3,
    0xff, 0xff, 0x60, 0xc, 0xff, 0xf8, 0x0, 0x0,
    0x0, 0x0, 0x7, 0xff, 0xfd, 0x1, 0xff, 0xff,
    0x10, 0x0, 0x0, 0x0, 0x0, 0xf, 0xff, 0xf2,
    0x4f, 0xff, 0xb0, 0x0, 0x0, 0x0, 0x0, 0x0,
    0xaf, 0xff, 0x56, 0xff, 0xf9, 0x0, 0x0, 0x0,
    0x0, 0x0, 0x8, 0xff, 0xf7, 0x7f, 0xff, 0x70,
    0x0, 0x0, 0x0, 0x0, 0x0, 0x7f, 0xff, 0x87,
    0xff, 0xf7, 0x0, 0x0, 0x0, 0x0, 0x0, 0x6,
    0xff, 0xf8, 0x6f, 0xff, 0x90, 0x0, 0x0, 0x0,
    0x0, 0x0, 0x8f, 0xff, 0x74, 0xff, 0xfb, 0x0,
    0x0, 0x0, 0x0, 0x0, 0xa, 0xff, 0xf5, 0x1f,
    0xff, 0xf1, 0x0, 0x0, 0x0, 0x0, 0x0, 0xff,
    0xff, 0x20, 0xcf, 0xff, 0x80, 0x0, 0x0, 0x0,
    0x0, 0x7f, 0xff, 0xd0, 0x5, 0xff, 0xff, 0x30,
    0x0, 0x0, 0x0, 0x3f, 0xff, 0xf6, 0x0, 0xd,
    0xff, 0xff, 0x60, 0x0, 0x0, 0x6f, 0xff, 0xfd,
    0x0, 0x0, 0x2f, 0xff, 0xff, 0xeb, 0x9b, 0xef,
    0xff, 0xff, 0x30, 0x0, 0x0, 0x3f, 0xff, 0xff,
    0xff, 0xff, 0xff, 0xff, 0x40, 0x0, 0x0, 0x0,
    0x2b, 0xff, 0xff, 0xff, 0xff, 0xfc, 0x20, 0x0,
    0x0, 0x0, 0x0, 0x3, 0x9c, 0xff, 0xfd, 0x93,
    0x0, 0x0, 0x0,

    /* U+00D3 "Ó" */
    0x0, 0x0, 0x0, 0x0, 0x0, 0x9, 0x99, 0x60,
    0x0, 0x0, 0x0, 0x0, 0x0, 0x0, 0x0, 0x5,
    0xff, 0xf2, 0x0, 0x0, 0x0, 0x0, 0x0, 0x0,
    0x0, 0x0, 0xcf, 0xf7, 0x0, 0x0, 0x0, 0x0,
    0x0, 0x0, 0x0, 0x0, 0x3f, 0xfc, 0x0, 0x0,
    0x0, 0x0, 0x0, 0x0, 0x0, 0x0, 0xa, 0xff,
    0x30, 0x0, 0x0, 0x0, 0x0, 0x0, 0x0, 0x0,
    0x0, 0x0, 0x0, 0x0, 0x0, 0x0, 0x0, 0x0,
    0x0, 0x0, 0x0, 0x0, 0x0, 0x0, 0x0, 0x0,
    0x0, 0x0, 0x0, 0x0, 0x0, 0x0, 0x0, 0x0,
    0x0, 0x0, 0x0, 0x0, 0x0, 0x0, 0x0, 0x39,
    0xce, 0xff, 0xd9, 0x30, 0x0, 0x0, 0x0, 0x0,
    0x2, 0xbf, 0xff, 0xff, 0xff, 0xff, 0xc2, 0x0,
    0x0, 0x0, 0x3, 0xff, 0xff, 0xff, 0xff, 0xff,
    0xff, 0xf4, 0x0, 0x0, 0x2, 0xff, 0xff, 0xfe,
    0xba, 0xbe, 0xff, 0xff, 0xf3, 0x0, 0x0, 0xcf,
    0xff, 0xf6, 0x0, 0x0, 0x6, 0xff, 0xff, 0xd0,
    0x0, 0x5f, 0xff, 0xf3, 0x0, 0x0, 0x0, 0x3,
    0xff, 0xff, 0x60, 0xc, 0xff, 0xf8, 0x0, 0x0,
    0x0, 0x0, 0x7, 0xff, 0xfd, 0x1, 0xff, 0xff,
    0x10, 0x0, 0x0, 0x0, 0x0, 0xf, 0xff, 0xf2,
    0x4f, 0xff, 0xb0, 0x0, 0x0, 0x0, 0x0, 0x0,
    0xaf, 0xff, 0x56, 0xff, 0xf9, 0x0, 0x0, 0x0,
    0x0, 0x0, 0x8, 0xff, 0xf7, 0x7f, 0xff, 0x70,
    0x0, 0x0, 0x0, 0x0, 0x0, 0x7f, 0xff, 0x87,
    0xff, 0xf7, 0x0, 0x0, 0x0, 0x0, 0x0, 0x6,
    0xff, 0xf8, 0x6f, 0xff, 0x90, 0x0, 0x0, 0x0,
    0x0, 0x0, 0x8f, 0xff, 0x74, 0xff, 0xfb, 0x0,
    0x0, 0x0, 0x0, 0x0, 0xa, 0xff, 0xf5, 0x1f,
    0xff, 0xf1, 0x0, 0x0, 0x0, 0x0, 0x0, 0xff,
    0xff, 0x20, 0xcf, 0xff, 0x80, 0x0, 0x0, 0x0,
    0x0, 0x7f, 0xff, 0xd0, 0x5, 0xff, 0xff, 0x30,
    0x0, 0x0, 0x0, 0x3f, 0xff, 0xf6, 0x0, 0xd,
    0xff, 0xff, 0x60, 0x0, 0x0, 0x6f, 0xff, 0xfd,
    0x0, 0x0, 0x2f, 0xff, 0xff, 0xeb, 0x9b, 0xef,
    0xff, 0xff, 0x30, 0x0, 0x0, 0x3f, 0xff, 0xff,
    0xff, 0xff, 0xff, 0xff, 0x40, 0x0, 0x0, 0x0,
    0x2b, 0xff, 0xff, 0xff, 0xff, 0xfc, 0x20, 0x0,
    0x0, 0x0, 0x0, 0x3, 0x9c, 0xff, 0xfd, 0x93,
    0x0, 0x0, 0x0,

    /* U+00D4 "Ô" */
    0x0, 0x0, 0x0, 0x0, 0x18, 0x88, 0x20, 0x0,
    0x0, 0x0, 0x0, 0x0, 0x0, 0x0, 0x1d, 0xff,
    0xfd, 0x10, 0x0, 0x0, 0x0, 0x0, 0x0, 0x0,
    0xc, 0xff, 0xbf, 0xfc, 0x0, 0x0, 0x0, 0x0,
    0x0, 0x0, 0xb, 0xff, 0xa0, 0x9f, 0xfb, 0x0,
    0x0, 0x0, 0x0, 0x0, 0x9, 0xff, 0xd0, 0x0,
    0xcf, 0xf9, 0x0, 0x0, 0x0, 0x0, 0x0, 0x0,
    0x0, 0x0, 0x0, 0x0, 0x0, 0x0, 0x0, 0x0,
    0x0, 0x0, 0x0, 0x0, 0x0, 0x0, 0x0, 0x0,
    0x0, 0x0, 0x0, 0x0, 0x0, 0x0, 0x0, 0x0,
    0x0, 0x0, 0x0, 0x0, 0x0, 0x0, 0x0, 0x39,
    0xce, 0xff, 0xd9, 0x30, 0x0, 0x0, 0x0, 0x0,
    0x2, 0xbf, 0xff, 0xff, 0xff, 0xff, 0xc2, 0x0,
    0x0, 0x0, 0x3, 0xff, 0xff, 0xff, 0xff, 0xff,
    0xff, 0xf4, 0x0, 0x0, 0x2, 0xff, 0xff, 0xfe,
    0xba, 0xbe, 0xff, 0xff, 0xf3, 0x0, 0x0, 0xcf,
    0xff, 0xf6, 0x0, 0x0, 0x6, 0xff, 0xff, 0xd0,
    0x0, 0x5f, 0xff, 0xf3, 0x0, 0x0, 0x0, 0x3,
    0xff, 0xff, 0x60, 0xc, 0xff, 0xf8, 0x0, 0x0,
    0x0, 0x0, 0x7, 0xff, 0xfd, 0x1, 0xff, 0xff,
    0x10, 0x0, 0x0, 0x0, 0x0, 0xf, 0xff, 0xf2,
    0x4f, 0xff, 0xb0, 0x0, 0x0, 0x0, 0x0, 0x0,
    0xaf, 0xff, 0x56, 0xff, 0xf9, 0x0, 0x0, 0x0,
    0x0, 0x0, 0x8, 0xff, 0xf7, 0x7f, 0xff, 0x70,
    0x0, 0x0, 0x0, 0x0, 0x0, 0x7f, 0xff, 0x87,
    0xff, 0xf7, 0x0, 0x0, 0x0, 0x0, 0x0, 0x6,
    0xff, 0xf8, 0x6f, 0xff, 0x90, 0x0, 0x0, 0x0,
    0x0, 0x0, 0x8f, 0xff, 0x74, 0xff, 0xfb, 0x0,
    0x0, 0x0, 0x0, 0x0, 0xa, 0xff, 0xf5, 0x1f,
    0xff, 0xf1, 0x0, 0x0, 0x0, 0x0, 0x0, 0xff,
    0xff, 0x20, 0xcf, 0xff, 0x80, 0x0, 0x0, 0x0,
    0x0, 0x7f, 0xff, 0xd0, 0x5, 0xff, 0xff, 0x30,
    0x0, 0x0, 0x0, 0x3f, 0xff, 0xf6, 0x0, 0xd,
    0xff, 0xff, 0x60, 0x0, 0x0, 0x6f, 0xff, 0xfd,
    0x0, 0x0, 0x2f, 0xff, 0xff, 0xeb, 0x9b, 0xef,
    0xff, 0xff, 0x30, 0x0, 0x0, 0x3f, 0xff, 0xff,
    0xff, 0xff, 0xff, 0xff, 0x40, 0x0, 0x0, 0x0,
    0x2b, 0xff, 0xff, 0xff, 0xff, 0xfc, 0x20, 0x0,
    0x0, 0x0, 0x0, 0x3, 0x9c, 0xff, 0xfd, 0x93,
    0x0, 0x0, 0x0,

    /* U+00D5 "Õ" */
    0x0, 0x0, 0x0, 0x1b, 0xfc, 0x40, 0xe, 0xf4,
    0x0, 0x0, 0x0, 0x0, 0x0, 0xb, 0xff, 0xff,
    0x97, 0xff, 0x10, 0x0, 0x0, 0x0, 0x0, 0x1,
    0xff, 0x89, 0xff, 0xff, 0xb0, 0x0, 0x0, 0x0,
    0x0, 0x0, 0x3f, 0xf0, 0x3, 0xcf, 0xc1, 0x0,
    0x0, 0x0, 0x0, 0x0, 0x0, 0x0, 0x0, 0x0,
    0x0, 0x0, 0x0, 0x0, 0x0, 0x0, 0x0, 0x0,
    0x0, 0x0, 0x0, 0x0, 0x0, 0x0, 0x0, 0x0,
    0x0, 0x0, 0x0, 0x0, 0x0, 0x0, 0x0, 0x0,
    0x0, 0x0, 0x0, 0x0, 0x3, 0x9c, 0xef, 0xfd,
    0x93, 0x0, 0x0, 0x0, 0x0, 0x0, 0x2b, 0xff,
    0xff, 0xff, 0xff, 0xfc, 0x20, 0x0, 0x0, 0x0,
    0x3f, 0xff, 0xff, 0xff, 0xff, 0xff, 0xff, 0x40,
    0x0, 0x0, 0x2f, 0xff, 0xff, 0xeb, 0xab, 0xef,
    0xff, 0xff, 0x30, 0x0, 0xc, 0xff, 0xff, 0x60,
    0x0, 0x0, 0x6f, 0xff, 0xfd, 0x0, 0x5, 0xff,
    0xff, 0x30, 0x0, 0x0, 0x0, 0x3f, 0xff, 0xf6,
    0x0, 0xcf, 0xff, 0x80, 0x0, 0x0, 0x0, 0x0,
    0x7f, 0xff, 0xd0, 0x1f, 0xff, 0xf1, 0x0, 0x0,
    0x0, 0x0, 0x0, 0xff, 0xff, 0x24, 0xff, 0xfb,
    0x0, 0x0, 0x0, 0x0, 0x0, 0xa, 0xff, 0xf5,
    0x6f, 0xff, 0x90, 0x0, 0x0, 0x0, 0x0, 0x0,
    0x8f, 0xff, 0x77, 0xff, 0xf7, 0x0, 0x0, 0x0,
    0x0, 0x0, 0x7, 0xff, 0xf8, 0x7f, 0xff, 0x70,
    0x0, 0x0, 0x0, 0x0, 0x0, 0x6f, 0xff, 0x86,
    0xff, 0xf9, 0x0, 0x0, 0x0, 0x0, 0x0, 0x8,
    0xff, 0xf7, 0x4f, 0xff, 0xb0, 0x0, 0x0, 0x0,
    0x0, 0x0, 0xaf, 0xff, 0x51, 0xff, 0xff, 0x10,
    0x0, 0x0, 0x0, 0x0, 0xf, 0xff, 0xf2, 0xc,
    0xff, 0xf8, 0x0, 0x0, 0x0, 0x0, 0x7, 0xff,
    0xfd, 0x0, 0x5f, 0xff, 0xf3, 0x0, 0x0, 0x0,
    0x3, 0xff, 0xff, 0x60, 0x0, 0xdf, 0xff, 0xf6,
    0x0, 0x0, 0x6, 0xff, 0xff, 0xd0, 0x0, 0x2,
    0xff, 0xff, 0xfe, 0xb9, 0xbe, 0xff, 0xff, 0xf3,
    0x0, 0x0, 0x3, 0xff, 0xff, 0xff, 0xff, 0xff,
    0xff, 0xf4, 0x0, 0x0, 0x0, 0x2, 0xbf, 0xff,
    0xff, 0xff, 0xff, 0xc2, 0x0, 0x0, 0x0, 0x0,
    0x0, 0x39, 0xcf, 0xff, 0xd9, 0x30, 0x0, 0x0,
    0x0,

    /* U+00D6 "Ö" */
    0x0, 0x0, 0x0, 0x0, 0x0, 0x0, 0x0, 0x0,
    0x0, 0x0, 0x0, 0x0, 0x0, 0x2d, 0xfa, 0x0,
    0x9, 0xfe, 0x20, 0x0, 0x0, 0x0, 0x0, 0x9,
    0xff, 0xf4, 0x3, 0xff, 0xfa, 0x0, 0x0, 0x0,
    0x0, 0x0, 0x9f, 0xff, 0x40, 0x3f, 0xff, 0xa0,
    0x0, 0x0, 0x0, 0x0, 0x1, 0xcf, 0x90, 0x0,
    0x8f, 0xc2, 0x0, 0x0, 0x0, 0x0, 0x0, 0x0,
    0x0, 0x0, 0x0, 0x0, 0x0, 0x0, 0x0, 0x0,
    0x0, 0x0, 0x0, 0x0, 0x0, 0x0, 0x0, 0x0,
    0x0, 0x0, 0x0, 0x0, 0x0, 0x0, 0x0, 0x0,
    0x0, 0x0, 0x0, 0x0, 0x0, 0x0, 0x0, 0x39,
    0xce, 0xff, 0xd9, 0x30, 0x0, 0x0, 0x0, 0x0,
    0x2, 0xbf, 0xff, 0xff, 0xff, 0xff, 0xc2, 0x0,
    0x0, 0x0, 0x3, 0xff, 0xff, 0xff, 0xff, 0xff,
    0xff, 0xf4, 0x0, 0x0, 0x2, 0xff, 0xff, 0xfe,
    0xba, 0xbe, 0xff, 0xff, 0xf3, 0x0, 0x0, 0xcf,
    0xff, 0xf6, 0x0, 0x0, 0x6, 0xff, 0xff, 0xd0,
    0x0, 0x5f, 0xff, 0xf3, 0x0, 0x0, 0x0, 0x3,
    0xff, 0xff, 0x60, 0xc, 0xff, 0xf8, 0x0, 0x0,
    0x0, 0x0, 0x7, 0xff, 0xfd, 0x1, 0xff, 0xff,
    0x10, 0x0, 0x0, 0x0, 0x0, 0xf, 0xff, 0xf2,
    0x4f, 0xff, 0xb0, 0x0, 0x0, 0x0, 0x0, 0x0,
    0xaf, 0xff, 0x56, 0xff, 0xf9, 0x0, 0x0, 0x0,
    0x0, 0x0, 0x8, 0xff, 0xf7, 0x7f, 0xff, 0x70,
    0x0, 0x0, 0x0, 0x0, 0x0, 0x7f, 0xff, 0x87,
    0xff, 0xf7, 0x0, 0x0, 0x0, 0x0, 0x0, 0x6,
    0xff, 0xf8, 0x6f, 0xff, 0x90, 0x0, 0x0, 0x0,
    0x0, 0x0, 0x8f, 0xff, 0x74, 0xff, 0xfb, 0x0,
    0x0, 0x0, 0x0, 0x0, 0xa, 0xff, 0xf5, 0x1f,
    0xff, 0xf1, 0x0, 0x0, 0x0, 0x0, 0x0, 0xff,
    0xff, 0x20, 0xcf, 0xff, 0x80, 0x0, 0x0, 0x0,
    0x0, 0x7f, 0xff, 0xd0, 0x5, 0xff, 0xff, 0x30,
    0x0, 0x0, 0x0, 0x3f, 0xff, 0xf6, 0x0, 0xd,
    0xff, 0xff, 0x60, 0x0, 0x0, 0x6f, 0xff, 0xfd,
    0x0, 0x0, 0x2f, 0xff, 0xff, 0xeb, 0x9b, 0xef,
    0xff, 0xff, 0x30, 0x0, 0x0, 0x3f, 0xff, 0xff,
    0xff, 0xff, 0xff, 0xff, 0x40, 0x0, 0x0, 0x0,
    0x2b, 0xff, 0xff, 0xff, 0xff, 0xfc, 0x20, 0x0,
    0x0, 0x0, 0x0, 0x3, 0x9c, 0xff, 0xfd, 0x93,
    0x0, 0x0, 0x0,

    /* U+00D7 "×" */
    0x0, 0x12, 0x0, 0x0, 0x0, 0x0, 0x3, 0x0,
    0x1, 0xde, 0x20, 0x0, 0x0, 0x0, 0xcf, 0x30,
    0xc, 0xff, 0xe2, 0x0, 0x0, 0xc, 0xff, 0xe2,
    0xb, 0xff, 0xfe, 0x10, 0x0, 0xbf, 0xff, 0xe2,
    0x0, 0xcf, 0xff, 0xd1, 0xb, 0xff, 0xfe, 0x20,
    0x0, 0xc, 0xff, 0xfd, 0xcf, 0xff, 0xe2, 0x0,
    0x0, 0x0, 0xcf, 0xff, 0xff, 0xfe, 0x20, 0x0,
    0x0, 0x0, 0x1d, 0xff, 0xff, 0xf3, 0x0, 0x0,
    0x0, 0x0, 0xb, 0xff, 0xff, 0xf1, 0x0, 0x0,
    0x0, 0x0, 0x9f, 0xff, 0xff, 0xfc, 0x0, 0x0,
    0x0, 0x8, 0xff, 0xff, 0xff, 0xff, 0xc0, 0x0,
    0x0, 0x8f, 0xff, 0xf4, 0x1d, 0xff, 0xfb, 0x0,
    0x8, 0xff, 0xff, 0x40, 0x1, 0xef, 0xff, 0xb0,
    0x1e, 0xff, 0xf4, 0x0, 0x0, 0x2e, 0xff, 0xf4,
    0x3, 0xff, 0x50, 0x0, 0x0, 0x2, 0xef, 0x60,
    0x0, 0x35, 0x0, 0x0, 0x0, 0x0, 0x26, 0x0,

    /* U+00D8 "Ø" */
    0x0, 0x0, 0x0, 0x0, 0x0, 0x0, 0x0, 0x0,
    0x4, 0x0, 0x0, 0x0, 0x0, 0x3, 0x9c, 0xef,
    0xfd, 0x93, 0x8, 0xfa, 0x0, 0x0, 0x0, 0x2b,
    0xff, 0xff, 0xff, 0xff, 0xff, 0xff, 0xd0, 0x0,
    0x0, 0x3f, 0xff, 0xff, 0xff, 0xff, 0xff, 0xff,
    0xf3, 0x0, 0x0, 0x2f, 0xff, 0xff, 0xeb, 0xab,
    0xef, 0xff, 0xff, 0x30, 0x0, 0xc, 0xff, 0xff,
    0x60, 0x0, 0x0, 0xcf, 0xff, 0xfd, 0x0, 0x5,
    0xff, 0xff, 0x30, 0x0, 0x0, 0x2f, 0xff, 0xff,
    0xf6, 0x0, 0xcf, 0xff, 0x80, 0x0, 0x0, 0xc,
    0xff, 0xcf, 0xff, 0xd0, 0x1f, 0xff, 0xf1, 0x0,
    0x0, 0x8, 0xff, 0x90, 0xff, 0xff, 0x24, 0xff,
    0xfb, 0x0, 0x0, 0x3, 0xff, 0xd0, 0xa, 0xff,
    0xf5, 0x6f, 0xff, 0x90, 0x0, 0x1, 0xef, 0xf3,
    0x0, 0x8f, 0xff, 0x77, 0xff, 0xf7, 0x0, 0x0,
    0xaf, 0xf7, 0x0, 0x7, 0xff, 0xf8, 0x7f, 0xff,
    0x70, 0x0, 0x6f, 0xfb, 0x0, 0x0, 0x6f, 0xff,
    0x86, 0xff, 0xf9, 0x0, 0x2f, 0xfe, 0x10, 0x0,
    0x8, 0xff, 0xf7, 0x4f, 0xff, 0xb0, 0xc, 0xff,
    0x50, 0x0, 0x0, 0xaf, 0xff, 0x51, 0xff, 0xff,
    0x18, 0xff, 0x90, 0x0, 0x0, 0xf, 0xff, 0xf2,
    0xc, 0xff, 0xfc, 0xff, 0xd0, 0x0, 0x0, 0x7,
    0xff, 0xfd, 0x0, 0x5f, 0xff, 0xff, 0xf3, 0x0,
    0x0, 0x3, 0xff, 0xff, 0x60, 0x0, 0xdf, 0xff,
    0xfe, 0x0, 0x0, 0x6, 0xff, 0xff, 0xd0, 0x0,
    0x2, 0xff, 0xff, 0xfe, 0xb9, 0xbe, 0xff, 0xff,
    0xf3, 0x0, 0x0, 0x2f, 0xff, 0xff, 0xff, 0xff,
    0xff, 0xff, 0xf4, 0x0, 0x0, 0xc, 0xff, 0xff,
    0xff, 0xff, 0xff, 0xff, 0xc2, 0x0, 0x0, 0x0,
    0x9f, 0x90, 0x39, 0xcf, 0xff, 0xd9, 0x30, 0x0,
    0x0, 0x0, 0x0, 0x40, 0x0, 0x0, 0x0, 0x0,
    0x0, 0x0, 0x0, 0x0,

    /* U+00D9 "Ù" */
    0x0, 0x0, 0x9, 0x99, 0x50, 0x0, 0x0, 0x0,
    0x0, 0x0, 0x0, 0x8, 0xff, 0xe0, 0x0, 0x0,
    0x0, 0x0, 0x0, 0x0, 0x0, 0xdf, 0xf5, 0x0,
    0x0, 0x0, 0x0, 0x0, 0x0, 0x0, 0x4f, 0xfc,
    0x0, 0x0, 0x0, 0x0, 0x0, 0x0, 0x0, 0x9,
    0xff, 0x40, 0x0, 0x0, 0x0, 0x0, 0x0, 0x0,
    0x0, 0x0, 0x0, 0x0, 0x0, 0x0, 0x0, 0x0,
    0x0, 0x0, 0x0, 0x0, 0x0, 0x0, 0x0, 0x0,
    0x0, 0x0, 0x0, 0x0, 0x0, 0x0, 0x0, 0x0,
    0xcf, 0xff, 0x10, 0x0, 0x0, 0x0, 0x0, 0xff,
    0xfe, 0xcf, 0xff, 0x10, 0x0, 0x0, 0x0, 0x0,
    0xff, 0xfe, 0xcf, 0xff, 0x10, 0x0, 0x0, 0x0,
    0x0, 0xff, 0xfe, 0xcf, 0xff, 0x10, 0x0, 0x0,
    0x0, 0x0, 0xff, 0xfe, 0xcf, 0xff, 0x10, 0x0,
    0x0, 0x0, 0x0, 0xff, 0xfe, 0xcf, 0xff, 0x10,
    0x0, 0x0, 0x0, 0x0, 0xff, 0xfe, 0xcf, 0xff,
    0x10, 0x0, 0x0, 0x0, 0x0, 0xff, 0xfe, 0xcf,
    0xff, 0x10, 0x0, 0x0, 0x0, 0x0, 0xff, 0xfe,
    0xcf, 0xff, 0x10, 0x0, 0x0, 0x0, 0x0, 0xff,
    0xfe, 0xcf, 0xff, 0x10, 0x0, 0x0, 0x0, 0x0,
    0xff, 0xfe, 0xcf, 0xff, 0x10, 0x0, 0x0, 0x0,
    0x0, 0xff, 0xfe, 0xcf, 0xff, 0x10, 0x0, 0x0,
    0x0, 0x0, 0xff, 0xfe, 0xcf, 0xff, 0x10, 0x0,
    0x0, 0x0, 0x0, 0xff, 0xfe, 0xcf, 0xff, 0x10,
    0x0, 0x0, 0x0, 0x0, 0xff, 0xfe, 0xcf, 0xff,
    0x30, 0x0, 0x0, 0x0, 0x1, 0xff, 0xfd, 0xaf,
    0xff, 0x70, 0x0, 0x0, 0x0, 0x5, 0xff, 0xfc,
    0x7f, 0xff, 0xe1, 0x0, 0x0, 0x0, 0xd, 0xff,
    0xf8, 0x1f, 0xff, 0xfd, 0x30, 0x0, 0x2, 0xcf,
    0xff, 0xf2, 0x7, 0xff, 0xff, 0xfc, 0xaa, 0xcf,
    0xff, 0xff, 0x80, 0x0, 0xaf, 0xff, 0xff, 0xff,
    0xff, 0xff, 0xfb, 0x0, 0x0, 0x6, 0xff, 0xff,
    0xff, 0xff, 0xff, 0x70, 0x0, 0x0, 0x0, 0x16,
    0xbd, 0xff, 0xdb, 0x61, 0x0, 0x0,

    /* U+00DA "Ú" */
    0x0, 0x0, 0x0, 0x0, 0x4, 0x99, 0x91, 0x0,
    0x0, 0x0, 0x0, 0x0, 0x0, 0xd, 0xff, 0x90,
    0x0, 0x0, 0x0, 0x0, 0x0, 0x0, 0x4f, 0xfe,
    0x10, 0x0, 0x0, 0x0, 0x0, 0x0, 0x0, 0xbf,
    0xf5, 0x0, 0x0, 0x0, 0x0, 0x0, 0x0, 0x2,
    0xff, 0xa0, 0x0, 0x0, 0x0, 0x0, 0x0, 0x0,
    0x0, 0x0, 0x0, 0x0, 0x0, 0x0, 0x0, 0x0,
    0x0, 0x0, 0x0, 0x0, 0x0, 0x0, 0x0, 0x0,
    0x0, 0x0, 0x0, 0x0, 0x0, 0x0, 0x0, 0x0,
    0xcf, 0xff, 0x10, 0x0, 0x0, 0x0, 0x0, 0xff,
    0xfe, 0xcf, 0xff, 0x10, 0x0, 0x0, 0x0, 0x0,
    0xff, 0xfe, 0xcf, 0xff, 0x10, 0x0, 0x0, 0x0,
    0x0, 0xff, 0xfe, 0xcf, 0xff, 0x10, 0x0, 0x0,
    0x0, 0x0, 0xff, 0xfe, 0xcf, 0xff, 0x10, 0x0,
    0x0, 0x0, 0x0, 0xff, 0xfe, 0xcf, 0xff, 0x10,
    0x0, 0x0, 0x0, 0x0, 0xff, 0xfe, 0xcf, 0xff,
    0x10, 0x0, 0x0, 0x0, 0x0, 0xff, 0xfe, 0xcf,
    0xff, 0x10, 0x0, 0x0, 0x0, 0x0, 0xff, 0xfe,
    0xcf, 0xff, 0x10, 0x0, 0x0, 0x0, 0x0, 0xff,
    0xfe, 0xcf, 0xff, 0x10, 0x0, 0x0, 0x0, 0x0,
    0xff, 0xfe, 0xcf, 0xff, 0x10, 0x0, 0x0, 0x0,
    0x0, 0xff, 0xfe, 0xcf, 0xff, 0x10, 0x0, 0x0,
    0x0, 0x0, 0xff, 0xfe, 0xcf, 0xff, 0x10, 0x0,
    0x0, 0x0, 0x0, 0xff, 0xfe, 0xcf, 0xff, 0x10,
    0x0, 0x0, 0x0, 0x0, 0xff, 0xfe, 0xcf, 0xff,
    0x30, 0x0, 0x0, 0x0, 0x1, 0xff, 0xfd, 0xaf,
    0xff, 0x70, 0x0, 0x0, 0x0, 0x5, 0xff, 0xfc,
    0x7f, 0xff, 0xe1, 0x0, 0x0, 0x0, 0xd, 0xff,
    0xf8, 0x1f, 0xff, 0xfd, 0x30, 0x0, 0x2, 0xcf,
    0xff, 0xf2, 0x7, 0xff, 0xff, 0xfc, 0xaa, 0xcf,
    0xff, 0xff, 0x80, 0x0, 0xaf, 0xff, 0xff, 0xff,
    0xff, 0xff, 0xfb, 0x0, 0x0, 0x6, 0xff, 0xff,
    0xff, 0xff, 0xff, 0x70, 0x0, 0x0, 0x0, 0x16,
    0xbd, 0xff, 0xdb, 0x61, 0x0, 0x0,

    /* U+00DB "Û" */
    0x0, 0x0, 0x0, 0x5, 0x88, 0x60, 0x0, 0x0,
    0x0, 0x0, 0x0, 0x0, 0x6f, 0xff, 0xf7, 0x0,
    0x0, 0x0, 0x0, 0x0, 0x5, 0xff, 0xdd, 0xff,
    0x50, 0x0, 0x0, 0x0, 0x0, 0x4f, 0xff, 0x32,
    0xef, 0xf3, 0x0, 0x0, 0x0, 0x2, 0xff, 0xf5,
    0x0, 0x4f, 0xfe, 0x20, 0x0, 0x0, 0x0, 0x0,
    0x0, 0x0, 0x0, 0x0, 0x0, 0x0, 0x0, 0x0,
    0x0, 0x0, 0x0, 0x0, 0x0, 0x0, 0x0, 0x0,
    0x0, 0x0, 0x0, 0x0, 0x0, 0x0, 0x0, 0x0,
    0xcf, 0xff, 0x10, 0x0, 0x0, 0x0, 0x0, 0xff,
    0xfe, 0xcf, 0xff, 0x10, 0x0, 0x0, 0x0, 0x0,
    0xff, 0xfe, 0xcf, 0xff, 0x10, 0x0, 0x0, 0x0,
    0x0, 0xff, 0xfe, 0xcf, 0xff, 0x10, 0x0, 0x0,
    0x0, 0x0, 0xff, 0xfe, 0xcf, 0xff, 0x10, 0x0,
    0x0, 0x0, 0x0, 0xff, 0xfe, 0xcf, 0xff, 0x10,
    0x0, 0x0, 0x0, 0x0, 0xff, 0xfe, 0xcf, 0xff,
    0x10, 0x0, 0x0, 0x0, 0x0, 0xff, 0xfe, 0xcf,
    0xff, 0x10, 0x0, 0x0, 0x0, 0x0, 0xff, 0xfe,
    0xcf, 0xff, 0x10, 0x0, 0x0, 0x0, 0x0, 0xff,
    0xfe, 0xcf, 0xff, 0x10, 0x0, 0x0, 0x0, 0x0,
    0xff, 0xfe, 0xcf, 0xff, 0x10, 0x0, 0x0, 0x0,
    0x0, 0xff, 0xfe, 0xcf, 0xff, 0x10, 0x0, 0x0,
    0x0, 0x0, 0xff, 0xfe, 0xcf, 0xff, 0x10, 0x0,
    0x0, 0x0, 0x0, 0xff, 0xfe, 0xcf, 0xff, 0x10,
    0x0, 0x0, 0x0, 0x0, 0xff, 0xfe, 0xcf, 0xff,
    0x30, 0x0, 0x0, 0x0, 0x1, 0xff, 0xfd, 0xaf,
    0xff, 0x70, 0x0, 0x0, 0x0, 0x5, 0xff, 0xfc,
    0x7f, 0xff, 0xe1, 0x0, 0x0, 0x0, 0xd, 0xff,
    0xf8, 0x1f, 0xff, 0xfd, 0x30, 0x0, 0x2, 0xcf,
    0xff, 0xf2, 0x7, 0xff, 0xff, 0xfc, 0xaa, 0xcf,
    0xff, 0xff, 0x80, 0x0, 0xaf, 0xff, 0xff, 0xff,
    0xff, 0xff, 0xfb, 0x0, 0x0, 0x6, 0xff, 0xff,
    0xff, 0xff, 0xff, 0x70, 0x0, 0x0, 0x0, 0x16,
    0xbd, 0xff, 0xdb, 0x61, 0x0, 0x0,

    /* U+00DC "Ü" */
    0x0, 0x0, 0x0, 0x0, 0x0, 0x0, 0x0, 0x0,
    0x0, 0x0, 0x0, 0x8f, 0xe4, 0x0, 0x3e, 0xf9,
    0x0, 0x0, 0x0, 0x1, 0xff, 0xfc, 0x0, 0xbf,
    0xff, 0x30, 0x0, 0x0, 0x1, 0xff, 0xfc, 0x0,
    0xbf, 0xff, 0x20, 0x0, 0x0, 0x0, 0x6e, 0xd3,
    0x0, 0x2d, 0xf7, 0x0, 0x0, 0x0, 0x0, 0x0,
    0x0, 0x0, 0x0, 0x0, 0x0, 0x0, 0x0, 0x0,
    0x0, 0x0, 0x0, 0x0, 0x0, 0x0, 0x0, 0x0,
    0x0, 0x0, 0x0, 0x0, 0x0, 0x0, 0x0, 0x0,
    0xcf, 0xff, 0x10, 0x0, 0x0, 0x0, 0x0, 0xff,
    0xfe, 0xcf, 0xff, 0x10, 0x0, 0x0, 0x0, 0x0,
    0xff, 0xfe, 0xcf, 0xff, 0x10, 0x0, 0x0, 0x0,
    0x0, 0xff, 0xfe, 0xcf, 0xff, 0x10, 0x0, 0x0,
    0x0, 0x0, 0xff, 0xfe, 0xcf, 0xff, 0x10, 0x0,
    0x0, 0x0, 0x0, 0xff, 0xfe, 0xcf, 0xff, 0x10,
    0x0, 0x0, 0x0, 0x0, 0xff, 0xfe, 0xcf, 0xff,
    0x10, 0x0, 0x0, 0x0, 0x0, 0xff, 0xfe, 0xcf,
    0xff, 0x10, 0x0, 0x0, 0x0, 0x0, 0xff, 0xfe,
    0xcf, 0xff, 0x10, 0x0, 0x0, 0x0, 0x0, 0xff,
    0xfe, 0xcf, 0xff, 0x10, 0x0, 0x0, 0x0, 0x0,
    0xff, 0xfe, 0xcf, 0xff, 0x10, 0x0, 0x0, 0x0,
    0x0, 0xff, 0xfe, 0xcf, 0xff, 0x10, 0x0, 0x0,
    0x0, 0x0, 0xff, 0xfe, 0xcf, 0xff, 0x10, 0x0,
    0x0, 0x0, 0x0, 0xff, 0xfe, 0xcf, 0xff, 0x10,
    0x0, 0x0, 0x0, 0x0, 0xff, 0xfe, 0xcf, 0xff,
    0x30, 0x0, 0x0, 0x0, 0x1, 0xff, 0xfd, 0xaf,
    0xff, 0x70, 0x0, 0x0, 0x0, 0x5, 0xff, 0xfc,
    0x7f, 0xff, 0xe1, 0x0, 0x0, 0x0, 0xd, 0xff,
    0xf8, 0x1f, 0xff, 0xfd, 0x30, 0x0, 0x2, 0xcf,
    0xff, 0xf2, 0x7, 0xff, 0xff, 0xfc, 0xaa, 0xcf,
    0xff, 0xff, 0x80, 0x0, 0xaf, 0xff, 0xff, 0xff,
    0xff, 0xff, 0xfb, 0x0, 0x0, 0x6, 0xff, 0xff,
    0xff, 0xff, 0xff, 0x70, 0x0, 0x0, 0x0, 0x16,
    0xbd, 0xff, 0xdb, 0x61, 0x0, 0x0,

    /* U+00DD "Ý" */
    0x0, 0x0, 0x0, 0x0, 0x0, 0xe, 0xff, 0xa0,
    0x0, 0x0, 0x0, 0x0, 0x0, 0x0, 0x0, 0x5,
    0xff, 0xe1, 0x0, 0x0, 0x0, 0x0, 0x0, 0x0,
    0x0, 0x0, 0xcf, 0xf6, 0x0, 0x0, 0x0, 0x0,
    0x0, 0x0, 0x0, 0x0, 0x4f, 0xfb, 0x0, 0x0,
    0x0, 0x0, 0x0, 0x0, 0x0, 0x0, 0x5, 0x99,
    0x20, 0x0, 0x0, 0x0, 0x0, 0x0, 0x0, 0x0,
    0x0, 0x0, 0x0, 0x0, 0x0, 0x0, 0x0, 0x0,
    0x0, 0x0, 0x0, 0x0, 0x0, 0x0, 0x0, 0x0,
    0x0, 0x0, 0xef, 0xff, 0x90, 0x0, 0x0, 0x0,
    0x0, 0x2f, 0xff, 0xf6, 0x5, 0xff, 0xff, 0x20,
    0x0, 0x0, 0x0, 0xb, 0xff, 0xfc, 0x0, 0xc,
    0xff, 0xfb, 0x0, 0x0, 0x0, 0x4, 0xff, 0xff,
    0x30, 0x0, 0x2f, 0xff, 0xf4, 0x0, 0x0, 0x0,
    0xcf, 0xff, 0x90, 0x0, 0x0, 0x9f, 0xff, 0xd0,
    0x0, 0x0, 0x5f, 0xff, 0xe1, 0x0, 0x0, 0x1,
    0xef, 0xff, 0x60, 0x0, 0xe, 0xff, 0xf6, 0x0,
    0x0, 0x0, 0x6, 0xff, 0xfe, 0x0, 0x7, 0xff,
    0xfd, 0x0, 0x0, 0x0, 0x0, 0xc, 0xff, 0xf7,
    0x0, 0xef, 0xff, 0x30, 0x0, 0x0, 0x0, 0x0,
    0x3f, 0xff, 0xf1, 0x7f, 0xff, 0xa0, 0x0, 0x0,
    0x0, 0x0, 0x0, 0x9f, 0xff, 0x8e, 0xff, 0xf1,
    0x0, 0x0, 0x0, 0x0, 0x0, 0x1, 0xef, 0xff,
    0xff, 0xf7, 0x0, 0x0, 0x0, 0x0, 0x0, 0x0,
    0x6, 0xff, 0xff, 0xfd, 0x0, 0x0, 0x0, 0x0,
    0x0, 0x0, 0x0, 0xc, 0xff, 0xff, 0x40, 0x0,
    0x0, 0x0, 0x0, 0x0, 0x0, 0x0, 0x4f, 0xff,
    0xc0, 0x0, 0x0, 0x0, 0x0, 0x0, 0x0, 0x0,
    0x3, 0xff, 0xfb, 0x0, 0x0, 0x0, 0x0, 0x0,
    0x0, 0x0, 0x0, 0x3f, 0xff, 0xb0, 0x0, 0x0,
    0x0, 0x0, 0x0, 0x0, 0x0, 0x3, 0xff, 0xfb,
    0x0, 0x0, 0x0, 0x0, 0x0, 0x0, 0x0, 0x0,
    0x3f, 0xff, 0xb0, 0x0, 0x0, 0x0, 0x0, 0x0,
    0x0, 0x0, 0x3, 0xff, 0xfb, 0x0, 0x0, 0x0,
    0x0, 0x0, 0x0, 0x0, 0x0, 0x3f, 0xff, 0xb0,
    0x0, 0x0, 0x0, 0x0, 0x0, 0x0, 0x0, 0x3,
    0xff, 0xfb, 0x0, 0x0, 0x0, 0x0, 0x0, 0x0,
    0x0, 0x0, 0x3f, 0xff, 0xb0, 0x0, 0x0, 0x0,
    0x0,

    /* U+00DE "Þ" */
    0xef, 0xff, 0x0, 0x0, 0x0, 0x0, 0x0, 0x0,
    0xef, 0xff, 0x0, 0x0, 0x0, 0x0, 0x0, 0x0,
    0xef, 0xff, 0x0, 0x0, 0x0, 0x0, 0x0, 0x0,
    0xef, 0xff, 0x0, 0x0, 0x0, 0x0, 0x0, 0x0,
    0xef, 0xff, 0xff, 0xff, 0xed, 0x93, 0x0, 0x0,
    0xef, 0xff, 0xff, 0xff, 0xff, 0xff, 0xa1, 0x0,
    0xef, 0xff, 0xff, 0xff, 0xff, 0xff, 0xfd, 0x0,
    0xef, 0xff, 0x33, 0x33, 0x48, 0xff, 0xff, 0x90,
    0xef, 0xff, 0x0, 0x0, 0x0, 0x2f, 0xff, 0xf0,
    0xef, 0xff, 0x0, 0x0, 0x0, 0x8, 0xff, 0xf3,
    0xef, 0xff, 0x0, 0x0, 0x0, 0x5, 0xff, 0xf5,
    0xef, 0xff, 0x0, 0x0, 0x0, 0x7, 0xff, 0xf4,
    0xef, 0xff, 0x0, 0x0, 0x0, 0xd, 0xff, 0xf1,
    0xef, 0xff, 0x0, 0x0, 0x14, 0xcf, 0xff, 0xb0,
    0xef, 0xff, 0xff, 0xff, 0xff, 0xff, 0xfe, 0x20,
    0xef, 0xff, 0xff, 0xff, 0xff, 0xff, 0xd3, 0x0,
    0xef, 0xff, 0xff, 0xff, 0xff, 0xc7, 0x0, 0x0,
    0xef, 0xff, 0x33, 0x33, 0x10, 0x0, 0x0, 0x0,
    0xef, 0xff, 0x0, 0x0, 0x0, 0x0, 0x0, 0x0,
    0xef, 0xff, 0x0, 0x0, 0x0, 0x0, 0x0, 0x0,
    0xef, 0xff, 0x0, 0x0, 0x0, 0x0, 0x0, 0x0,
    0xef, 0xff, 0x0, 0x0, 0x0, 0x0, 0x0, 0x0,

    /* U+00DF "ß" */
    0x0, 0x3, 0x9d, 0xef, 0xeb, 0x71, 0x0, 0x0,
    0x0, 0x9f, 0xff, 0xff, 0xff, 0xff, 0x70, 0x0,
    0xa, 0xff, 0xff, 0xff, 0xff, 0xff, 0xf7, 0x0,
    0x3f, 0xff, 0xfe, 0x86, 0x8e, 0xff, 0xff, 0x10,
    0x9f, 0xff, 0xc0, 0x0, 0x1, 0xef, 0xff, 0x60,
    0xbf, 0xff, 0x30, 0x0, 0x0, 0x7f, 0xff, 0x80,
    0xcf, 0xff, 0x0, 0x0, 0x0, 0x5f, 0xff, 0x60,
    0xcf, 0xff, 0x0, 0x0, 0x0, 0xaf, 0xff, 0x20,
    0xcf, 0xff, 0x0, 0x0, 0x18, 0xff, 0xf8, 0x0,
    0xcf, 0xff, 0x0, 0x7f, 0xff, 0xfe, 0x60, 0x0,
    0xcf, 0xff, 0x0, 0x7f, 0xff, 0xfc, 0x81, 0x0,
    0xcf, 0xff, 0x0, 0x7f, 0xff, 0xff, 0xff, 0x40,
    0xcf, 0xff, 0x0, 0x13, 0x46, 0xcf, 0xff, 0xf1,
    0xcf, 0xff, 0x0, 0x0, 0x0, 0x9, 0xff, 0xf9,
    0xcf, 0xff, 0x0, 0x0, 0x0, 0x1, 0xff, 0xfd,
    0xcf, 0xff, 0x0, 0x0, 0x0, 0x0, 0xef, 0xff,
    0xcf, 0xff, 0x0, 0x0, 0x0, 0x1, 0xff, 0xfe,
    0xcf, 0xff, 0x0, 0x0, 0x0, 0x9, 0xff, 0xfb,
    0xcf, 0xff, 0x0, 0x25, 0x56, 0xcf, 0xff, 0xf5,
    0xcf, 0xff, 0x0, 0x8f, 0xff, 0xff, 0xff, 0xc0,
    0xcf, 0xff, 0x0, 0x8f, 0xff, 0xff, 0xfb, 0x10,
    0xcf, 0xff, 0x0, 0x8f, 0xff, 0xda, 0x50, 0x0,

    /* U+00E0 "à" */
    0x0, 0x8, 0xff, 0xf1, 0x0, 0x0, 0x0, 0x0,
    0x0, 0xd, 0xff, 0x80, 0x0, 0x0, 0x0, 0x0,
    0x0, 0x3f, 0xfe, 0x0, 0x0, 0x0, 0x0, 0x0,
    0x0, 0x9f, 0xf6, 0x0, 0x0, 0x0, 0x0, 0x0,
    0x0, 0x99, 0x70, 0x0, 0x0, 0x0, 0x0, 0x0,
    0x0, 0x0, 0x0, 0x0, 0x0, 0x0, 0x0, 0x0,
    0x0, 0x0, 0x0, 0x0, 0x0, 0x0, 0x17, 0xce,
    0xfe, 0xc8, 0x10, 0x0, 0x0, 0x6f, 0xff, 0xff,
    0xff, 0xff, 0x50, 0x0, 0x6f, 0xff, 0xff, 0xff,
    0xff, 0xff, 0x40, 0x1f, 0xff, 0xf8, 0x20, 0x19,
    0xff, 0xfc, 0x2, 0x8b, 0xe7, 0x0, 0x0, 0xc,
    0xff, 0xf1, 0x0, 0x0, 0x0, 0x0, 0x0, 0xaf,
    0xff, 0x20, 0x0, 0x0, 0x0, 0x2, 0x6e, 0xff,
    0xf3, 0x0, 0x5, 0x9c, 0xef, 0xff, 0xff, 0xff,
    0x30, 0x4e, 0xff, 0xff, 0xff, 0xff, 0xff, 0xf3,
    0x3f, 0xff, 0xfe, 0xb8, 0x52, 0x9f, 0xff, 0x3a,
    0xff, 0xf7, 0x0, 0x0, 0x9, 0xff, 0xf3, 0xdf,
    0xfe, 0x0, 0x0, 0x0, 0xbf, 0xff, 0x3d, 0xff,
    0xe0, 0x0, 0x0, 0x2f, 0xff, 0xf3, 0xaf, 0xff,
    0x91, 0x0, 0x5e, 0xff, 0xff, 0x34, 0xff, 0xff,
    0xfe, 0xff, 0xfc, 0xff, 0xf3, 0x8, 0xff, 0xff,
    0xff, 0xf8, 0x7f, 0xff, 0x30, 0x3, 0xae, 0xfe,
    0xb4, 0x7, 0xff, 0xf3,

    /* U+00E1 "á" */
    0x0, 0x0, 0x0, 0x2, 0xff, 0xf7, 0x0, 0x0,
    0x0, 0x0, 0x0, 0x9f, 0xfc, 0x0, 0x0, 0x0,
    0x0, 0x0, 0x1f, 0xff, 0x20, 0x0, 0x0, 0x0,
    0x0, 0x7, 0xff, 0x80, 0x0, 0x0, 0x0, 0x0,
    0x0, 0x79, 0x80, 0x0, 0x0, 0x0, 0x0, 0x0,
    0x0, 0x0, 0x0, 0x0, 0x0, 0x0, 0x0, 0x0,
    0x0, 0x0, 0x0, 0x0, 0x0, 0x0, 0x17, 0xce,
    0xfe, 0xc8, 0x10, 0x0, 0x0, 0x6f, 0xff, 0xff,
    0xff, 0xff, 0x50, 0x0, 0x6f, 0xff, 0xff, 0xff,
    0xff, 0xff, 0x40, 0x1f, 0xff, 0xf8, 0x20, 0x19,
    0xff, 0xfc, 0x2, 0x8b, 0xe7, 0x0, 0x0, 0xc,
    0xff, 0xf1, 0x0, 0x0, 0x0, 0x0, 0x0, 0xaf,
    0xff, 0x20, 0x0, 0x0, 0x0, 0x2, 0x6e, 0xff,
    0xf3, 0x0, 0x5, 0x9c, 0xef, 0xff, 0xff, 0xff,
    0x30, 0x4e, 0xff, 0xff, 0xff, 0xff, 0xff, 0xf3,
    0x3f, 0xff, 0xfe, 0xb8, 0x52, 0x9f, 0xff, 0x3a,
    0xff, 0xf7, 0x0, 0x0, 0x9, 0xff, 0xf3, 0xdf,
    0xfe, 0x0, 0x0, 0x0, 0xbf, 0xff, 0x3d, 0xff,
    0xe0, 0x0, 0x0, 0x2f, 0xff, 0xf3, 0xaf, 0xff,
    0x91, 0x0, 0x5e, 0xff, 0xff, 0x34, 0xff, 0xff,
    0xfe, 0xff, 0xfc, 0xff, 0xf3, 0x8, 0xff, 0xff,
    0xff, 0xf8, 0x7f, 0xff, 0x30, 0x3, 0xae, 0xfe,
    0xb4, 0x7, 0xff, 0xf3,

    /* U+00E2 "â" */
    0x0, 0x0, 0x8, 0xff, 0xf7, 0x0, 0x0, 0x0,
    0x0, 0x6, 0xff, 0xff, 0xf5, 0x0, 0x0, 0x0,
    0x5, 0xff, 0xe3, 0xef, 0xf3, 0x0, 0x0, 0x4,
    0xff, 0xf3, 0x3, 0xff, 0xe2, 0x0, 0x0, 0x78,
    0x84, 0x0, 0x5, 0x88, 0x60, 0x0, 0x0, 0x0,
    0x0, 0x0, 0x0, 0x0, 0x0, 0x0, 0x0, 0x0,
    0x0, 0x0, 0x0, 0x0, 0x0, 0x0, 0x17, 0xce,
    0xfe, 0xc8, 0x10, 0x0, 0x0, 0x6f, 0xff, 0xff,
    0xff, 0xff, 0x50, 0x0, 0x6f, 0xff, 0xff, 0xff,
    0xff, 0xff, 0x40, 0x1f, 0xff, 0xf8, 0x20, 0x19,
    0xff, 0xfc, 0x2, 0x8b, 0xe7, 0x0, 0x0, 0xc,
    0xff, 0xf1, 0x0, 0x0, 0x0, 0x0, 0x0, 0xaf,
    0xff, 0x20, 0x0, 0x0, 0x0, 0x2, 0x6e, 0xff,
    0xf3, 0x0, 0x5, 0x9c, 0xef, 0xff, 0xff, 0xff,
    0x30, 0x4e, 0xff, 0xff, 0xff, 0xff, 0xff, 0xf3,
    0x3f, 0xff, 0xfe, 0xb8, 0x52, 0x9f, 0xff, 0x3a,
    0xff, 0xf7, 0x0, 0x0, 0x9, 0xff, 0xf3, 0xdf,
    0xfe, 0x0, 0x0, 0x0, 0xbf, 0xff, 0x3d, 0xff,
    0xe0, 0x0, 0x0, 0x2f, 0xff, 0xf3, 0xaf, 0xff,
    0x91, 0x0, 0x5e, 0xff, 0xff, 0x34, 0xff, 0xff,
    0xfe, 0xff, 0xfc, 0xff, 0xf3, 0x8, 0xff, 0xff,
    0xff, 0xf8, 0x7f, 0xff, 0x30, 0x3, 0xae, 0xfe,
    0xb4, 0x7, 0xff, 0xf3,

    /* U+00E3 "ã" */
    0x0, 0x0, 0x14, 0x10, 0x0, 0x45, 0x10, 0x0,
    0x0, 0x5f, 0xff, 0xb3, 0x2f, 0xf2, 0x0, 0x0,
    0xe, 0xff, 0xff, 0xff, 0xfe, 0x0, 0x0, 0x3,
    0xff, 0x23, 0xcf, 0xff, 0x40, 0x0, 0x0, 0x15,
    0x40, 0x0, 0x24, 0x10, 0x0, 0x0, 0x0, 0x0,
    0x0, 0x0, 0x0, 0x0, 0x0, 0x0, 0x0, 0x0,
    0x0, 0x0, 0x0, 0x0, 0x0, 0x0, 0x17, 0xce,
    0xfe, 0xc8, 0x10, 0x0, 0x0, 0x6f, 0xff, 0xff,
    0xff, 0xff, 0x50, 0x0, 0x6f, 0xff, 0xff, 0xff,
    0xff, 0xff, 0x40, 0x1f, 0xff, 0xf8, 0x20, 0x19,
    0xff, 0xfc, 0x2, 0x8b, 0xe7, 0x0, 0x0, 0xc,
    0xff, 0xf1, 0x0, 0x0, 0x0, 0x0, 0x0, 0xaf,
    0xff, 0x20, 0x0, 0x0, 0x0, 0x2, 0x6e, 0xff,
    0xf3, 0x0, 0x5, 0x9c, 0xef, 0xff, 0xff, 0xff,
    0x30, 0x4e, 0xff, 0xff, 0xff, 0xff, 0xff, 0xf3,
    0x3f, 0xff, 0xfe, 0xb8, 0x52, 0x9f, 0xff, 0x3a,
    0xff, 0xf7, 0x0, 0x0, 0x9, 0xff, 0xf3, 0xdf,
    0xfe, 0x0, 0x0, 0x0, 0xbf, 0xff, 0x3d, 0xff,
    0xe0, 0x0, 0x0, 0x2f, 0xff, 0xf3, 0xaf, 0xff,
    0x91, 0x0, 0x5e, 0xff, 0xff, 0x34, 0xff, 0xff,
    0xfe, 0xff, 0xfc, 0xff, 0xf3, 0x8, 0xff, 0xff,
    0xff, 0xf8, 0x7f, 0xff, 0x30, 0x3, 0xae, 0xfe,
    0xb4, 0x7, 0xff, 0xf3,

    /* U+00E4 "ä" */
    0x0, 0x1c, 0xf8, 0x0, 0x8, 0xfc, 0x10, 0x0,
    0xa, 0xff, 0xf3, 0x4, 0xff, 0xf9, 0x0, 0x0,
    0xaf, 0xff, 0x30, 0x4f, 0xff, 0xa0, 0x0, 0x2,
    0xef, 0xa0, 0x0, 0xaf, 0xd2, 0x0, 0x0, 0x0,
    0x0, 0x0, 0x0, 0x0, 0x0, 0x0, 0x0, 0x0,
    0x0, 0x0, 0x0, 0x0, 0x0, 0x0, 0x0, 0x0,
    0x0, 0x0, 0x0, 0x0, 0x0, 0x0, 0x17, 0xce,
    0xfe, 0xc8, 0x10, 0x0, 0x0, 0x6f, 0xff, 0xff,
    0xff, 0xff, 0x50, 0x0, 0x6f, 0xff, 0xff, 0xff,
    0xff, 0xff, 0x40, 0x1f, 0xff, 0xf8, 0x20, 0x19,
    0xff, 0xfc, 0x2, 0x8b, 0xe7, 0x0, 0x0, 0xc,
    0xff, 0xf1, 0x0, 0x0, 0x0, 0x0, 0x0, 0xaf,
    0xff, 0x20, 0x0, 0x0, 0x0, 0x2, 0x6e, 0xff,
    0xf3, 0x0, 0x5, 0x9c, 0xef, 0xff, 0xff, 0xff,
    0x30, 0x4e, 0xff, 0xff, 0xff, 0xff, 0xff, 0xf3,
    0x3f, 0xff, 0xfe, 0xb8, 0x52, 0x9f, 0xff, 0x3a,
    0xff, 0xf7, 0x0, 0x0, 0x9, 0xff, 0xf3, 0xdf,
    0xfe, 0x0, 0x0, 0x0, 0xbf, 0xff, 0x3d, 0xff,
    0xe0, 0x0, 0x0, 0x2f, 0xff, 0xf3, 0xaf, 0xff,
    0x91, 0x0, 0x5e, 0xff, 0xff, 0x34, 0xff, 0xff,
    0xfe, 0xff, 0xfc, 0xff, 0xf3, 0x8, 0xff, 0xff,
    0xff, 0xf8, 0x7f, 0xff, 0x30, 0x3, 0xae, 0xfe,
    0xb4, 0x7, 0xff, 0xf3,

    /* U+00E5 "å" */
    0x0, 0x0, 0x6, 0xdf, 0xd6, 0x0, 0x0, 0x0,
    0x0, 0x9, 0xff, 0xff, 0xf8, 0x0, 0x0, 0x0,
    0x2, 0xff, 0x60, 0x6f, 0xf2, 0x0, 0x0, 0x0,
    0x6f, 0xc0, 0x0, 0xdf, 0x60, 0x0, 0x0, 0x6,
    0xfc, 0x0, 0xd, 0xf6, 0x0, 0x0, 0x0, 0x2f,
    0xf6, 0x6, 0xff, 0x20, 0x0, 0x0, 0x0, 0x9f,
    0xff, 0xff, 0x80, 0x0, 0x0, 0x0, 0x0, 0x6d,
    0xfd, 0x60, 0x0, 0x0, 0x0, 0x0, 0x0, 0x0,
    0x0, 0x0, 0x0, 0x0, 0x0, 0x17, 0xce, 0xfe,
    0xc8, 0x10, 0x0, 0x0, 0x6f, 0xff, 0xff, 0xff,
    0xff, 0x50, 0x0, 0x6f, 0xff, 0xff, 0xff, 0xff,
    0xff, 0x40, 0x1f, 0xff, 0xf8, 0x20, 0x19, 0xff,
    0xfc, 0x2, 0x8b, 0xe7, 0x0, 0x0, 0xc, 0xff,
    0xf1, 0x0, 0x0, 0x0, 0x0, 0x0, 0xaf, 0xff,
    0x20, 0x0, 0x0, 0x0, 0x2, 0x6e, 0xff, 0xf3,
    0x0, 0x5, 0x9c, 0xef, 0xff, 0xff, 0xff, 0x30,
    0x4e, 0xff, 0xff, 0xff, 0xff, 0xff, 0xf3, 0x3f,
    0xff, 0xfe, 0xb8, 0x52, 0x9f, 0xff, 0x3a, 0xff,
    0xf7, 0x0, 0x0, 0x9, 0xff, 0xf3, 0xdf, 0xfe,
    0x0, 0x0, 0x0, 0xbf, 0xff, 0x3d, 0xff, 0xe0,
    0x0, 0x0, 0x2f, 0xff, 0xf3, 0xaf, 0xff, 0x91,
    0x0, 0x5e, 0xff, 0xff, 0x34, 0xff, 0xff, 0xfe,
    0xff, 0xfc, 0xff, 0xf3, 0x8, 0xff, 0xff, 0xff,
    0xf8, 0x7f, 0xff, 0x30, 0x3, 0xae, 0xfe, 0xb4,
    0x7, 0xff, 0xf3,

    /* U+00E6 "æ" */
    0x0, 0x1, 0x7c, 0xef, 0xeb, 0x60, 0x0, 0x4a,
    0xef, 0xec, 0x71, 0x0, 0x0, 0x0, 0x6f, 0xff,
    0xff, 0xff, 0xfc, 0x1b, 0xff, 0xff, 0xff, 0xff,
    0x40, 0x0, 0x6, 0xff, 0xff, 0xff, 0xff, 0xff,
    0xff, 0xff, 0xff, 0xff, 0xff, 0xf4, 0x0, 0x1f,
    0xff, 0xf9, 0x31, 0x2a, 0xff, 0xff, 0xfb, 0x41,
    0x28, 0xff, 0xfe, 0x0, 0x29, 0xcf, 0x70, 0x0,
    0x0, 0xdf, 0xff, 0xa0, 0x0, 0x0, 0x6f, 0xff,
    0x70, 0x0, 0x0, 0x0, 0x0, 0x0, 0xaf, 0xff,
    0x10, 0x0, 0x0, 0xe, 0xff, 0xc0, 0x0, 0x0,
    0x0, 0x0, 0x0, 0x9f, 0xff, 0x0, 0x0, 0x0,
    0xa, 0xff, 0xf0, 0x0, 0x5, 0xad, 0xff, 0xff,
    0xff, 0xff, 0xff, 0xff, 0xff, 0xff, 0xff, 0xf1,
    0x3, 0xef, 0xff, 0xff, 0xff, 0xff, 0xff, 0xff,
    0xff, 0xff, 0xff, 0xff, 0xf2, 0x2f, 0xff, 0xff,
    0xba, 0xaa, 0xff, 0xff, 0xaa, 0xaa, 0xaa, 0xaa,
    0xaa, 0xa1, 0x9f, 0xff, 0x80, 0x0, 0x0, 0x9f,
    0xfe, 0x0, 0x0, 0x0, 0x0, 0x0, 0x0, 0xdf,
    0xfe, 0x0, 0x0, 0x0, 0xcf, 0xff, 0x20, 0x0,
    0x0, 0x1, 0x0, 0x0, 0xdf, 0xff, 0x0, 0x0,
    0x4, 0xff, 0xff, 0xb0, 0x0, 0x0, 0x1e, 0xfe,
    0x90, 0xbf, 0xff, 0xb3, 0x12, 0x8f, 0xff, 0xff,
    0xfc, 0x41, 0x25, 0xef, 0xff, 0x70, 0x4f, 0xff,
    0xff, 0xff, 0xff, 0xfa, 0xdf, 0xff, 0xff, 0xff,
    0xff, 0xfc, 0x0, 0x8, 0xff, 0xff, 0xff, 0xff,
    0x70, 0x1c, 0xff, 0xff, 0xff, 0xff, 0xb1, 0x0,
    0x0, 0x3a, 0xef, 0xec, 0x82, 0x0, 0x0, 0x5a,
    0xef, 0xfd, 0x94, 0x0, 0x0,

    /* U+00E7 "ç" */
    0x0, 0x0, 0x39, 0xdf, 0xfe, 0xa4, 0x0, 0x0,
    0x0, 0x8, 0xff, 0xff, 0xff, 0xff, 0xc1, 0x0,
    0x0, 0xaf, 0xff, 0xff, 0xff, 0xff, 0xfd, 0x0,
    0x6, 0xff, 0xff, 0x94, 0x37, 0xef, 0xff, 0x80,
    0xe, 0xff, 0xf6, 0x0, 0x0, 0x2f, 0xff, 0xf0,
    0x4f, 0xff, 0xc0, 0x0, 0x0, 0x8, 0xc8, 0x50,
    0x8f, 0xff, 0x70, 0x0, 0x0, 0x0, 0x0, 0x0,
    0x9f, 0xff, 0x40, 0x0, 0x0, 0x0, 0x0, 0x0,
    0xaf, 0xff, 0x30, 0x0, 0x0, 0x0, 0x0, 0x0,
    0x9f, 0xff, 0x40, 0x0, 0x0, 0x0, 0x0, 0x0,
    0x8f, 0xff, 0x70, 0x0, 0x0, 0x0, 0x0, 0x0,
    0x4f, 0xff, 0xc0, 0x0, 0x0, 0x8, 0xea, 0x71,
    0xe, 0xff, 0xf6, 0x0, 0x0, 0x2f, 0xff, 0xf0,
    0x6, 0xff, 0xff, 0x94, 0x37, 0xef, 0xff, 0x80,
    0x0, 0xaf, 0xff, 0xff, 0xff, 0xff, 0xfd, 0x0,
    0x0, 0x8, 0xff, 0xff, 0xff, 0xff, 0xb1, 0x0,
    0x0, 0x0, 0x39, 0xdf, 0xfe, 0xa4, 0x0, 0x0,
    0x0, 0x0, 0x0, 0xe, 0xe0, 0x0, 0x0, 0x0,
    0x0, 0x0, 0x0, 0xf, 0xff, 0xa1, 0x0, 0x0,
    0x0, 0x0, 0x0, 0x5, 0x6d, 0xf8, 0x0, 0x0,
    0x0, 0x0, 0x0, 0x0, 0x9, 0xfa, 0x0, 0x0,
    0x0, 0x0, 0x0, 0x7b, 0xcf, 0xf7, 0x0, 0x0,
    0x0, 0x0, 0x0, 0xaf, 0xfe, 0x90, 0x0, 0x0,

    /* U+00E8 "è" */
    0x0, 0x1, 0xff, 0xf8, 0x0, 0x0, 0x0, 0x0,
    0x0, 0x0, 0x6f, 0xff, 0x0, 0x0, 0x0, 0x0,
    0x0, 0x0, 0xc, 0xff, 0x60, 0x0, 0x0, 0x0,
    0x0, 0x0, 0x2, 0xff, 0xd0, 0x0, 0x0, 0x0,
    0x0, 0x0, 0x0, 0x59, 0x92, 0x0, 0x0, 0x0,
    0x0, 0x0, 0x0, 0x0, 0x0, 0x0, 0x0, 0x0,
    0x0, 0x0, 0x0, 0x0, 0x0, 0x0, 0x0, 0x0,
    0x0, 0x0, 0x39, 0xdf, 0xfd, 0x93, 0x0, 0x0,
    0x0, 0x9, 0xff, 0xff, 0xff, 0xff, 0x90, 0x0,
    0x0, 0xaf, 0xff, 0xff, 0xff, 0xff, 0xfa, 0x0,
    0x6, 0xff, 0xfe, 0x62, 0x25, 0xef, 0xff, 0x50,
    0xe, 0xff, 0xe1, 0x0, 0x0, 0x2f, 0xff, 0xd0,
    0x4f, 0xff, 0x70, 0x0, 0x0, 0x9, 0xff, 0xf1,
    0x8f, 0xff, 0x20, 0x0, 0x0, 0x4, 0xff, 0xf5,
    0x9f, 0xff, 0xff, 0xff, 0xff, 0xff, 0xff, 0xf6,
    0xaf, 0xff, 0xff, 0xff, 0xff, 0xff, 0xff, 0xf7,
    0x9f, 0xff, 0xca, 0xaa, 0xaa, 0xaa, 0xaa, 0xa5,
    0x8f, 0xff, 0x30, 0x0, 0x0, 0x0, 0x0, 0x0,
    0x4f, 0xff, 0x80, 0x0, 0x0, 0x0, 0x0, 0x0,
    0xe, 0xff, 0xf2, 0x0, 0x0, 0xa, 0xfb, 0x81,
    0x6, 0xff, 0xfe, 0x72, 0x14, 0xbf, 0xff, 0xd0,
    0x0, 0xbf, 0xff, 0xff, 0xff, 0xff, 0xff, 0x30,
    0x0, 0x9, 0xff, 0xff, 0xff, 0xff, 0xe3, 0x0,
    0x0, 0x0, 0x39, 0xdf, 0xfe, 0xb6, 0x0, 0x0,

    /* U+00E9 "é" */
    0x0, 0x0, 0x0, 0x0, 0xbf, 0xfd, 0x0, 0x0,
    0x0, 0x0, 0x0, 0x2, 0xff, 0xf4, 0x0, 0x0,
    0x0, 0x0, 0x0, 0x9, 0xff, 0x90, 0x0, 0x0,
    0x0, 0x0, 0x0, 0x1f, 0xfe, 0x0, 0x0, 0x0,
    0x0, 0x0, 0x0, 0x39, 0x94, 0x0, 0x0, 0x0,
    0x0, 0x0, 0x0, 0x0, 0x0, 0x0, 0x0, 0x0,
    0x0, 0x0, 0x0, 0x0, 0x0, 0x0, 0x0, 0x0,
    0x0, 0x0, 0x39, 0xdf, 0xfd, 0x93, 0x0, 0x0,
    0x0, 0x9, 0xff, 0xff, 0xff, 0xff, 0x90, 0x0,
    0x0, 0xaf, 0xff, 0xff, 0xff, 0xff, 0xfa, 0x0,
    0x6, 0xff, 0xfe, 0x62, 0x25, 0xef, 0xff, 0x50,
    0xe, 0xff, 0xe1, 0x0, 0x0, 0x2f, 0xff, 0xd0,
    0x4f, 0xff, 0x70, 0x0, 0x0, 0x9, 0xff, 0xf1,
    0x8f, 0xff, 0x20, 0x0, 0x0, 0x4, 0xff, 0xf5,
    0x9f, 0xff, 0xff, 0xff, 0xff, 0xff, 0xff, 0xf6,
    0xaf, 0xff, 0xff, 0xff, 0xff, 0xff, 0xff, 0xf7,
    0x9f, 0xff, 0xca, 0xaa, 0xaa, 0xaa, 0xaa, 0xa5,
    0x8f, 0xff, 0x30, 0x0, 0x0, 0x0, 0x0, 0x0,
    0x4f, 0xff, 0x80, 0x0, 0x0, 0x0, 0x0, 0x0,
    0xe, 0xff, 0xf2, 0x0, 0x0, 0xa, 0xfb, 0x81,
    0x6, 0xff, 0xfe, 0x72, 0x14, 0xbf, 0xff, 0xd0,
    0x0, 0xbf, 0xff, 0xff, 0xff, 0xff, 0xff, 0x30,
    0x0, 0x9, 0xff, 0xff, 0xff, 0xff, 0xe3, 0x0,
    0x0, 0x0, 0x39, 0xdf, 0xfe, 0xb6, 0x0, 0x0,

    /* U+00EA "ê" */
    0x0, 0x0, 0x2, 0xef, 0xfd, 0x10, 0x0, 0x0,
    0x0, 0x0, 0x1d, 0xff, 0xff, 0xc0, 0x0, 0x0,
    0x0, 0x0, 0xdf, 0xf7, 0x9f, 0xfa, 0x0, 0x0,
    0x0, 0xc, 0xff, 0xa0, 0xc, 0xff, 0x80, 0x0,
    0x0, 0x38, 0x87, 0x0, 0x1, 0x78, 0x71, 0x0,
    0x0, 0x0, 0x0, 0x0, 0x0, 0x0, 0x0, 0x0,
    0x0, 0x0, 0x0, 0x0, 0x0, 0x0, 0x0, 0x0,
    0x0, 0x0, 0x39, 0xdf, 0xfd, 0x93, 0x0, 0x0,
    0x0, 0x9, 0xff, 0xff, 0xff, 0xff, 0x90, 0x0,
    0x0, 0xaf, 0xff, 0xff, 0xff, 0xff, 0xfa, 0x0,
    0x6, 0xff, 0xfe, 0x62, 0x25, 0xef, 0xff, 0x50,
    0xe, 0xff, 0xe1, 0x0, 0x0, 0x2f, 0xff, 0xd0,
    0x4f, 0xff, 0x70, 0x0, 0x0, 0x9, 0xff, 0xf1,
    0x8f, 0xff, 0x20, 0x0, 0x0, 0x4, 0xff, 0xf5,
    0x9f, 0xff, 0xff, 0xff, 0xff, 0xff, 0xff, 0xf6,
    0xaf, 0xff, 0xff, 0xff, 0xff, 0xff, 0xff, 0xf7,
    0x9f, 0xff, 0xca, 0xaa, 0xaa, 0xaa, 0xaa, 0xa5,
    0x8f, 0xff, 0x30, 0x0, 0x0, 0x0, 0x0, 0x0,
    0x4f, 0xff, 0x80, 0x0, 0x0, 0x0, 0x0, 0x0,
    0xe, 0xff, 0xf2, 0x0, 0x0, 0xa, 0xfb, 0x81,
    0x6, 0xff, 0xfe, 0x72, 0x14, 0xbf, 0xff, 0xd0,
    0x0, 0xbf, 0xff, 0xff, 0xff, 0xff, 0xff, 0x30,
    0x0, 0x9, 0xff, 0xff, 0xff, 0xff, 0xe3, 0x0,
    0x0, 0x0, 0x39, 0xdf, 0xfe, 0xb6, 0x0, 0x0,

    /* U+00EB "ë" */
    0x0, 0x7, 0xfc, 0x20, 0x3, 0xde, 0x60, 0x0,
    0x0, 0x2f, 0xff, 0xa0, 0xc, 0xff, 0xf1, 0x0,
    0x0, 0x3f, 0xff, 0xb0, 0xd, 0xff, 0xf1, 0x0,
    0x0, 0x9, 0xfe, 0x30, 0x4, 0xff, 0x70, 0x0,
    0x0, 0x0, 0x0, 0x0, 0x0, 0x0, 0x0, 0x0,
    0x0, 0x0, 0x0, 0x0, 0x0, 0x0, 0x0, 0x0,
    0x0, 0x0, 0x0, 0x0, 0x0, 0x0, 0x0, 0x0,
    0x0, 0x0, 0x39, 0xdf, 0xfd, 0x93, 0x0, 0x0,
    0x0, 0x9, 0xff, 0xff, 0xff, 0xff, 0x90, 0x0,
    0x0, 0xaf, 0xff, 0xff, 0xff, 0xff, 0xfa, 0x0,
    0x6, 0xff, 0xfe, 0x62, 0x25, 0xef, 0xff, 0x50,
    0xe, 0xff, 0xe1, 0x0, 0x0, 0x2f, 0xff, 0xd0,
    0x4f, 0xff, 0x70, 0x0, 0x0, 0x9, 0xff, 0xf1,
    0x8f, 0xff, 0x20, 0x0, 0x0, 0x4, 0xff, 0xf5,
    0x9f, 0xff, 0xff, 0xff, 0xff, 0xff, 0xff, 0xf6,
    0xaf, 0xff, 0xff, 0xff, 0xff, 0xff, 0xff, 0xf7,
    0x9f, 0xff, 0xca, 0xaa, 0xaa, 0xaa, 0xaa, 0xa5,
    0x8f, 0xff, 0x30, 0x0, 0x0, 0x0, 0x0, 0x0,
    0x4f, 0xff, 0x80, 0x0, 0x0, 0x0, 0x0, 0x0,
    0xe, 0xff, 0xf2, 0x0, 0x0, 0xa, 0xfb, 0x81,
    0x6, 0xff, 0xfe, 0x72, 0x14, 0xbf, 0xff, 0xd0,
    0x0, 0xbf, 0xff, 0xff, 0xff, 0xff, 0xff, 0x30,
    0x0, 0x9, 0xff, 0xff, 0xff, 0xff, 0xe3, 0x0,
    0x0, 0x0, 0x39, 0xdf, 0xfe, 0xb6, 0x0, 0x0,

    /* U+00EC "ì" */
    0x19, 0x99, 0x40, 0x0, 0xaf, 0xfc, 0x0, 0x1,
    0xef, 0xf4, 0x0, 0x6, 0xff, 0xb0, 0x0, 0xb,
    0xff, 0x20, 0x0, 0x0, 0x0, 0x0, 0x0, 0x0,
    0x0, 0x0, 0xff, 0xfd, 0x0, 0xf, 0xff, 0xd0,
    0x0, 0xff, 0xfd, 0x0, 0xf, 0xff, 0xd0, 0x0,
    0xff, 0xfd, 0x0, 0xf, 0xff, 0xd0, 0x0, 0xff,
    0xfd, 0x0, 0xf, 0xff, 0xd0, 0x0, 0xff, 0xfd,
    0x0, 0xf, 0xff, 0xd0, 0x0, 0xff, 0xfd, 0x0,
    0xf, 0xff, 0xd0, 0x0, 0xff, 0xfd, 0x0, 0xf,
    0xff, 0xd0, 0x0, 0xff, 0xfd, 0x0, 0xf, 0xff,
    0xd0, 0x0, 0xff, 0xfd,

    /* U+00ED "í" */
    0x0, 0x59, 0x99, 0x0, 0xe, 0xff, 0x80, 0x6,
    0xff, 0xd0, 0x0, 0xdf, 0xf3, 0x0, 0x4f, 0xf9,
    0x0, 0x0, 0x0, 0x0, 0x0, 0x0, 0x0, 0x0,
    0xf, 0xff, 0xd0, 0x0, 0xff, 0xfd, 0x0, 0xf,
    0xff, 0xd0, 0x0, 0xff, 0xfd, 0x0, 0xf, 0xff,
    0xd0, 0x0, 0xff, 0xfd, 0x0, 0xf, 0xff, 0xd0,
    0x0, 0xff, 0xfd, 0x0, 0xf, 0xff, 0xd0, 0x0,
    0xff, 0xfd, 0x0, 0xf, 0xff, 0xd0, 0x0, 0xff,
    0xfd, 0x0, 0xf, 0xff, 0xd0, 0x0, 0xff, 0xfd,
    0x0, 0xf, 0xff, 0xd0, 0x0, 0xff, 0xfd, 0x0,
    0xf, 0xff, 0xd0, 0x0,

    /* U+00EE "î" */
    0x0, 0x0, 0x68, 0x85, 0x0, 0x0, 0x0, 0x8,
    0xff, 0xff, 0x50, 0x0, 0x0, 0x6f, 0xfc, 0xef,
    0xf4, 0x0, 0x5, 0xff, 0xe1, 0x3f, 0xff, 0x20,
    0x4f, 0xff, 0x30, 0x6, 0xff, 0xe1, 0x0, 0x0,
    0x0, 0x0, 0x0, 0x0, 0x0, 0x0, 0x0, 0x0,
    0x0, 0x0, 0x0, 0x0, 0xff, 0xfd, 0x0, 0x0,
    0x0, 0x0, 0xff, 0xfd, 0x0, 0x0, 0x0, 0x0,
    0xff, 0xfd, 0x0, 0x0, 0x0, 0x0, 0xff, 0xfd,
    0x0, 0x0, 0x0, 0x0, 0xff, 0xfd, 0x0, 0x0,
    0x0, 0x0, 0xff, 0xfd, 0x0, 0x0, 0x0, 0x0,
    0xff, 0xfd, 0x0, 0x0, 0x0, 0x0, 0xff, 0xfd,
    0x0, 0x0, 0x0, 0x0, 0xff, 0xfd, 0x0, 0x0,
    0x0, 0x0, 0xff, 0xfd, 0x0, 0x0, 0x0, 0x0,
    0xff, 0xfd, 0x0, 0x0, 0x0, 0x0, 0xff, 0xfd,
    0x0, 0x0, 0x0, 0x0, 0xff, 0xfd, 0x0, 0x0,
    0x0, 0x0, 0xff, 0xfd, 0x0, 0x0, 0x0, 0x0,
    0xff, 0xfd, 0x0, 0x0, 0x0, 0x0, 0xff, 0xfd,
    0x0, 0x0, 0x0, 0x0, 0xff, 0xfd, 0x0, 0x0,

    /* U+00EF "ï" */
    0x0, 0x0, 0x0, 0x0, 0x0, 0x0, 0x9, 0xfe,
    0x20, 0x4, 0xff, 0x70, 0x3f, 0xff, 0xa0, 0xd,
    0xff, 0xf1, 0x2f, 0xff, 0xa0, 0xd, 0xff, 0xf0,
    0x8, 0xfc, 0x20, 0x3, 0xde, 0x60, 0x0, 0x0,
    0x0, 0x0, 0x0, 0x0, 0x0, 0x0, 0x0, 0x0,
    0x0, 0x0, 0x0, 0x0, 0xff, 0xfd, 0x0, 0x0,
    0x0, 0x0, 0xff, 0xfd, 0x0, 0x0, 0x0, 0x0,
    0xff, 0xfd, 0x0, 0x0, 0x0, 0x0, 0xff, 0xfd,
    0x0, 0x0, 0x0, 0x0, 0xff, 0xfd, 0x0, 0x0,
    0x0, 0x0, 0xff, 0xfd, 0x0, 0x0, 0x0, 0x0,
    0xff, 0xfd, 0x0, 0x0, 0x0, 0x0, 0xff, 0xfd,
    0x0, 0x0, 0x0, 0x0, 0xff, 0xfd, 0x0, 0x0,
    0x0, 0x0, 0xff, 0xfd, 0x0, 0x0, 0x0, 0x0,
    0xff, 0xfd, 0x0, 0x0, 0x0, 0x0, 0xff, 0xfd,
    0x0, 0x0, 0x0, 0x0, 0xff, 0xfd, 0x0, 0x0,
    0x0, 0x0, 0xff, 0xfd, 0x0, 0x0, 0x0, 0x0,
    0xff, 0xfd, 0x0, 0x0, 0x0, 0x0, 0xff, 0xfd,
    0x0, 0x0, 0x0, 0x0, 0xff, 0xfd, 0x0, 0x0,

    /* U+00F0 "ð" */
    0x0, 0x0, 0x0, 0x0, 0x0, 0x0, 0x0, 0x0,
    0x0, 0x5, 0xc5, 0x0, 0x0, 0x0, 0x30, 0x0,
    0x0, 0xa, 0xff, 0xd5, 0x0, 0x6e, 0xc0, 0x0,
    0x0, 0x5, 0xef, 0xff, 0xfe, 0xff, 0xb0, 0x0,
    0x0, 0x0, 0x8, 0xff, 0xff, 0xe4, 0x0, 0x0,
    0x0, 0x0, 0x4d, 0xff, 0xff, 0xe2, 0x0, 0x0,
    0x0, 0xb, 0xff, 0xd6, 0xdf, 0xfe, 0x10, 0x0,
    0x0, 0xb, 0xd5, 0x0, 0x1e, 0xff, 0xb0, 0x0,
    0x0, 0x2, 0x0, 0x0, 0x2, 0xff, 0xf6, 0x0,
    0x0, 0x0, 0x8d, 0xff, 0xb4, 0x6f, 0xfe, 0x0,
    0x0, 0x2d, 0xff, 0xff, 0xff, 0x9d, 0xff, 0x60,
    0x1, 0xef, 0xff, 0xeb, 0xbe, 0xfe, 0xff, 0xb0,
    0x9, 0xff, 0xf9, 0x0, 0x1, 0xbf, 0xff, 0xf0,
    0x1f, 0xff, 0xc0, 0x0, 0x0, 0xe, 0xff, 0xf4,
    0x6f, 0xff, 0x50, 0x0, 0x0, 0x7, 0xff, 0xf5,
    0x9f, 0xff, 0x10, 0x0, 0x0, 0x3, 0xff, 0xf7,
    0xaf, 0xff, 0x0, 0x0, 0x0, 0x1, 0xff, 0xf7,
    0xaf, 0xff, 0x0, 0x0, 0x0, 0x2, 0xff, 0xf6,
    0x8f, 0xff, 0x30, 0x0, 0x0, 0x4, 0xff, 0xf4,
    0x5f, 0xff, 0x80, 0x0, 0x0, 0x9, 0xff, 0xf0,
    0xf, 0xff, 0xf2, 0x0, 0x0, 0x3f, 0xff, 0xb0,
    0x8, 0xff, 0xfe, 0x62, 0x37, 0xff, 0xff, 0x30,
    0x0, 0xcf, 0xff, 0xff, 0xff, 0xff, 0xf7, 0x0,
    0x0, 0xa, 0xff, 0xff, 0xff, 0xff, 0x70, 0x0,
    0x0, 0x0, 0x4a, 0xef, 0xfd, 0x92, 0x0, 0x0,

    /* U+00F1 "ñ" */
    0x0, 0x0, 0x23, 0x0, 0x1, 0x54, 0x0, 0x0,
    0x0, 0x9f, 0xff, 0x81, 0x7f, 0xd0, 0x0, 0x0,
    0x4f, 0xff, 0xff, 0xff, 0xf9, 0x0, 0x0, 0x8,
    0xfd, 0x16, 0xef, 0xfd, 0x10, 0x0, 0x0, 0x35,
    0x30, 0x0, 0x34, 0x0, 0x0, 0x0, 0x0, 0x0,
    0x0, 0x0, 0x0, 0x0, 0x0, 0x0, 0x0, 0x0,
    0x0, 0x0, 0x0, 0x0, 0xf, 0xff, 0xa0, 0x19,
    0xdf, 0xeb, 0x50, 0x0, 0xff, 0xfa, 0x2e, 0xff,
    0xff, 0xff, 0x90, 0xf, 0xff, 0xad, 0xff, 0xff,
    0xff, 0xff, 0x50, 0xff, 0xff, 0xfa, 0x32, 0x5e,
    0xff, 0xfd, 0xf, 0xff, 0xf9, 0x0, 0x0, 0x2f,
    0xff, 0xf2, 0xff, 0xff, 0x10, 0x0, 0x0, 0xaf,
    0xff, 0x4f, 0xff, 0xe0, 0x0, 0x0, 0x8, 0xff,
    0xf5, 0xff, 0xfd, 0x0, 0x0, 0x0, 0x7f, 0xff,
    0x5f, 0xff, 0xd0, 0x0, 0x0, 0x7, 0xff, 0xf5,
    0xff, 0xfd, 0x0, 0x0, 0x0, 0x7f, 0xff, 0x5f,
    0xff, 0xd0, 0x0, 0x0, 0x7, 0xff, 0xf5, 0xff,
    0xfd, 0x0, 0x0, 0x0, 0x7f, 0xff, 0x5f, 0xff,
    0xd0, 0x0, 0x0, 0x7, 0xff, 0xf5, 0xff, 0xfd,
    0x0, 0x0, 0x0, 0x7f, 0xff, 0x5f, 0xff, 0xd0,
    0x0, 0x0, 0x7, 0xff, 0xf5, 0xff, 0xfd, 0x0,
    0x0, 0x0, 0x7f, 0xff, 0x5f, 0xff, 0xd0, 0x0,
    0x0, 0x7, 0xff, 0xf5,

    /* U+00F2 "ò" */
    0x0, 0x0, 0xdf, 0xfb, 0x0, 0x0, 0x0, 0x0,
    0x0, 0x0, 0x3f, 0xff, 0x20, 0x0, 0x0, 0x0,
    0x0, 0x0, 0x9, 0xff, 0x90, 0x0, 0x0, 0x0,
    0x0, 0x0, 0x0, 0xef, 0xf1, 0x0, 0x0, 0x0,
    0x0, 0x0, 0x0, 0x49, 0x93, 0x0, 0x0, 0x0,
    0x0, 0x0, 0x0, 0x0, 0x0, 0x0, 0x0, 0x0,
    0x0, 0x0, 0x0, 0x0, 0x0, 0x0, 0x0, 0x0,
    0x0, 0x0, 0x39, 0xdf, 0xfe, 0xa5, 0x0, 0x0,
    0x0, 0x8, 0xff, 0xff, 0xff, 0xff, 0xb1, 0x0,
    0x0, 0xaf, 0xff, 0xff, 0xff, 0xff, 0xfd, 0x10,
    0x6, 0xff, 0xff, 0x94, 0x37, 0xef, 0xff, 0xa0,
    0xe, 0xff, 0xf5, 0x0, 0x0, 0x2f, 0xff, 0xf2,
    0x4f, 0xff, 0xc0, 0x0, 0x0, 0x7, 0xff, 0xf8,
    0x8f, 0xff, 0x60, 0x0, 0x0, 0x2, 0xff, 0xfc,
    0x9f, 0xff, 0x40, 0x0, 0x0, 0x0, 0xff, 0xfd,
    0xaf, 0xff, 0x30, 0x0, 0x0, 0x0, 0xef, 0xff,
    0x9f, 0xff, 0x40, 0x0, 0x0, 0x0, 0xff, 0xfd,
    0x8f, 0xff, 0x60, 0x0, 0x0, 0x2, 0xff, 0xfc,
    0x4f, 0xff, 0xc0, 0x0, 0x0, 0x7, 0xff, 0xf8,
    0xe, 0xff, 0xf5, 0x0, 0x0, 0x2f, 0xff, 0xf2,
    0x6, 0xff, 0xff, 0x94, 0x37, 0xef, 0xff, 0xa0,
    0x0, 0xaf, 0xff, 0xff, 0xff, 0xff, 0xfd, 0x10,
    0x0, 0x8, 0xff, 0xff, 0xff, 0xff, 0xb1, 0x0,
    0x0, 0x0, 0x39, 0xdf, 0xfe, 0xa5, 0x0, 0x0,

    /* U+00F3 "ó" */
    0x0, 0x0, 0x0, 0x0, 0x8f, 0xff, 0x20, 0x0,
    0x0, 0x0, 0x0, 0x0, 0xef, 0xf6, 0x0, 0x0,
    0x0, 0x0, 0x0, 0x6, 0xff, 0xc0, 0x0, 0x0,
    0x0, 0x0, 0x0, 0xd, 0xff, 0x20, 0x0, 0x0,
    0x0, 0x0, 0x0, 0x19, 0x95, 0x0, 0x0, 0x0,
    0x0, 0x0, 0x0, 0x0, 0x0, 0x0, 0x0, 0x0,
    0x0, 0x0, 0x0, 0x0, 0x0, 0x0, 0x0, 0x0,
    0x0, 0x0, 0x39, 0xdf, 0xfe, 0xa5, 0x0, 0x0,
    0x0, 0x8, 0xff, 0xff, 0xff, 0xff, 0xb1, 0x0,
    0x0, 0xaf, 0xff, 0xff, 0xff, 0xff, 0xfd, 0x10,
    0x6, 0xff, 0xff, 0x94, 0x37, 0xef, 0xff, 0xa0,
    0xe, 0xff, 0xf5, 0x0, 0x0, 0x2f, 0xff, 0xf2,
    0x4f, 0xff, 0xc0, 0x0, 0x0, 0x7, 0xff, 0xf8,
    0x8f, 0xff, 0x60, 0x0, 0x0, 0x2, 0xff, 0xfc,
    0x9f, 0xff, 0x40, 0x0, 0x0, 0x0, 0xff, 0xfd,
    0xaf, 0xff, 0x30, 0x0, 0x0, 0x0, 0xef, 0xff,
    0x9f, 0xff, 0x40, 0x0, 0x0, 0x0, 0xff, 0xfd,
    0x8f, 0xff, 0x60, 0x0, 0x0, 0x2, 0xff, 0xfc,
    0x4f, 0xff, 0xc0, 0x0, 0x0, 0x7, 0xff, 0xf8,
    0xe, 0xff, 0xf5, 0x0, 0x0, 0x2f, 0xff, 0xf2,
    0x6, 0xff, 0xff, 0x94, 0x37, 0xef, 0xff, 0xa0,
    0x0, 0xaf, 0xff, 0xff, 0xff, 0xff, 0xfd, 0x10,
    0x0, 0x8, 0xff, 0xff, 0xff, 0xff, 0xb1, 0x0,
    0x0, 0x0, 0x39, 0xdf, 0xfe, 0xa5, 0x0, 0x0,

    /* U+00F4 "ô" */
    0x0, 0x0, 0x0, 0xcf, 0xff, 0x20, 0x0, 0x0,
    0x0, 0x0, 0xb, 0xff, 0xff, 0xe1, 0x0, 0x0,
    0x0, 0x0, 0xaf, 0xfa, 0x6f, 0xfd, 0x0, 0x0,
    0x0, 0x9, 0xff, 0xc0, 0x9, 0xff, 0xb0, 0x0,
    0x0, 0x18, 0x88, 0x10, 0x0, 0x78, 0x83, 0x0,
    0x0, 0x0, 0x0, 0x0, 0x0, 0x0, 0x0, 0x0,
    0x0, 0x0, 0x0, 0x0, 0x0, 0x0, 0x0, 0x0,
    0x0, 0x0, 0x39, 0xdf, 0xfe, 0xa5, 0x0, 0x0,
    0x0, 0x8, 0xff, 0xff, 0xff, 0xff, 0xb1, 0x0,
    0x0, 0xaf, 0xff, 0xff, 0xff, 0xff, 0xfd, 0x10,
    0x6, 0xff, 0xff, 0x94, 0x37, 0xef, 0xff, 0xa0,
    0xe, 0xff, 0xf5, 0x0, 0x0, 0x2f, 0xff, 0xf2,
    0x4f, 0xff, 0xc0, 0x0, 0x0, 0x7, 0xff, 0xf8,
    0x8f, 0xff, 0x60, 0x0, 0x0, 0x2, 0xff, 0xfc,
    0x9f, 0xff, 0x40, 0x0, 0x0, 0x0, 0xff, 0xfd,
    0xaf, 0xff, 0x30, 0x0, 0x0, 0x0, 0xef, 0xff,
    0x9f, 0xff, 0x40, 0x0, 0x0, 0x0, 0xff, 0xfd,
    0x8f, 0xff, 0x60, 0x0, 0x0, 0x2, 0xff, 0xfc,
    0x4f, 0xff, 0xc0, 0x0, 0x0, 0x7, 0xff, 0xf8,
    0xe, 0xff, 0xf5, 0x0, 0x0, 0x2f, 0xff, 0xf2,
    0x6, 0xff, 0xff, 0x94, 0x37, 0xef, 0xff, 0xa0,
    0x0, 0xaf, 0xff, 0xff, 0xff, 0xff, 0xfd, 0x10,
    0x0, 0x8, 0xff, 0xff, 0xff, 0xff, 0xb1, 0x0,
    0x0, 0x0, 0x39, 0xdf, 0xfe, 0xa5, 0x0, 0x0,

    /* U+00F5 "õ" */
    0x0, 0x0, 0x2, 0x30, 0x0, 0x15, 0x40, 0x0,
    0x0, 0x0, 0xaf, 0xff, 0x81, 0x7f, 0xd0, 0x0,
    0x0, 0x4, 0xff, 0xff, 0xff, 0xff, 0x90, 0x0,
    0x0, 0x9, 0xfc, 0x16, 0xef, 0xfd, 0x10, 0x0,
    0x0, 0x3, 0x53, 0x0, 0x3, 0x30, 0x0, 0x0,
    0x0, 0x0, 0x0, 0x0, 0x0, 0x0, 0x0, 0x0,
    0x0, 0x0, 0x0, 0x0, 0x0, 0x0, 0x0, 0x0,
    0x0, 0x0, 0x39, 0xdf, 0xfe, 0xa5, 0x0, 0x0,
    0x0, 0x8, 0xff, 0xff, 0xff, 0xff, 0xb1, 0x0,
    0x0, 0xaf, 0xff, 0xff, 0xff, 0xff, 0xfd, 0x10,
    0x6, 0xff, 0xff, 0x94, 0x37, 0xef, 0xff, 0xa0,
    0xe, 0xff, 0xf5, 0x0, 0x0, 0x2f, 0xff, 0xf2,
    0x4f, 0xff, 0xc0, 0x0, 0x0, 0x7, 0xff, 0xf8,
    0x8f, 0xff, 0x60, 0x0, 0x0, 0x2, 0xff, 0xfc,
    0x9f, 0xff, 0x40, 0x0, 0x0, 0x0, 0xff, 0xfd,
    0xaf, 0xff, 0x30, 0x0, 0x0, 0x0, 0xef, 0xff,
    0x9f, 0xff, 0x40, 0x0, 0x0, 0x0, 0xff, 0xfd,
    0x8f, 0xff, 0x60, 0x0, 0x0, 0x2, 0xff, 0xfc,
    0x4f, 0xff, 0xc0, 0x0, 0x0, 0x7, 0xff, 0xf8,
    0xe, 0xff, 0xf5, 0x0, 0x0, 0x2f, 0xff, 0xf2,
    0x6, 0xff, 0xff, 0x94, 0x37, 0xef, 0xff, 0xa0,
    0x0, 0xaf, 0xff, 0xff, 0xff, 0xff, 0xfd, 0x10,
    0x0, 0x8, 0xff, 0xff, 0xff, 0xff, 0xb1, 0x0,
    0x0, 0x0, 0x39, 0xdf, 0xfe, 0xa5, 0x0, 0x0,

    /* U+00F6 "ö" */
    0x0, 0x5, 0xed, 0x30, 0x1, 0xcf, 0x80, 0x0,
    0x0, 0xf, 0xff, 0xd0, 0x9, 0xff, 0xf3, 0x0,
    0x0, 0xf, 0xff, 0xe0, 0xa, 0xff, 0xf4, 0x0,
    0x0, 0x7, 0xff, 0x50, 0x2, 0xef, 0xa0, 0x0,
    0x0, 0x0, 0x0, 0x0, 0x0, 0x0, 0x0, 0x0,
    0x0, 0x0, 0x0, 0x0, 0x0, 0x0, 0x0, 0x0,
    0x0, 0x0, 0x0, 0x0, 0x0, 0x0, 0x0, 0x0,
    0x0, 0x0, 0x39, 0xdf, 0xfe, 0xa5, 0x0, 0x0,
    0x0, 0x8, 0xff, 0xff, 0xff, 0xff, 0xb1, 0x0,
    0x0, 0xaf, 0xff, 0xff, 0xff, 0xff, 0xfd, 0x10,
    0x6, 0xff, 0xff, 0x94, 0x37, 0xef, 0xff, 0xa0,
    0xe, 0xff, 0xf5, 0x0, 0x0, 0x2f, 0xff, 0xf2,
    0x4f, 0xff, 0xc0, 0x0, 0x0, 0x7, 0xff, 0xf8,
    0x8f, 0xff, 0x60, 0x0, 0x0, 0x2, 0xff, 0xfc,
    0x9f, 0xff, 0x40, 0x0, 0x0, 0x0, 0xff, 0xfd,
    0xaf, 0xff, 0x30, 0x0, 0x0, 0x0, 0xef, 0xff,
    0x9f, 0xff, 0x40, 0x0, 0x0, 0x0, 0xff, 0xfd,
    0x8f, 0xff, 0x60, 0x0, 0x0, 0x2, 0xff, 0xfc,
    0x4f, 0xff, 0xc0, 0x0, 0x0, 0x7, 0xff, 0xf8,
    0xe, 0xff, 0xf5, 0x0, 0x0, 0x2f, 0xff, 0xf2,
    0x6, 0xff, 0xff, 0x94, 0x37, 0xef, 0xff, 0xa0,
    0x0, 0xaf, 0xff, 0xff, 0xff, 0xff, 0xfd, 0x10,
    0x0, 0x8, 0xff, 0xff, 0xff, 0xff, 0xb1, 0x0,
    0x0, 0x0, 0x39, 0xdf, 0xfe, 0xa5, 0x0, 0x0,

    /* U+00F7 "÷" */
    0x0, 0x0, 0x0, 0x4d, 0xe6, 0x0, 0x0, 0x0,
    0x0, 0x0, 0x1, 0xff, 0xff, 0x30, 0x0, 0x0,
    0x0, 0x0, 0x2, 0xff, 0xff, 0x50, 0x0, 0x0,
    0x0, 0x0, 0x0, 0xef, 0xff, 0x10, 0x0, 0x0,
    0x0, 0x0, 0x0, 0x2a, 0xb3, 0x0, 0x0, 0x0,
    0x0, 0x0, 0x0, 0x0, 0x0, 0x0, 0x0, 0x0,
    0x4, 0x44, 0x44, 0x44, 0x44, 0x44, 0x44, 0x41,
    0x2f, 0xff, 0xff, 0xff, 0xff, 0xff, 0xff, 0xf5,
    0x2f, 0xff, 0xff, 0xff, 0xff, 0xff, 0xff, 0xf5,
    0x2f, 0xff, 0xff, 0xff, 0xff, 0xff, 0xff, 0xf5,
    0x0, 0x0, 0x0, 0x0, 0x0, 0x0, 0x0, 0x0,
    0x0, 0x0, 0x0, 0x0, 0x0, 0x0, 0x0, 0x0,
    0x0, 0x0, 0x0, 0x5e, 0xe6, 0x0, 0x0, 0x0,
    0x0, 0x0, 0x1, 0xff, 0xff, 0x30, 0x0, 0x0,
    0x0, 0x0, 0x2, 0xff, 0xff, 0x50, 0x0, 0x0,
    0x0, 0x0, 0x0, 0xef, 0xff, 0x10, 0x0, 0x0,
    0x0, 0x0, 0x0, 0x2a, 0xa3, 0x0, 0x0, 0x0,

    /* U+00F8 "ø" */
    0x0, 0x0, 0x0, 0x0, 0x0, 0x0, 0x0, 0x30,
    0x0, 0x0, 0x3, 0x9d, 0xff, 0xea, 0x50, 0x5f,
    0x90, 0x0, 0x8, 0xff, 0xff, 0xff, 0xff, 0xff,
    0xf8, 0x0, 0xa, 0xff, 0xff, 0xff, 0xff, 0xff,
    0xfb, 0x0, 0x6, 0xff, 0xff, 0x94, 0x37, 0xff,
    0xff, 0xa0, 0x0, 0xef, 0xff, 0x50, 0x0, 0xe,
    0xff, 0xff, 0x20, 0x4f, 0xff, 0xc0, 0x0, 0x9,
    0xff, 0xff, 0xf8, 0x8, 0xff, 0xf6, 0x0, 0x7,
    0xff, 0x7f, 0xff, 0xc0, 0x9f, 0xff, 0x40, 0x4,
    0xff, 0x60, 0xff, 0xfd, 0xa, 0xff, 0xf3, 0x3,
    0xff, 0x80, 0xe, 0xff, 0xf0, 0x9f, 0xff, 0x41,
    0xef, 0xb0, 0x0, 0xff, 0xfd, 0x8, 0xff, 0xf7,
    0xcf, 0xc0, 0x0, 0x2f, 0xff, 0xc0, 0x4f, 0xff,
    0xff, 0xe1, 0x0, 0x7, 0xff, 0xf8, 0x0, 0xef,
    0xff, 0xf3, 0x0, 0x2, 0xff, 0xff, 0x20, 0x6,
    0xff, 0xff, 0x94, 0x37, 0xef, 0xff, 0xa0, 0x0,
    0x4f, 0xff, 0xff, 0xff, 0xff, 0xff, 0xd1, 0x0,
    0x2f, 0xff, 0xff, 0xff, 0xff, 0xff, 0xb1, 0x0,
    0x7, 0xfb, 0x3, 0x9d, 0xff, 0xea, 0x50, 0x0,
    0x0, 0x6, 0x10, 0x0, 0x0, 0x0, 0x0, 0x0,
    0x0, 0x0,

    /* U+00F9 "ù" */
    0x0, 0x8, 0x99, 0x60, 0x0, 0x0, 0x0, 0x0,
    0x0, 0x6f, 0xff, 0x10, 0x0, 0x0, 0x0, 0x0,
    0x0, 0xcf, 0xf8, 0x0, 0x0, 0x0, 0x0, 0x0,
    0x2, 0xff, 0xe0, 0x0, 0x0, 0x0, 0x0, 0x0,
    0x7, 0xff, 0x60, 0x0, 0x0, 0x0, 0x0, 0x0,
    0x0, 0x0, 0x0, 0x0, 0x0, 0x0, 0x0, 0x0,
    0x0, 0x0, 0x0, 0x0, 0xf, 0xff, 0xd0, 0x0,
    0x0, 0x7, 0xff, 0xf5, 0xff, 0xfd, 0x0, 0x0,
    0x0, 0x7f, 0xff, 0x5f, 0xff, 0xd0, 0x0, 0x0,
    0x7, 0xff, 0xf5, 0xff, 0xfd, 0x0, 0x0, 0x0,
    0x7f, 0xff, 0x5f, 0xff, 0xd0, 0x0, 0x0, 0x7,
    0xff, 0xf5, 0xff, 0xfd, 0x0, 0x0, 0x0, 0x7f,
    0xff, 0x5f, 0xff, 0xd0, 0x0, 0x0, 0x7, 0xff,
    0xf5, 0xff, 0xfd, 0x0, 0x0, 0x0, 0x7f, 0xff,
    0x5f, 0xff, 0xd0, 0x0, 0x0, 0x7, 0xff, 0xf5,
    0xff, 0xfd, 0x0, 0x0, 0x0, 0x7f, 0xff, 0x5f,
    0xff, 0xe0, 0x0, 0x0, 0x8, 0xff, 0xf5, 0xef,
    0xff, 0x10, 0x0, 0x0, 0xcf, 0xff, 0x5c, 0xff,
    0xf9, 0x0, 0x0, 0x5f, 0xff, 0xf5, 0x8f, 0xff,
    0xfb, 0x65, 0xaf, 0xff, 0xff, 0x51, 0xef, 0xff,
    0xff, 0xff, 0xf7, 0xff, 0xf5, 0x4, 0xff, 0xff,
    0xff, 0xf6, 0x4f, 0xff, 0x50, 0x2, 0x9d, 0xfe,
    0xa3, 0x4, 0xff, 0xf5,

    /* U+00FA "ú" */
    0x0, 0x0, 0x0, 0x3, 0x99, 0x92, 0x0, 0x0,
    0x0, 0x0, 0x0, 0xbf, 0xfc, 0x0, 0x0, 0x0,
    0x0, 0x0, 0x2f, 0xff, 0x20, 0x0, 0x0, 0x0,
    0x0, 0x9, 0xff, 0x70, 0x0, 0x0, 0x0, 0x0,
    0x1, 0xff, 0xc0, 0x0, 0x0, 0x0, 0x0, 0x0,
    0x0, 0x0, 0x0, 0x0, 0x0, 0x0, 0x0, 0x0,
    0x0, 0x0, 0x0, 0x0, 0xf, 0xff, 0xd0, 0x0,
    0x0, 0x7, 0xff, 0xf5, 0xff, 0xfd, 0x0, 0x0,
    0x0, 0x7f, 0xff, 0x5f, 0xff, 0xd0, 0x0, 0x0,
    0x7, 0xff, 0xf5, 0xff, 0xfd, 0x0, 0x0, 0x0,
    0x7f, 0xff, 0x5f, 0xff, 0xd0, 0x0, 0x0, 0x7,
    0xff, 0xf5, 0xff, 0xfd, 0x0, 0x0, 0x0, 0x7f,
    0xff, 0x5f, 0xff, 0xd0, 0x0, 0x0, 0x7, 0xff,
    0xf5, 0xff, 0xfd, 0x0, 0x0, 0x0, 0x7f, 0xff,
    0x5f, 0xff, 0xd0, 0x0, 0x0, 0x7, 0xff, 0xf5,
    0xff, 0xfd, 0x0, 0x0, 0x0, 0x7f, 0xff, 0x5f,
    0xff, 0xe0, 0x0, 0x0, 0x8, 0xff, 0xf5, 0xef,
    0xff, 0x10, 0x0, 0x0, 0xcf, 0xff, 0x5c, 0xff,
    0xf9, 0x0, 0x0, 0x5f, 0xff, 0xf5, 0x8f, 0xff,
    0xfb, 0x65, 0xaf, 0xff, 0xff, 0x51, 0xef, 0xff,
    0xff, 0xff, 0xf7, 0xff, 0xf5, 0x4, 0xff, 0xff,
    0xff, 0xf6, 0x4f, 0xff, 0x50, 0x2, 0x9d, 0xfe,
    0xa3, 0x4, 0xff, 0xf5,

    /* U+00FB "û" */
    0x0, 0x0, 0x4, 0x88, 0x70, 0x0, 0x0, 0x0,
    0x0, 0x6, 0xff, 0xff, 0xb0, 0x0, 0x0, 0x0,
    0x6, 0xff, 0xd8, 0xff, 0xa0, 0x0, 0x0, 0x6,
    0xff, 0xe1, 0xa, 0xff, 0xa0, 0x0, 0x1, 0x78,
    0x82, 0x0, 0x7, 0x88, 0x30, 0x0, 0x0, 0x0,
    0x0, 0x0, 0x0, 0x0, 0x0, 0x0, 0x0, 0x0,
    0x0, 0x0, 0x0, 0x0, 0xf, 0xff, 0xd0, 0x0,
    0x0, 0x7, 0xff, 0xf5, 0xff, 0xfd, 0x0, 0x0,
    0x0, 0x7f, 0xff, 0x5f, 0xff, 0xd0, 0x0, 0x0,
    0x7, 0xff, 0xf5, 0xff, 0xfd, 0x0, 0x0, 0x0,
    0x7f, 0xff, 0x5f, 0xff, 0xd0, 0x0, 0x0, 0x7,
    0xff, 0xf5, 0xff, 0xfd, 0x0, 0x0, 0x0, 0x7f,
    0xff, 0x5f, 0xff, 0xd0, 0x0, 0x0, 0x7, 0xff,
    0xf5, 0xff, 0xfd, 0x0, 0x0, 0x0, 0x7f, 0xff,
    0x5f, 0xff, 0xd0, 0x0, 0x0, 0x7, 0xff, 0xf5,
    0xff, 0xfd, 0x0, 0x0, 0x0, 0x7f, 0xff, 0x5f,
    0xff, 0xe0, 0x0, 0x0, 0x8, 0xff, 0xf5, 0xef,
    0xff, 0x10, 0x0, 0x0, 0xcf, 0xff, 0x5c, 0xff,
    0xf9, 0x0, 0x0, 0x5f, 0xff, 0xf5, 0x8f, 0xff,
    0xfb, 0x65, 0xaf, 0xff, 0xff, 0x51, 0xef, 0xff,
    0xff, 0xff, 0xf7, 0xff, 0xf5, 0x4, 0xff, 0xff,
    0xff, 0xf6, 0x4f, 0xff, 0x50, 0x2, 0x9d, 0xfe,
    0xa3, 0x4, 0xff, 0xf5,

    /* U+00FC "ü" */
    0x0, 0x4e, 0xe4, 0x0, 0x1b, 0xf9, 0x0, 0x0,
    0xe, 0xff, 0xe0, 0x8, 0xff, 0xf4, 0x0, 0x0,
    0xff, 0xfe, 0x0, 0x9f, 0xff, 0x50, 0x0, 0x6,
    0xff, 0x60, 0x2, 0xdf, 0xb0, 0x0, 0x0, 0x0,
    0x0, 0x0, 0x0, 0x0, 0x0, 0x0, 0x0, 0x0,
    0x0, 0x0, 0x0, 0x0, 0x0, 0x0, 0x0, 0x0,
    0x0, 0x0, 0x0, 0x0, 0xf, 0xff, 0xd0, 0x0,
    0x0, 0x7, 0xff, 0xf5, 0xff, 0xfd, 0x0, 0x0,
    0x0, 0x7f, 0xff, 0x5f, 0xff, 0xd0, 0x0, 0x0,
    0x7, 0xff, 0xf5, 0xff, 0xfd, 0x0, 0x0, 0x0,
    0x7f, 0xff, 0x5f, 0xff, 0xd0, 0x0, 0x0, 0x7,
    0xff, 0xf5, 0xff, 0xfd, 0x0, 0x0, 0x0, 0x7f,
    0xff, 0x5f, 0xff, 0xd0, 0x0, 0x0, 0x7, 0xff,
    0xf5, 0xff, 0xfd, 0x0, 0x0, 0x0, 0x7f, 0xff,
    0x5f, 0xff, 0xd0, 0x0, 0x0, 0x7, 0xff, 0xf5,
    0xff, 0xfd, 0x0, 0x0, 0x0, 0x7f, 0xff, 0x5f,
    0xff, 0xe0, 0x0, 0x0, 0x8, 0xff, 0xf5, 0xef,
    0xff, 0x10, 0x0, 0x0, 0xcf, 0xff, 0x5c, 0xff,
    0xf9, 0x0, 0x0, 0x5f, 0xff, 0xf5, 0x8f, 0xff,
    0xfb, 0x65, 0xaf, 0xff, 0xff, 0x51, 0xef, 0xff,
    0xff, 0xff, 0xf7, 0xff, 0xf5, 0x4, 0xff, 0xff,
    0xff, 0xf6, 0x4f, 0xff, 0x50, 0x2, 0x9d, 0xfe,
    0xa3, 0x4, 0xff, 0xf5,

    /* U+00FD "ý" */
    0x0, 0x0, 0x0, 0x0, 0xc, 0xff, 0xc0, 0x0,
    0x0, 0x0, 0x0, 0x0, 0x0, 0x3f, 0xff, 0x30,
    0x0, 0x0, 0x0, 0x0, 0x0, 0x0, 0xaf, 0xf8,
    0x0, 0x0, 0x0, 0x0, 0x0, 0x0, 0x1, 0xff,
    0xd0, 0x0, 0x0, 0x0, 0x0, 0x0, 0x0, 0x4,
    0x99, 0x30, 0x0, 0x0, 0x0, 0x0, 0x0, 0x0,
    0x0, 0x0, 0x0, 0x0, 0x0, 0x0, 0x0, 0x0,
    0x0, 0x0, 0x0, 0x0, 0x0, 0x0, 0x0, 0x3f,
    0xff, 0xc0, 0x0, 0x0, 0x0, 0x2f, 0xff, 0xe0,
    0xd, 0xff, 0xf2, 0x0, 0x0, 0x0, 0x7f, 0xff,
    0x80, 0x8, 0xff, 0xf7, 0x0, 0x0, 0x0, 0xcf,
    0xff, 0x20, 0x2, 0xff, 0xfc, 0x0, 0x0, 0x2,
    0xff, 0xfc, 0x0, 0x0, 0xcf, 0xff, 0x10, 0x0,
    0x7, 0xff, 0xf6, 0x0, 0x0, 0x6f, 0xff, 0x70,
    0x0, 0xd, 0xff, 0xf0, 0x0, 0x0, 0xf, 0xff,
    0xc0, 0x0, 0x2f, 0xff, 0xa0, 0x0, 0x0, 0xa,
    0xff, 0xf1, 0x0, 0x8f, 0xff, 0x40, 0x0, 0x0,
    0x4, 0xff, 0xf7, 0x0, 0xdf, 0xfe, 0x0, 0x0,
    0x0, 0x0, 0xef, 0xfb, 0x2, 0xff, 0xf8, 0x0,
    0x0, 0x0, 0x0, 0x8f, 0xff, 0x7, 0xff, 0xf2,
    0x0, 0x0, 0x0, 0x0, 0x2f, 0xff, 0x4c, 0xff,
    0xc0, 0x0, 0x0, 0x0, 0x0, 0xc, 0xff, 0x9f,
    0xff, 0x60, 0x0, 0x0, 0x0, 0x0, 0x6, 0xff,
    0xff, 0xff, 0x0, 0x0, 0x0, 0x0, 0x0, 0x1,
    0xff, 0xff, 0xfa, 0x0, 0x0, 0x0, 0x0, 0x0,
    0x0, 0xbf, 0xff, 0xf4, 0x0, 0x0, 0x0, 0x0,
    0x0, 0x0, 0x5f, 0xff, 0xe0, 0x0, 0x0, 0x0,
    0x0, 0x0, 0x0, 0x6f, 0xff, 0x80, 0x0, 0x0,
    0x0, 0x0, 0x0, 0x0, 0xbf, 0xff, 0x20, 0x0,
    0x0, 0x0, 0x0, 0x13, 0x28, 0xff, 0xfb, 0x0,
    0x0, 0x0, 0x0, 0x0, 0x8f, 0xff, 0xff, 0xf3,
    0x0, 0x0, 0x0, 0x0, 0x0, 0xdf, 0xff, 0xff,
    0x60, 0x0, 0x0, 0x0, 0x0, 0x0, 0xce, 0xfe,
    0xa3, 0x0, 0x0, 0x0, 0x0, 0x0,

    /* U+00FE "þ" */
    0xff, 0xfd, 0x0, 0x0, 0x0, 0x0, 0x0, 0x0,
    0xff, 0xfd, 0x0, 0x0, 0x0, 0x0, 0x0, 0x0,
    0xff, 0xfd, 0x0, 0x0, 0x0, 0x0, 0x0, 0x0,
    0xff, 0xfd, 0x0, 0x0, 0x0, 0x0, 0x0, 0x0,
    0xff, 0xfd, 0x0, 0x0, 0x0, 0x0, 0x0, 0x0,
    0xff, 0xfd, 0x1, 0x8d, 0xfe, 0xb4, 0x0, 0x0,
    0xff, 0xfd, 0x1d, 0xff, 0xff, 0xff, 0xa0, 0x0,
    0xff, 0xfd, 0xbf, 0xff, 0xff, 0xff, 0xfa, 0x0,
    0xff, 0xff, 0xfd, 0x63, 0x5b, 0xff, 0xff, 0x40,
    0xff, 0xff, 0xd1, 0x0, 0x0, 0xaf, 0xff, 0xb0,
    0xff, 0xff, 0x50, 0x0, 0x0, 0x1f, 0xff, 0xf1,
    0xff, 0xff, 0x0, 0x0, 0x0, 0xb, 0xff, 0xf4,
    0xff, 0xfd, 0x0, 0x0, 0x0, 0x8, 0xff, 0xf5,
    0xff, 0xfc, 0x0, 0x0, 0x0, 0x8, 0xff, 0xf6,
    0xff, 0xfd, 0x0, 0x0, 0x0, 0x9, 0xff, 0xf5,
    0xff, 0xff, 0x0, 0x0, 0x0, 0xb, 0xff, 0xf4,
    0xff, 0xff, 0x50, 0x0, 0x0, 0x1f, 0xff, 0xf1,
    0xff, 0xff, 0xd1, 0x0, 0x0, 0xaf, 0xff, 0xb0,
    0xff, 0xff, 0xfd, 0x64, 0x5c, 0xff, 0xff, 0x40,
    0xff, 0xfd, 0xbf, 0xff, 0xff, 0xff, 0xfa, 0x0,
    0xff, 0xfd, 0x1d, 0xff, 0xff, 0xff, 0xa0, 0x0,
    0xff, 0xfd, 0x1, 0x8d, 0xfe, 0xb4, 0x0, 0x0,
    0xff, 0xfd, 0x0, 0x0, 0x0, 0x0, 0x0, 0x0,
    0xff, 0xfd, 0x0, 0x0, 0x0, 0x0, 0x0, 0x0,
    0xff, 0xfd, 0x0, 0x0, 0x0, 0x0, 0x0, 0x0,
    0xff, 0xfd, 0x0, 0x0, 0x0, 0x0, 0x0, 0x0,
    0xff, 0xfd, 0x0, 0x0, 0x0, 0x0, 0x0, 0x0,
    0xff, 0xfd, 0x0, 0x0, 0x0, 0x0, 0x0, 0x0,

    /* U+00FF "ÿ" */
    0x0, 0x0, 0x8f, 0xc1, 0x0, 0x4d, 0xe5, 0x0,
    0x0, 0x0, 0x3, 0xff, 0xf9, 0x0, 0xef, 0xff,
    0x0, 0x0, 0x0, 0x4, 0xff, 0xf9, 0x0, 0xef,
    0xff, 0x0, 0x0, 0x0, 0x0, 0xaf, 0xd2, 0x0,
    0x5f, 0xf6, 0x0, 0x0, 0x0, 0x0, 0x0, 0x0,
    0x0, 0x0, 0x0, 0x0, 0x0, 0x0, 0x0, 0x0,
    0x0, 0x0, 0x0, 0x0, 0x0, 0x0, 0x0, 0x0,
    0x0, 0x0, 0x0, 0x0, 0x0, 0x0, 0x0, 0x3f,
    0xff, 0xc0, 0x0, 0x0, 0x0, 0x2f, 0xff, 0xe0,
    0xd, 0xff, 0xf2, 0x0, 0x0, 0x0, 0x7f, 0xff,
    0x80, 0x8, 0xff, 0xf7, 0x0, 0x0, 0x0, 0xcf,
    0xff, 0x20, 0x2, 0xff, 0xfc, 0x0, 0x0, 0x2,
    0xff, 0xfc, 0x0, 0x0, 0xcf, 0xff, 0x10, 0x0,
    0x7, 0xff, 0xf6, 0x0, 0x0, 0x6f, 0xff, 0x70,
    0x0, 0xd, 0xff, 0xf0, 0x0, 0x0, 0xf, 0xff,
    0xc0, 0x0, 0x2f, 0xff, 0xa0, 0x0, 0x0, 0xa,
    0xff, 0xf1, 0x0, 0x8f, 0xff, 0x40, 0x0, 0x0,
    0x4, 0xff, 0xf7, 0x0, 0xdf, 0xfe, 0x0, 0x0,
    0x0, 0x0, 0xef, 0xfb, 0x2, 0xff, 0xf8, 0x0,
    0x0, 0x0, 0x0, 0x8f, 0xff, 0x7, 0xff, 0xf2,
    0x0, 0x0, 0x0, 0x0, 0x2f, 0xff, 0x4c, 0xff,
    0xc0, 0x0, 0x0, 0x0, 0x0, 0xc, 0xff, 0x9f,
    0xff, 0x60, 0x0, 0x0, 0x0, 0x0, 0x6, 0xff,
    0xff, 0xff, 0x0, 0x0, 0x0, 0x0, 0x0, 0x1,
    0xff, 0xff, 0xfa, 0x0, 0x0, 0x0, 0x0, 0x0,
    0x0, 0xbf, 0xff, 0xf4, 0x0, 0x0, 0x0, 0x0,
    0x0, 0x0, 0x5f, 0xff, 0xe0, 0x0, 0x0, 0x0,
    0x0, 0x0, 0x0, 0x6f, 0xff, 0x80, 0x0, 0x0,
    0x0, 0x0, 0x0, 0x0, 0xbf, 0xff, 0x20, 0x0,
    0x0, 0x0, 0x0, 0x13, 0x28, 0xff, 0xfb, 0x0,
    0x0, 0x0, 0x0, 0x0, 0x8f, 0xff, 0xff, 0xf3,
    0x0, 0x0, 0x0, 0x0, 0x0, 0xdf, 0xff, 0xff,
    0x60, 0x0, 0x0, 0x0, 0x0, 0x0, 0xce, 0xfe,
    0xa3, 0x0, 0x0, 0x0, 0x0, 0x0,

    /* U+2013 "–" */
    0x33, 0x33, 0x33, 0x33, 0x33, 0x33, 0x33, 0x3f,
    0xff, 0xff, 0xff, 0xff, 0xff, 0xff, 0xff, 0xff,
    0xff, 0xff, 0xff, 0xff, 0xff, 0xff, 0xff, 0xff,
    0xff, 0xff, 0xff, 0xff, 0xff, 0xff,

    /* U+2014 "—" */
    0x33, 0x33, 0x33, 0x33, 0x33, 0x33, 0x33, 0x33,
    0x33, 0x33, 0x33, 0x33, 0x33, 0x33, 0x33, 0xff,
    0xff, 0xff, 0xff, 0xff, 0xff, 0xff, 0xff, 0xff,
    0xff, 0xff, 0xff, 0xff, 0xff, 0xff, 0xff, 0xff,
    0xff, 0xff, 0xff, 0xff, 0xff, 0xff, 0xff, 0xff,
    0xff, 0xff, 0xff, 0xff, 0xff, 0xff, 0xff, 0xff,
    0xff, 0xff, 0xff, 0xff, 0xff, 0xff, 0xff, 0xff,
    0xff, 0xff, 0xff, 0xff,

    /* U+2018 "‘" */
    0x0, 0x3f, 0xf8, 0x0, 0x7f, 0xf6, 0x0, 0xcf,
    0xf4, 0x0, 0xff, 0xf1, 0x5, 0xff, 0xf0, 0x9,
    0xff, 0xd0, 0xe, 0xff, 0xb0, 0x2f, 0xff, 0x80,
    0x7f, 0xff, 0x60, 0x0, 0x0, 0x0,

    /* U+2019 "’" */
    0x0, 0x0, 0x0, 0x6, 0xff, 0xf7, 0x8, 0xff,
    0xf2, 0xa, 0xff, 0xe0, 0xd, 0xff, 0x90, 0xf,
    0xff, 0x50, 0x1f, 0xff, 0x10, 0x3f, 0xfc, 0x0,
    0x6f, 0xf7, 0x0, 0x8f, 0xf3, 0x0,

    /* U+201A "‚" */
    0x0, 0x1, 0x10, 0x0, 0xff, 0xfc, 0x2, 0xff,
    0xf8, 0x5, 0xff, 0xf3, 0x7, 0xff, 0xf0, 0x9,
    0xff, 0xa0, 0xb, 0xff, 0x60, 0xe, 0xff, 0x10,
    0xf, 0xfd, 0x0, 0x2f, 0xf8, 0x0,

    /* U+201C "“" */
    0x0, 0x3f, 0xf8, 0x0, 0xc, 0xfe, 0x0, 0x7f,
    0xf6, 0x0, 0x1f, 0xfc, 0x0, 0xcf, 0xf4, 0x0,
    0x5f, 0xfa, 0x0, 0xff, 0xf1, 0x0, 0xaf, 0xf8,
    0x5, 0xff, 0xf0, 0x0, 0xef, 0xf5, 0x9, 0xff,
    0xd0, 0x3, 0xff, 0xf3, 0xe, 0xff, 0xb0, 0x7,
    0xff, 0xf1, 0x2f, 0xff, 0x80, 0xc, 0xff, 0xe0,
    0x7f, 0xff, 0x60, 0x1f, 0xff, 0xc0, 0x0, 0x0,
    0x0, 0x0, 0x0, 0x0,

    /* U+201D "”" */
    0x6, 0xff, 0xf7, 0x2, 0xff, 0xfb, 0x8, 0xff,
    0xf3, 0x4, 0xff, 0xf6, 0xa, 0xff, 0xe0, 0x7,
    0xff, 0xf2, 0xc, 0xff, 0xa0, 0x9, 0xff, 0xd0,
    0xf, 0xff, 0x50, 0xb, 0xff, 0x90, 0x1f, 0xff,
    0x10, 0xd, 0xff, 0x40, 0x3f, 0xfc, 0x0, 0xf,
    0xff, 0x0, 0x6f, 0xf7, 0x0, 0x2f, 0xfb, 0x0,
    0x8f, 0xf3, 0x0, 0x4f, 0xf7, 0x0, 0x0, 0x0,
    0x0, 0x0, 0x0, 0x0,

    /* U+201E "„" */
    0x0, 0x1, 0x10, 0x0, 0x1, 0x11, 0x0, 0xf,
    0xff, 0xc0, 0xd, 0xff, 0xf0, 0x2, 0xff, 0xf8,
    0x0, 0xff, 0xfc, 0x0, 0x5f, 0xff, 0x30, 0x1f,
    0xff, 0x70, 0x7, 0xff, 0xf0, 0x3, 0xff, 0xf3,
    0x0, 0x9f, 0xfa, 0x0, 0x6f, 0xfe, 0x0, 0xb,
    0xff, 0x60, 0x8, 0xff, 0xa0, 0x0, 0xef, 0xf1,
    0x0, 0xaf, 0xf5, 0x0, 0xf, 0xfd, 0x0, 0xc,
    0xff, 0x10, 0x2, 0xff, 0x80, 0x0, 0xff, 0xc0,
    0x0,

    /* U+2022 "•" */
    0x0, 0x1, 0x79, 0x72, 0x0, 0x0, 0x6, 0xff,
    0xff, 0xf8, 0x0, 0x4, 0xff, 0xff, 0xff, 0xf6,
    0x0, 0xcf, 0xff, 0xff, 0xff, 0xe0, 0xf, 0xff,
    0xff, 0xff, 0xff, 0x21, 0xff, 0xff, 0xff, 0xff,
    0xf3, 0xe, 0xff, 0xff, 0xff, 0xff, 0x10, 0x8f,
    0xff, 0xff, 0xff, 0xa0, 0x0, 0xcf, 0xff, 0xff,
    0xd1, 0x0, 0x0, 0x7d, 0xfd, 0x80, 0x0,

    /* U+2026 "…" */
    0x5, 0xb9, 0x10, 0x0, 0x0, 0x19, 0xb6, 0x0,
    0x0, 0x0, 0x4b, 0xa2, 0x4, 0xff, 0xfd, 0x0,
    0x0, 0xb, 0xff, 0xf6, 0x0, 0x0, 0x2f, 0xff,
    0xe0, 0x8f, 0xff, 0xf1, 0x0, 0x0, 0xff, 0xff,
    0xa0, 0x0, 0x6, 0xff, 0xff, 0x35, 0xff, 0xfe,
    0x0, 0x0, 0xc, 0xff, 0xf7, 0x0, 0x0, 0x3f,
    0xff, 0xf1, 0x9, 0xfd, 0x30, 0x0, 0x0, 0x2c,
    0xfa, 0x0, 0x0, 0x0, 0x7e, 0xe5, 0x0,

    /* U+2032 "′" */
    0xa, 0xff, 0xf0, 0xb, 0xff, 0xc0, 0xc, 0xff,
    0x80, 0xe, 0xff, 0x50, 0xf, 0xff, 0x10, 0x1f,
    0xfe, 0x0, 0x2f, 0xfb, 0x0, 0x4f, 0xf7, 0x0,
    0x27, 0x72, 0x0,

    /* U+2033 "″" */
    0xa, 0xff, 0xf0, 0x0, 0xf, 0xff, 0xa0, 0xbf,
    0xfc, 0x0, 0x1, 0xff, 0xf6, 0xc, 0xff, 0x80,
    0x0, 0x2f, 0xff, 0x30, 0xef, 0xf5, 0x0, 0x3,
    0xff, 0xf0, 0xf, 0xff, 0x10, 0x0, 0x5f, 0xfc,
    0x1, 0xff, 0xe0, 0x0, 0x6, 0xff, 0x90, 0x2f,
    0xfb, 0x0, 0x0, 0x8f, 0xf5, 0x4, 0xff, 0x70,
    0x0, 0x9, 0xff, 0x20, 0x27, 0x72, 0x0, 0x0,
    0x47, 0x70, 0x0,

    /* U+2039 "‹" */
    0x0, 0x0, 0x3, 0xff, 0xfd, 0x10, 0x0, 0x1,
    0xef, 0xff, 0x20, 0x0, 0x0, 0xcf, 0xff, 0x50,
    0x0, 0x0, 0xaf, 0xff, 0x80, 0x0, 0x0, 0x7f,
    0xff, 0xa0, 0x0, 0x0, 0x5f, 0xff, 0xd0, 0x0,
    0x0, 0x3f, 0xff, 0xe2, 0x0, 0x0, 0x4, 0xff,
    0xfd, 0x0, 0x0, 0x0, 0x7, 0xff, 0xfb, 0x0,
    0x0, 0x0, 0xa, 0xff, 0xf8, 0x0, 0x0, 0x0,
    0xc, 0xff, 0xf5, 0x0, 0x0, 0x0, 0x1e, 0xff,
    0xf3, 0x0, 0x0, 0x0, 0x3f, 0xff, 0xe1, 0x0,
    0x0, 0x0, 0x5f, 0xff, 0xc0, 0x0, 0x0, 0x0,
    0x23, 0x33, 0x0,

    /* U+203A "›" */
    0x7f, 0xff, 0xa0, 0x0, 0x0, 0x0, 0xaf, 0xff,
    0x70, 0x0, 0x0, 0x0, 0xdf, 0xff, 0x40, 0x0,
    0x0, 0x1, 0xef, 0xff, 0x20, 0x0, 0x0, 0x3,
    0xff, 0xfe, 0x10, 0x0, 0x0, 0x6, 0xff, 0xfc,
    0x0, 0x0, 0x0, 0x9, 0xff, 0xf9, 0x0, 0x0,
    0x0, 0x7f, 0xff, 0xc0, 0x0, 0x0, 0x4f, 0xff,
    0xd1, 0x0, 0x0, 0x2e, 0xff, 0xf2, 0x0, 0x0,
    0xd, 0xff, 0xf4, 0x0, 0x0, 0xb, 0xff, 0xf7,
    0x0, 0x0, 0x8, 0xff, 0xfa, 0x0, 0x0, 0x5,
    0xff, 0xfc, 0x0, 0x0, 0x0, 0x23, 0x33, 0x0,
    0x0, 0x0, 0x0,

    /* U+20AC "€" */
    0x0, 0x0, 0x0, 0x0, 0x6, 0xbe, 0xff, 0xd9,
    0x40, 0x0, 0x0, 0x0, 0x0, 0x4e, 0xff, 0xff,
    0xff, 0xff, 0xc2, 0x0, 0x0, 0x0, 0x6f, 0xff,
    0xff, 0xff, 0xff, 0xff, 0x60, 0x0, 0x0, 0x4f,
    0xff, 0xff, 0xda, 0xbd, 0xff, 0xe0, 0x0, 0x0,
    0xe, 0xff, 0xfd, 0x30, 0x0, 0x2, 0x96, 0x0,
    0x0, 0x7, 0xff, 0xfe, 0x10, 0x0, 0x0, 0x0,
    0x0, 0x0, 0x0, 0xdf, 0xff, 0x50, 0x0, 0x0,
    0x0, 0x0, 0x0, 0x8f, 0xff, 0xff, 0xff, 0xff,
    0xff, 0xff, 0xc0, 0x0, 0xe, 0xff, 0xff, 0xff,
    0xff, 0xff, 0xff, 0xf4, 0x0, 0x0, 0x44, 0xbf,
    0xff, 0xd4, 0x44, 0x44, 0x44, 0x0, 0x0, 0x0,
    0x7, 0xff, 0xf7, 0x0, 0x0, 0x0, 0x0, 0x0,
    0x0, 0x25, 0xcf, 0xff, 0xd5, 0x55, 0x55, 0x50,
    0x0, 0x0, 0xa, 0xff, 0xff, 0xff, 0xff, 0xff,
    0xf9, 0x0, 0x0, 0x0, 0xff, 0xff, 0xff, 0xff,
    0xff, 0xff, 0x20, 0x0, 0x0, 0x0, 0x1, 0xff,
    0xfe, 0x0, 0x0, 0x0, 0x0, 0x0, 0x0, 0x0,
    0xd, 0xff, 0xf5, 0x0, 0x0, 0x0, 0x0, 0x0,
    0x0, 0x0, 0x7f, 0xff, 0xd1, 0x0, 0x0, 0x0,
    0x0, 0x0, 0x0, 0x0, 0xef, 0xff, 0xd2, 0x0,
    0x0, 0x4d, 0x70, 0x0, 0x0, 0x4, 0xff, 0xff,
    0xfc, 0xab, 0xdf, 0xfe, 0x0, 0x0, 0x0, 0x7,
    0xff, 0xff, 0xff, 0xff, 0xff, 0xf6, 0x0, 0x0,
    0x0, 0x5, 0xef, 0xff, 0xff, 0xff, 0xfb, 0x10,
    0x0, 0x0, 0x0, 0x0, 0x6b, 0xef, 0xfd, 0x93,
    0x0,

    /* U+2122 "™" */
    0xd, 0xde, 0xfd, 0xd6, 0x1f, 0xf2, 0x0, 0x1f,
    0xf1, 0xa, 0xaf, 0xfc, 0xa5, 0x1f, 0xf7, 0x0,
    0x7f, 0xf1, 0x0, 0xa, 0xf2, 0x0, 0x1f, 0xfd,
    0x0, 0xdf, 0xf1, 0x0, 0xa, 0xf2, 0x0, 0x1f,
    0xef, 0x33, 0xfe, 0xf1, 0x0, 0xa, 0xf2, 0x0,
    0x1f, 0xad, 0x99, 0xda, 0xf1, 0x0, 0xa, 0xf2,
    0x0, 0x1f, 0xa7, 0xff, 0x7a, 0xf1, 0x0, 0xa,
    0xf2, 0x0, 0x1f, 0xa1, 0xff, 0x1a, 0xf1, 0x0,
    0xa, 0xf2, 0x0, 0x1f, 0xa0, 0xaa, 0xa, 0xf1,
    0x0, 0x0, 0x0, 0x0, 0x0, 0x0, 0x0, 0x0,
    0x0,

    /* U+2191 "↑" */
    0x0, 0x0, 0x0, 0x0, 0x0, 0x0, 0x0, 0x0,
    0x0, 0x0, 0x0, 0x0, 0x0, 0x0, 0x0, 0x6e,
    0x20, 0x0, 0x0, 0x0, 0x0, 0x0, 0x0, 0x0,
    0x0, 0x6f, 0xfe, 0x20, 0x0, 0x0, 0x0, 0x0,
    0x0, 0x0, 0x0, 0x6f, 0xff, 0xfe, 0x20, 0x0,
    0x0, 0x0, 0x0, 0x0, 0x0, 0x6f, 0xff, 0xff,
    0xfe, 0x20, 0x0, 0x0, 0x0, 0x0, 0x0, 0x6f,
    0xff, 0xff, 0xff, 0xfe, 0x20, 0x0, 0x0, 0x0,
    0x0, 0x6f, 0xff, 0x7f, 0xfa, 0xbf, 0xfe, 0x20,
    0x0, 0x0, 0x0, 0x6f, 0xff, 0xa2, 0xff, 0xd1,
    0xef, 0xfe, 0x20, 0x0, 0x0, 0x6f, 0xff, 0xc0,
    0x3f, 0xfe, 0x3, 0xff, 0xfe, 0x20, 0x0, 0x6f,
    0xff, 0xd1, 0x3, 0xff, 0xe0, 0x4, 0xff, 0xfe,
    0x20, 0x6f, 0xff, 0xd1, 0x0, 0x3f, 0xfe, 0x0,
    0x4, 0xff, 0xfe, 0x27, 0xff, 0xd1, 0x0, 0x3,
    0xff, 0xe0, 0x0, 0x4, 0xff, 0xf3, 0x7, 0xd1,
    0x0, 0x0, 0x3f, 0xfe, 0x0, 0x0, 0x4, 0xe3,
    0x0, 0x0, 0x0, 0x0, 0x3, 0xff, 0xe0, 0x0,
    0x0, 0x0, 0x0, 0x0, 0x0, 0x0, 0x0, 0x3f,
    0xfe, 0x0, 0x0, 0x0, 0x0, 0x0, 0x0, 0x0,
    0x0, 0x3, 0xff, 0xe0, 0x0, 0x0, 0x0, 0x0,
    0x0, 0x0, 0x0, 0x0, 0x3f, 0xfe, 0x0, 0x0,
    0x0, 0x0, 0x0, 0x0, 0x0, 0x0, 0x3, 0xff,
    0xe0, 0x0, 0x0, 0x0, 0x0, 0x0, 0x0, 0x0,
    0x0, 0x3f, 0xfe, 0x0, 0x0, 0x0, 0x0, 0x0,
    0x0, 0x0, 0x0, 0x3, 0xff, 0xe0, 0x0, 0x0,
    0x0, 0x0, 0x0, 0x0, 0x0, 0x0, 0x3f, 0xfe,
    0x0, 0x0, 0x0, 0x0, 0x0, 0x0, 0x0, 0x0,
    0x3, 0xff, 0xe0, 0x0, 0x0, 0x0, 0x0, 0x0,
    0x0, 0x0, 0x0, 0x3f, 0xfe, 0x0, 0x0, 0x0,
    0x0, 0x0,

    /* U+2193 "↓" */
    0x0, 0x0, 0x0, 0x0, 0x3d, 0xdc, 0x0, 0x0,
    0x0, 0x0, 0x0, 0x0, 0x0, 0x0, 0x3, 0xff,
    0xe0, 0x0, 0x0, 0x0, 0x0, 0x0, 0x0, 0x0,
    0x0, 0x3f, 0xfe, 0x0, 0x0, 0x0, 0x0, 0x0,
    0x0, 0x0, 0x0, 0x3, 0xff, 0xe0, 0x0, 0x0,
    0x0, 0x0, 0x0, 0x0, 0x0, 0x0, 0x3f, 0xfe,
    0x0, 0x0, 0x0, 0x0, 0x0, 0x0, 0x0, 0x0,
    0x3, 0xff, 0xe0, 0x0, 0x0, 0x0, 0x0, 0x0,
    0x0, 0x0, 0x0, 0x3f, 0xfe, 0x0, 0x0, 0x0,
    0x0, 0x0, 0x0, 0x0, 0x0, 0x3, 0xff, 0xe0,
    0x0, 0x0, 0x0, 0x0, 0x0, 0x0, 0x0, 0x0,
    0x3f, 0xfe, 0x0, 0x0, 0x0, 0x0, 0x0, 0x0,
    0x0, 0x0, 0x3, 0xff, 0xe0, 0x0, 0x0, 0x0,
    0x0, 0x5, 0xb0, 0x0, 0x0, 0x3f, 0xfe, 0x0,
    0x0, 0x2, 0xc1, 0x5, 0xff, 0xc0, 0x0, 0x3,
    0xff, 0xe0, 0x0, 0x2, 0xef, 0xd1, 0x8f, 0xff,
    0xc0, 0x0, 0x3f, 0xfe, 0x0, 0x2, 0xef, 0xff,
    0x40, 0x8f, 0xff, 0xb0, 0x3, 0xff, 0xe0, 0x2,
    0xef, 0xff, 0x40, 0x0, 0x8f, 0xff, 0xa0, 0x3f,
    0xfe, 0x1, 0xef, 0xff, 0x40, 0x0, 0x0, 0x8f,
    0xff, 0x82, 0xff, 0xd0, 0xcf, 0xff, 0x40, 0x0,
    0x0, 0x0, 0x8f, 0xff, 0x5f, 0xfb, 0x9f, 0xff,
    0x40, 0x0, 0x0, 0x0, 0x0, 0x8f, 0xff, 0xff,
    0xef, 0xff, 0x40, 0x0, 0x0, 0x0, 0x0, 0x0,
    0x8f, 0xff, 0xff, 0xff, 0x40, 0x0, 0x0, 0x0,
    0x0, 0x0, 0x0, 0x8f, 0xff, 0xff, 0x40, 0x0,
    0x0, 0x0, 0x0, 0x0, 0x0, 0x0, 0x8f, 0xff,
    0x40, 0x0, 0x0, 0x0, 0x0, 0x0, 0x0, 0x0,
    0x0, 0x8f, 0x40, 0x0, 0x0, 0x0, 0x0, 0x0,
    0x0, 0x0, 0x0, 0x0, 0x20, 0x0, 0x0, 0x0,
    0x0, 0x0,

    /* U+F001 "" */
    0x0, 0x0, 0x0, 0x0, 0x0, 0x0, 0x0, 0x0,
    0x0, 0x0, 0x0, 0x0, 0x0, 0x0, 0x0, 0x0,
    0x0, 0x0, 0x0, 0x0, 0x0, 0x0, 0x0, 0x0,
    0x0, 0x0, 0x0, 0x0, 0x27, 0xcf, 0xf4, 0x0,
    0x0, 0x0, 0x0, 0x0, 0x0, 0x0, 0x0, 0x0,
    0x0, 0x0, 0x49, 0xef, 0xff, 0xff, 0xc0, 0x0,
    0x0, 0x0, 0x0, 0x0, 0x0, 0x0, 0x0, 0x2,
    0x6b, 0xff, 0xff, 0xff, 0xff, 0xfd, 0x0, 0x0,
    0x0, 0x0, 0x0, 0x0, 0x0, 0x3, 0x8d, 0xff,
    0xff, 0xff, 0xff, 0xff, 0xff, 0xd0, 0x0, 0x0,
    0x0, 0x0, 0x0, 0x15, 0xae, 0xff, 0xff, 0xff,
    0xff, 0xff, 0xff, 0xff, 0xfd, 0x0, 0x0, 0x0,
    0x0, 0x7, 0xcf, 0xff, 0xff, 0xff, 0xff, 0xff,
    0xff, 0xff, 0xff, 0xff, 0xd0, 0x0, 0x0, 0x0,
    0x8, 0xff, 0xff, 0xff, 0xff, 0xff, 0xff, 0xff,
    0xff, 0xff, 0xff, 0xfd, 0x0, 0x0, 0x0, 0x0,
    0xaf, 0xff, 0xff, 0xff, 0xff, 0xff, 0xff, 0xff,
    0xff, 0xff, 0xff, 0xd0, 0x0, 0x0, 0x0, 0xa,
    0xff, 0xff, 0xff, 0xff, 0xff, 0xff, 0xff, 0xfc,
    0x72, 0xef, 0xfd, 0x0, 0x0, 0x0, 0x0, 0xaf,
    0xff, 0xff, 0xff, 0xff, 0xff, 0xea, 0x51, 0x0,
    0xe, 0xff, 0xd0, 0x0, 0x0, 0x0, 0xa, 0xff,
    0xff, 0xff, 0xff, 0xc8, 0x30, 0x0, 0x0, 0x0,
    0xef, 0xfd, 0x0, 0x0, 0x0, 0x0, 0xaf, 0xff,
    0xff, 0xa6, 0x10, 0x0, 0x0, 0x0, 0x0, 0xe,
    0xff, 0xd0, 0x0, 0x0, 0x0, 0xa, 0xff, 0xf5,
    0x0, 0x0, 0x0, 0x0, 0x0, 0x0, 0x0, 0xef,
    0xfd, 0x0, 0x0, 0x0, 0x0, 0xaf, 0xff, 0x10,
    0x0, 0x0, 0x0, 0x0, 0x0, 0x0, 0xe, 0xff,
    0xd0, 0x0, 0x0, 0x0, 0xa, 0xff, 0xf1, 0x0,
    0x0, 0x0, 0x0, 0x0, 0x0, 0x0, 0xef, 0xfd,
    0x0, 0x0, 0x0, 0x0, 0xaf, 0xff, 0x10, 0x0,
    0x0, 0x0, 0x0, 0x0, 0x0, 0xe, 0xff, 0xd0,
    0x0, 0x0, 0x0, 0xa, 0xff, 0xf1, 0x0, 0x0,
    0x0, 0x0, 0x0, 0x0, 0x0, 0xef, 0xfd, 0x0,
    0x0, 0x0, 0x0, 0xaf, 0xff, 0x10, 0x0, 0x0,
    0x0, 0x0, 0x0, 0x0, 0xe, 0xff, 0xd0, 0x0,
    0x0, 0x0, 0xa, 0xff, 0xf1, 0x0, 0x0, 0x0,
    0x0, 0x0, 0x35, 0x53, 0xef, 0xfd, 0x0, 0x0,
    0x0, 0x0, 0xaf, 0xff, 0x10, 0x0, 0x0, 0x0,
    0x7, 0xef, 0xff, 0xff, 0xff, 0xd0, 0x0, 0x0,
    0x0, 0xa, 0xff, 0xf1, 0x0, 0x0, 0x0, 0xa,
    0xff, 0xff, 0xff, 0xff, 0xfd, 0x0, 0x0, 0x0,
    0x0, 0xaf, 0xff, 0x10, 0x0, 0x0, 0x4, 0xff,
    0xff, 0xff, 0xff, 0xff, 0xd0, 0x0, 0x16, 0x99,
    0x8c, 0xff, 0xf1, 0x0, 0x0, 0x0, 0x6f, 0xff,
    0xff, 0xff, 0xff, 0xfc, 0x0, 0x8f, 0xff, 0xff,
    0xff, 0xff, 0x10, 0x0, 0x0, 0x2, 0xff, 0xff,
    0xff, 0xff, 0xff, 0x80, 0x9f, 0xff, 0xff, 0xff,
    0xff, 0xf1, 0x0, 0x0, 0x0, 0x6, 0xff, 0xff,
    0xff, 0xff, 0xc0, 0x1f, 0xff, 0xff, 0xff, 0xff,
    0xff, 0x10, 0x0, 0x0, 0x0, 0x3, 0xae, 0xff,
    0xfc, 0x60, 0x1, 0xff, 0xff, 0xff, 0xff, 0xff,
    0xf0, 0x0, 0x0, 0x0, 0x0, 0x0, 0x1, 0x10,
    0x0, 0x0, 0xc, 0xff, 0xff, 0xff, 0xff, 0xfa,
    0x0, 0x0, 0x0, 0x0, 0x0, 0x0, 0x0, 0x0,
    0x0, 0x0, 0x1c, 0xff, 0xff, 0xff, 0xfb, 0x0,
    0x0, 0x0, 0x0, 0x0, 0x0, 0x0, 0x0, 0x0,
    0x0, 0x0, 0x4, 0xac, 0xdc, 0x94, 0x0, 0x0,
    0x0, 0x0, 0x0, 0x0, 0x0, 0x0, 0x0, 0x0,
    0x0,

    /* U+F004 "" */
    0x0, 0x0, 0x0, 0x3, 0x55, 0x20, 0x0, 0x0,
    0x0, 0x0, 0x2, 0x55, 0x30, 0x0, 0x0, 0x0,
    0x0, 0x0, 0x19, 0xff, 0xff, 0xfe, 0x70, 0x0,
    0x0, 0x7, 0xef, 0xff, 0xff, 0x91, 0x0, 0x0,
    0x0, 0x3, 0xef, 0xff, 0xff, 0xff, 0xfd, 0x20,
    0x2, 0xdf, 0xff, 0xff, 0xff, 0xfe, 0x30, 0x0,
    0x0, 0x2e, 0xff, 0xff, 0xff, 0xff, 0xff, 0xe3,
    0x3e, 0xff, 0xff, 0xff, 0xff, 0xff, 0xe2, 0x0,
    0x0, 0xcf, 0xff, 0xff, 0xff, 0xff, 0xff, 0xfe,
    0xef, 0xff, 0xff, 0xff, 0xff, 0xff, 0xfc, 0x0,
    0x5, 0xff, 0xff, 0xff, 0xff, 0xff, 0xff, 0xff,
    0xff, 0xff, 0xff, 0xff, 0xff, 0xff, 0xff, 0x50,
    0xa, 0xff, 0xff, 0xff, 0xff, 0xff, 0xff, 0xff,
    0xff, 0xff, 0xff, 0xff, 0xff, 0xff, 0xff, 0xa0,
    0xd, 0xff, 0xff, 0xff, 0xff, 0xff, 0xff, 0xff,
    0xff, 0xff, 0xff, 0xff, 0xff, 0xff, 0xff, 0xd0,
    0xf, 0xff, 0xff, 0xff, 0xff, 0xff, 0xff, 0xff,
    0xff, 0xff, 0xff, 0xff, 0xff, 0xff, 0xff, 0xf0,
    0xf, 0xff, 0xff, 0xff, 0xff, 0xff, 0xff, 0xff,
    0xff, 0xff, 0xff, 0xff, 0xff, 0xff, 0xff, 0xf0,
    0xd, 0xff, 0xff, 0xff, 0xff, 0xff, 0xff, 0xff,
    0xff, 0xff, 0xff, 0xff, 0xff, 0xff, 0xff, 0xd0,
    0x9, 0xff, 0xff, 0xff, 0xff, 0xff, 0xff, 0xff,
    0xff, 0xff, 0xff, 0xff, 0xff, 0xff, 0xff, 0x90,
    0x2, 0xff, 0xff, 0xff, 0xff, 0xff, 0xff, 0xff,
    0xff, 0xff, 0xff, 0xff, 0xff, 0xff, 0xff, 0x20,
    0x0, 0x8f, 0xff, 0xff, 0xff, 0xff, 0xff, 0xff,
    0xff, 0xff, 0xff, 0xff, 0xff, 0xff, 0xf8, 0x0,
    0x0, 0xa, 0xff, 0xff, 0xff, 0xff, 0xff, 0xff,
    0xff, 0xff, 0xff, 0xff, 0xff, 0xff, 0xa0, 0x0,
    0x0, 0x0, 0xbf, 0xff, 0xff, 0xff, 0xff, 0xff,
    0xff, 0xff, 0xff, 0xff, 0xff, 0xfb, 0x0, 0x0,
    0x0, 0x0, 0xc, 0xff, 0xff, 0xff, 0xff, 0xff,
    0xff, 0xff, 0xff, 0xff, 0xff, 0xc0, 0x0, 0x0,
    0x0, 0x0, 0x0, 0xcf, 0xff, 0xff, 0xff, 0xff,
    0xff, 0xff, 0xff, 0xff, 0xfc, 0x0, 0x0, 0x0,
    0x0, 0x0, 0x0, 0xc, 0xff, 0xff, 0xff, 0xff,
    0xff, 0xff, 0xff, 0xff, 0xc0, 0x0, 0x0, 0x0,
    0x0, 0x0, 0x0, 0x1, 0xdf, 0xff, 0xff, 0xff,
    0xff, 0xff, 0xff, 0xfd, 0x10, 0x0, 0x0, 0x0,
    0x0, 0x0, 0x0, 0x0, 0x1d, 0xff, 0xff, 0xff,
    0xff, 0xff, 0xff, 0xd1, 0x0, 0x0, 0x0, 0x0,
    0x0, 0x0, 0x0, 0x0, 0x1, 0xdf, 0xff, 0xff,
    0xff, 0xff, 0xfd, 0x10, 0x0, 0x0, 0x0, 0x0,
    0x0, 0x0, 0x0, 0x0, 0x0, 0x1e, 0xff, 0xff,
    0xff, 0xff, 0xe1, 0x0, 0x0, 0x0, 0x0, 0x0,
    0x0, 0x0, 0x0, 0x0, 0x0, 0x2, 0xef, 0xff,
    0xff, 0xfe, 0x20, 0x0, 0x0, 0x0, 0x0, 0x0,
    0x0, 0x0, 0x0, 0x0, 0x0, 0x0, 0x2e, 0xff,
    0xff, 0xe2, 0x0, 0x0, 0x0, 0x0, 0x0, 0x0,
    0x0, 0x0, 0x0, 0x0, 0x0, 0x0, 0x2, 0xef,
    0xfe, 0x20, 0x0, 0x0, 0x0, 0x0, 0x0, 0x0,
    0x0, 0x0, 0x0, 0x0, 0x0, 0x0, 0x0, 0x2c,
    0xc2, 0x0, 0x0, 0x0, 0x0, 0x0, 0x0, 0x0,

    /* U+F008 "" */
    0x26, 0x0, 0x1, 0x88, 0x88, 0x88, 0x88, 0x88,
    0x88, 0x88, 0x88, 0x88, 0x40, 0x0, 0x62, 0xee,
    0x0, 0x4, 0xff, 0xff, 0xff, 0xff, 0xff, 0xff,
    0xff, 0xff, 0xff, 0x80, 0x0, 0xee, 0xff, 0xba,
    0xad, 0xff, 0xff, 0xff, 0xff, 0xff, 0xff, 0xff,
    0xff, 0xff, 0xea, 0xaa, 0xff, 0xff, 0xff, 0xff,
    0xff, 0xd5, 0x55, 0x55, 0x55, 0x55, 0x55, 0x5a,
    0xff, 0xff, 0xff, 0xff, 0xff, 0x54, 0x48, 0xff,
    0x90, 0x0, 0x0, 0x0, 0x0, 0x0, 0x4, 0xff,
    0xb4, 0x44, 0xff, 0xfe, 0x0, 0x3, 0xff, 0x90,
    0x0, 0x0, 0x0, 0x0, 0x0, 0x4, 0xff, 0x80,
    0x0, 0xef, 0xfe, 0x0, 0x3, 0xff, 0x90, 0x0,
    0x0, 0x0, 0x0, 0x0, 0x4, 0xff, 0x80, 0x0,
    0xef, 0xff, 0x10, 0x5, 0xff, 0x90, 0x0, 0x0,
    0x0, 0x0, 0x0, 0x4, 0xff, 0xa0, 0x0, 0xff,
    0xff, 0xff, 0xff, 0xff, 0x90, 0x0, 0x0, 0x0,
    0x0, 0x0, 0x4, 0xff, 0xff, 0xff, 0xff, 0xff,
    0xee, 0xef, 0xff, 0x90, 0x0, 0x0, 0x0, 0x0,
    0x0, 0x5, 0xff, 0xfe, 0xee, 0xff, 0xfe, 0x0,
    0x4, 0xff, 0xfa, 0xaa, 0xaa, 0xaa, 0xaa, 0xaa,
    0xad, 0xff, 0x90, 0x0, 0xef, 0xfe, 0x0, 0x3,
    0xff, 0xff, 0xff, 0xff, 0xff, 0xff, 0xff, 0xff,
    0xff, 0x80, 0x0, 0xef, 0xfe, 0x0, 0x3, 0xff,
    0xff, 0xff, 0xff, 0xff, 0xff, 0xff, 0xff, 0xff,
    0x80, 0x0, 0xef, 0xff, 0x76, 0x6a, 0xff, 0xc2,
    0x22, 0x22, 0x22, 0x22, 0x22, 0x28, 0xff, 0xc6,
    0x66, 0xff, 0xff, 0xff, 0xff, 0xff, 0x90, 0x0,
    0x0, 0x0, 0x0, 0x0, 0x4, 0xff, 0xff, 0xff,
    0xff, 0xff, 0x98, 0x8b, 0xff, 0x90, 0x0, 0x0,
    0x0, 0x0, 0x0, 0x4, 0xff, 0xd8, 0x88, 0xff,
    0xfe, 0x0, 0x3, 0xff, 0x90, 0x0, 0x0, 0x0,
    0x0, 0x0, 0x4, 0xff, 0x80, 0x0, 0xef, 0xfe,
    0x0, 0x3, 0xff, 0x90, 0x0, 0x0, 0x0, 0x0,
    0x0, 0x4, 0xff, 0x80, 0x0, 0xef, 0xfe, 0x0,
    0x4, 0xff, 0x90, 0x0, 0x0, 0x0, 0x0, 0x0,
    0x4, 0xff, 0x80, 0x0, 0xef, 0xff, 0xcc, 0xce,
    0xff, 0x90, 0x0, 0x0, 0x0, 0x0, 0x0, 0x5,
    0xff, 0xfc, 0xcc, 0xff, 0xff, 0xff, 0xff, 0xff,
    0xfd, 0xdd, 0xdd, 0xdd, 0xdd, 0xdd, 0xdf, 0xff,
    0xff, 0xff, 0xff, 0xff, 0x32, 0x27, 0xff, 0xff,
    0xff, 0xff, 0xff, 0xff, 0xff, 0xff, 0xff, 0xb2,
    0x22, 0xff, 0x9d, 0x0, 0x3, 0xff, 0xff, 0xff,
    0xff, 0xff, 0xff, 0xff, 0xff, 0xff, 0x80, 0x0,
    0xd9,

    /* U+F00B "" */
    0x26, 0x77, 0x77, 0x76, 0x0, 0x4, 0x77, 0x77,
    0x77, 0x77, 0x77, 0x77, 0x77, 0x77, 0x62, 0xef,
    0xff, 0xff, 0xff, 0x90, 0x4f, 0xff, 0xff, 0xff,
    0xff, 0xff, 0xff, 0xff, 0xff, 0xfe, 0xff, 0xff,
    0xff, 0xff, 0xb0, 0x6f, 0xff, 0xff, 0xff, 0xff,
    0xff, 0xff, 0xff, 0xff, 0xff, 0xff, 0xff, 0xff,
    0xff, 0xb0, 0x6f, 0xff, 0xff, 0xff, 0xff, 0xff,
    0xff, 0xff, 0xff, 0xff, 0xff, 0xff, 0xff, 0xff,
    0xb0, 0x6f, 0xff, 0xff, 0xff, 0xff, 0xff, 0xff,
    0xff, 0xff, 0xff, 0xff, 0xff, 0xff, 0xff, 0xb0,
    0x6f, 0xff, 0xff, 0xff, 0xff, 0xff, 0xff, 0xff,
    0xff, 0xff, 0xff, 0xff, 0xff, 0xff, 0xb0, 0x6f,
    0xff, 0xff, 0xff, 0xff, 0xff, 0xff, 0xff, 0xff,
    0xff, 0x9f, 0xff, 0xff, 0xff, 0x50, 0x1e, 0xff,
    0xff, 0xff, 0xff, 0xff, 0xff, 0xff, 0xff, 0xf9,
    0x0, 0x0, 0x0, 0x0, 0x0, 0x0, 0x0, 0x0,
    0x0, 0x0, 0x0, 0x0, 0x0, 0x0, 0x0, 0x0,
    0x0, 0x0, 0x0, 0x0, 0x0, 0x0, 0x0, 0x0,
    0x0, 0x0, 0x0, 0x0, 0x0, 0x0, 0x9f, 0xff,
    0xff, 0xff, 0x50, 0x1d, 0xff, 0xff, 0xff, 0xff,
    0xff, 0xff, 0xff, 0xff, 0xf9, 0xff, 0xff, 0xff,
    0xff, 0xb0, 0x6f, 0xff, 0xff, 0xff, 0xff, 0xff,
    0xff, 0xff, 0xff, 0xff, 0xff, 0xff, 0xff, 0xff,
    0xb0, 0x6f, 0xff, 0xff, 0xff, 0xff, 0xff, 0xff,
    0xff, 0xff, 0xff, 0xff, 0xff, 0xff, 0xff, 0xb0,
    0x6f, 0xff, 0xff, 0xff, 0xff, 0xff, 0xff, 0xff,
    0xff, 0xff, 0xff, 0xff, 0xff, 0xff, 0xb0, 0x6f,
    0xff, 0xff, 0xff, 0xff, 0xff, 0xff, 0xff, 0xff,
    0xff, 0xff, 0xff, 0xff, 0xff, 0xb0, 0x6f, 0xff,
    0xff, 0xff, 0xff, 0xff, 0xff, 0xff, 0xff, 0xff,
    0xef, 0xff, 0xff, 0xff, 0x90, 0x4f, 0xff, 0xff,
    0xff, 0xff, 0xff, 0xff, 0xff, 0xff, 0xfe, 0x27,
    0x88, 0x88, 0x87, 0x10, 0x5, 0x88, 0x88, 0x88,
    0x88, 0x88, 0x88, 0x88, 0x88, 0x72, 0x0, 0x0,
    0x0, 0x0, 0x0, 0x0, 0x0, 0x0, 0x0, 0x0,
    0x0, 0x0, 0x0, 0x0, 0x0, 0x38, 0x88, 0x88,
    0x87, 0x10, 0x6, 0x88, 0x88, 0x88, 0x88, 0x88,
    0x88, 0x88, 0x88, 0x83, 0xef, 0xff, 0xff, 0xff,
    0xa0, 0x4f, 0xff, 0xff, 0xff, 0xff, 0xff, 0xff,
    0xff, 0xff, 0xfe, 0xff, 0xff, 0xff, 0xff, 0xb0,
    0x6f, 0xff, 0xff, 0xff, 0xff, 0xff, 0xff, 0xff,
    0xff, 0xff, 0xff, 0xff, 0xff, 0xff, 0xb0, 0x6f,
    0xff, 0xff, 0xff, 0xff, 0xff, 0xff, 0xff, 0xff,
    0xff, 0xff, 0xff, 0xff, 0xff, 0xb0, 0x6f, 0xff,
    0xff, 0xff, 0xff, 0xff, 0xff, 0xff, 0xff, 0xff,
    0xff, 0xff, 0xff, 0xff, 0xb0, 0x6f, 0xff, 0xff,
    0xff, 0xff, 0xff, 0xff, 0xff, 0xff, 0xff, 0xff,
    0xff, 0xff, 0xff, 0xb0, 0x5f, 0xff, 0xff, 0xff,
    0xff, 0xff, 0xff, 0xff, 0xff, 0xff, 0x8f, 0xff,
    0xff, 0xfe, 0x40, 0x1c, 0xff, 0xff, 0xff, 0xff,
    0xff, 0xff, 0xff, 0xff, 0xf8,

    /* U+F00C "" */
    0x0, 0x0, 0x0, 0x0, 0x0, 0x0, 0x0, 0x0,
    0x0, 0x0, 0x0, 0x0, 0x2, 0x60, 0x0, 0x0,
    0x0, 0x0, 0x0, 0x0, 0x0, 0x0, 0x0, 0x0,
    0x0, 0x0, 0x0, 0x3f, 0xfd, 0x10, 0x0, 0x0,
    0x0, 0x0, 0x0, 0x0, 0x0, 0x0, 0x0, 0x0,
    0x0, 0x3, 0xff, 0xff, 0xd1, 0x0, 0x0, 0x0,
    0x0, 0x0, 0x0, 0x0, 0x0, 0x0, 0x0, 0x0,
    0x3f, 0xff, 0xff, 0xfc, 0x0, 0x0, 0x0, 0x0,
    0x0, 0x0, 0x0, 0x0, 0x0, 0x0, 0x3, 0xff,
    0xff, 0xff, 0xfe, 0x0, 0x0, 0x0, 0x0, 0x0,
    0x0, 0x0, 0x0, 0x0, 0x0, 0x3f, 0xff, 0xff,
    0xff, 0xf5, 0x0, 0x0, 0x0, 0x0, 0x0, 0x0,
    0x0, 0x0, 0x0, 0x3, 0xff, 0xff, 0xff, 0xff,
    0x50, 0x0, 0x0, 0x0, 0x0, 0x0, 0x0, 0x0,
    0x0, 0x0, 0x3f, 0xff, 0xff, 0xff, 0xf5, 0x0,
    0x0, 0x6e, 0x90, 0x0, 0x0, 0x0, 0x0, 0x0,
    0x3, 0xff, 0xff, 0xff, 0xff, 0x50, 0x0, 0x6,
    0xff, 0xfa, 0x0, 0x0, 0x0, 0x0, 0x0, 0x3f,
    0xff, 0xff, 0xff, 0xf5, 0x0, 0x0, 0x6f, 0xff,
    0xff, 0xa0, 0x0, 0x0, 0x0, 0x3, 0xff, 0xff,
    0xff, 0xff, 0x50, 0x0, 0x0, 0xff, 0xff, 0xff,
    0xfa, 0x0, 0x0, 0x0, 0x3f, 0xff, 0xff, 0xff,
    0xf5, 0x0, 0x0, 0x0, 0xbf, 0xff, 0xff, 0xff,
    0xa0, 0x0, 0x3, 0xff, 0xff, 0xff, 0xff, 0x50,
    0x0, 0x0, 0x0, 0xc, 0xff, 0xff, 0xff, 0xfa,
    0x0, 0x3f, 0xff, 0xff, 0xff, 0xf5, 0x0, 0x0,
    0x0, 0x0, 0x0, 0xcf, 0xff, 0xff, 0xff, 0xa3,
    0xff, 0xff, 0xff, 0xff, 0x50, 0x0, 0x0, 0x0,
    0x0, 0x0, 0xc, 0xff, 0xff, 0xff, 0xff, 0xff,
    0xff, 0xff, 0xf5, 0x0, 0x0, 0x0, 0x0, 0x0,
    0x0, 0x0, 0xcf, 0xff, 0xff, 0xff, 0xff, 0xff,
    0xff, 0x50, 0x0, 0x0, 0x0, 0x0, 0x0, 0x0,
    0x0, 0xc, 0xff, 0xff, 0xff, 0xff, 0xff, 0xf5,
    0x0, 0x0, 0x0, 0x0, 0x0, 0x0, 0x0, 0x0,
    0x0, 0xcf, 0xff, 0xff, 0xff, 0xff, 0x50, 0x0,
    0x0, 0x0, 0x0, 0x0, 0x0, 0x0, 0x0, 0x0,
    0xc, 0xff, 0xff, 0xff, 0xf5, 0x0, 0x0, 0x0,
    0x0, 0x0, 0x0, 0x0, 0x0, 0x0, 0x0, 0x0,
    0xbf, 0xff, 0xff, 0x40, 0x0, 0x0, 0x0, 0x0,
    0x0, 0x0, 0x0, 0x0, 0x0, 0x0, 0x0, 0xb,
    0xff, 0xf4, 0x0, 0x0, 0x0, 0x0, 0x0, 0x0,
    0x0, 0x0, 0x0, 0x0, 0x0, 0x0, 0x0, 0xad,
    0x40, 0x0, 0x0, 0x0, 0x0, 0x0, 0x0, 0x0,
    0x0,

    /* U+F00D "" */
    0x0, 0x67, 0x10, 0x0, 0x0, 0x0, 0x0, 0x0,
    0x38, 0x30, 0x0, 0xbf, 0xfd, 0x10, 0x0, 0x0,
    0x0, 0x0, 0x5f, 0xff, 0x50, 0x9f, 0xff, 0xfd,
    0x10, 0x0, 0x0, 0x0, 0x5f, 0xff, 0xff, 0x3f,
    0xff, 0xff, 0xfd, 0x10, 0x0, 0x0, 0x5f, 0xff,
    0xff, 0xf9, 0xbf, 0xff, 0xff, 0xfd, 0x10, 0x0,
    0x5f, 0xff, 0xff, 0xff, 0x51, 0xcf, 0xff, 0xff,
    0xfd, 0x10, 0x5f, 0xff, 0xff, 0xff, 0x70, 0x1,
    0xcf, 0xff, 0xff, 0xfd, 0x7f, 0xff, 0xff, 0xff,
    0x70, 0x0, 0x1, 0xcf, 0xff, 0xff, 0xff, 0xff,
    0xff, 0xff, 0x70, 0x0, 0x0, 0x1, 0xcf, 0xff,
    0xff, 0xff, 0xff, 0xff, 0x70, 0x0, 0x0, 0x0,
    0x1, 0xcf, 0xff, 0xff, 0xff, 0xff, 0x70, 0x0,
    0x0, 0x0, 0x0, 0x1, 0xdf, 0xff, 0xff, 0xff,
    0x80, 0x0, 0x0, 0x0, 0x0, 0x0, 0x5f, 0xff,
    0xff, 0xff, 0xfd, 0x10, 0x0, 0x0, 0x0, 0x0,
    0x5f, 0xff, 0xff, 0xff, 0xff, 0xfd, 0x10, 0x0,
    0x0, 0x0, 0x5f, 0xff, 0xff, 0xff, 0xff, 0xff,
    0xfd, 0x10, 0x0, 0x0, 0x5f, 0xff, 0xff, 0xff,
    0xef, 0xff, 0xff, 0xfd, 0x10, 0x0, 0x5f, 0xff,
    0xff, 0xff, 0x71, 0xcf, 0xff, 0xff, 0xfd, 0x10,
    0x5f, 0xff, 0xff, 0xff, 0x70, 0x1, 0xcf, 0xff,
    0xff, 0xfd, 0x1e, 0xff, 0xff, 0xff, 0x70, 0x0,
    0x1, 0xcf, 0xff, 0xff, 0xf8, 0xdf, 0xff, 0xff,
    0x70, 0x0, 0x0, 0x1, 0xcf, 0xff, 0xff, 0x73,
    0xff, 0xff, 0x70, 0x0, 0x0, 0x0, 0x1, 0xcf,
    0xff, 0xc0, 0x4, 0xef, 0x70, 0x0, 0x0, 0x0,
    0x0, 0x1, 0xbf, 0xb0, 0x0, 0x0, 0x0, 0x0,
    0x0, 0x0, 0x0, 0x0, 0x0, 0x0, 0x0,

    /* U+F011 "" */
    0x0, 0x0, 0x0, 0x0, 0x0, 0x0, 0x0, 0x22,
    0x10, 0x0, 0x0, 0x0, 0x0, 0x0, 0x0, 0x0,
    0x0, 0x0, 0x0, 0x0, 0x0, 0xd, 0xff, 0xf4,
    0x0, 0x0, 0x0, 0x0, 0x0, 0x0, 0x0, 0x0,
    0x0, 0x0, 0x0, 0x0, 0x1f, 0xff, 0xf8, 0x0,
    0x0, 0x0, 0x0, 0x0, 0x0, 0x0, 0x0, 0x0,
    0x26, 0x10, 0x0, 0x2f, 0xff, 0xf9, 0x0, 0x0,
    0x45, 0x0, 0x0, 0x0, 0x0, 0x0, 0x5, 0xff,
    0xc0, 0x0, 0x2f, 0xff, 0xf9, 0x0, 0x5, 0xff,
    0xb1, 0x0, 0x0, 0x0, 0x0, 0x6f, 0xff, 0xf5,
    0x0, 0x2f, 0xff, 0xf9, 0x0, 0xd, 0xff, 0xfc,
    0x0, 0x0, 0x0, 0x4, 0xff, 0xff, 0xfa, 0x0,
    0x2f, 0xff, 0xf9, 0x0, 0x3f, 0xff, 0xff, 0xb0,
    0x0, 0x0, 0x1e, 0xff, 0xff, 0xf4, 0x0, 0x2f,
    0xff, 0xf9, 0x0, 0xd, 0xff, 0xff, 0xf7, 0x0,
    0x0, 0xaf, 0xff, 0xff, 0x40, 0x0, 0x2f, 0xff,
    0xf9, 0x0, 0x1, 0xcf, 0xff, 0xff, 0x10, 0x2,
    0xff, 0xff, 0xf5, 0x0, 0x0, 0x2f, 0xff, 0xf9,
    0x0, 0x0, 0xd, 0xff, 0xff, 0x90, 0x8, 0xff,
    0xff, 0xa0, 0x0, 0x0, 0x2f, 0xff, 0xf9, 0x0,
    0x0, 0x3, 0xff, 0xff, 0xf1, 0xe, 0xff, 0xff,
    0x10, 0x0, 0x0, 0x2f, 0xff, 0xf9, 0x0, 0x0,
    0x0, 0xaf, 0xff, 0xf5, 0x2f, 0xff, 0xfb, 0x0,
    0x0, 0x0, 0x2f, 0xff, 0xf9, 0x0, 0x0, 0x0,
    0x3f, 0xff, 0xf9, 0x5f, 0xff, 0xf6, 0x0, 0x0,
    0x0, 0x2f, 0xff, 0xf9, 0x0, 0x0, 0x0, 0xf,
    0xff, 0xfc, 0x7f, 0xff, 0xf3, 0x0, 0x0, 0x0,
    0x2f, 0xff, 0xf9, 0x0, 0x0, 0x0, 0xc, 0xff,
    0xfe, 0x8f, 0xff, 0xf2, 0x0, 0x0, 0x0, 0x2f,
    0xff, 0xf9, 0x0, 0x0, 0x0, 0xb, 0xff, 0xff,
    0x7f, 0xff, 0xf3, 0x0, 0x0, 0x0, 0x1f, 0xff,
    0xf8, 0x0, 0x0, 0x0, 0xc, 0xff, 0xfe, 0x6f,
    0xff, 0xf5, 0x0, 0x0, 0x0, 0x6, 0xbb, 0xa1,
    0x0, 0x0, 0x0, 0xe, 0xff, 0xfd, 0x3f, 0xff,
    0xfa, 0x0, 0x0, 0x0, 0x0, 0x0, 0x0, 0x0,
    0x0, 0x0, 0x3f, 0xff, 0xfb, 0xf, 0xff, 0xfe,
    0x0, 0x0, 0x0, 0x0, 0x0, 0x0, 0x0, 0x0,
    0x0, 0x8f, 0xff, 0xf7, 0xa, 0xff, 0xff, 0x80,
    0x0, 0x0, 0x0, 0x0, 0x0, 0x0, 0x0, 0x1,
    0xff, 0xff, 0xf2, 0x4, 0xff, 0xff, 0xf3, 0x0,
    0x0, 0x0, 0x0, 0x0, 0x0, 0x0, 0xb, 0xff,
    0xff, 0xb0, 0x0, 0xcf, 0xff, 0xfe, 0x20, 0x0,
    0x0, 0x0, 0x0, 0x0, 0x0, 0xaf, 0xff, 0xff,
    0x30, 0x0, 0x2f, 0xff, 0xff, 0xf4, 0x0, 0x0,
    0x0, 0x0, 0x0, 0x1b, 0xff, 0xff, 0xfa, 0x0,
    0x0, 0x7, 0xff, 0xff, 0xff, 0xb3, 0x0, 0x0,
    0x0, 0x17, 0xff, 0xff, 0xff, 0xd0, 0x0, 0x0,
    0x0, 0x9f, 0xff, 0xff, 0xff, 0xeb, 0x99, 0xad,
    0xff, 0xff, 0xff, 0xfe, 0x10, 0x0, 0x0, 0x0,
    0x8, 0xff, 0xff, 0xff, 0xff, 0xff, 0xff, 0xff,
    0xff, 0xff, 0xd2, 0x0, 0x0, 0x0, 0x0, 0x0,
    0x5e, 0xff, 0xff, 0xff, 0xff, 0xff, 0xff, 0xff,
    0xfa, 0x0, 0x0, 0x0, 0x0, 0x0, 0x0, 0x1,
    0x8f, 0xff, 0xff, 0xff, 0xff, 0xff, 0xfc, 0x40,
    0x0, 0x0, 0x0, 0x0, 0x0, 0x0, 0x0, 0x0,
    0x5a, 0xef, 0xff, 0xff, 0xc8, 0x30, 0x0, 0x0,
    0x0, 0x0, 0x0, 0x0, 0x0, 0x0, 0x0, 0x0,
    0x0, 0x12, 0x10, 0x0, 0x0, 0x0, 0x0, 0x0,
    0x0,

    /* U+F012 "" */
    0x0, 0x0, 0x0, 0x0, 0x0, 0x0, 0x0, 0x0,
    0x0, 0x0, 0x0, 0x0, 0x0, 0x0, 0x0, 0x0,
    0x0, 0x0, 0x0, 0x0, 0x0, 0x0, 0x0, 0x0,
    0x0, 0x0, 0x0, 0x0, 0x0, 0x0, 0x0, 0x0,
    0x0, 0x7f, 0xff, 0xe0, 0x0, 0x0, 0x0, 0x0,
    0x0, 0x0, 0x0, 0x0, 0x0, 0x0, 0x0, 0x0,
    0x0, 0x0, 0x0, 0x9f, 0xff, 0xf1, 0x0, 0x0,
    0x0, 0x0, 0x0, 0x0, 0x0, 0x0, 0x0, 0x0,
    0x0, 0x0, 0x0, 0x0, 0x0, 0x9f, 0xff, 0xf1,
    0x0, 0x0, 0x0, 0x0, 0x0, 0x0, 0x0, 0x0,
    0x0, 0x0, 0x0, 0x0, 0x0, 0x0, 0x0, 0x9f,
    0xff, 0xf1, 0x0, 0x0, 0x0, 0x0, 0x0, 0x0,
    0x0, 0x0, 0x0, 0x0, 0x0, 0x0, 0x0, 0x0,
    0x0, 0x9f, 0xff, 0xf1, 0x0, 0x0, 0x0, 0x0,
    0x0, 0x0, 0x0, 0x0, 0x0, 0x0, 0x0, 0x4,
    0x66, 0x61, 0x0, 0x9f, 0xff, 0xf1, 0x0, 0x0,
    0x0, 0x0, 0x0, 0x0, 0x0, 0x0, 0x0, 0x0,
    0x0, 0xf, 0xff, 0xf9, 0x0, 0x9f, 0xff, 0xf1,
    0x0, 0x0, 0x0, 0x0, 0x0, 0x0, 0x0, 0x0,
    0x0, 0x0, 0x0, 0x1f, 0xff, 0xf9, 0x0, 0x9f,
    0xff, 0xf1, 0x0, 0x0, 0x0, 0x0, 0x0, 0x0,
    0x0, 0x0, 0x0, 0x0, 0x0, 0x1f, 0xff, 0xf9,
    0x0, 0x9f, 0xff, 0xf1, 0x0, 0x0, 0x0, 0x0,
    0x0, 0x0, 0x0, 0x0, 0x0, 0x0, 0x0, 0x1f,
    0xff, 0xf9, 0x0, 0x9f, 0xff, 0xf1, 0x0, 0x0,
    0x0, 0x0, 0x0, 0x0, 0x0, 0x0, 0x0, 0x0,
    0x0, 0x1f, 0xff, 0xf9, 0x0, 0x9f, 0xff, 0xf1,
    0x0, 0x0, 0x0, 0x0, 0x0, 0x0, 0x0, 0x4,
    0xcc, 0xca, 0x0, 0x1f, 0xff, 0xf9, 0x0, 0x9f,
    0xff, 0xf1, 0x0, 0x0, 0x0, 0x0, 0x0, 0x0,
    0x0, 0x9, 0xff, 0xff, 0x10, 0x1f, 0xff, 0xf9,
    0x0, 0x9f, 0xff, 0xf1, 0x0, 0x0, 0x0, 0x0,
    0x0, 0x0, 0x0, 0x9, 0xff, 0xff, 0x10, 0x1f,
    0xff, 0xf9, 0x0, 0x9f, 0xff, 0xf1, 0x0, 0x0,
    0x0, 0x0, 0x0, 0x0, 0x0, 0x9, 0xff, 0xff,
    0x10, 0x1f, 0xff, 0xf9, 0x0, 0x9f, 0xff, 0xf1,
    0x0, 0x0, 0x0, 0x0, 0x0, 0x0, 0x0, 0x9,
    0xff, 0xff, 0x10, 0x1f, 0xff, 0xf9, 0x0, 0x9f,
    0xff, 0xf1, 0x0, 0x0, 0x0, 0x0, 0x12, 0x22,
    0x0, 0x9, 0xff, 0xff, 0x10, 0x1f, 0xff, 0xf9,
    0x0, 0x9f, 0xff, 0xf1, 0x0, 0x0, 0x0, 0x0,
    0xff, 0xff, 0x80, 0x9, 0xff, 0xff, 0x10, 0x1f,
    0xff, 0xf9, 0x0, 0x9f, 0xff, 0xf1, 0x0, 0x0,
    0x0, 0x1, 0xff, 0xff, 0x90, 0x9, 0xff, 0xff,
    0x10, 0x1f, 0xff, 0xf9, 0x0, 0x9f, 0xff, 0xf1,
    0x0, 0x0, 0x0, 0x1, 0xff, 0xff, 0x90, 0x9,
    0xff, 0xff, 0x10, 0x1f, 0xff, 0xf9, 0x0, 0x9f,
    0xff, 0xf1, 0x0, 0x0, 0x0, 0x1, 0xff, 0xff,
    0x90, 0x9, 0xff, 0xff, 0x10, 0x1f, 0xff, 0xf9,
    0x0, 0x9f, 0xff, 0xf1, 0x0, 0x0, 0x0, 0x1,
    0xff, 0xff, 0x90, 0x9, 0xff, 0xff, 0x10, 0x1f,
    0xff, 0xf9, 0x0, 0x9f, 0xff, 0xf1, 0x28, 0x88,
    0x60, 0x1, 0xff, 0xff, 0x90, 0x9, 0xff, 0xff,
    0x10, 0x1f, 0xff, 0xf9, 0x0, 0x9f, 0xff, 0xf1,
    0x9f, 0xff, 0xf1, 0x1, 0xff, 0xff, 0x90, 0x9,
    0xff, 0xff, 0x10, 0x1f, 0xff, 0xf9, 0x0, 0x9f,
    0xff, 0xf1, 0x9f, 0xff, 0xf1, 0x1, 0xff, 0xff,
    0x90, 0x9, 0xff, 0xff, 0x10, 0x1f, 0xff, 0xf9,
    0x0, 0x9f, 0xff, 0xf1, 0x9f, 0xff, 0xf1, 0x1,
    0xff, 0xff, 0x90, 0x9, 0xff, 0xff, 0x10, 0x1f,
    0xff, 0xf9, 0x0, 0x9f, 0xff, 0xf1, 0x9f, 0xff,
    0xf1, 0x1, 0xff, 0xff, 0x90, 0x9, 0xff, 0xff,
    0x10, 0x1f, 0xff, 0xf9, 0x0, 0x9f, 0xff, 0xf1,
    0x9f, 0xff, 0xf1, 0x1, 0xff, 0xff, 0x90, 0x9,
    0xff, 0xff, 0x10, 0x1f, 0xff, 0xf9, 0x0, 0x9f,
    0xff, 0xf1, 0x9f, 0xff, 0xf1, 0x1, 0xff, 0xff,
    0x90, 0x9, 0xff, 0xff, 0x10, 0x1f, 0xff, 0xf9,
    0x0, 0x9f, 0xff, 0xf1, 0x6f, 0xff, 0xd0, 0x0,
    0xdf, 0xff, 0x60, 0x6, 0xff, 0xfd, 0x0, 0xd,
    0xff, 0xf6, 0x0, 0x6f, 0xff, 0xd0,

    /* U+F013 "" */
    0x0, 0x0, 0x0, 0x0, 0x0, 0x0, 0x0, 0x0,
    0x0, 0x0, 0x0, 0x0, 0x0, 0x0, 0x0, 0x0,
    0x0, 0x0, 0x0, 0x0, 0x3, 0x8b, 0xcc, 0xb8,
    0x30, 0x0, 0x0, 0x0, 0x0, 0x0, 0x0, 0x0,
    0x0, 0x0, 0x0, 0xb, 0xff, 0xff, 0xff, 0xc0,
    0x0, 0x0, 0x0, 0x0, 0x0, 0x0, 0x0, 0x0,
    0x0, 0x0, 0xb, 0xff, 0xff, 0xff, 0xc0, 0x0,
    0x0, 0x0, 0x0, 0x0, 0x0, 0x0, 0x0, 0x0,
    0x0, 0xb, 0xff, 0xff, 0xff, 0xc0, 0x0, 0x0,
    0x0, 0x0, 0x0, 0x0, 0x0, 0x21, 0x0, 0x1,
    0x8f, 0xff, 0xff, 0xff, 0xf8, 0x10, 0x0, 0x12,
    0x0, 0x0, 0x0, 0x2, 0xff, 0x70, 0x6f, 0xff,
    0xff, 0xff, 0xff, 0xff, 0xf6, 0x7, 0xff, 0x30,
    0x0, 0x0, 0xd, 0xff, 0xff, 0xff, 0xff, 0xff,
    0xff, 0xff, 0xff, 0xff, 0xff, 0xff, 0xe0, 0x0,
    0x0, 0x8f, 0xff, 0xff, 0xff, 0xff, 0xff, 0xff,
    0xff, 0xff, 0xff, 0xff, 0xff, 0xf9, 0x0, 0x1,
    0xff, 0xff, 0xff, 0xff, 0xff, 0xff, 0xff, 0xff,
    0xff, 0xff, 0xff, 0xff, 0xff, 0x20, 0x8, 0xff,
    0xff, 0xff, 0xff, 0xff, 0xff, 0xff, 0xff, 0xff,
    0xff, 0xff, 0xff, 0xff, 0x80, 0xd, 0xff, 0xff,
    0xff, 0xff, 0xff, 0xc5, 0x11, 0x5c, 0xff, 0xff,
    0xff, 0xff, 0xff, 0xd0, 0x3, 0xdf, 0xff, 0xff,
    0xff, 0xfa, 0x0, 0x0, 0x0, 0xaf, 0xff, 0xff,
    0xff, 0xfd, 0x30, 0x0, 0x7, 0xff, 0xff, 0xff,
    0xe0, 0x0, 0x0, 0x0, 0xd, 0xff, 0xff, 0xff,
    0x70, 0x0, 0x0, 0x2, 0xff, 0xff, 0xff, 0x80,
    0x0, 0x0, 0x0, 0x7, 0xff, 0xff, 0xff, 0x20,
    0x0, 0x0, 0x3, 0xff, 0xff, 0xff, 0x50, 0x0,
    0x0, 0x0, 0x5, 0xff, 0xff, 0xff, 0x30, 0x0,
    0x0, 0x2, 0xff, 0xff, 0xff, 0x60, 0x0, 0x0,
    0x0, 0x6, 0xff, 0xff, 0xff, 0x30, 0x0, 0x0,
    0x2, 0xff, 0xff, 0xff, 0xa0, 0x0, 0x0, 0x0,
    0xa, 0xff, 0xff, 0xff, 0x20, 0x0, 0x0, 0x5e,
    0xff, 0xff, 0xff, 0xf4, 0x0, 0x0, 0x0, 0x3f,
    0xff, 0xff, 0xff, 0xe5, 0x0, 0xa, 0xff, 0xff,
    0xff, 0xff, 0xff, 0x50, 0x0, 0x4, 0xef, 0xff,
    0xff, 0xff, 0xff, 0xb0, 0xb, 0xff, 0xff, 0xff,
    0xff, 0xff, 0xfd, 0x99, 0xdf, 0xff, 0xff, 0xff,
    0xff, 0xff, 0xb0, 0x5, 0xff, 0xff, 0xff, 0xff,
    0xff, 0xff, 0xff, 0xff, 0xff, 0xff, 0xff, 0xff,
    0xff, 0x50, 0x0, 0xdf, 0xff, 0xff, 0xff, 0xff,
    0xff, 0xff, 0xff, 0xff, 0xff, 0xff, 0xff, 0xfd,
    0x0, 0x0, 0x4f, 0xff, 0xff, 0xff, 0xff, 0xff,
    0xff, 0xff, 0xff, 0xff, 0xff, 0xff, 0xf4, 0x0,
    0x0, 0x8, 0xff, 0xe7, 0xdf, 0xff, 0xff, 0xff,
    0xff, 0xff, 0xfd, 0x7e, 0xff, 0x90, 0x0, 0x0,
    0x0, 0x99, 0x10, 0x8, 0xff, 0xff, 0xff, 0xff,
    0xff, 0x80, 0x0, 0x8a, 0x0, 0x0, 0x0, 0x0,
    0x0, 0x0, 0x0, 0xd, 0xff, 0xff, 0xff, 0xd1,
    0x0, 0x0, 0x0, 0x0, 0x0, 0x0, 0x0, 0x0,
    0x0, 0x0, 0xb, 0xff, 0xff, 0xff, 0xc0, 0x0,
    0x0, 0x0, 0x0, 0x0, 0x0, 0x0, 0x0, 0x0,
    0x0, 0xb, 0xff, 0xff, 0xff, 0xc0, 0x0, 0x0,
    0x0, 0x0, 0x0, 0x0, 0x0, 0x0, 0x0, 0x0,
    0x9, 0xff, 0xff, 0xff, 0x90, 0x0, 0x0, 0x0,
    0x0, 0x0, 0x0, 0x0, 0x0, 0x0, 0x0, 0x0,
    0x3, 0x44, 0x30, 0x0, 0x0, 0x0, 0x0, 0x0,
    0x0,

    /* U+F015 "" */
    0x0, 0x0, 0x0, 0x0, 0x0, 0x0, 0x0, 0x0,
    0x32, 0x0, 0x0, 0x0, 0x34, 0x44, 0x10, 0x0,
    0x0, 0x0, 0x0, 0x0, 0x0, 0x0, 0x0, 0x0,
    0x3d, 0xff, 0xb1, 0x0, 0x1, 0xff, 0xff, 0x80,
    0x0, 0x0, 0x0, 0x0, 0x0, 0x0, 0x0, 0x0,
    0x5, 0xff, 0xff, 0xfd, 0x20, 0x1, 0xff, 0xff,
    0x90, 0x0, 0x0, 0x0, 0x0, 0x0, 0x0, 0x0,
    0x0, 0x8f, 0xff, 0xff, 0xff, 0xf4, 0x1, 0xff,
    0xff, 0x90, 0x0, 0x0, 0x0, 0x0, 0x0, 0x0,
    0x0, 0xb, 0xff, 0xff, 0xff, 0xff, 0xff, 0x71,
    0xff, 0xff, 0x90, 0x0, 0x0, 0x0, 0x0, 0x0,
    0x0, 0x2, 0xdf, 0xff, 0xfc, 0x24, 0xef, 0xff,
    0xfb, 0xff, 0xff, 0x90, 0x0, 0x0, 0x0, 0x0,
    0x0, 0x0, 0x4e, 0xff, 0xff, 0xa0, 0x0, 0x2d,
    0xff, 0xff, 0xff, 0xff, 0x90, 0x0, 0x0, 0x0,
    0x0, 0x0, 0x7, 0xff, 0xff, 0xf7, 0x0, 0x75,
    0x0, 0xbf, 0xff, 0xff, 0xff, 0x90, 0x0, 0x0,
    0x0, 0x0, 0x0, 0x9f, 0xff, 0xff, 0x50, 0x1b,
    0xff, 0x80, 0x8, 0xff, 0xff, 0xff, 0x90, 0x0,
    0x0, 0x0, 0x0, 0x1c, 0xff, 0xff, 0xe3, 0x2,
    0xdf, 0xff, 0xfb, 0x0, 0x5f, 0xff, 0xff, 0xb0,
    0x0, 0x0, 0x0, 0x3, 0xef, 0xff, 0xfc, 0x10,
    0x4f, 0xff, 0xff, 0xff, 0xd2, 0x3, 0xef, 0xff,
    0xfb, 0x0, 0x0, 0x0, 0x5f, 0xff, 0xff, 0xa0,
    0x7, 0xff, 0xff, 0xff, 0xff, 0xfe, 0x40, 0x1c,
    0xff, 0xff, 0xd2, 0x0, 0x8, 0xff, 0xff, 0xf7,
    0x0, 0x9f, 0xff, 0xff, 0xff, 0xff, 0xff, 0xf6,
    0x0, 0xaf, 0xff, 0xff, 0x40, 0xaf, 0xff, 0xff,
    0x40, 0x1c, 0xff, 0xff, 0xff, 0xff, 0xff, 0xff,
    0xff, 0x90, 0x7, 0xff, 0xff, 0xf6, 0xcf, 0xff,
    0xd2, 0x2, 0xef, 0xff, 0xff, 0xff, 0xff, 0xff,
    0xff, 0xff, 0xfb, 0x10, 0x5f, 0xff, 0xf8, 0x2e,
    0xfb, 0x10, 0x5f, 0xff, 0xff, 0xff, 0xff, 0xff,
    0xff, 0xff, 0xff, 0xff, 0xd2, 0x3, 0xef, 0xc0,
    0x3, 0x70, 0x4, 0xff, 0xff, 0xff, 0xff, 0xff,
    0xff, 0xff, 0xff, 0xff, 0xff, 0xff, 0x10, 0x18,
    0x10, 0x0, 0x0, 0x6, 0xff, 0xff, 0xff, 0xff,
    0xff, 0xff, 0xff, 0xff, 0xff, 0xff, 0xff, 0x20,
    0x0, 0x0, 0x0, 0x0, 0x6, 0xff, 0xff, 0xff,
    0xff, 0xff, 0xff, 0xff, 0xff, 0xff, 0xff, 0xff,
    0x20, 0x0, 0x0, 0x0, 0x0, 0x6, 0xff, 0xff,
    0xff, 0xff, 0xa7, 0x77, 0x7d, 0xff, 0xff, 0xff,
    0xff, 0x20, 0x0, 0x0, 0x0, 0x0, 0x6, 0xff,
    0xff, 0xff, 0xff, 0x10, 0x0, 0x5, 0xff, 0xff,
    0xff, 0xff, 0x20, 0x0, 0x0, 0x0, 0x0, 0x6,
    0xff, 0xff, 0xff, 0xff, 0x10, 0x0, 0x5, 0xff,
    0xff, 0xff, 0xff, 0x20, 0x0, 0x0, 0x0, 0x0,
    0x6, 0xff, 0xff, 0xff, 0xff, 0x10, 0x0, 0x5,
    0xff, 0xff, 0xff, 0xff, 0x20, 0x0, 0x0, 0x0,
    0x0, 0x6, 0xff, 0xff, 0xff, 0xff, 0x10, 0x0,
    0x5, 0xff, 0xff, 0xff, 0xff, 0x20, 0x0, 0x0,
    0x0, 0x0, 0x6, 0xff, 0xff, 0xff, 0xff, 0x10,
    0x0, 0x5, 0xff, 0xff, 0xff, 0xff, 0x20, 0x0,
    0x0, 0x0, 0x0, 0x6, 0xff, 0xff, 0xff, 0xff,
    0x10, 0x0, 0x5, 0xff, 0xff, 0xff, 0xff, 0x20,
    0x0, 0x0, 0x0, 0x0, 0x3, 0xef, 0xff, 0xff,
    0xfc, 0x0, 0x0, 0x2, 0xef, 0xff, 0xff, 0xfd,
    0x0, 0x0, 0x0,

    /* U+F017 "" */
    0x0, 0x0, 0x0, 0x0, 0x0, 0x4, 0x79, 0xaa,
    0x97, 0x40, 0x0, 0x0, 0x0, 0x0, 0x0, 0x0,
    0x0, 0x0, 0x0, 0x29, 0xff, 0xff, 0xff, 0xff,
    0xff, 0x92, 0x0, 0x0, 0x0, 0x0, 0x0, 0x0,
    0x0, 0x9, 0xff, 0xff, 0xff, 0xff, 0xff, 0xff,
    0xff, 0x90, 0x0, 0x0, 0x0, 0x0, 0x0, 0x2,
    0xdf, 0xff, 0xff, 0xff, 0xff, 0xff, 0xff, 0xff,
    0xfd, 0x20, 0x0, 0x0, 0x0, 0x0, 0x3f, 0xff,
    0xff, 0xff, 0xff, 0xff, 0xff, 0xff, 0xff, 0xff,
    0xe3, 0x0, 0x0, 0x0, 0x2, 0xef, 0xff, 0xff,
    0xff, 0xff, 0xff, 0xff, 0xff, 0xff, 0xff, 0xfe,
    0x20, 0x0, 0x0, 0xd, 0xff, 0xff, 0xff, 0xff,
    0xf0, 0x0, 0xf, 0xff, 0xff, 0xff, 0xff, 0xd0,
    0x0, 0x0, 0x8f, 0xff, 0xff, 0xff, 0xff, 0xe0,
    0x0, 0xe, 0xff, 0xff, 0xff, 0xff, 0xf8, 0x0,
    0x1, 0xff, 0xff, 0xff, 0xff, 0xff, 0xe0, 0x0,
    0xe, 0xff, 0xff, 0xff, 0xff, 0xff, 0x10, 0x8,
    0xff, 0xff, 0xff, 0xff, 0xff, 0xe0, 0x0, 0xe,
    0xff, 0xff, 0xff, 0xff, 0xff, 0x80, 0xd, 0xff,
    0xff, 0xff, 0xff, 0xff, 0xe0, 0x0, 0xe, 0xff,
    0xff, 0xff, 0xff, 0xff, 0xd0, 0x2f, 0xff, 0xff,
    0xff, 0xff, 0xff, 0xe0, 0x0, 0xe, 0xff, 0xff,
    0xff, 0xff, 0xff, 0xf1, 0x5f, 0xff, 0xff, 0xff,
    0xff, 0xff, 0xe0, 0x0, 0xe, 0xff, 0xff, 0xff,
    0xff, 0xff, 0xf4, 0x6f, 0xff, 0xff, 0xff, 0xff,
    0xff, 0xe0, 0x0, 0xe, 0xff, 0xff, 0xff, 0xff,
    0xff, 0xf6, 0x7f, 0xff, 0xff, 0xff, 0xff, 0xff,
    0xe0, 0x0, 0xd, 0xff, 0xff, 0xff, 0xff, 0xff,
    0xf7, 0x7f, 0xff, 0xff, 0xff, 0xff, 0xff, 0xe0,
    0x0, 0x1, 0xcf, 0xff, 0xff, 0xff, 0xff, 0xf7,
    0x6f, 0xff, 0xff, 0xff, 0xff, 0xff, 0xf0, 0x0,
    0x0, 0x7, 0xff, 0xff, 0xff, 0xff, 0xf6, 0x4f,
    0xff, 0xff, 0xff, 0xff, 0xff, 0xfb, 0x10, 0x0,
    0x0, 0x3f, 0xff, 0xff, 0xff, 0xf4, 0x1f, 0xff,
    0xff, 0xff, 0xff, 0xff, 0xff, 0xe4, 0x0, 0x0,
    0x2f, 0xff, 0xff, 0xff, 0xf1, 0xc, 0xff, 0xff,
    0xff, 0xff, 0xff, 0xff, 0xff, 0x80, 0x0, 0xcf,
    0xff, 0xff, 0xff, 0xc0, 0x6, 0xff, 0xff, 0xff,
    0xff, 0xff, 0xff, 0xff, 0xfc, 0x28, 0xff, 0xff,
    0xff, 0xff, 0x60, 0x0, 0xef, 0xff, 0xff, 0xff,
    0xff, 0xff, 0xff, 0xff, 0xff, 0xff, 0xff, 0xff,
    0xfe, 0x0, 0x0, 0x5f, 0xff, 0xff, 0xff, 0xff,
    0xff, 0xff, 0xff, 0xff, 0xff, 0xff, 0xff, 0xf5,
    0x0, 0x0, 0xa, 0xff, 0xff, 0xff, 0xff, 0xff,
    0xff, 0xff, 0xff, 0xff, 0xff, 0xff, 0xa0, 0x0,
    0x0, 0x0, 0xcf, 0xff, 0xff, 0xff, 0xff, 0xff,
    0xff, 0xff, 0xff, 0xff, 0xfc, 0x0, 0x0, 0x0,
    0x0, 0x1c, 0xff, 0xff, 0xff, 0xff, 0xff, 0xff,
    0xff, 0xff, 0xff, 0xc1, 0x0, 0x0, 0x0, 0x0,
    0x0, 0xaf, 0xff, 0xff, 0xff, 0xff, 0xff, 0xff,
    0xff, 0xfa, 0x0, 0x0, 0x0, 0x0, 0x0, 0x0,
    0x5, 0xdf, 0xff, 0xff, 0xff, 0xff, 0xff, 0xfd,
    0x50, 0x0, 0x0, 0x0, 0x0, 0x0, 0x0, 0x0,
    0x5, 0xbf, 0xff, 0xff, 0xff, 0xfb, 0x50, 0x0,
    0x0, 0x0, 0x0, 0x0, 0x0, 0x0, 0x0, 0x0,
    0x0, 0x24, 0x55, 0x42, 0x0, 0x0, 0x0, 0x0,
    0x0, 0x0,

    /* U+F019 "" */
    0x0, 0x0, 0x0, 0x0, 0x0, 0x0, 0x1, 0x11,
    0x10, 0x0, 0x0, 0x0, 0x0, 0x0, 0x0, 0x0,
    0x0, 0x0, 0x0, 0x0, 0x6, 0xff, 0xff, 0xff,
    0x60, 0x0, 0x0, 0x0, 0x0, 0x0, 0x0, 0x0,
    0x0, 0x0, 0x0, 0xb, 0xff, 0xff, 0xff, 0xb0,
    0x0, 0x0, 0x0, 0x0, 0x0, 0x0, 0x0, 0x0,
    0x0, 0x0, 0xc, 0xff, 0xff, 0xff, 0xc0, 0x0,
    0x0, 0x0, 0x0, 0x0, 0x0, 0x0, 0x0, 0x0,
    0x0, 0xc, 0xff, 0xff, 0xff, 0xc0, 0x0, 0x0,
    0x0, 0x0, 0x0, 0x0, 0x0, 0x0, 0x0, 0x0,
    0xc, 0xff, 0xff, 0xff, 0xc0, 0x0, 0x0, 0x0,
    0x0, 0x0, 0x0, 0x0, 0x0, 0x0, 0x0, 0xc,
    0xff, 0xff, 0xff, 0xc0, 0x0, 0x0, 0x0, 0x0,
    0x0, 0x0, 0x0, 0x0, 0x0, 0x0, 0xc, 0xff,
    0xff, 0xff, 0xc0, 0x0, 0x0, 0x0, 0x0, 0x0,
    0x0, 0x0, 0x0, 0x0, 0x0, 0xc, 0xff, 0xff,
    0xff, 0xc0, 0x0, 0x0, 0x0, 0x0, 0x0, 0x0,
    0x0, 0x0, 0x0, 0x0, 0xc, 0xff, 0xff, 0xff,
    0xc0, 0x0, 0x0, 0x0, 0x0, 0x0, 0x0, 0x0,
    0x0, 0x0, 0x0, 0xc, 0xff, 0xff, 0xff, 0xc0,
    0x0, 0x0, 0x0, 0x0, 0x0, 0x0, 0x0, 0x0,
    0x0, 0x0, 0xc, 0xff, 0xff, 0xff, 0xc0, 0x0,
    0x0, 0x0, 0x0, 0x0, 0x0, 0x0, 0x8, 0xcd,
    0xdd, 0xdf, 0xff, 0xff, 0xff, 0xfd, 0xdd, 0xdc,
    0x80, 0x0, 0x0, 0x0, 0x0, 0xf, 0xff, 0xff,
    0xff, 0xff, 0xff, 0xff, 0xff, 0xff, 0xff, 0xf0,
    0x0, 0x0, 0x0, 0x0, 0x6, 0xff, 0xff, 0xff,
    0xff, 0xff, 0xff, 0xff, 0xff, 0xff, 0x60, 0x0,
    0x0, 0x0, 0x0, 0x0, 0x5f, 0xff, 0xff, 0xff,
    0xff, 0xff, 0xff, 0xff, 0xf6, 0x0, 0x0, 0x0,
    0x0, 0x0, 0x0, 0x5, 0xff, 0xff, 0xff, 0xff,
    0xff, 0xff, 0xff, 0x50, 0x0, 0x0, 0x0, 0x0,
    0x0, 0x0, 0x0, 0x5f, 0xff, 0xff, 0xff, 0xff,
    0xff, 0xf5, 0x0, 0x0, 0x0, 0x0, 0x0, 0x0,
    0x0, 0x0, 0x5, 0xff, 0xff, 0xff, 0xff, 0xff,
    0x50, 0x0, 0x0, 0x0, 0x0, 0x0, 0x0, 0x0,
    0x0, 0x0, 0x5f, 0xff, 0xff, 0xff, 0xf5, 0x0,
    0x0, 0x0, 0x0, 0x0, 0x0, 0x0, 0x0, 0x0,
    0x0, 0x5, 0xff, 0xff, 0xff, 0x50, 0x0, 0x0,
    0x0, 0x0, 0x0, 0x26, 0x77, 0x77, 0x77, 0x77,
    0x10, 0x4f, 0xff, 0xf5, 0x1, 0x77, 0x77, 0x77,
    0x77, 0x62, 0xdf, 0xff, 0xff, 0xff, 0xff, 0xd2,
    0x4, 0xff, 0x40, 0x2e, 0xff, 0xff, 0xff, 0xff,
    0xfd, 0xff, 0xff, 0xff, 0xff, 0xff, 0xfe, 0x20,
    0x22, 0x2, 0xef, 0xff, 0xff, 0xff, 0xff, 0xff,
    0xff, 0xff, 0xff, 0xff, 0xff, 0xff, 0xe5, 0x0,
    0x5e, 0xff, 0xff, 0xff, 0xff, 0xff, 0xff, 0xff,
    0xff, 0xff, 0xff, 0xff, 0xff, 0xff, 0xff, 0xff,
    0xff, 0xff, 0xff, 0xff, 0xff, 0xff, 0xff, 0xff,
    0xff, 0xff, 0xff, 0xff, 0xff, 0xff, 0xff, 0xff,
    0xff, 0xff, 0xff, 0xff, 0xff, 0xff, 0xff, 0xff,
    0xff, 0xff, 0xff, 0xff, 0xff, 0xff, 0xff, 0x90,
    0x8f, 0x60, 0xbf, 0xff, 0xff, 0xff, 0xff, 0xff,
    0xff, 0xff, 0xff, 0xff, 0xff, 0xff, 0x90, 0x8f,
    0x60, 0xbf, 0xff, 0xff, 0xff, 0xff, 0xff, 0xff,
    0xff, 0xff, 0xff, 0xff, 0xff, 0xff, 0xff, 0xff,
    0xff, 0xff, 0x5a, 0xbb, 0xbb, 0xbb, 0xbb, 0xbb,
    0xbb, 0xbb, 0xbb, 0xbb, 0xbb, 0xbb, 0xbb, 0xbb,
    0xa5,

    /* U+F01C "" */
    0x0, 0x0, 0x0, 0x2, 0x9b, 0xbb, 0xbb, 0xbb,
    0xbb, 0xbb, 0xbb, 0xbb, 0xb8, 0x10, 0x0, 0x0,
    0x0, 0x0, 0x0, 0x0, 0x4f, 0xff, 0xff, 0xff,
    0xff, 0xff, 0xff, 0xff, 0xff, 0xff, 0xe1, 0x0,
    0x0, 0x0, 0x0, 0x0, 0x0, 0xef, 0xff, 0xff,
    0xff, 0xff, 0xff, 0xff, 0xff, 0xff, 0xff, 0xfb,
    0x0, 0x0, 0x0, 0x0, 0x0, 0x9, 0xff, 0xff,
    0xff, 0xff, 0xff, 0xff, 0xff, 0xff, 0xff, 0xff,
    0xff, 0x50, 0x0, 0x0, 0x0, 0x0, 0x4f, 0xff,
    0xf3, 0x0, 0x0, 0x0, 0x0, 0x0, 0x0, 0x0,
    0x7f, 0xff, 0xe1, 0x0, 0x0, 0x0, 0x0, 0xef,
    0xff, 0x80, 0x0, 0x0, 0x0, 0x0, 0x0, 0x0,
    0x0, 0xc, 0xff, 0xfa, 0x0, 0x0, 0x0, 0x9,
    0xff, 0xfd, 0x0, 0x0, 0x0, 0x0, 0x0, 0x0,
    0x0, 0x0, 0x2, 0xff, 0xff, 0x50, 0x0, 0x0,
    0x4f, 0xff, 0xf4, 0x0, 0x0, 0x0, 0x0, 0x0,
    0x0, 0x0, 0x0, 0x0, 0x8f, 0xff, 0xe1, 0x0,
    0x0, 0xdf, 0xff, 0x90, 0x0, 0x0, 0x0, 0x0,
    0x0, 0x0, 0x0, 0x0, 0x0, 0xd, 0xff, 0xfa,
    0x0, 0x9, 0xff, 0xfe, 0x10, 0x0, 0x0, 0x0,
    0x0, 0x0, 0x0, 0x0, 0x0, 0x0, 0x3, 0xff,
    0xff, 0x50, 0x3f, 0xff, 0xf5, 0x0, 0x0, 0x0,
    0x0, 0x0, 0x0, 0x0, 0x0, 0x0, 0x0, 0x0,
    0x9f, 0xff, 0xe1, 0xcf, 0xff, 0xd4, 0x44, 0x44,
    0x43, 0x0, 0x0, 0x0, 0x0, 0x0, 0x34, 0x44,
    0x44, 0x4f, 0xff, 0xf8, 0xff, 0xff, 0xff, 0xff,
    0xff, 0xff, 0x10, 0x0, 0x0, 0x0, 0x5, 0xff,
    0xff, 0xff, 0xff, 0xff, 0xfb, 0xff, 0xff, 0xff,
    0xff, 0xff, 0xff, 0x90, 0x0, 0x0, 0x0, 0xd,
    0xff, 0xff, 0xff, 0xff, 0xff, 0xfc, 0xff, 0xff,
    0xff, 0xff, 0xff, 0xff, 0xf1, 0x0, 0x0, 0x0,
    0x5f, 0xff, 0xff, 0xff, 0xff, 0xff, 0xfc, 0xff,
    0xff, 0xff, 0xff, 0xff, 0xff, 0xfb, 0x88, 0x88,
    0x88, 0xdf, 0xff, 0xff, 0xff, 0xff, 0xff, 0xfc,
    0xff, 0xff, 0xff, 0xff, 0xff, 0xff, 0xff, 0xff,
    0xff, 0xff, 0xff, 0xff, 0xff, 0xff, 0xff, 0xff,
    0xfc, 0xff, 0xff, 0xff, 0xff, 0xff, 0xff, 0xff,
    0xff, 0xff, 0xff, 0xff, 0xff, 0xff, 0xff, 0xff,
    0xff, 0xfc, 0xff, 0xff, 0xff, 0xff, 0xff, 0xff,
    0xff, 0xff, 0xff, 0xff, 0xff, 0xff, 0xff, 0xff,
    0xff, 0xff, 0xfc, 0xff, 0xff, 0xff, 0xff, 0xff,
    0xff, 0xff, 0xff, 0xff, 0xff, 0xff, 0xff, 0xff,
    0xff, 0xff, 0xff, 0xfc, 0xef, 0xff, 0xff, 0xff,
    0xff, 0xff, 0xff, 0xff, 0xff, 0xff, 0xff, 0xff,
    0xff, 0xff, 0xff, 0xff, 0xfa, 0x9f, 0xff, 0xff,
    0xff, 0xff, 0xff, 0xff, 0xff, 0xff, 0xff, 0xff,
    0xff, 0xff, 0xff, 0xff, 0xff, 0xf5, 0x9, 0xff,
    0xff, 0xff, 0xff, 0xff, 0xff, 0xff, 0xff, 0xff,
    0xff, 0xff, 0xff, 0xff, 0xff, 0xfe, 0x70,

    /* U+F01E "" */
    0x0, 0x0, 0x0, 0x0, 0x0, 0x0, 0x0, 0x0,
    0x0, 0x0, 0x0, 0x0, 0x0, 0x13, 0x31, 0x0,
    0x0, 0x0, 0x0, 0x0, 0x2, 0x6a, 0xcd, 0xdb,
    0x84, 0x0, 0x0, 0x0, 0xf, 0xff, 0xf0, 0x0,
    0x0, 0x0, 0x0, 0x4c, 0xff, 0xff, 0xff, 0xff,
    0xff, 0x92, 0x0, 0x0, 0xff, 0xff, 0x10, 0x0,
    0x0, 0x1, 0xbf, 0xff, 0xff, 0xff, 0xff, 0xff,
    0xff, 0xf9, 0x10, 0xf, 0xff, 0xf1, 0x0, 0x0,
    0x3, 0xef, 0xff, 0xff, 0xff, 0xff, 0xff, 0xff,
    0xff, 0xfe, 0x40, 0xef, 0xff, 0x10, 0x0, 0x4,
    0xff, 0xff, 0xff, 0xfb, 0x86, 0x68, 0xcf, 0xff,
    0xff, 0xff, 0x6e, 0xff, 0xf1, 0x0, 0x3, 0xff,
    0xff, 0xfe, 0x70, 0x0, 0x0, 0x0, 0x29, 0xff,
    0xff, 0xff, 0xff, 0xff, 0x10, 0x0, 0xdf, 0xff,
    0xfc, 0x10, 0x0, 0x0, 0x0, 0x0, 0x2, 0xdf,
    0xff, 0xff, 0xff, 0xf1, 0x0, 0x8f, 0xff, 0xfb,
    0x0, 0x0, 0x0, 0x0, 0x0, 0x0, 0x0, 0xbf,
    0xff, 0xff, 0xff, 0x10, 0x1f, 0xff, 0xfd, 0x0,
    0x0, 0x0, 0x0, 0x0, 0x22, 0x21, 0x0, 0xcf,
    0xff, 0xff, 0xf1, 0x8, 0xff, 0xff, 0x30, 0x0,
    0x0, 0x0, 0x0, 0xf, 0xff, 0xff, 0xff, 0xff,
    0xff, 0xff, 0x10, 0xdf, 0xff, 0xa0, 0x0, 0x0,
    0x0, 0x0, 0x0, 0xff, 0xff, 0xff, 0xff, 0xff,
    0xff, 0xf1, 0x1f, 0xff, 0xf4, 0x0, 0x0, 0x0,
    0x0, 0x0, 0xf, 0xff, 0xff, 0xff, 0xff, 0xff,
    0xff, 0x14, 0xff, 0xff, 0x0, 0x0, 0x0, 0x0,
    0x0, 0x0, 0xdf, 0xff, 0xff, 0xff, 0xff, 0xff,
    0xd0, 0x6f, 0xff, 0xd0, 0x0, 0x0, 0x0, 0x0,
    0x0, 0x0, 0x0, 0x0, 0x0, 0x0, 0x0, 0x0,
    0x7, 0xff, 0xfc, 0x0, 0x0, 0x0, 0x0, 0x0,
    0x0, 0x0, 0x0, 0x0, 0x0, 0x0, 0x0, 0x0,
    0x6f, 0xff, 0xd0, 0x0, 0x0, 0x0, 0x0, 0x0,
    0x0, 0x0, 0x0, 0x0, 0x0, 0x0, 0x0, 0x5,
    0xff, 0xfe, 0x0, 0x0, 0x0, 0x0, 0x0, 0x0,
    0x0, 0x0, 0x0, 0x0, 0x0, 0x0, 0x0, 0x2f,
    0xff, 0xf2, 0x0, 0x0, 0x0, 0x0, 0x0, 0x0,
    0x0, 0x0, 0x0, 0x0, 0x0, 0x0, 0x0, 0xff,
    0xff, 0x70, 0x0, 0x0, 0x0, 0x0, 0x0, 0x0,
    0x0, 0x0, 0x0, 0x0, 0x0, 0x0, 0xa, 0xff,
    0xfe, 0x0, 0x0, 0x0, 0x0, 0x0, 0x0, 0x0,
    0x0, 0x0, 0x0, 0x0, 0x0, 0x0, 0x4f, 0xff,
    0xf8, 0x0, 0x0, 0x0, 0x0, 0x0, 0x0, 0x0,
    0x0, 0x0, 0x0, 0x0, 0x0, 0x0, 0xcf, 0xff,
    0xf5, 0x0, 0x0, 0x0, 0x0, 0x0, 0x0, 0x0,
    0x0, 0x0, 0x0, 0x0, 0x0, 0x3, 0xff, 0xff,
    0xf5, 0x0, 0x0, 0x0, 0x0, 0x0, 0x0, 0x48,
    0x0, 0x0, 0x0, 0x0, 0x0, 0x8, 0xff, 0xff,
    0xf9, 0x10, 0x0, 0x0, 0x0, 0x1, 0x9f, 0xfc,
    0x0, 0x0, 0x0, 0x0, 0x0, 0xb, 0xff, 0xff,
    0xff, 0x94, 0x10, 0x1, 0x5a, 0xff, 0xff, 0xfb,
    0x0, 0x0, 0x0, 0x0, 0x0, 0xa, 0xff, 0xff,
    0xff, 0xff, 0xff, 0xff, 0xff, 0xff, 0xff, 0xb0,
    0x0, 0x0, 0x0, 0x0, 0x0, 0x7, 0xff, 0xff,
    0xff, 0xff, 0xff, 0xff, 0xff, 0xff, 0x80, 0x0,
    0x0, 0x0, 0x0, 0x0, 0x0, 0x2, 0xbf, 0xff,
    0xff, 0xff, 0xff, 0xff, 0xf9, 0x20, 0x0, 0x0,
    0x0, 0x0, 0x0, 0x0, 0x0, 0x0, 0x28, 0xdf,
    0xff, 0xff, 0xfb, 0x61, 0x0, 0x0, 0x0, 0x0,
    0x0, 0x0, 0x0, 0x0, 0x0, 0x0, 0x0, 0x2,
    0x34, 0x20, 0x0, 0x0, 0x0, 0x0, 0x0, 0x0,
    0x0,

    /* U+F021 "" */
    0x0, 0x0, 0x0, 0x0, 0x0, 0x0, 0x0, 0x0,
    0x0, 0x0, 0x0, 0x0, 0x0, 0x23, 0x31, 0x0,
    0x0, 0x0, 0x0, 0x0, 0x26, 0xab, 0xdd, 0xb8,
    0x40, 0x0, 0x0, 0x1, 0xff, 0xff, 0x0, 0x0,
    0x0, 0x0, 0x4b, 0xff, 0xff, 0xff, 0xff, 0xfe,
    0x92, 0x0, 0x1, 0xff, 0xff, 0x0, 0x0, 0x0,
    0x1b, 0xff, 0xff, 0xff, 0xff, 0xff, 0xff, 0xff,
    0x90, 0x0, 0xff, 0xff, 0x0, 0x0, 0x4, 0xef,
    0xff, 0xff, 0xff, 0xff, 0xff, 0xff, 0xff, 0xfd,
    0x30, 0xff, 0xff, 0x0, 0x0, 0x4f, 0xff, 0xff,
    0xff, 0xb8, 0x66, 0x8c, 0xff, 0xff, 0xff, 0xf5,
    0xff, 0xff, 0x0, 0x3, 0xff, 0xff, 0xff, 0x81,
    0x0, 0x0, 0x0, 0x2a, 0xff, 0xff, 0xff, 0xff,
    0xff, 0x0, 0xd, 0xff, 0xff, 0xd2, 0x0, 0x0,
    0x0, 0x0, 0x0, 0x3d, 0xff, 0xff, 0xff, 0xff,
    0x0, 0x9f, 0xff, 0xfc, 0x10, 0x0, 0x0, 0x0,
    0x0, 0x0, 0x0, 0xcf, 0xff, 0xff, 0xff, 0x1,
    0xff, 0xff, 0xd0, 0x0, 0x0, 0x0, 0x0, 0x2,
    0x22, 0x10, 0xd, 0xff, 0xff, 0xff, 0x8, 0xff,
    0xff, 0x30, 0x0, 0x0, 0x0, 0x0, 0x1f, 0xff,
    0xff, 0xff, 0xff, 0xff, 0xff, 0xd, 0xff, 0xfa,
    0x0, 0x0, 0x0, 0x0, 0x0, 0x2f, 0xff, 0xff,
    0xff, 0xff, 0xff, 0xff, 0x2f, 0xff, 0xf4, 0x0,
    0x0, 0x0, 0x0, 0x0, 0x2f, 0xff, 0xff, 0xff,
    0xff, 0xff, 0xff, 0x2e, 0xff, 0xd0, 0x0, 0x0,
    0x0, 0x0, 0x0, 0xd, 0xff, 0xff, 0xff, 0xff,
    0xff, 0xfc, 0x0, 0x0, 0x0, 0x0, 0x0, 0x0,
    0x0, 0x0, 0x0, 0x0, 0x0, 0x0, 0x0, 0x0,
    0x0, 0x0, 0x0, 0x0, 0x0, 0x0, 0x0, 0x0,
    0x0, 0x0, 0x0, 0x0, 0x0, 0x0, 0x0, 0x0,
    0x0, 0x0, 0x0, 0x0, 0x0, 0x0, 0x0, 0x0,
    0x0, 0x0, 0x0, 0x0, 0x0, 0x0, 0x0, 0x12,
    0x22, 0x22, 0x22, 0x22, 0x22, 0x10, 0x0, 0x0,
    0x0, 0x0, 0x0, 0x1, 0x22, 0x10, 0xef, 0xff,
    0xff, 0xff, 0xff, 0xff, 0xf1, 0x0, 0x0, 0x0,
    0x0, 0x0, 0x1f, 0xff, 0xf3, 0xff, 0xff, 0xff,
    0xff, 0xff, 0xff, 0xf2, 0x0, 0x0, 0x0, 0x0,
    0x0, 0x6f, 0xff, 0xf0, 0xff, 0xff, 0xff, 0xff,
    0xff, 0xff, 0xf2, 0x0, 0x0, 0x0, 0x0, 0x0,
    0xdf, 0xff, 0xb0, 0xff, 0xff, 0xff, 0xec, 0xcd,
    0xef, 0xe0, 0x0, 0x0, 0x0, 0x0, 0x7, 0xff,
    0xff, 0x50, 0xff, 0xff, 0xff, 0xf2, 0x0, 0x0,
    0x0, 0x0, 0x0, 0x0, 0x0, 0x5f, 0xff, 0xfd,
    0x0, 0xff, 0xff, 0xff, 0xfe, 0x40, 0x0, 0x0,
    0x0, 0x0, 0x0, 0x6, 0xff, 0xff, 0xf5, 0x0,
    0xff, 0xff, 0xff, 0xff, 0xf9, 0x10, 0x0, 0x0,
    0x0, 0x1, 0xaf, 0xff, 0xff, 0x90, 0x0, 0xff,
    0xff, 0xcf, 0xff, 0xff, 0xfa, 0x51, 0x0, 0x14,
    0x9f, 0xff, 0xff, 0xfc, 0x0, 0x0, 0xff, 0xff,
    0xb, 0xff, 0xff, 0xff, 0xff, 0xff, 0xff, 0xff,
    0xff, 0xff, 0xb0, 0x0, 0x0, 0xff, 0xff, 0x0,
    0x6f, 0xff, 0xff, 0xff, 0xff, 0xff, 0xff, 0xff,
    0xf8, 0x0, 0x0, 0x0, 0xff, 0xff, 0x10, 0x1,
    0x9f, 0xff, 0xff, 0xff, 0xff, 0xff, 0xfc, 0x30,
    0x0, 0x0, 0x0, 0xff, 0xff, 0x10, 0x0, 0x1,
    0x6b, 0xff, 0xff, 0xff, 0xd9, 0x30, 0x0, 0x0,
    0x0, 0x0, 0xdf, 0xfe, 0x10, 0x0, 0x0, 0x0,
    0x2, 0x43, 0x21, 0x0, 0x0, 0x0, 0x0, 0x0,
    0x0,

    /* U+F023 "" */
    0x0, 0x0, 0x0, 0x0, 0x0, 0x0, 0x11, 0x0,
    0x0, 0x0, 0x0, 0x0, 0x0, 0x0, 0x0, 0x0,
    0x0, 0x0, 0x5b, 0xff, 0xff, 0xc7, 0x0, 0x0,
    0x0, 0x0, 0x0, 0x0, 0x0, 0x0, 0x2, 0xdf,
    0xff, 0xff, 0xff, 0xfe, 0x40, 0x0, 0x0, 0x0,
    0x0, 0x0, 0x0, 0x3, 0xef, 0xff, 0xff, 0xff,
    0xff, 0xff, 0x60, 0x0, 0x0, 0x0, 0x0, 0x0,
    0x1, 0xef, 0xff, 0xff, 0xff, 0xff, 0xff, 0xff,
    0x40, 0x0, 0x0, 0x0, 0x0, 0x0, 0xaf, 0xff,
    0xff, 0xd9, 0x9c, 0xff, 0xff, 0xfe, 0x0, 0x0,
    0x0, 0x0, 0x0, 0x2f, 0xff, 0xff, 0x70, 0x0,
    0x4, 0xff, 0xff, 0xf6, 0x0, 0x0, 0x0, 0x0,
    0x7, 0xff, 0xff, 0x90, 0x0, 0x0, 0x5, 0xff,
    0xff, 0xb0, 0x0, 0x0, 0x0, 0x0, 0xaf, 0xff,
    0xf1, 0x0, 0x0, 0x0, 0xd, 0xff, 0xfe, 0x0,
    0x0, 0x0, 0x0, 0xc, 0xff, 0xfe, 0x0, 0x0,
    0x0, 0x0, 0xaf, 0xff, 0xf0, 0x0, 0x0, 0x0,
    0x0, 0xcf, 0xff, 0xe0, 0x0, 0x0, 0x0, 0xa,
    0xff, 0xff, 0x0, 0x0, 0x0, 0x0, 0xc, 0xff,
    0xfe, 0x0, 0x0, 0x0, 0x0, 0xaf, 0xff, 0xf0,
    0x0, 0x0, 0x0, 0x0, 0xcf, 0xff, 0xe0, 0x0,
    0x0, 0x0, 0xa, 0xff, 0xff, 0x0, 0x0, 0x0,
    0x0, 0xc, 0xff, 0xfe, 0x0, 0x0, 0x0, 0x0,
    0xaf, 0xff, 0xf1, 0x0, 0x0, 0x1a, 0xff, 0xff,
    0xff, 0xff, 0xff, 0xff, 0xff, 0xff, 0xff, 0xff,
    0xff, 0xc2, 0xa, 0xff, 0xff, 0xff, 0xff, 0xff,
    0xff, 0xff, 0xff, 0xff, 0xff, 0xff, 0xff, 0xd0,
    0xff, 0xff, 0xff, 0xff, 0xff, 0xff, 0xff, 0xff,
    0xff, 0xff, 0xff, 0xff, 0xff, 0x3f, 0xff, 0xff,
    0xff, 0xff, 0xff, 0xff, 0xff, 0xff, 0xff, 0xff,
    0xff, 0xff, 0xf4, 0xff, 0xff, 0xff, 0xff, 0xff,
    0xff, 0xff, 0xff, 0xff, 0xff, 0xff, 0xff, 0xff,
    0x4f, 0xff, 0xff, 0xff, 0xff, 0xff, 0xff, 0xff,
    0xff, 0xff, 0xff, 0xff, 0xff, 0xf4, 0xff, 0xff,
    0xff, 0xff, 0xff, 0xff, 0xff, 0xff, 0xff, 0xff,
    0xff, 0xff, 0xff, 0x4f, 0xff, 0xff, 0xff, 0xff,
    0xff, 0xff, 0xff, 0xff, 0xff, 0xff, 0xff, 0xff,
    0xf4, 0xff, 0xff, 0xff, 0xff, 0xff, 0xff, 0xff,
    0xff, 0xff, 0xff, 0xff, 0xff, 0xff, 0x4f, 0xff,
    0xff, 0xff, 0xff, 0xff, 0xff, 0xff, 0xff, 0xff,
    0xff, 0xff, 0xff, 0xf4, 0xff, 0xff, 0xff, 0xff,
    0xff, 0xff, 0xff, 0xff, 0xff, 0xff, 0xff, 0xff,
    0xff, 0x4f, 0xff, 0xff, 0xff, 0xff, 0xff, 0xff,
    0xff, 0xff, 0xff, 0xff, 0xff, 0xff, 0xf4, 0xff,
    0xff, 0xff, 0xff, 0xff, 0xff, 0xff, 0xff, 0xff,
    0xff, 0xff, 0xff, 0xff, 0x4f, 0xff, 0xff, 0xff,
    0xff, 0xff, 0xff, 0xff, 0xff, 0xff, 0xff, 0xff,
    0xff, 0xf4, 0xef, 0xff, 0xff, 0xff, 0xff, 0xff,
    0xff, 0xff, 0xff, 0xff, 0xff, 0xff, 0xff, 0x28,
    0xff, 0xff, 0xff, 0xff, 0xff, 0xff, 0xff, 0xff,
    0xff, 0xff, 0xff, 0xff, 0xc0, 0x7, 0xcd, 0xdd,
    0xdd, 0xdd, 0xdd, 0xdd, 0xdd, 0xdd, 0xdd, 0xdd,
    0xdc, 0x91, 0x0,

    /* U+F026 "" */
    0x0, 0x0, 0x0, 0x0, 0x0, 0x0, 0x28, 0x30,
    0x0, 0x0, 0x0, 0x0, 0x0, 0x2e, 0xfe, 0x0,
    0x0, 0x0, 0x0, 0x0, 0x2e, 0xff, 0xf0, 0x0,
    0x0, 0x0, 0x0, 0x2e, 0xff, 0xff, 0x0, 0x0,
    0x0, 0x0, 0x2e, 0xff, 0xff, 0xf0, 0x0, 0x0,
    0x0, 0x2e, 0xff, 0xff, 0xff, 0x8e, 0xff, 0xff,
    0xff, 0xff, 0xff, 0xff, 0xff, 0xff, 0xff, 0xff,
    0xff, 0xff, 0xff, 0xff, 0xff, 0xff, 0xff, 0xff,
    0xff, 0xff, 0xff, 0xff, 0xff, 0xff, 0xff, 0xff,
    0xff, 0xff, 0xff, 0xff, 0xff, 0xff, 0xff, 0xff,
    0xff, 0xff, 0xff, 0xff, 0xff, 0xff, 0xff, 0xff,
    0xff, 0xff, 0xff, 0xff, 0xff, 0xff, 0xff, 0xff,
    0xff, 0xff, 0xff, 0xff, 0xff, 0xff, 0xff, 0xff,
    0xff, 0xff, 0xff, 0xff, 0xff, 0xff, 0xff, 0xff,
    0xff, 0xff, 0xff, 0xff, 0xff, 0xff, 0xff, 0xff,
    0xcf, 0xff, 0xff, 0xff, 0xff, 0xff, 0xff, 0xf0,
    0x44, 0x44, 0x44, 0x7f, 0xff, 0xff, 0xff, 0x0,
    0x0, 0x0, 0x0, 0x6f, 0xff, 0xff, 0xf0, 0x0,
    0x0, 0x0, 0x0, 0x6f, 0xff, 0xff, 0x0, 0x0,
    0x0, 0x0, 0x0, 0x6f, 0xff, 0xf0, 0x0, 0x0,
    0x0, 0x0, 0x0, 0x6f, 0xff, 0x0, 0x0, 0x0,
    0x0, 0x0, 0x0, 0x6d, 0x70, 0x0, 0x0, 0x0,
    0x0, 0x0, 0x0, 0x0,

    /* U+F027 "" */
    0x0, 0x0, 0x0, 0x0, 0x0, 0x0, 0x28, 0x30,
    0x0, 0x0, 0x0, 0x0, 0x0, 0x0, 0x0, 0x0,
    0x0, 0x2e, 0xfe, 0x0, 0x0, 0x0, 0x0, 0x0,
    0x0, 0x0, 0x0, 0x0, 0x2e, 0xff, 0xf0, 0x0,
    0x0, 0x0, 0x0, 0x0, 0x0, 0x0, 0x0, 0x2e,
    0xff, 0xff, 0x0, 0x0, 0x0, 0x0, 0x0, 0x0,
    0x0, 0x0, 0x2e, 0xff, 0xff, 0xf0, 0x0, 0x0,
    0x0, 0x0, 0x0, 0x0, 0x0, 0x2e, 0xff, 0xff,
    0xff, 0x0, 0x0, 0x0, 0x0, 0x8e, 0xff, 0xff,
    0xff, 0xff, 0xff, 0xff, 0xf0, 0x0, 0x0, 0x0,
    0xf, 0xff, 0xff, 0xff, 0xff, 0xff, 0xff, 0xff,
    0x0, 0x9, 0xc4, 0x0, 0xff, 0xff, 0xff, 0xff,
    0xff, 0xff, 0xff, 0xf0, 0x2, 0xff, 0xf4, 0xf,
    0xff, 0xff, 0xff, 0xff, 0xff, 0xff, 0xff, 0x0,
    0xb, 0xff, 0xe0, 0xff, 0xff, 0xff, 0xff, 0xff,
    0xff, 0xff, 0xf0, 0x0, 0xa, 0xff, 0x5f, 0xff,
    0xff, 0xff, 0xff, 0xff, 0xff, 0xff, 0x0, 0x0,
    0x4f, 0xf8, 0xff, 0xff, 0xff, 0xff, 0xff, 0xff,
    0xff, 0xf0, 0x0, 0x5, 0xff, 0x7f, 0xff, 0xff,
    0xff, 0xff, 0xff, 0xff, 0xff, 0x0, 0x2, 0xef,
    0xf3, 0xff, 0xff, 0xff, 0xff, 0xff, 0xff, 0xff,
    0xf0, 0x1, 0xef, 0xfb, 0xf, 0xff, 0xff, 0xff,
    0xff, 0xff, 0xff, 0xff, 0x0, 0x1f, 0xfd, 0x10,
    0xcf, 0xff, 0xff, 0xff, 0xff, 0xff, 0xff, 0xf0,
    0x0, 0x36, 0x0, 0x0, 0x44, 0x44, 0x44, 0x7f,
    0xff, 0xff, 0xff, 0x0, 0x0, 0x0, 0x0, 0x0,
    0x0, 0x0, 0x0, 0x6f, 0xff, 0xff, 0xf0, 0x0,
    0x0, 0x0, 0x0, 0x0, 0x0, 0x0, 0x0, 0x6f,
    0xff, 0xff, 0x0, 0x0, 0x0, 0x0, 0x0, 0x0,
    0x0, 0x0, 0x0, 0x6f, 0xff, 0xf0, 0x0, 0x0,
    0x0, 0x0, 0x0, 0x0, 0x0, 0x0, 0x0, 0x6f,
    0xff, 0x0, 0x0, 0x0, 0x0, 0x0, 0x0, 0x0,
    0x0, 0x0, 0x0, 0x6d, 0x70, 0x0, 0x0, 0x0,
    0x0, 0x0, 0x0, 0x0, 0x0, 0x0, 0x0, 0x0,
    0x0, 0x0, 0x0, 0x0,

    /* U+F028 "" */
    0x0, 0x0, 0x0, 0x0, 0x0, 0x0, 0x0, 0x0,
    0x0, 0x0, 0x0, 0x0, 0x4, 0x0, 0x0, 0x0,
    0x0, 0x0, 0x0, 0x0, 0x0, 0x0, 0x0, 0x0,
    0x0, 0x0, 0x0, 0x0, 0x0, 0xcf, 0xd2, 0x0,
    0x0, 0x0, 0x0, 0x0, 0x0, 0x0, 0x0, 0x0,
    0x0, 0x0, 0x0, 0x0, 0x0, 0x0, 0xdf, 0xff,
    0x40, 0x0, 0x0, 0x0, 0x0, 0x0, 0x0, 0x0,
    0x0, 0x28, 0x30, 0x0, 0x0, 0x0, 0x0, 0x2d,
    0xff, 0xf5, 0x0, 0x0, 0x0, 0x0, 0x0, 0x0,
    0x0, 0x2, 0xef, 0xe0, 0x0, 0x0, 0x0, 0x0,
    0x0, 0xaf, 0xff, 0x20, 0x0, 0x0, 0x0, 0x0,
    0x0, 0x0, 0x2e, 0xff, 0xf0, 0x0, 0x0, 0x4,
    0x92, 0x0, 0xb, 0xff, 0xd0, 0x0, 0x0, 0x0,
    0x0, 0x0, 0x2, 0xef, 0xff, 0xf0, 0x0, 0x0,
    0xf, 0xff, 0x50, 0x0, 0xdf, 0xf7, 0x0, 0x0,
    0x0, 0x0, 0x0, 0x2e, 0xff, 0xff, 0xf0, 0x0,
    0x0, 0xc, 0xff, 0xf5, 0x0, 0x3f, 0xff, 0x10,
    0x0, 0x0, 0x0, 0x2, 0xef, 0xff, 0xff, 0xf0,
    0x0, 0x0, 0x0, 0xaf, 0xff, 0x20, 0x9, 0xff,
    0x70, 0x8e, 0xff, 0xff, 0xff, 0xff, 0xff, 0xff,
    0xf0, 0x0, 0x0, 0x0, 0xa, 0xff, 0xc0, 0x2,
    0xff, 0xd0, 0xff, 0xff, 0xff, 0xff, 0xff, 0xff,
    0xff, 0xf0, 0x0, 0xad, 0x40, 0x0, 0xef, 0xf4,
    0x0, 0xcf, 0xf2, 0xff, 0xff, 0xff, 0xff, 0xff,
    0xff, 0xff, 0xf0, 0x2, 0xff, 0xf5, 0x0, 0x6f,
    0xf9, 0x0, 0x7f, 0xf6, 0xff, 0xff, 0xff, 0xff,
    0xff, 0xff, 0xff, 0xf0, 0x0, 0xaf, 0xff, 0x0,
    0xf, 0xfe, 0x0, 0x4f, 0xf9, 0xff, 0xff, 0xff,
    0xff, 0xff, 0xff, 0xff, 0xf0, 0x0, 0xa, 0xff,
    0x60, 0xc, 0xff, 0x0, 0x2f, 0xfa, 0xff, 0xff,
    0xff, 0xff, 0xff, 0xff, 0xff, 0xf0, 0x0, 0x4,
    0xff, 0x80, 0xb, 0xff, 0x10, 0x1f, 0xfb, 0xff,
    0xff, 0xff, 0xff, 0xff, 0xff, 0xff, 0xf0, 0x0,
    0x6, 0xff, 0x70, 0xc, 0xff, 0x10, 0x2f, 0xfb,
    0xff, 0xff, 0xff, 0xff, 0xff, 0xff, 0xff, 0xf0,
    0x0, 0x3e, 0xff, 0x30, 0xe, 0xff, 0x0, 0x3f,
    0xfa, 0xff, 0xff, 0xff, 0xff, 0xff, 0xff, 0xff,
    0xf0, 0x1, 0xff, 0xfb, 0x0, 0x3f, 0xfc, 0x0,
    0x6f, 0xf7, 0xff, 0xff, 0xff, 0xff, 0xff, 0xff,
    0xff, 0xf0, 0x1, 0xff, 0xc1, 0x0, 0xaf, 0xf7,
    0x0, 0xaf, 0xf4, 0xcf, 0xff, 0xff, 0xff, 0xff,
    0xff, 0xff, 0xf0, 0x0, 0x35, 0x0, 0x4, 0xff,
    0xf1, 0x0, 0xef, 0xf0, 0x4, 0x44, 0x44, 0x47,
    0xff, 0xff, 0xff, 0xf0, 0x0, 0x0, 0x0, 0x3f,
    0xff, 0x70, 0x6, 0xff, 0xb0, 0x0, 0x0, 0x0,
    0x0, 0x6f, 0xff, 0xff, 0xf0, 0x0, 0x0, 0x6,
    0xff, 0xfc, 0x0, 0xd, 0xff, 0x40, 0x0, 0x0,
    0x0, 0x0, 0x6, 0xff, 0xff, 0xf0, 0x0, 0x0,
    0xf, 0xff, 0xc1, 0x0, 0x8f, 0xfc, 0x0, 0x0,
    0x0, 0x0, 0x0, 0x0, 0x6f, 0xff, 0xf0, 0x0,
    0x0, 0xc, 0xf9, 0x0, 0x4, 0xff, 0xf3, 0x0,
    0x0, 0x0, 0x0, 0x0, 0x0, 0x6, 0xff, 0xf0,
    0x0, 0x0, 0x0, 0x10, 0x0, 0x3f, 0xff, 0x80,
    0x0, 0x0, 0x0, 0x0, 0x0, 0x0, 0x0, 0x6d,
    0x70, 0x0, 0x0, 0x0, 0x0, 0x5, 0xff, 0xfb,
    0x0, 0x0, 0x0, 0x0, 0x0, 0x0, 0x0, 0x0,
    0x0, 0x0, 0x0, 0x0, 0x0, 0x0, 0x8f, 0xff,
    0xc0, 0x0, 0x0, 0x0, 0x0, 0x0, 0x0, 0x0,
    0x0, 0x0, 0x0, 0x0, 0x0, 0x0, 0x0, 0xef,
    0xfa, 0x0, 0x0, 0x0, 0x0, 0x0, 0x0, 0x0,
    0x0, 0x0, 0x0, 0x0, 0x0, 0x0, 0x0, 0x0,
    0x5c, 0x60, 0x0, 0x0, 0x0,

    /* U+F03E "" */
    0x0, 0x45, 0x55, 0x55, 0x55, 0x55, 0x55, 0x55,
    0x55, 0x55, 0x55, 0x55, 0x55, 0x54, 0x0, 0x3e,
    0xff, 0xff, 0xff, 0xff, 0xff, 0xff, 0xff, 0xff,
    0xff, 0xff, 0xff, 0xff, 0xff, 0xe3, 0xcf, 0xff,
    0xff, 0xff, 0xff, 0xff, 0xff, 0xff, 0xff, 0xff,
    0xff, 0xff, 0xff, 0xff, 0xfc, 0xff, 0xff, 0xff,
    0xff, 0xff, 0xff, 0xff, 0xff, 0xff, 0xff, 0xff,
    0xff, 0xff, 0xff, 0xff, 0xff, 0xff, 0xb2, 0x2,
    0xaf, 0xff, 0xff, 0xff, 0xff, 0xff, 0xff, 0xff,
    0xff, 0xff, 0xff, 0xff, 0xfc, 0x0, 0x0, 0xb,
    0xff, 0xff, 0xff, 0xff, 0xff, 0xff, 0xff, 0xff,
    0xff, 0xff, 0xff, 0xf6, 0x0, 0x0, 0x4, 0xff,
    0xff, 0xff, 0xff, 0xff, 0xff, 0xff, 0xff, 0xff,
    0xff, 0xff, 0xf5, 0x0, 0x0, 0x3, 0xff, 0xff,
    0xff, 0xff, 0xff, 0x6d, 0xff, 0xff, 0xff, 0xff,
    0xff, 0xfa, 0x0, 0x0, 0x8, 0xff, 0xff, 0xff,
    0xff, 0xf3, 0x1, 0xdf, 0xff, 0xff, 0xff, 0xff,
    0xff, 0x70, 0x0, 0x5f, 0xff, 0xff, 0xff, 0xff,
    0x30, 0x0, 0x1d, 0xff, 0xff, 0xff, 0xff, 0xff,
    0xfd, 0xbd, 0xff, 0xff, 0xff, 0xff, 0xf3, 0x0,
    0x0, 0x1, 0xdf, 0xff, 0xff, 0xff, 0xff, 0xff,
    0xff, 0xff, 0xff, 0xff, 0xff, 0x30, 0x0, 0x0,
    0x0, 0x1d, 0xff, 0xff, 0xff, 0xff, 0xff, 0xfa,
    0x1c, 0xff, 0xff, 0xf3, 0x0, 0x0, 0x0, 0x0,
    0x1, 0xef, 0xff, 0xff, 0xff, 0xff, 0xa0, 0x0,
    0xcf, 0xff, 0x30, 0x0, 0x0, 0x0, 0x0, 0x0,
    0xcf, 0xff, 0xff, 0xff, 0xfa, 0x0, 0x0, 0xc,
    0xf3, 0x0, 0x0, 0x0, 0x0, 0x0, 0x0, 0xcf,
    0xff, 0xff, 0xff, 0xa0, 0x0, 0x0, 0x0, 0x30,
    0x0, 0x0, 0x0, 0x0, 0x0, 0x0, 0xcf, 0xff,
    0xff, 0xfd, 0x0, 0x0, 0x0, 0x0, 0x0, 0x0,
    0x0, 0x0, 0x0, 0x0, 0x0, 0xcf, 0xff, 0xff,
    0xfc, 0x0, 0x0, 0x0, 0x0, 0x0, 0x0, 0x0,
    0x0, 0x0, 0x0, 0x0, 0xcf, 0xff, 0xff, 0xfc,
    0x0, 0x0, 0x0, 0x0, 0x0, 0x0, 0x0, 0x0,
    0x0, 0x0, 0x0, 0xcf, 0xff, 0xff, 0xff, 0xcc,
    0xcc, 0xcc, 0xcc, 0xcc, 0xcc, 0xcc, 0xcc, 0xcc,
    0xcc, 0xcc, 0xff, 0xff, 0xff, 0xff, 0xff, 0xff,
    0xff, 0xff, 0xff, 0xff, 0xff, 0xff, 0xff, 0xff,
    0xff, 0xff, 0xff, 0xaf, 0xff, 0xff, 0xff, 0xff,
    0xff, 0xff, 0xff, 0xff, 0xff, 0xff, 0xff, 0xff,
    0xff, 0xf9, 0xa, 0xff, 0xff, 0xff, 0xff, 0xff,
    0xff, 0xff, 0xff, 0xff, 0xff, 0xff, 0xff, 0xff,
    0x90,

    /* U+F043 "" */
    0x0, 0x0, 0x0, 0x0, 0x1, 0x30, 0x0, 0x0,
    0x0, 0x0, 0x0, 0x0, 0x0, 0x0, 0x1, 0xef,
    0xc0, 0x0, 0x0, 0x0, 0x0, 0x0, 0x0, 0x0,
    0x0, 0x8f, 0xff, 0x40, 0x0, 0x0, 0x0, 0x0,
    0x0, 0x0, 0x0, 0xd, 0xff, 0xfa, 0x0, 0x0,
    0x0, 0x0, 0x0, 0x0, 0x0, 0x3, 0xff, 0xff,
    0xf0, 0x0, 0x0, 0x0, 0x0, 0x0, 0x0, 0x0,
    0xaf, 0xff, 0xff, 0x70, 0x0, 0x0, 0x0, 0x0,
    0x0, 0x0, 0x2f, 0xff, 0xff, 0xfe, 0x0, 0x0,
    0x0, 0x0, 0x0, 0x0, 0xa, 0xff, 0xff, 0xff,
    0xf7, 0x0, 0x0, 0x0, 0x0, 0x0, 0x3, 0xff,
    0xff, 0xff, 0xff, 0xe1, 0x0, 0x0, 0x0, 0x0,
    0x0, 0xcf, 0xff, 0xff, 0xff, 0xff, 0x90, 0x0,
    0x0, 0x0, 0x0, 0x7f, 0xff, 0xff, 0xff, 0xff,
    0xff, 0x40, 0x0, 0x0, 0x0, 0x3f, 0xff, 0xff,
    0xff, 0xff, 0xff, 0xfe, 0x10, 0x0, 0x0, 0xd,
    0xff, 0xff, 0xff, 0xff, 0xff, 0xff, 0xfb, 0x0,
    0x0, 0x9, 0xff, 0xff, 0xff, 0xff, 0xff, 0xff,
    0xff, 0xf6, 0x0, 0x3, 0xff, 0xff, 0xff, 0xff,
    0xff, 0xff, 0xff, 0xff, 0xf1, 0x0, 0xcf, 0xff,
    0xff, 0xff, 0xff, 0xff, 0xff, 0xff, 0xff, 0x80,
    0x3f, 0xff, 0xff, 0xff, 0xff, 0xff, 0xff, 0xff,
    0xff, 0xff, 0x8, 0xff, 0xff, 0xff, 0xff, 0xff,
    0xff, 0xff, 0xff, 0xff, 0xf4, 0xcf, 0xff, 0xff,
    0xff, 0xff, 0xff, 0xff, 0xff, 0xff, 0xff, 0x8e,
    0xff, 0xf9, 0xcf, 0xff, 0xff, 0xff, 0xff, 0xff,
    0xff, 0xfa, 0xff, 0xfc, 0x3, 0xff, 0xff, 0xff,
    0xff, 0xff, 0xff, 0xff, 0xbe, 0xff, 0xd0, 0x1f,
    0xff, 0xff, 0xff, 0xff, 0xff, 0xff, 0xfa, 0xcf,
    0xff, 0x10, 0xbf, 0xff, 0xff, 0xff, 0xff, 0xff,
    0xff, 0x87, 0xff, 0xf8, 0x2, 0xef, 0xff, 0xff,
    0xff, 0xff, 0xff, 0xf3, 0x2f, 0xff, 0xf4, 0x2,
    0xaf, 0xff, 0xff, 0xff, 0xff, 0xfe, 0x0, 0x9f,
    0xff, 0xf4, 0x0, 0x2, 0xdf, 0xff, 0xff, 0xff,
    0x50, 0x1, 0xef, 0xff, 0xfb, 0x41, 0xc, 0xff,
    0xff, 0xff, 0xb0, 0x0, 0x2, 0xef, 0xff, 0xff,
    0xff, 0xff, 0xff, 0xff, 0xd0, 0x0, 0x0, 0x2,
    0xdf, 0xff, 0xff, 0xff, 0xff, 0xff, 0xb0, 0x0,
    0x0, 0x0, 0x0, 0x8f, 0xff, 0xff, 0xff, 0xfe,
    0x60, 0x0, 0x0, 0x0, 0x0, 0x0, 0x5, 0x9a,
    0xba, 0x83, 0x0, 0x0, 0x0, 0x0,

    /* U+F048 "" */
    0x4, 0x44, 0x30, 0x0, 0x0, 0x0, 0x0, 0x0,
    0x4, 0x10, 0x3f, 0xff, 0xf0, 0x0, 0x0, 0x0,
    0x0, 0x1, 0xdf, 0xf2, 0x4f, 0xff, 0xf0, 0x0,
    0x0, 0x0, 0x0, 0x2e, 0xff, 0xf7, 0x4f, 0xff,
    0xf0, 0x0, 0x0, 0x0, 0x3, 0xef, 0xff, 0xf8,
    0x4f, 0xff, 0xf0, 0x0, 0x0, 0x0, 0x4f, 0xff,
    0xff, 0xf8, 0x4f, 0xff, 0xf0, 0x0, 0x0, 0x5,
    0xff, 0xff, 0xff, 0xf8, 0x4f, 0xff, 0xf0, 0x0,
    0x0, 0x6f, 0xff, 0xff, 0xff, 0xf8, 0x4f, 0xff,
    0xf0, 0x0, 0x7, 0xff, 0xff, 0xff, 0xff, 0xf8,
    0x4f, 0xff, 0xf0, 0x0, 0x8f, 0xff, 0xff, 0xff,
    0xff, 0xf8, 0x4f, 0xff, 0xf0, 0x9, 0xff, 0xff,
    0xff, 0xff, 0xff, 0xf8, 0x4f, 0xff, 0xf0, 0xaf,
    0xff, 0xff, 0xff, 0xff, 0xff, 0xf8, 0x4f, 0xff,
    0xfb, 0xff, 0xff, 0xff, 0xff, 0xff, 0xff, 0xf8,
    0x4f, 0xff, 0xff, 0xff, 0xff, 0xff, 0xff, 0xff,
    0xff, 0xf8, 0x4f, 0xff, 0xff, 0xff, 0xff, 0xff,
    0xff, 0xff, 0xff, 0xf8, 0x4f, 0xff, 0xff, 0xff,
    0xff, 0xff, 0xff, 0xff, 0xff, 0xf8, 0x4f, 0xff,
    0xff, 0xff, 0xff, 0xff, 0xff, 0xff, 0xff, 0xf8,
    0x4f, 0xff, 0xf7, 0xff, 0xff, 0xff, 0xff, 0xff,
    0xff, 0xf8, 0x4f, 0xff, 0xf0, 0x6f, 0xff, 0xff,
    0xff, 0xff, 0xff, 0xf8, 0x4f, 0xff, 0xf0, 0x5,
    0xff, 0xff, 0xff, 0xff, 0xff, 0xf8, 0x4f, 0xff,
    0xf0, 0x0, 0x4f, 0xff, 0xff, 0xff, 0xff, 0xf8,
    0x4f, 0xff, 0xf0, 0x0, 0x3, 0xef, 0xff, 0xff,
    0xff, 0xf8, 0x4f, 0xff, 0xf0, 0x0, 0x0, 0x2e,
    0xff, 0xff, 0xff, 0xf8, 0x4f, 0xff, 0xf0, 0x0,
    0x0, 0x1, 0xdf, 0xff, 0xff, 0xf8, 0x4f, 0xff,
    0xf0, 0x0, 0x0, 0x0, 0x1c, 0xff, 0xff, 0xf8,
    0x4f, 0xff, 0xf0, 0x0, 0x0, 0x0, 0x0, 0xbf,
    0xff, 0xf8, 0x4f, 0xff, 0xf0, 0x0, 0x0, 0x0,
    0x0, 0xa, 0xff, 0xf6, 0x2e, 0xff, 0xc0, 0x0,
    0x0, 0x0, 0x0, 0x0, 0x8f, 0xb0, 0x0, 0x0,
    0x0, 0x0, 0x0, 0x0, 0x0, 0x0, 0x0, 0x0,

    /* U+F04B "" */
    0x0, 0x32, 0x0, 0x0, 0x0, 0x0, 0x0, 0x0,
    0x0, 0x0, 0x0, 0x0, 0x0, 0x3, 0xef, 0xfa,
    0x10, 0x0, 0x0, 0x0, 0x0, 0x0, 0x0, 0x0,
    0x0, 0x0, 0x0, 0xcf, 0xff, 0xff, 0x70, 0x0,
    0x0, 0x0, 0x0, 0x0, 0x0, 0x0, 0x0, 0x0,
    0xf, 0xff, 0xff, 0xff, 0xd4, 0x0, 0x0, 0x0,
    0x0, 0x0, 0x0, 0x0, 0x0, 0x0, 0xff, 0xff,
    0xff, 0xff, 0xfb, 0x20, 0x0, 0x0, 0x0, 0x0,
    0x0, 0x0, 0x0, 0xf, 0xff, 0xff, 0xff, 0xff,
    0xff, 0x80, 0x0, 0x0, 0x0, 0x0, 0x0, 0x0,
    0x0, 0xff, 0xff, 0xff, 0xff, 0xff, 0xff, 0xe5,
    0x0, 0x0, 0x0, 0x0, 0x0, 0x0, 0xf, 0xff,
    0xff, 0xff, 0xff, 0xff, 0xff, 0xfc, 0x20, 0x0,
    0x0, 0x0, 0x0, 0x0, 0xff, 0xff, 0xff, 0xff,
    0xff, 0xff, 0xff, 0xff, 0x91, 0x0, 0x0, 0x0,
    0x0, 0xf, 0xff, 0xff, 0xff, 0xff, 0xff, 0xff,
    0xff, 0xff, 0xe6, 0x0, 0x0, 0x0, 0x0, 0xff,
    0xff, 0xff, 0xff, 0xff, 0xff, 0xff, 0xff, 0xff,
    0xfc, 0x30, 0x0, 0x0, 0xf, 0xff, 0xff, 0xff,
    0xff, 0xff, 0xff, 0xff, 0xff, 0xff, 0xff, 0xa1,
    0x0, 0x0, 0xff, 0xff, 0xff, 0xff, 0xff, 0xff,
    0xff, 0xff, 0xff, 0xff, 0xff, 0xf7, 0x0, 0xf,
    0xff, 0xff, 0xff, 0xff, 0xff, 0xff, 0xff, 0xff,
    0xff, 0xff, 0xff, 0xfd, 0x20, 0xff, 0xff, 0xff,
    0xff, 0xff, 0xff, 0xff, 0xff, 0xff, 0xff, 0xff,
    0xff, 0xfe, 0xf, 0xff, 0xff, 0xff, 0xff, 0xff,
    0xff, 0xff, 0xff, 0xff, 0xff, 0xff, 0xff, 0xf3,
    0xff, 0xff, 0xff, 0xff, 0xff, 0xff, 0xff, 0xff,
    0xff, 0xff, 0xff, 0xff, 0xff, 0x1f, 0xff, 0xff,
    0xff, 0xff, 0xff, 0xff, 0xff, 0xff, 0xff, 0xff,
    0xff, 0xff, 0x90, 0xff, 0xff, 0xff, 0xff, 0xff,
    0xff, 0xff, 0xff, 0xff, 0xff, 0xff, 0xfe, 0x50,
    0xf, 0xff, 0xff, 0xff, 0xff, 0xff, 0xff, 0xff,
    0xff, 0xff, 0xff, 0xf8, 0x0, 0x0, 0xff, 0xff,
    0xff, 0xff, 0xff, 0xff, 0xff, 0xff, 0xff, 0xff,
    0xb2, 0x0, 0x0, 0xf, 0xff, 0xff, 0xff, 0xff,
    0xff, 0xff, 0xff, 0xff, 0xfd, 0x50, 0x0, 0x0,
    0x0, 0xff, 0xff, 0xff, 0xff, 0xff, 0xff, 0xff,
    0xff, 0xf7, 0x0, 0x0, 0x0, 0x0, 0xf, 0xff,
    0xff, 0xff, 0xff, 0xff, 0xff, 0xff, 0xa1, 0x0,
    0x0, 0x0, 0x0, 0x0, 0xff, 0xff, 0xff, 0xff,
    0xff, 0xff, 0xfd, 0x40, 0x0, 0x0, 0x0, 0x0,
    0x0, 0xf, 0xff, 0xff, 0xff, 0xff, 0xff, 0xf7,
    0x0, 0x0, 0x0, 0x0, 0x0, 0x0, 0x0, 0xff,
    0xff, 0xff, 0xff, 0xff, 0xa1, 0x0, 0x0, 0x0,
    0x0, 0x0, 0x0, 0x0, 0xf, 0xff, 0xff, 0xff,
    0xfc, 0x30, 0x0, 0x0, 0x0, 0x0, 0x0, 0x0,
    0x0, 0x0, 0xef, 0xff, 0xff, 0xe6, 0x0, 0x0,
    0x0, 0x0, 0x0, 0x0, 0x0, 0x0, 0x0, 0x8,
    0xff, 0xff, 0x91, 0x0, 0x0, 0x0, 0x0, 0x0,
    0x0, 0x0, 0x0, 0x0, 0x0, 0x5, 0xba, 0x20,
    0x0, 0x0, 0x0, 0x0, 0x0, 0x0, 0x0, 0x0,
    0x0, 0x0, 0x0, 0x0, 0x0, 0x0, 0x0, 0x0,
    0x0, 0x0, 0x0, 0x0, 0x0, 0x0, 0x0, 0x0,

    /* U+F04C "" */
    0x0, 0x34, 0x44, 0x44, 0x41, 0x0, 0x0, 0x0,
    0x3, 0x44, 0x44, 0x44, 0x10, 0x2, 0xef, 0xff,
    0xff, 0xff, 0xf5, 0x0, 0x0, 0x2e, 0xff, 0xff,
    0xff, 0xff, 0x50, 0xcf, 0xff, 0xff, 0xff, 0xff,
    0xf0, 0x0, 0xc, 0xff, 0xff, 0xff, 0xff, 0xff,
    0xf, 0xff, 0xff, 0xff, 0xff, 0xff, 0x30, 0x0,
    0xff, 0xff, 0xff, 0xff, 0xff, 0xf3, 0xff, 0xff,
    0xff, 0xff, 0xff, 0xf4, 0x0, 0xf, 0xff, 0xff,
    0xff, 0xff, 0xff, 0x4f, 0xff, 0xff, 0xff, 0xff,
    0xff, 0x40, 0x0, 0xff, 0xff, 0xff, 0xff, 0xff,
    0xf4, 0xff, 0xff, 0xff, 0xff, 0xff, 0xf4, 0x0,
    0xf, 0xff, 0xff, 0xff, 0xff, 0xff, 0x4f, 0xff,
    0xff, 0xff, 0xff, 0xff, 0x40, 0x0, 0xff, 0xff,
    0xff, 0xff, 0xff, 0xf4, 0xff, 0xff, 0xff, 0xff,
    0xff, 0xf4, 0x0, 0xf, 0xff, 0xff, 0xff, 0xff,
    0xff, 0x4f, 0xff, 0xff, 0xff, 0xff, 0xff, 0x40,
    0x0, 0xff, 0xff, 0xff, 0xff, 0xff, 0xf4, 0xff,
    0xff, 0xff, 0xff, 0xff, 0xf4, 0x0, 0xf, 0xff,
    0xff, 0xff, 0xff, 0xff, 0x4f, 0xff, 0xff, 0xff,
    0xff, 0xff, 0x40, 0x0, 0xff, 0xff, 0xff, 0xff,
    0xff, 0xf4, 0xff, 0xff, 0xff, 0xff, 0xff, 0xf4,
    0x0, 0xf, 0xff, 0xff, 0xff, 0xff, 0xff, 0x4f,
    0xff, 0xff, 0xff, 0xff, 0xff, 0x40, 0x0, 0xff,
    0xff, 0xff, 0xff, 0xff, 0xf4, 0xff, 0xff, 0xff,
    0xff, 0xff, 0xf4, 0x0, 0xf, 0xff, 0xff, 0xff,
    0xff, 0xff, 0x4f, 0xff, 0xff, 0xff, 0xff, 0xff,
    0x40, 0x0, 0xff, 0xff, 0xff, 0xff, 0xff, 0xf4,
    0xff, 0xff, 0xff, 0xff, 0xff, 0xf4, 0x0, 0xf,
    0xff, 0xff, 0xff, 0xff, 0xff, 0x4f, 0xff, 0xff,
    0xff, 0xff, 0xff, 0x40, 0x0, 0xff, 0xff, 0xff,
    0xff, 0xff, 0xf4, 0xff, 0xff, 0xff, 0xff, 0xff,
    0xf4, 0x0, 0xf, 0xff, 0xff, 0xff, 0xff, 0xff,
    0x4f, 0xff, 0xff, 0xff, 0xff, 0xff, 0x40, 0x0,
    0xff, 0xff, 0xff, 0xff, 0xff, 0xf4, 0xff, 0xff,
    0xff, 0xff, 0xff, 0xf4, 0x0, 0xf, 0xff, 0xff,
    0xff, 0xff, 0xff, 0x4f, 0xff, 0xff, 0xff, 0xff,
    0xff, 0x40, 0x0, 0xff, 0xff, 0xff, 0xff, 0xff,
    0xf4, 0xff, 0xff, 0xff, 0xff, 0xff, 0xf4, 0x0,
    0xf, 0xff, 0xff, 0xff, 0xff, 0xff, 0x4f, 0xff,
    0xff, 0xff, 0xff, 0xff, 0x40, 0x0, 0xff, 0xff,
    0xff, 0xff, 0xff, 0xf4, 0xef, 0xff, 0xff, 0xff,
    0xff, 0xf2, 0x0, 0xe, 0xff, 0xff, 0xff, 0xff,
    0xff, 0x29, 0xff, 0xff, 0xff, 0xff, 0xfd, 0x0,
    0x0, 0x9f, 0xff, 0xff, 0xff, 0xff, 0xd0, 0x9,
    0xef, 0xff, 0xff, 0xeb, 0x20, 0x0, 0x0, 0x9e,
    0xff, 0xff, 0xfe, 0xb2, 0x0,

    /* U+F04D "" */
    0x0, 0x34, 0x44, 0x44, 0x44, 0x44, 0x44, 0x44,
    0x44, 0x44, 0x44, 0x44, 0x10, 0x2, 0xef, 0xff,
    0xff, 0xff, 0xff, 0xff, 0xff, 0xff, 0xff, 0xff,
    0xff, 0xff, 0x50, 0xcf, 0xff, 0xff, 0xff, 0xff,
    0xff, 0xff, 0xff, 0xff, 0xff, 0xff, 0xff, 0xff,
    0xf, 0xff, 0xff, 0xff, 0xff, 0xff, 0xff, 0xff,
    0xff, 0xff, 0xff, 0xff, 0xff, 0xf3, 0xff, 0xff,
    0xff, 0xff, 0xff, 0xff, 0xff, 0xff, 0xff, 0xff,
    0xff, 0xff, 0xff, 0x4f, 0xff, 0xff, 0xff, 0xff,
    0xff, 0xff, 0xff, 0xff, 0xff, 0xff, 0xff, 0xff,
    0xf4, 0xff, 0xff, 0xff, 0xff, 0xff, 0xff, 0xff,
    0xff, 0xff, 0xff, 0xff, 0xff, 0xff, 0x4f, 0xff,
    0xff, 0xff, 0xff, 0xff, 0xff, 0xff, 0xff, 0xff,
    0xff, 0xff, 0xff, 0xf4, 0xff, 0xff, 0xff, 0xff,
    0xff, 0xff, 0xff, 0xff, 0xff, 0xff, 0xff, 0xff,
    0xff, 0x4f, 0xff, 0xff, 0xff, 0xff, 0xff, 0xff,
    0xff, 0xff, 0xff, 0xff, 0xff, 0xff, 0xf4, 0xff,
    0xff, 0xff, 0xff, 0xff, 0xff, 0xff, 0xff, 0xff,
    0xff, 0xff, 0xff, 0xff, 0x4f, 0xff, 0xff, 0xff,
    0xff, 0xff, 0xff, 0xff, 0xff, 0xff, 0xff, 0xff,
    0xff, 0xf4, 0xff, 0xff, 0xff, 0xff, 0xff, 0xff,
    0xff, 0xff, 0xff, 0xff, 0xff, 0xff, 0xff, 0x4f,
    0xff, 0xff, 0xff, 0xff, 0xff, 0xff, 0xff, 0xff,
    0xff, 0xff, 0xff, 0xff, 0xf4, 0xff, 0xff, 0xff,
    0xff, 0xff, 0xff, 0xff, 0xff, 0xff, 0xff, 0xff,
    0xff, 0xff, 0x4f, 0xff, 0xff, 0xff, 0xff, 0xff,
    0xff, 0xff, 0xff, 0xff, 0xff, 0xff, 0xff, 0xf4,
    0xff, 0xff, 0xff, 0xff, 0xff, 0xff, 0xff, 0xff,
    0xff, 0xff, 0xff, 0xff, 0xff, 0x4f, 0xff, 0xff,
    0xff, 0xff, 0xff, 0xff, 0xff, 0xff, 0xff, 0xff,
    0xff, 0xff, 0xf4, 0xff, 0xff, 0xff, 0xff, 0xff,
    0xff, 0xff, 0xff, 0xff, 0xff, 0xff, 0xff, 0xff,
    0x4f, 0xff, 0xff, 0xff, 0xff, 0xff, 0xff, 0xff,
    0xff, 0xff, 0xff, 0xff, 0xff, 0xf4, 0xff, 0xff,
    0xff, 0xff, 0xff, 0xff, 0xff, 0xff, 0xff, 0xff,
    0xff, 0xff, 0xff, 0x4f, 0xff, 0xff, 0xff, 0xff,
    0xff, 0xff, 0xff, 0xff, 0xff, 0xff, 0xff, 0xff,
    0xf4, 0xff, 0xff, 0xff, 0xff, 0xff, 0xff, 0xff,
    0xff, 0xff, 0xff, 0xff, 0xff, 0xff, 0x4f, 0xff,
    0xff, 0xff, 0xff, 0xff, 0xff, 0xff, 0xff, 0xff,
    0xff, 0xff, 0xff, 0xf4, 0xef, 0xff, 0xff, 0xff,
    0xff, 0xff, 0xff, 0xff, 0xff, 0xff, 0xff, 0xff,
    0xff, 0x29, 0xff, 0xff, 0xff, 0xff, 0xff, 0xff,
    0xff, 0xff, 0xff, 0xff, 0xff, 0xff, 0xd0, 0x9,
    0xef, 0xff, 0xff, 0xff, 0xff, 0xff, 0xff, 0xff,
    0xff, 0xff, 0xfe, 0xb2, 0x0,

    /* U+F051 "" */
    0x1, 0x40, 0x0, 0x0, 0x0, 0x0, 0x0, 0x2,
    0x44, 0x40, 0x2e, 0xfd, 0x20, 0x0, 0x0, 0x0,
    0x0, 0xe, 0xff, 0xf4, 0x6f, 0xff, 0xe3, 0x0,
    0x0, 0x0, 0x0, 0xe, 0xff, 0xf4, 0x7f, 0xff,
    0xff, 0x40, 0x0, 0x0, 0x0, 0xe, 0xff, 0xf4,
    0x7f, 0xff, 0xff, 0xf5, 0x0, 0x0, 0x0, 0xe,
    0xff, 0xf4, 0x7f, 0xff, 0xff, 0xff, 0x60, 0x0,
    0x0, 0xe, 0xff, 0xf4, 0x7f, 0xff, 0xff, 0xff,
    0xf7, 0x0, 0x0, 0xe, 0xff, 0xf4, 0x7f, 0xff,
    0xff, 0xff, 0xff, 0x80, 0x0, 0xe, 0xff, 0xf4,
    0x7f, 0xff, 0xff, 0xff, 0xff, 0xf9, 0x0, 0xe,
    0xff, 0xf4, 0x7f, 0xff, 0xff, 0xff, 0xff, 0xff,
    0xb0, 0xe, 0xff, 0xf4, 0x7f, 0xff, 0xff, 0xff,
    0xff, 0xff, 0xfc, 0xe, 0xff, 0xf4, 0x7f, 0xff,
    0xff, 0xff, 0xff, 0xff, 0xff, 0xdf, 0xff, 0xf4,
    0x7f, 0xff, 0xff, 0xff, 0xff, 0xff, 0xff, 0xff,
    0xff, 0xf4, 0x7f, 0xff, 0xff, 0xff, 0xff, 0xff,
    0xff, 0xff, 0xff, 0xf4, 0x7f, 0xff, 0xff, 0xff,
    0xff, 0xff, 0xff, 0xff, 0xff, 0xf4, 0x7f, 0xff,
    0xff, 0xff, 0xff, 0xff, 0xff, 0xff, 0xff, 0xf4,
    0x7f, 0xff, 0xff, 0xff, 0xff, 0xff, 0xff, 0x7e,
    0xff, 0xf4, 0x7f, 0xff, 0xff, 0xff, 0xff, 0xff,
    0xf6, 0xe, 0xff, 0xf4, 0x7f, 0xff, 0xff, 0xff,
    0xff, 0xff, 0x50, 0xe, 0xff, 0xf4, 0x7f, 0xff,
    0xff, 0xff, 0xff, 0xf4, 0x0, 0xe, 0xff, 0xf4,
    0x7f, 0xff, 0xff, 0xff, 0xfe, 0x30, 0x0, 0xe,
    0xff, 0xf4, 0x7f, 0xff, 0xff, 0xff, 0xe2, 0x0,
    0x0, 0xe, 0xff, 0xf4, 0x7f, 0xff, 0xff, 0xfd,
    0x10, 0x0, 0x0, 0xe, 0xff, 0xf4, 0x7f, 0xff,
    0xff, 0xc1, 0x0, 0x0, 0x0, 0xe, 0xff, 0xf4,
    0x7f, 0xff, 0xfc, 0x0, 0x0, 0x0, 0x0, 0xe,
    0xff, 0xf4, 0x6f, 0xff, 0xb0, 0x0, 0x0, 0x0,
    0x0, 0xe, 0xff, 0xf4, 0xa, 0xf9, 0x0, 0x0,
    0x0, 0x0, 0x0, 0xc, 0xff, 0xe2, 0x0, 0x0,
    0x0, 0x0, 0x0, 0x0, 0x0, 0x0, 0x0, 0x0,

    /* U+F052 "" */
    0x0, 0x0, 0x0, 0x0, 0x0, 0x0, 0x0, 0x10,
    0x0, 0x0, 0x0, 0x0, 0x0, 0x0, 0x0, 0x0,
    0x0, 0x0, 0x0, 0x0, 0x8f, 0xfb, 0x10, 0x0,
    0x0, 0x0, 0x0, 0x0, 0x0, 0x0, 0x0, 0x0,
    0x0, 0x9, 0xff, 0xff, 0xc0, 0x0, 0x0, 0x0,
    0x0, 0x0, 0x0, 0x0, 0x0, 0x0, 0x0, 0x7f,
    0xff, 0xff, 0xfb, 0x0, 0x0, 0x0, 0x0, 0x0,
    0x0, 0x0, 0x0, 0x0, 0x6, 0xff, 0xff, 0xff,
    0xff, 0xa0, 0x0, 0x0, 0x0, 0x0, 0x0, 0x0,
    0x0, 0x0, 0x5f, 0xff, 0xff, 0xff, 0xff, 0xf9,
    0x0, 0x0, 0x0, 0x0, 0x0, 0x0, 0x0, 0x4,
    0xff, 0xff, 0xff, 0xff, 0xff, 0xff, 0x70, 0x0,
    0x0, 0x0, 0x0, 0x0, 0x0, 0x3f, 0xff, 0xff,
    0xff, 0xff, 0xff, 0xff, 0xf6, 0x0, 0x0, 0x0,
    0x0, 0x0, 0x2, 0xef, 0xff, 0xff, 0xff, 0xff,
    0xff, 0xff, 0xff, 0x50, 0x0, 0x0, 0x0, 0x0,
    0x1e, 0xff, 0xff, 0xff, 0xff, 0xff, 0xff, 0xff,
    0xff, 0xf4, 0x0, 0x0, 0x0, 0x1, 0xdf, 0xff,
    0xff, 0xff, 0xff, 0xff, 0xff, 0xff, 0xff, 0xff,
    0x30, 0x0, 0x0, 0xc, 0xff, 0xff, 0xff, 0xff,
    0xff, 0xff, 0xff, 0xff, 0xff, 0xff, 0xe2, 0x0,
    0x0, 0xbf, 0xff, 0xff, 0xff, 0xff, 0xff, 0xff,
    0xff, 0xff, 0xff, 0xff, 0xfe, 0x10, 0x8, 0xff,
    0xff, 0xff, 0xff, 0xff, 0xff, 0xff, 0xff, 0xff,
    0xff, 0xff, 0xff, 0xc0, 0xf, 0xff, 0xff, 0xff,
    0xff, 0xff, 0xff, 0xff, 0xff, 0xff, 0xff, 0xff,
    0xff, 0xf3, 0xe, 0xff, 0xff, 0xff, 0xff, 0xff,
    0xff, 0xff, 0xff, 0xff, 0xff, 0xff, 0xff, 0xf2,
    0x7, 0xff, 0xff, 0xff, 0xff, 0xff, 0xff, 0xff,
    0xff, 0xff, 0xff, 0xff, 0xff, 0xb0, 0x0, 0x6a,
    0xbb, 0xbb, 0xbb, 0xbb, 0xbb, 0xbb, 0xbb, 0xbb,
    0xbb, 0xbb, 0xb8, 0x0, 0x0, 0x0, 0x0, 0x0,
    0x0, 0x0, 0x0, 0x0, 0x0, 0x0, 0x0, 0x0,
    0x0, 0x0, 0x1, 0x78, 0x88, 0x88, 0x88, 0x88,
    0x88, 0x88, 0x88, 0x88, 0x88, 0x88, 0x88, 0x20,
    0xb, 0xff, 0xff, 0xff, 0xff, 0xff, 0xff, 0xff,
    0xff, 0xff, 0xff, 0xff, 0xff, 0xe1, 0xf, 0xff,
    0xff, 0xff, 0xff, 0xff, 0xff, 0xff, 0xff, 0xff,
    0xff, 0xff, 0xff, 0xf3, 0xf, 0xff, 0xff, 0xff,
    0xff, 0xff, 0xff, 0xff, 0xff, 0xff, 0xff, 0xff,
    0xff, 0xf4, 0xf, 0xff, 0xff, 0xff, 0xff, 0xff,
    0xff, 0xff, 0xff, 0xff, 0xff, 0xff, 0xff, 0xf4,
    0xf, 0xff, 0xff, 0xff, 0xff, 0xff, 0xff, 0xff,
    0xff, 0xff, 0xff, 0xff, 0xff, 0xf4, 0xe, 0xff,
    0xff, 0xff, 0xff, 0xff, 0xff, 0xff, 0xff, 0xff,
    0xff, 0xff, 0xff, 0xf2, 0x4, 0xdf, 0xff, 0xff,
    0xff, 0xff, 0xff, 0xff, 0xff, 0xff, 0xff, 0xff,
    0xfe, 0x70,

    /* U+F053 "" */
    0x0, 0x0, 0x0, 0x0, 0x0, 0x0, 0x0, 0x0,
    0x0, 0x0, 0x0, 0x0, 0x0, 0x0, 0xa, 0xf7,
    0x0, 0x0, 0x0, 0x0, 0x0, 0x0, 0xa, 0xff,
    0xf8, 0x0, 0x0, 0x0, 0x0, 0x0, 0xa, 0xff,
    0xff, 0xf1, 0x0, 0x0, 0x0, 0x0, 0xa, 0xff,
    0xff, 0xfd, 0x0, 0x0, 0x0, 0x0, 0xa, 0xff,
    0xff, 0xfd, 0x10, 0x0, 0x0, 0x0, 0xa, 0xff,
    0xff, 0xfd, 0x10, 0x0, 0x0, 0x0, 0xa, 0xff,
    0xff, 0xfd, 0x10, 0x0, 0x0, 0x0, 0xa, 0xff,
    0xff, 0xfd, 0x10, 0x0, 0x0, 0x0, 0xa, 0xff,
    0xff, 0xfd, 0x10, 0x0, 0x0, 0x0, 0xa, 0xff,
    0xff, 0xfd, 0x10, 0x0, 0x0, 0x0, 0xa, 0xff,
    0xff, 0xfd, 0x10, 0x0, 0x0, 0x0, 0xa, 0xff,
    0xff, 0xfd, 0x10, 0x0, 0x0, 0x0, 0x5, 0xff,
    0xff, 0xfe, 0x10, 0x0, 0x0, 0x0, 0x0, 0x2f,
    0xff, 0xff, 0xf6, 0x0, 0x0, 0x0, 0x0, 0x0,
    0x3f, 0xff, 0xff, 0xf6, 0x0, 0x0, 0x0, 0x0,
    0x0, 0x3f, 0xff, 0xff, 0xf6, 0x0, 0x0, 0x0,
    0x0, 0x0, 0x3f, 0xff, 0xff, 0xf6, 0x0, 0x0,
    0x0, 0x0, 0x0, 0x3f, 0xff, 0xff, 0xf6, 0x0,
    0x0, 0x0, 0x0, 0x0, 0x3f, 0xff, 0xff, 0xf6,
    0x0, 0x0, 0x0, 0x0, 0x0, 0x3f, 0xff, 0xff,
    0xf6, 0x0, 0x0, 0x0, 0x0, 0x0, 0x3f, 0xff,
    0xff, 0xf6, 0x0, 0x0, 0x0, 0x0, 0x0, 0x3f,
    0xff, 0xff, 0xf6, 0x0, 0x0, 0x0, 0x0, 0x0,
    0x3f, 0xff, 0xff, 0xf1, 0x0, 0x0, 0x0, 0x0,
    0x0, 0x3f, 0xff, 0xfd, 0x0, 0x0, 0x0, 0x0,
    0x0, 0x0, 0x3f, 0xfe, 0x20, 0x0, 0x0, 0x0,
    0x0, 0x0, 0x0, 0x27, 0x10, 0x0,

    /* U+F054 "" */
    0x0, 0x0, 0x0, 0x0, 0x0, 0x0, 0x0, 0x0,
    0x0, 0xb, 0xf6, 0x0, 0x0, 0x0, 0x0, 0x0,
    0x0, 0xb, 0xff, 0xf7, 0x0, 0x0, 0x0, 0x0,
    0x0, 0x5, 0xff, 0xff, 0xf7, 0x0, 0x0, 0x0,
    0x0, 0x0, 0x2f, 0xff, 0xff, 0xf7, 0x0, 0x0,
    0x0, 0x0, 0x0, 0x3f, 0xff, 0xff, 0xf7, 0x0,
    0x0, 0x0, 0x0, 0x0, 0x3f, 0xff, 0xff, 0xf7,
    0x0, 0x0, 0x0, 0x0, 0x0, 0x3f, 0xff, 0xff,
    0xf7, 0x0, 0x0, 0x0, 0x0, 0x0, 0x3f, 0xff,
    0xff, 0xf7, 0x0, 0x0, 0x0, 0x0, 0x0, 0x3f,
    0xff, 0xff, 0xf7, 0x0, 0x0, 0x0, 0x0, 0x0,
    0x3f, 0xff, 0xff, 0xf7, 0x0, 0x0, 0x0, 0x0,
    0x0, 0x3f, 0xff, 0xff, 0xf7, 0x0, 0x0, 0x0,
    0x0, 0x0, 0x3f, 0xff, 0xff, 0xf7, 0x0, 0x0,
    0x0, 0x0, 0x0, 0x3f, 0xff, 0xff, 0xf1, 0x0,
    0x0, 0x0, 0x0, 0xa, 0xff, 0xff, 0xfd, 0x0,
    0x0, 0x0, 0x0, 0xa, 0xff, 0xff, 0xfd, 0x10,
    0x0, 0x0, 0x0, 0xa, 0xff, 0xff, 0xfd, 0x10,
    0x0, 0x0, 0x0, 0xa, 0xff, 0xff, 0xfd, 0x10,
    0x0, 0x0, 0x0, 0xa, 0xff, 0xff, 0xfd, 0x10,
    0x0, 0x0, 0x0, 0xa, 0xff, 0xff, 0xfd, 0x10,
    0x0, 0x0, 0x0, 0xa, 0xff, 0xff, 0xfd, 0x10,
    0x0, 0x0, 0x0, 0xa, 0xff, 0xff, 0xfd, 0x10,
    0x0, 0x0, 0x0, 0xa, 0xff, 0xff, 0xfd, 0x10,
    0x0, 0x0, 0x0, 0x5, 0xff, 0xff, 0xfd, 0x10,
    0x0, 0x0, 0x0, 0x0, 0x2f, 0xff, 0xfd, 0x10,
    0x0, 0x0, 0x0, 0x0, 0x0, 0x4f, 0xfd, 0x10,
    0x0, 0x0, 0x0, 0x0, 0x0, 0x0, 0x37, 0x10,
    0x0, 0x0, 0x0, 0x0, 0x0, 0x0,

    /* U+F05A "" */
    0x0, 0x0, 0x0, 0x0, 0x0, 0x27, 0xac, 0xdd,
    0xca, 0x73, 0x0, 0x0, 0x0, 0x0, 0x0, 0x0,
    0x0, 0x0, 0x0, 0x5c, 0xff, 0xff, 0xff, 0xff,
    0xff, 0xd6, 0x0, 0x0, 0x0, 0x0, 0x0, 0x0,
    0x0, 0x2c, 0xff, 0xff, 0xff, 0xff, 0xff, 0xff,
    0xff, 0xd3, 0x0, 0x0, 0x0, 0x0, 0x0, 0x4,
    0xff, 0xff, 0xff, 0xff, 0xff, 0xff, 0xff, 0xff,
    0xff, 0x50, 0x0, 0x0, 0x0, 0x0, 0x5f, 0xff,
    0xff, 0xff, 0xff, 0xff, 0xff, 0xff, 0xff, 0xff,
    0xf6, 0x0, 0x0, 0x0, 0x4, 0xff, 0xff, 0xff,
    0xff, 0xff, 0xff, 0xff, 0xff, 0xff, 0xff, 0xff,
    0x50, 0x0, 0x0, 0x1e, 0xff, 0xff, 0xff, 0xff,
    0xff, 0xba, 0xff, 0xff, 0xff, 0xff, 0xff, 0xf2,
    0x0, 0x0, 0xaf, 0xff, 0xff, 0xff, 0xff, 0xf4,
    0x0, 0x3f, 0xff, 0xff, 0xff, 0xff, 0xfb, 0x0,
    0x2, 0xff, 0xff, 0xff, 0xff, 0xff, 0xb0, 0x0,
    0x9, 0xff, 0xff, 0xff, 0xff, 0xff, 0x40, 0x9,
    0xff, 0xff, 0xff, 0xff, 0xff, 0xa0, 0x0, 0x8,
    0xff, 0xff, 0xff, 0xff, 0xff, 0xa0, 0xe, 0xff,
    0xff, 0xff, 0xff, 0xff, 0xf1, 0x0, 0xe, 0xff,
    0xff, 0xff, 0xff, 0xff, 0xf0, 0x2f, 0xff, 0xff,
    0xff, 0xff, 0xff, 0xfe, 0x76, 0xdf, 0xff, 0xff,
    0xff, 0xff, 0xff, 0xf4, 0x5f, 0xff, 0xff, 0xff,
    0xff, 0xff, 0xff, 0xff, 0xff, 0xff, 0xff, 0xff,
    0xff, 0xff, 0xf6, 0x6f, 0xff, 0xff, 0xff, 0xff,
    0xfd, 0x0, 0x0, 0x2f, 0xff, 0xff, 0xff, 0xff,
    0xff, 0xf8, 0x7f, 0xff, 0xff, 0xff, 0xff, 0xfc,
    0x0, 0x0, 0x1f, 0xff, 0xff, 0xff, 0xff, 0xff,
    0xf9, 0x7f, 0xff, 0xff, 0xff, 0xff, 0xfe, 0x20,
    0x0, 0x1f, 0xff, 0xff, 0xff, 0xff, 0xff, 0xf8,
    0x5f, 0xff, 0xff, 0xff, 0xff, 0xff, 0xf2, 0x0,
    0x1f, 0xff, 0xff, 0xff, 0xff, 0xff, 0xf7, 0x3f,
    0xff, 0xff, 0xff, 0xff, 0xff, 0xf2, 0x0, 0x1f,
    0xff, 0xff, 0xff, 0xff, 0xff, 0xf4, 0xf, 0xff,
    0xff, 0xff, 0xff, 0xff, 0xf2, 0x0, 0x1f, 0xff,
    0xff, 0xff, 0xff, 0xff, 0xf1, 0xa, 0xff, 0xff,
    0xff, 0xff, 0xff, 0xa1, 0x0, 0xa, 0xff, 0xff,
    0xff, 0xff, 0xff, 0xc0, 0x4, 0xff, 0xff, 0xff,
    0xff, 0xfc, 0x0, 0x0, 0x0, 0xaf, 0xff, 0xff,
    0xff, 0xff, 0x50, 0x0, 0xcf, 0xff, 0xff, 0xff,
    0xfd, 0x0, 0x0, 0x0, 0xbf, 0xff, 0xff, 0xff,
    0xfd, 0x0, 0x0, 0x2f, 0xff, 0xff, 0xff, 0xff,
    0xff, 0xff, 0xff, 0xff, 0xff, 0xff, 0xff, 0xf4,
    0x0, 0x0, 0x6, 0xff, 0xff, 0xff, 0xff, 0xff,
    0xff, 0xff, 0xff, 0xff, 0xff, 0xff, 0x80, 0x0,
    0x0, 0x0, 0x8f, 0xff, 0xff, 0xff, 0xff, 0xff,
    0xff, 0xff, 0xff, 0xff, 0xfa, 0x0, 0x0, 0x0,
    0x0, 0x8, 0xff, 0xff, 0xff, 0xff, 0xff, 0xff,
    0xff, 0xff, 0xff, 0x90, 0x0, 0x0, 0x0, 0x0,
    0x0, 0x5e, 0xff, 0xff, 0xff, 0xff, 0xff, 0xff,
    0xff, 0xf6, 0x0, 0x0, 0x0, 0x0, 0x0, 0x0,
    0x1, 0x9f, 0xff, 0xff, 0xff, 0xff, 0xff, 0xf9,
    0x10, 0x0, 0x0, 0x0, 0x0, 0x0, 0x0, 0x0,
    0x1, 0x6a, 0xdf, 0xff, 0xfe, 0xa6, 0x10, 0x0,
    0x0, 0x0, 0x0, 0x0, 0x0, 0x0, 0x0, 0x0,
    0x0, 0x0, 0x0, 0x0, 0x0, 0x0, 0x0, 0x0,
    0x0, 0x0,

    /* U+F067 "" */
    0x0, 0x0, 0x0, 0x0, 0x0, 0x3, 0x56, 0x40,
    0x0, 0x0, 0x0, 0x0, 0x0, 0x0, 0x0, 0x0,
    0x0, 0x0, 0x5, 0xff, 0xff, 0x90, 0x0, 0x0,
    0x0, 0x0, 0x0, 0x0, 0x0, 0x0, 0x0, 0x0,
    0xaf, 0xff, 0xfe, 0x0, 0x0, 0x0, 0x0, 0x0,
    0x0, 0x0, 0x0, 0x0, 0x0, 0xb, 0xff, 0xff,
    0xf0, 0x0, 0x0, 0x0, 0x0, 0x0, 0x0, 0x0,
    0x0, 0x0, 0x0, 0xbf, 0xff, 0xff, 0x0, 0x0,
    0x0, 0x0, 0x0, 0x0, 0x0, 0x0, 0x0, 0x0,
    0xb, 0xff, 0xff, 0xf0, 0x0, 0x0, 0x0, 0x0,
    0x0, 0x0, 0x0, 0x0, 0x0, 0x0, 0xbf, 0xff,
    0xff, 0x0, 0x0, 0x0, 0x0, 0x0, 0x0, 0x0,
    0x0, 0x0, 0x0, 0xb, 0xff, 0xff, 0xf0, 0x0,
    0x0, 0x0, 0x0, 0x0, 0x0, 0x0, 0x0, 0x0,
    0x0, 0xbf, 0xff, 0xff, 0x0, 0x0, 0x0, 0x0,
    0x0, 0x0, 0x0, 0x0, 0x0, 0x0, 0xb, 0xff,
    0xff, 0xf0, 0x0, 0x0, 0x0, 0x0, 0x0, 0x0,
    0x11, 0x11, 0x11, 0x11, 0xbf, 0xff, 0xff, 0x11,
    0x11, 0x11, 0x11, 0x0, 0x6, 0xff, 0xff, 0xff,
    0xff, 0xff, 0xff, 0xff, 0xff, 0xff, 0xff, 0xff,
    0xff, 0x90, 0xef, 0xff, 0xff, 0xff, 0xff, 0xff,
    0xff, 0xff, 0xff, 0xff, 0xff, 0xff, 0xff, 0x2f,
    0xff, 0xff, 0xff, 0xff, 0xff, 0xff, 0xff, 0xff,
    0xff, 0xff, 0xff, 0xff, 0xf4, 0xff, 0xff, 0xff,
    0xff, 0xff, 0xff, 0xff, 0xff, 0xff, 0xff, 0xff,
    0xff, 0xff, 0x3c, 0xff, 0xff, 0xff, 0xff, 0xff,
    0xff, 0xff, 0xff, 0xff, 0xff, 0xff, 0xff, 0xe1,
    0x17, 0x99, 0x99, 0x99, 0x99, 0xdf, 0xff, 0xff,
    0x99, 0x99, 0x99, 0x99, 0x82, 0x0, 0x0, 0x0,
    0x0, 0x0, 0xb, 0xff, 0xff, 0xf0, 0x0, 0x0,
    0x0, 0x0, 0x0, 0x0, 0x0, 0x0, 0x0, 0x0,
    0xbf, 0xff, 0xff, 0x0, 0x0, 0x0, 0x0, 0x0,
    0x0, 0x0, 0x0, 0x0, 0x0, 0xb, 0xff, 0xff,
    0xf0, 0x0, 0x0, 0x0, 0x0, 0x0, 0x0, 0x0,
    0x0, 0x0, 0x0, 0xbf, 0xff, 0xff, 0x0, 0x0,
    0x0, 0x0, 0x0, 0x0, 0x0, 0x0, 0x0, 0x0,
    0xb, 0xff, 0xff, 0xf0, 0x0, 0x0, 0x0, 0x0,
    0x0, 0x0, 0x0, 0x0, 0x0, 0x0, 0xbf, 0xff,
    0xff, 0x0, 0x0, 0x0, 0x0, 0x0, 0x0, 0x0,
    0x0, 0x0, 0x0, 0xb, 0xff, 0xff, 0xf0, 0x0,
    0x0, 0x0, 0x0, 0x0, 0x0, 0x0, 0x0, 0x0,
    0x0, 0xbf, 0xff, 0xff, 0x0, 0x0, 0x0, 0x0,
    0x0, 0x0, 0x0, 0x0, 0x0, 0x0, 0x9, 0xff,
    0xff, 0xd0, 0x0, 0x0, 0x0, 0x0, 0x0, 0x0,
    0x0, 0x0, 0x0, 0x0, 0x1b, 0xde, 0xc3, 0x0,
    0x0, 0x0, 0x0, 0x0, 0x0,

    /* U+F068 "" */
    0x0, 0x0, 0x0, 0x0, 0x0, 0x0, 0x0, 0x0,
    0x0, 0x0, 0x0, 0x0, 0x0, 0x5, 0xff, 0xff,
    0xff, 0xff, 0xff, 0xff, 0xff, 0xff, 0xff, 0xff,
    0xff, 0xff, 0x90, 0xef, 0xff, 0xff, 0xff, 0xff,
    0xff, 0xff, 0xff, 0xff, 0xff, 0xff, 0xff, 0xff,
    0x2f, 0xff, 0xff, 0xff, 0xff, 0xff, 0xff, 0xff,
    0xff, 0xff, 0xff, 0xff, 0xff, 0xf4, 0xff, 0xff,
    0xff, 0xff, 0xff, 0xff, 0xff, 0xff, 0xff, 0xff,
    0xff, 0xff, 0xff, 0x3c, 0xff, 0xff, 0xff, 0xff,
    0xff, 0xff, 0xff, 0xff, 0xff, 0xff, 0xff, 0xff,
    0xf1, 0x17, 0x99, 0x99, 0x99, 0x99, 0x99, 0x99,
    0x99, 0x99, 0x99, 0x99, 0x99, 0x82, 0x0,

    /* U+F06C "" */
    0x0, 0x0, 0x0, 0x0, 0x0, 0x0, 0x0, 0x0,
    0x0, 0x0, 0x0, 0x0, 0x0, 0x0, 0x0, 0x0,
    0x10, 0x0, 0x0, 0x0, 0x0, 0x0, 0x0, 0x0,
    0x0, 0x0, 0x0, 0x0, 0x0, 0x0, 0x0, 0x0,
    0x0, 0xbf, 0x10, 0x0, 0x0, 0x0, 0x0, 0x0,
    0x0, 0x0, 0x0, 0x0, 0x0, 0x0, 0x0, 0x0,
    0x0, 0x0, 0x7f, 0xf6, 0x0, 0x0, 0x0, 0x0,
    0x0, 0x0, 0x0, 0x0, 0x0, 0x0, 0x0, 0x0,
    0x0, 0x0, 0x0, 0x5f, 0xff, 0xc0, 0x0, 0x0,
    0x0, 0x0, 0x0, 0x0, 0x0, 0x0, 0x0, 0x0,
    0x0, 0x0, 0x0, 0x0, 0x8f, 0xff, 0xff, 0x10,
    0x0, 0x0, 0x0, 0x0, 0x0, 0x0, 0x0, 0x0,
    0x0, 0x0, 0x0, 0x0, 0x5, 0xdf, 0xff, 0xff,
    0xf5, 0x0, 0x0, 0x0, 0x0, 0x0, 0x0, 0x0,
    0x4, 0x68, 0x88, 0x88, 0x89, 0xbf, 0xff, 0xff,
    0xff, 0xff, 0x70, 0x0, 0x0, 0x0, 0x0, 0x0,
    0x2, 0xaf, 0xff, 0xff, 0xff, 0xff, 0xff, 0xff,
    0xff, 0xff, 0xff, 0xfa, 0x0, 0x0, 0x0, 0x0,
    0x0, 0x8, 0xff, 0xff, 0xff, 0xff, 0xff, 0xff,
    0xff, 0xff, 0xff, 0xff, 0xff, 0xb0, 0x0, 0x0,
    0x0, 0x0, 0xb, 0xff, 0xff, 0xff, 0xff, 0xff,
    0xff, 0xff, 0xff, 0xff, 0xff, 0xff, 0xfb, 0x0,
    0x0, 0x0, 0x0, 0xb, 0xff, 0xff, 0xff, 0xff,
    0xff, 0xff, 0xff, 0xff, 0xff, 0xff, 0xff, 0xff,
    0xb0, 0x0, 0x0, 0x0, 0x8, 0xff, 0xff, 0xff,
    0xff, 0xff, 0xff, 0xff, 0xff, 0xff, 0xff, 0xff,
    0xff, 0xfb, 0x0, 0x0, 0x0, 0x1, 0xff, 0xff,
    0xff, 0xff, 0xff, 0xff, 0xff, 0xff, 0xff, 0xff,
    0xff, 0xff, 0xff, 0x90, 0x0, 0x0, 0x0, 0x9f,
    0xff, 0xff, 0xff, 0xff, 0xff, 0xff, 0xff, 0xff,
    0xff, 0xff, 0xff, 0xff, 0xf7, 0x0, 0x0, 0x0,
    0xe, 0xff, 0xff, 0xff, 0xfe, 0xa7, 0x43, 0x10,
    0x0, 0xbf, 0xff, 0xff, 0xff, 0xff, 0x40, 0x0,
    0x0, 0x2, 0xff, 0xff, 0xfd, 0x72, 0x0, 0x0,
    0x0, 0x1, 0x2c, 0xff, 0xff, 0xff, 0xff, 0xf1,
    0x0, 0x0, 0x0, 0x4f, 0xff, 0xa3, 0x0, 0x1,
    0x58, 0xbe, 0xff, 0xff, 0xff, 0xff, 0xff, 0xff,
    0xfc, 0x0, 0x0, 0x0, 0x5, 0xfb, 0x30, 0x2,
    0x7d, 0xff, 0xff, 0xff, 0xff, 0xff, 0xff, 0xff,
    0xff, 0xff, 0x70, 0x0, 0x0, 0x0, 0x36, 0x0,
    0x3b, 0xff, 0xff, 0xff, 0xff, 0xff, 0xff, 0xff,
    0xff, 0xff, 0xff, 0xf1, 0x0, 0x0, 0x0, 0x0,
    0x1, 0xaf, 0xff, 0xff, 0xff, 0xff, 0xff, 0xff,
    0xff, 0xff, 0xff, 0xff, 0xf9, 0x0, 0x0, 0x0,
    0x0, 0x5, 0xef, 0xff, 0xff, 0xff, 0xff, 0xff,
    0xff, 0xff, 0xff, 0xff, 0xff, 0xff, 0x10, 0x0,
    0x0, 0x0, 0x7, 0xff, 0xff, 0xff, 0xff, 0xff,
    0xff, 0xff, 0xff, 0xff, 0xff, 0xff, 0xff, 0x60,
    0x0, 0x0, 0x0, 0x9, 0xff, 0xff, 0xff, 0xff,
    0xff, 0xff, 0xff, 0xff, 0xff, 0xff, 0xff, 0xff,
    0xa0, 0x0, 0x0, 0x0, 0x9, 0xff, 0xff, 0xff,
    0xff, 0xff, 0xff, 0xff, 0xff, 0xff, 0xff, 0xff,
    0xff, 0xc0, 0x0, 0x0, 0x0, 0x8, 0xff, 0xff,
    0xbe, 0xff, 0xff, 0xff, 0xff, 0xff, 0xff, 0xff,
    0xff, 0xff, 0xd1, 0x0, 0x0, 0x0, 0x4, 0xff,
    0xff, 0xa0, 0x3f, 0xff, 0xff, 0xff, 0xff, 0xff,
    0xff, 0xff, 0xff, 0xb1, 0x0, 0x0, 0x0, 0x0,
    0xef, 0xff, 0xb0, 0x0, 0x2d, 0xff, 0xff, 0xff,
    0xff, 0xff, 0xff, 0xff, 0x60, 0x0, 0x0, 0x0,
    0x0, 0x7f, 0xff, 0xd0, 0x0, 0x0, 0x8, 0xff,
    0xff, 0xff, 0xff, 0xff, 0xe8, 0x10, 0x0, 0x0,
    0x0, 0x0, 0xe, 0xff, 0xf4, 0x0, 0x0, 0x0,
    0x1, 0x7b, 0xef, 0xed, 0xb8, 0x40, 0x0, 0x0,
    0x0, 0x0, 0x0, 0x0, 0xdf, 0xfb, 0x0, 0x0,
    0x0, 0x0, 0x0, 0x0, 0x0, 0x0, 0x0, 0x0,
    0x0, 0x0, 0x0, 0x0, 0x0, 0x3, 0xca, 0x10,
    0x0, 0x0, 0x0, 0x0, 0x0, 0x0, 0x0, 0x0,
    0x0, 0x0, 0x0, 0x0, 0x0, 0x0, 0x0,

    /* U+F06E "" */
    0x0, 0x0, 0x0, 0x0, 0x0, 0x0, 0x15, 0x89,
    0xaa, 0x87, 0x41, 0x0, 0x0, 0x0, 0x0, 0x0,
    0x0, 0x0, 0x0, 0x0, 0x0, 0x1, 0x7d, 0xff,
    0xff, 0xff, 0xff, 0xff, 0xc6, 0x0, 0x0, 0x0,
    0x0, 0x0, 0x0, 0x0, 0x0, 0x1, 0x9f, 0xff,
    0xff, 0xff, 0xff, 0xff, 0xff, 0xff, 0xe7, 0x0,
    0x0, 0x0, 0x0, 0x0, 0x0, 0x0, 0x5f, 0xff,
    0xff, 0xfd, 0x84, 0x23, 0x49, 0xef, 0xff, 0xff,
    0xd3, 0x0, 0x0, 0x0, 0x0, 0x0, 0xa, 0xff,
    0xff, 0xff, 0x50, 0x0, 0x0, 0x0, 0x8, 0xff,
    0xff, 0xff, 0x70, 0x0, 0x0, 0x0, 0x0, 0xbf,
    0xff, 0xff, 0xe2, 0x0, 0x0, 0x0, 0x0, 0x0,
    0x5f, 0xff, 0xff, 0xf8, 0x0, 0x0, 0x0, 0xc,
    0xff, 0xff, 0xff, 0x30, 0x0, 0x5, 0xdd, 0x93,
    0x0, 0x6, 0xff, 0xff, 0xff, 0x90, 0x0, 0x0,
    0xaf, 0xff, 0xff, 0xf8, 0x0, 0x0, 0x2, 0xff,
    0xff, 0x80, 0x0, 0xcf, 0xff, 0xff, 0xf6, 0x0,
    0x6, 0xff, 0xff, 0xff, 0xf0, 0x0, 0x0, 0x2,
    0xff, 0xff, 0xf6, 0x0, 0x4f, 0xff, 0xff, 0xff,
    0x30, 0x1f, 0xff, 0xff, 0xff, 0xb0, 0x0, 0x0,
    0x9, 0xff, 0xff, 0xff, 0x10, 0xf, 0xff, 0xff,
    0xff, 0xc0, 0xaf, 0xff, 0xff, 0xff, 0x80, 0x5,
    0x44, 0x9f, 0xff, 0xff, 0xff, 0x50, 0xc, 0xff,
    0xff, 0xff, 0xf6, 0xff, 0xff, 0xff, 0xff, 0x70,
    0xb, 0xff, 0xff, 0xff, 0xff, 0xff, 0x70, 0xb,
    0xff, 0xff, 0xff, 0xfb, 0xcf, 0xff, 0xff, 0xff,
    0x80, 0xb, 0xff, 0xff, 0xff, 0xff, 0xff, 0x60,
    0xc, 0xff, 0xff, 0xff, 0xf8, 0x3f, 0xff, 0xff,
    0xff, 0xa0, 0x7, 0xff, 0xff, 0xff, 0xff, 0xff,
    0x20, 0xe, 0xff, 0xff, 0xff, 0xe1, 0x9, 0xff,
    0xff, 0xff, 0xe0, 0x1, 0xef, 0xff, 0xff, 0xff,
    0xfb, 0x0, 0x2f, 0xff, 0xff, 0xff, 0x60, 0x0,
    0xdf, 0xff, 0xff, 0xf5, 0x0, 0x4f, 0xff, 0xff,
    0xff, 0xe1, 0x0, 0x9f, 0xff, 0xff, 0xfa, 0x0,
    0x0, 0x2e, 0xff, 0xff, 0xfd, 0x0, 0x3, 0xdf,
    0xff, 0xfb, 0x10, 0x3, 0xff, 0xff, 0xff, 0xd0,
    0x0, 0x0, 0x3, 0xff, 0xff, 0xff, 0xb0, 0x0,
    0x2, 0x55, 0x10, 0x0, 0x1e, 0xff, 0xff, 0xfd,
    0x10, 0x0, 0x0, 0x0, 0x2d, 0xff, 0xff, 0xfc,
    0x10, 0x0, 0x0, 0x0, 0x3, 0xef, 0xff, 0xff,
    0xc1, 0x0, 0x0, 0x0, 0x0, 0x0, 0xaf, 0xff,
    0xff, 0xf8, 0x20, 0x0, 0x3, 0xaf, 0xff, 0xff,
    0xf8, 0x0, 0x0, 0x0, 0x0, 0x0, 0x0, 0x5,
    0xdf, 0xff, 0xff, 0xff, 0xdd, 0xff, 0xff, 0xff,
    0xfc, 0x30, 0x0, 0x0, 0x0, 0x0, 0x0, 0x0,
    0x0, 0x5, 0xcf, 0xff, 0xff, 0xff, 0xff, 0xff,
    0xfb, 0x50, 0x0, 0x0, 0x0, 0x0, 0x0, 0x0,
    0x0, 0x0, 0x0, 0x2, 0x7a, 0xde, 0xff, 0xec,
    0x96, 0x10, 0x0, 0x0, 0x0, 0x0, 0x0,

    /* U+F070 "" */
    0x3, 0x40, 0x0, 0x0, 0x0, 0x0, 0x0, 0x0,
    0x0, 0x0, 0x0, 0x0, 0x0, 0x0, 0x0, 0x0,
    0x0, 0x0, 0x0, 0x2f, 0xf9, 0x0, 0x0, 0x0,
    0x0, 0x0, 0x0, 0x0, 0x0, 0x0, 0x0, 0x0,
    0x0, 0x0, 0x0, 0x0, 0x0, 0x0, 0xdf, 0xff,
    0xc1, 0x0, 0x0, 0x0, 0x0, 0x0, 0x0, 0x0,
    0x0, 0x0, 0x0, 0x0, 0x0, 0x0, 0x0, 0x0,
    0x0, 0xcf, 0xff, 0xfe, 0x40, 0x0, 0x0, 0x0,
    0x0, 0x0, 0x0, 0x0, 0x0, 0x0, 0x0, 0x0,
    0x0, 0x0, 0x0, 0x0, 0xa, 0xff, 0xff, 0xf7,
    0x0, 0x0, 0x0, 0x4, 0x79, 0xa9, 0x87, 0x30,
    0x0, 0x0, 0x0, 0x0, 0x0, 0x0, 0x0, 0x0,
    0x6f, 0xff, 0xff, 0xb1, 0x2, 0x8c, 0xff, 0xff,
    0xff, 0xff, 0xff, 0xb5, 0x0, 0x0, 0x0, 0x0,
    0x0, 0x0, 0x0, 0x3, 0xef, 0xff, 0xfd, 0xaf,
    0xff, 0xff, 0xff, 0xff, 0xff, 0xff, 0xff, 0xe5,
    0x0, 0x0, 0x0, 0x0, 0x0, 0x0, 0x0, 0x1b,
    0xff, 0xff, 0xff, 0xff, 0xfe, 0x94, 0x23, 0x59,
    0xff, 0xff, 0xff, 0xc2, 0x0, 0x0, 0x0, 0x0,
    0x0, 0x0, 0x0, 0x8f, 0xff, 0xff, 0xff, 0x60,
    0x0, 0x0, 0x0, 0x1a, 0xff, 0xff, 0xff, 0x50,
    0x0, 0x0, 0x0, 0x0, 0x0, 0x0, 0x4, 0xff,
    0xff, 0xfc, 0x10, 0x0, 0x0, 0x0, 0x0, 0x7f,
    0xff, 0xff, 0xf6, 0x0, 0x0, 0x0, 0x0, 0x0,
    0x0, 0x0, 0x2d, 0xff, 0xff, 0xe3, 0x6, 0xdc,
    0x92, 0x0, 0x9, 0xff, 0xff, 0xff, 0x60, 0x0,
    0x0, 0x0, 0x0, 0x20, 0x0, 0x0, 0xaf, 0xff,
    0xff, 0x54, 0xff, 0xff, 0x60, 0x0, 0xef, 0xff,
    0xff, 0xf4, 0x0, 0x0, 0x0, 0x6, 0xf5, 0x0,
    0x0, 0x6, 0xff, 0xff, 0xfc, 0xff, 0xff, 0xf5,
    0x0, 0x6f, 0xff, 0xff, 0xfe, 0x10, 0x0, 0x0,
    0x2f, 0xff, 0x90, 0x0, 0x0, 0x3e, 0xff, 0xff,
    0xff, 0xff, 0xfe, 0x0, 0x1f, 0xff, 0xff, 0xff,
    0xa0, 0x0, 0x0, 0xbf, 0xff, 0xfc, 0x10, 0x0,
    0x1, 0xbf, 0xff, 0xff, 0xff, 0xff, 0x30, 0xe,
    0xff, 0xff, 0xff, 0xf4, 0x0, 0x1, 0xff, 0xff,
    0xff, 0xe4, 0x0, 0x0, 0x8, 0xff, 0xff, 0xff,
    0xff, 0x50, 0xd, 0xff, 0xff, 0xff, 0xf9, 0x0,
    0x0, 0xef, 0xff, 0xff, 0xff, 0x50, 0x0, 0x0,
    0x4f, 0xff, 0xff, 0xff, 0x40, 0xe, 0xff, 0xff,
    0xff, 0xf6, 0x0, 0x0, 0x6f, 0xff, 0xff, 0xff,
    0x90, 0x0, 0x0, 0x2, 0xdf, 0xff, 0xff, 0x40,
    0xf, 0xff, 0xff, 0xff, 0xd0, 0x0, 0x0, 0xc,
    0xff, 0xff, 0xff, 0xd0, 0x0, 0x0, 0x0, 0xa,
    0xff, 0xff, 0xf6, 0x5f, 0xff, 0xff, 0xff, 0x30,
    0x0, 0x0, 0x2, 0xef, 0xff, 0xff, 0xf4, 0x0,
    0x0, 0x0, 0x0, 0x6f, 0xff, 0xff, 0xff, 0xff,
    0xff, 0xf7, 0x0, 0x0, 0x0, 0x0, 0x4f, 0xff,
    0xff, 0xfc, 0x0, 0x0, 0x0, 0x0, 0x3, 0xef,
    0xff, 0xff, 0xff, 0xff, 0xa0, 0x0, 0x0, 0x0,
    0x0, 0x5, 0xff, 0xff, 0xff, 0xa0, 0x0, 0x0,
    0x0, 0x0, 0x1b, 0xff, 0xff, 0xff, 0xfb, 0x0,
    0x0, 0x0, 0x0, 0x0, 0x0, 0x4f, 0xff, 0xff,
    0xfb, 0x10, 0x0, 0x0, 0x0, 0x0, 0x8f, 0xff,
    0xff, 0xe0, 0x0, 0x0, 0x0, 0x0, 0x0, 0x0,
    0x2, 0xcf, 0xff, 0xff, 0xe7, 0x10, 0x0, 0x0,
    0x0, 0x4, 0xff, 0xff, 0xfb, 0x10, 0x0, 0x0,
    0x0, 0x0, 0x0, 0x0, 0x7, 0xef, 0xff, 0xff,
    0xfe, 0xde, 0xc1, 0x0, 0x0, 0x2d, 0xff, 0xff,
    0xe3, 0x0, 0x0, 0x0, 0x0, 0x0, 0x0, 0x0,
    0x17, 0xdf, 0xff, 0xff, 0xff, 0xfe, 0x40, 0x0,
    0x0, 0xaf, 0xff, 0xff, 0x60, 0x0, 0x0, 0x0,
    0x0, 0x0, 0x0, 0x0, 0x3, 0x7b, 0xde, 0xff,
    0xec, 0x80, 0x0, 0x0, 0x6, 0xff, 0xff, 0xfa,
    0x0, 0x0, 0x0, 0x0, 0x0, 0x0, 0x0, 0x0,
    0x0, 0x0, 0x0, 0x0, 0x0, 0x0, 0x0, 0x0,
    0x3e, 0xff, 0xff, 0xd2, 0x0, 0x0, 0x0, 0x0,
    0x0, 0x0, 0x0, 0x0, 0x0, 0x0, 0x0, 0x0,
    0x0, 0x0, 0x0, 0x1, 0xbf, 0xff, 0xf6, 0x0,
    0x0, 0x0, 0x0, 0x0, 0x0, 0x0, 0x0, 0x0,
    0x0, 0x0, 0x0, 0x0, 0x0, 0x0, 0x0, 0x8,
    0xff, 0xd0, 0x0, 0x0, 0x0, 0x0, 0x0, 0x0,
    0x0, 0x0, 0x0, 0x0, 0x0, 0x0, 0x0, 0x0,
    0x0, 0x0, 0x0, 0x4a, 0x20,

    /* U+F071 "" */
    0x0, 0x0, 0x0, 0x0, 0x0, 0x0, 0x0, 0x0,
    0x3, 0x20, 0x0, 0x0, 0x0, 0x0, 0x0, 0x0,
    0x0, 0x0, 0x0, 0x0, 0x0, 0x0, 0x0, 0x0,
    0x0, 0x2, 0xdf, 0xfb, 0x0, 0x0, 0x0, 0x0,
    0x0, 0x0, 0x0, 0x0, 0x0, 0x0, 0x0, 0x0,
    0x0, 0x0, 0x0, 0xc, 0xff, 0xff, 0x80, 0x0,
    0x0, 0x0, 0x0, 0x0, 0x0, 0x0, 0x0, 0x0,
    0x0, 0x0, 0x0, 0x0, 0x0, 0x5f, 0xff, 0xff,
    0xf2, 0x0, 0x0, 0x0, 0x0, 0x0, 0x0, 0x0,
    0x0, 0x0, 0x0, 0x0, 0x0, 0x0, 0x0, 0xef,
    0xff, 0xff, 0xfb, 0x0, 0x0, 0x0, 0x0, 0x0,
    0x0, 0x0, 0x0, 0x0, 0x0, 0x0, 0x0, 0x0,
    0x8, 0xff, 0xff, 0xff, 0xff, 0x40, 0x0, 0x0,
    0x0, 0x0, 0x0, 0x0, 0x0, 0x0, 0x0, 0x0,
    0x0, 0x0, 0x1f, 0xff, 0xff, 0xff, 0xff, 0xd0,
    0x0, 0x0, 0x0, 0x0, 0x0, 0x0, 0x0, 0x0,
    0x0, 0x0, 0x0, 0x0, 0xaf, 0xff, 0xff, 0xff,
    0xff, 0xf6, 0x0, 0x0, 0x0, 0x0, 0x0, 0x0,
    0x0, 0x0, 0x0, 0x0, 0x0, 0x3, 0xff, 0xff,
    0xff, 0xff, 0xff, 0xfe, 0x10, 0x0, 0x0, 0x0,
    0x0, 0x0, 0x0, 0x0, 0x0, 0x0, 0x0, 0xc,
    0xff, 0xff, 0xff, 0xff, 0xff, 0xff, 0x90, 0x0,
    0x0, 0x0, 0x0, 0x0, 0x0, 0x0, 0x0, 0x0,
    0x0, 0x6f, 0xff, 0xff, 0xff, 0xff, 0xff, 0xff,
    0xf2, 0x0, 0x0, 0x0, 0x0, 0x0, 0x0, 0x0,
    0x0, 0x0, 0x0, 0xef, 0xff, 0xf7, 0x11, 0x11,
    0xbf, 0xff, 0xfb, 0x0, 0x0, 0x0, 0x0, 0x0,
    0x0, 0x0, 0x0, 0x0, 0x8, 0xff, 0xff, 0xf5,
    0x0, 0x0, 0x9f, 0xff, 0xff, 0x40, 0x0, 0x0,
    0x0, 0x0, 0x0, 0x0, 0x0, 0x0, 0x2f, 0xff,
    0xff, 0xf6, 0x0, 0x0, 0xaf, 0xff, 0xff, 0xd0,
    0x0, 0x0, 0x0, 0x0, 0x0, 0x0, 0x0, 0x0,
    0xaf, 0xff, 0xff, 0xf7, 0x0, 0x0, 0xbf, 0xff,
    0xff, 0xf7, 0x0, 0x0, 0x0, 0x0, 0x0, 0x0,
    0x0, 0x4, 0xff, 0xff, 0xff, 0xf8, 0x0, 0x0,
    0xcf, 0xff, 0xff, 0xff, 0x10, 0x0, 0x0, 0x0,
    0x0, 0x0, 0x0, 0xd, 0xff, 0xff, 0xff, 0xf9,
    0x0, 0x0, 0xdf, 0xff, 0xff, 0xff, 0x90, 0x0,
    0x0, 0x0, 0x0, 0x0, 0x0, 0x6f, 0xff, 0xff,
    0xff, 0xfa, 0x0, 0x0, 0xef, 0xff, 0xff, 0xff,
    0xf2, 0x0, 0x0, 0x0, 0x0, 0x0, 0x1, 0xef,
    0xff, 0xff, 0xff, 0xfb, 0x0, 0x0, 0xff, 0xff,
    0xff, 0xff, 0xfb, 0x0, 0x0, 0x0, 0x0, 0x0,
    0x8, 0xff, 0xff, 0xff, 0xff, 0xfc, 0x0, 0x0,
    0xff, 0xff, 0xff, 0xff, 0xff, 0x50, 0x0, 0x0,
    0x0, 0x0, 0x2f, 0xff, 0xff, 0xff, 0xff, 0xff,
    0xdc, 0xcd, 0xff, 0xff, 0xff, 0xff, 0xff, 0xd0,
    0x0, 0x0, 0x0, 0x0, 0xbf, 0xff, 0xff, 0xff,
    0xff, 0xff, 0xb5, 0x6d, 0xff, 0xff, 0xff, 0xff,
    0xff, 0xf7, 0x0, 0x0, 0x0, 0x4, 0xff, 0xff,
    0xff, 0xff, 0xff, 0xfb, 0x0, 0x1, 0xef, 0xff,
    0xff, 0xff, 0xff, 0xff, 0x10, 0x0, 0x0, 0xd,
    0xff, 0xff, 0xff, 0xff, 0xff, 0xf4, 0x0, 0x0,
    0x8f, 0xff, 0xff, 0xff, 0xff, 0xff, 0x90, 0x0,
    0x0, 0x7f, 0xff, 0xff, 0xff, 0xff, 0xff, 0xf4,
    0x0, 0x0, 0x7f, 0xff, 0xff, 0xff, 0xff, 0xff,
    0xf3, 0x0, 0x1, 0xef, 0xff, 0xff, 0xff, 0xff,
    0xff, 0xf9, 0x0, 0x0, 0xcf, 0xff, 0xff, 0xff,
    0xff, 0xff, 0xfc, 0x0, 0x9, 0xff, 0xff, 0xff,
    0xff, 0xff, 0xff, 0xff, 0x81, 0x2a, 0xff, 0xff,
    0xff, 0xff, 0xff, 0xff, 0xff, 0x50, 0xf, 0xff,
    0xff, 0xff, 0xff, 0xff, 0xff, 0xff, 0xff, 0xff,
    0xff, 0xff, 0xff, 0xff, 0xff, 0xff, 0xff, 0xb0,
    0xf, 0xff, 0xff, 0xff, 0xff, 0xff, 0xff, 0xff,
    0xff, 0xff, 0xff, 0xff, 0xff, 0xff, 0xff, 0xff,
    0xff, 0xa0, 0x8, 0xff, 0xff, 0xff, 0xff, 0xff,
    0xff, 0xff, 0xff, 0xff, 0xff, 0xff, 0xff, 0xff,
    0xff, 0xff, 0xff, 0x40, 0x0, 0x7c, 0xdd, 0xdd,
    0xdd, 0xdd, 0xdd, 0xdd, 0xdd, 0xdd, 0xdd, 0xdd,
    0xdd, 0xdd, 0xdd, 0xdd, 0xc5, 0x0,

    /* U+F074 "" */
    0x0, 0x0, 0x0, 0x0, 0x0, 0x0, 0x0, 0x0,
    0x0, 0x0, 0x0, 0x3, 0x30, 0x0, 0x0, 0x0,
    0x0, 0x0, 0x0, 0x0, 0x0, 0x0, 0x0, 0x0,
    0x0, 0x0, 0x5f, 0xf6, 0x0, 0x0, 0x0, 0x0,
    0x0, 0x0, 0x0, 0x0, 0x0, 0x0, 0x0, 0x0,
    0x0, 0x7f, 0xff, 0x60, 0x0, 0x0, 0x0, 0x0,
    0x0, 0x0, 0x0, 0x0, 0x0, 0x0, 0x0, 0x0,
    0x8f, 0xff, 0xf6, 0x0, 0x8a, 0xaa, 0xaa, 0xa7,
    0x0, 0x0, 0x0, 0x0, 0x0, 0x5a, 0xaa, 0xdf,
    0xff, 0xff, 0x60, 0xff, 0xff, 0xff, 0xff, 0x90,
    0x0, 0x0, 0x0, 0x5, 0xff, 0xff, 0xff, 0xff,
    0xff, 0xf6, 0xff, 0xff, 0xff, 0xff, 0xf8, 0x0,
    0x0, 0x0, 0x4f, 0xff, 0xff, 0xff, 0xff, 0xff,
    0xff, 0xff, 0xff, 0xff, 0xff, 0xff, 0x70, 0x0,
    0x3, 0xff, 0xff, 0xff, 0xff, 0xff, 0xff, 0xfb,
    0xef, 0xff, 0xff, 0xff, 0xff, 0xf6, 0x0, 0x3f,
    0xff, 0xff, 0xff, 0xff, 0xff, 0xff, 0xc0, 0x0,
    0x0, 0x1, 0xdf, 0xff, 0xf5, 0x2, 0xef, 0xff,
    0xff, 0x40, 0x8f, 0xff, 0xfc, 0x0, 0x0, 0x0,
    0x0, 0x1e, 0xff, 0x70, 0x1e, 0xff, 0xff, 0xf4,
    0x0, 0x8f, 0xff, 0xc0, 0x0, 0x0, 0x0, 0x0,
    0x2, 0xe8, 0x1, 0xdf, 0xff, 0xff, 0x50, 0x0,
    0x7f, 0xfc, 0x0, 0x0, 0x0, 0x0, 0x0, 0x0,
    0x10, 0x1d, 0xff, 0xff, 0xf6, 0x0, 0x0, 0x1a,
    0x90, 0x0, 0x0, 0x0, 0x0, 0x0, 0x0, 0x0,
    0xcf, 0xff, 0xff, 0x70, 0x0, 0x0, 0x0, 0x0,
    0x0, 0x0, 0x0, 0x0, 0x0, 0x0, 0xb, 0xff,
    0xff, 0xf8, 0x0, 0x0, 0x0, 0x3, 0x30, 0x0,
    0x0, 0x0, 0x0, 0x0, 0x0, 0xaf, 0xff, 0xff,
    0x90, 0x1a, 0x10, 0x0, 0x5f, 0xf6, 0x0, 0x0,
    0x0, 0x0, 0x0, 0xa, 0xff, 0xff, 0xfa, 0x0,
    0xcf, 0xd1, 0x0, 0x7f, 0xff, 0x60, 0x0, 0x0,
    0x0, 0x0, 0x9f, 0xff, 0xff, 0xb0, 0xb, 0xff,
    0xfc, 0x0, 0x8f, 0xff, 0xf6, 0x0, 0x8a, 0xaa,
    0xab, 0xff, 0xff, 0xfb, 0x0, 0x5f, 0xff, 0xff,
    0xca, 0xdf, 0xff, 0xff, 0x60, 0xff, 0xff, 0xff,
    0xff, 0xff, 0xc0, 0x0, 0x9, 0xff, 0xff, 0xff,
    0xff, 0xff, 0xff, 0xf6, 0xff, 0xff, 0xff, 0xff,
    0xfd, 0x10, 0x0, 0x0, 0xaf, 0xff, 0xff, 0xff,
    0xff, 0xff, 0xff, 0xff, 0xff, 0xff, 0xff, 0xd1,
    0x0, 0x0, 0x0, 0xb, 0xff, 0xff, 0xff, 0xff,
    0xff, 0xfb, 0xef, 0xff, 0xff, 0xfd, 0x20, 0x0,
    0x0, 0x0, 0x0, 0xbf, 0xff, 0xff, 0xff, 0xff,
    0xc0, 0x0, 0x0, 0x0, 0x0, 0x0, 0x0, 0x0,
    0x0, 0x0, 0x0, 0x0, 0x8f, 0xff, 0xfc, 0x0,
    0x0, 0x0, 0x0, 0x0, 0x0, 0x0, 0x0, 0x0,
    0x0, 0x0, 0x0, 0x8f, 0xff, 0xc0, 0x0, 0x0,
    0x0, 0x0, 0x0, 0x0, 0x0, 0x0, 0x0, 0x0,
    0x0, 0x0, 0x7f, 0xfc, 0x0, 0x0, 0x0, 0x0,
    0x0, 0x0, 0x0, 0x0, 0x0, 0x0, 0x0, 0x0,
    0x0, 0x1a, 0x90, 0x0, 0x0, 0x0, 0x0, 0x0,
    0x0, 0x0, 0x0, 0x0, 0x0, 0x0, 0x0, 0x0,
    0x0, 0x0, 0x0, 0x0,

    /* U+F077 "" */
    0x0, 0x0, 0x0, 0x0, 0x0, 0x0, 0x0, 0x0,
    0x0, 0x0, 0x0, 0x0, 0x0, 0x0, 0x0, 0x0,
    0x0, 0x0, 0x1, 0xde, 0x30, 0x0, 0x0, 0x0,
    0x0, 0x0, 0x0, 0x0, 0x0, 0x0, 0x0, 0x1d,
    0xff, 0xf3, 0x0, 0x0, 0x0, 0x0, 0x0, 0x0,
    0x0, 0x0, 0x0, 0x1, 0xdf, 0xff, 0xff, 0x30,
    0x0, 0x0, 0x0, 0x0, 0x0, 0x0, 0x0, 0x0,
    0x1d, 0xff, 0xff, 0xff, 0xf3, 0x0, 0x0, 0x0,
    0x0, 0x0, 0x0, 0x0, 0x1, 0xdf, 0xff, 0xff,
    0xff, 0xff, 0x30, 0x0, 0x0, 0x0, 0x0, 0x0,
    0x0, 0x1d, 0xff, 0xff, 0xff, 0xff, 0xff, 0xf3,
    0x0, 0x0, 0x0, 0x0, 0x0, 0x1, 0xdf, 0xff,
    0xff, 0xa6, 0xff, 0xff, 0xff, 0x30, 0x0, 0x0,
    0x0, 0x0, 0x1d, 0xff, 0xff, 0xfa, 0x0, 0x6f,
    0xff, 0xff, 0xf3, 0x0, 0x0, 0x0, 0x1, 0xdf,
    0xff, 0xff, 0xa0, 0x0, 0x6, 0xff, 0xff, 0xff,
    0x30, 0x0, 0x0, 0x1d, 0xff, 0xff, 0xfa, 0x0,
    0x0, 0x0, 0x6f, 0xff, 0xff, 0xf3, 0x0, 0x1,
    0xdf, 0xff, 0xff, 0xa0, 0x0, 0x0, 0x0, 0x6,
    0xff, 0xff, 0xff, 0x30, 0x1d, 0xff, 0xff, 0xfa,
    0x0, 0x0, 0x0, 0x0, 0x0, 0x6f, 0xff, 0xff,
    0xf3, 0x9f, 0xff, 0xff, 0xa0, 0x0, 0x0, 0x0,
    0x0, 0x0, 0x6, 0xff, 0xff, 0xfd, 0x6f, 0xff,
    0xfa, 0x0, 0x0, 0x0, 0x0, 0x0, 0x0, 0x0,
    0x6f, 0xff, 0xfa, 0x8, 0xff, 0xa0, 0x0, 0x0,
    0x0, 0x0, 0x0, 0x0, 0x0, 0x6, 0xff, 0xb0,
    0x0, 0x56, 0x0, 0x0, 0x0, 0x0, 0x0, 0x0,
    0x0, 0x0, 0x0, 0x46, 0x0,

    /* U+F078 "" */
    0x0, 0x0, 0x0, 0x0, 0x0, 0x0, 0x0, 0x0,
    0x0, 0x0, 0x0, 0x0, 0x0, 0x2, 0xde, 0x30,
    0x0, 0x0, 0x0, 0x0, 0x0, 0x0, 0x0, 0x1,
    0xce, 0x40, 0x1e, 0xff, 0xf3, 0x0, 0x0, 0x0,
    0x0, 0x0, 0x0, 0x0, 0x1d, 0xff, 0xf4, 0x9f,
    0xff, 0xff, 0x30, 0x0, 0x0, 0x0, 0x0, 0x0,
    0x1, 0xdf, 0xff, 0xfd, 0x5f, 0xff, 0xff, 0xf3,
    0x0, 0x0, 0x0, 0x0, 0x0, 0x1d, 0xff, 0xff,
    0xf9, 0x7, 0xff, 0xff, 0xff, 0x30, 0x0, 0x0,
    0x0, 0x1, 0xdf, 0xff, 0xff, 0xa0, 0x0, 0x7f,
    0xff, 0xff, 0xf3, 0x0, 0x0, 0x0, 0x1d, 0xff,
    0xff, 0xfa, 0x0, 0x0, 0x7, 0xff, 0xff, 0xff,
    0x30, 0x0, 0x1, 0xdf, 0xff, 0xff, 0xa0, 0x0,
    0x0, 0x0, 0x7f, 0xff, 0xff, 0xf3, 0x0, 0x1d,
    0xff, 0xff, 0xfa, 0x0, 0x0, 0x0, 0x0, 0x7,
    0xff, 0xff, 0xff, 0x31, 0xdf, 0xff, 0xff, 0xa0,
    0x0, 0x0, 0x0, 0x0, 0x0, 0x7f, 0xff, 0xff,
    0xfd, 0xff, 0xff, 0xfa, 0x0, 0x0, 0x0, 0x0,
    0x0, 0x0, 0x7, 0xff, 0xff, 0xff, 0xff, 0xff,
    0xa0, 0x0, 0x0, 0x0, 0x0, 0x0, 0x0, 0x0,
    0x7f, 0xff, 0xff, 0xff, 0xfa, 0x0, 0x0, 0x0,
    0x0, 0x0, 0x0, 0x0, 0x0, 0x7, 0xff, 0xff,
    0xff, 0xa0, 0x0, 0x0, 0x0, 0x0, 0x0, 0x0,
    0x0, 0x0, 0x0, 0x7f, 0xff, 0xfa, 0x0, 0x0,
    0x0, 0x0, 0x0, 0x0, 0x0, 0x0, 0x0, 0x0,
    0x7, 0xff, 0xa0, 0x0, 0x0, 0x0, 0x0, 0x0,
    0x0, 0x0, 0x0, 0x0, 0x0, 0x0, 0x56, 0x0,
    0x0, 0x0, 0x0, 0x0, 0x0,

    /* U+F079 "" */
    0x0, 0x0, 0x0, 0x2a, 0x70, 0x0, 0x0, 0x0,
    0x0, 0x0, 0x0, 0x0, 0x0, 0x0, 0x0, 0x0,
    0x0, 0x0, 0x0, 0x0, 0x0, 0x3, 0xef, 0xf9,
    0x0, 0x0, 0x0, 0x0, 0x0, 0x0, 0x0, 0x0,
    0x0, 0x0, 0x0, 0x0, 0x0, 0x0, 0x0, 0x0,
    0x3e, 0xff, 0xff, 0x90, 0x0, 0x5, 0xab, 0xbb,
    0xbb, 0xbb, 0xbb, 0xbb, 0xbb, 0xb5, 0x0, 0x0,
    0x0, 0x0, 0x3, 0xef, 0xff, 0xff, 0xf9, 0x0,
    0xf, 0xff, 0xff, 0xff, 0xff, 0xff, 0xff, 0xff,
    0xff, 0x0, 0x0, 0x0, 0x0, 0x3f, 0xff, 0xff,
    0xff, 0xff, 0x90, 0xb, 0xff, 0xff, 0xff, 0xff,
    0xff, 0xff, 0xff, 0xff, 0x10, 0x0, 0x0, 0x3,
    0xff, 0xff, 0xff, 0xff, 0xff, 0xf9, 0x0, 0xbf,
    0xff, 0xff, 0xff, 0xff, 0xff, 0xff, 0xff, 0x10,
    0x0, 0x0, 0x3f, 0xff, 0xfe, 0xff, 0xfe, 0xff,
    0xff, 0x90, 0x0, 0x0, 0x0, 0x0, 0x0, 0x0,
    0xaf, 0xff, 0x10, 0x0, 0x0, 0x8f, 0xff, 0xe4,
    0xff, 0xf9, 0x9f, 0xff, 0xf0, 0x0, 0x0, 0x0,
    0x0, 0x0, 0x0, 0xaf, 0xff, 0x10, 0x0, 0x0,
    0x3f, 0xfe, 0x22, 0xff, 0xf9, 0xa, 0xff, 0x90,
    0x0, 0x0, 0x0, 0x0, 0x0, 0x0, 0xaf, 0xff,
    0x10, 0x0, 0x0, 0x3, 0x82, 0x2, 0xff, 0xf9,
    0x0, 0x76, 0x0, 0x0, 0x0, 0x0, 0x0, 0x0,
    0x0, 0xaf, 0xff, 0x10, 0x0, 0x0, 0x0, 0x0,
    0x2, 0xff, 0xf9, 0x0, 0x0, 0x0, 0x0, 0x0,
    0x0, 0x0, 0x0, 0x0, 0xaf, 0xff, 0x10, 0x0,
    0x0, 0x0, 0x0, 0x2, 0xff, 0xf9, 0x0, 0x0,
    0x0, 0x0, 0x0, 0x0, 0x0, 0x0, 0x0, 0xaf,
    0xff, 0x10, 0x0, 0x0, 0x0, 0x0, 0x2, 0xff,
    0xf9, 0x0, 0x0, 0x0, 0x0, 0x0, 0x0, 0x0,
    0x0, 0x0, 0xaf, 0xff, 0x10, 0x0, 0x0, 0x0,
    0x0, 0x2, 0xff, 0xf9, 0x0, 0x0, 0x0, 0x0,
    0x0, 0x0, 0x0, 0x11, 0x0, 0xaf, 0xff, 0x10,
    0x2, 0x0, 0x0, 0x0, 0x2, 0xff, 0xf9, 0x0,
    0x0, 0x0, 0x0, 0x0, 0x0, 0x6, 0xff, 0x40,
    0xaf, 0xff, 0x10, 0xcf, 0xb0, 0x0, 0x0, 0x2,
    0xff, 0xf9, 0x0, 0x0, 0x0, 0x0, 0x0, 0x0,
    0xf, 0xff, 0xf3, 0xaf, 0xff, 0x1c, 0xff, 0xf7,
    0x0, 0x0, 0x2, 0xff, 0xf9, 0x0, 0x0, 0x0,
    0x0, 0x0, 0x0, 0xd, 0xff, 0xff, 0xdf, 0xff,
    0xcf, 0xff, 0xf4, 0x0, 0x0, 0x2, 0xff, 0xfe,
    0xbb, 0xbb, 0xbb, 0xbb, 0xbb, 0xb5, 0x2, 0xef,
    0xff, 0xff, 0xff, 0xff, 0xff, 0x70, 0x0, 0x0,
    0x2, 0xff, 0xff, 0xff, 0xff, 0xff, 0xff, 0xff,
    0xff, 0x60, 0x2e, 0xff, 0xff, 0xff, 0xff, 0xf7,
    0x0, 0x0, 0x0, 0x2, 0xff, 0xff, 0xff, 0xff,
    0xff, 0xff, 0xff, 0xff, 0xe0, 0x2, 0xef, 0xff,
    0xff, 0xff, 0x60, 0x0, 0x0, 0x0, 0x0, 0xcf,
    0xff, 0xff, 0xff, 0xff, 0xff, 0xff, 0xff, 0x80,
    0x0, 0x2e, 0xff, 0xff, 0xf6, 0x0, 0x0, 0x0,
    0x0, 0x0, 0x0, 0x0, 0x0, 0x0, 0x0, 0x0,
    0x0, 0x0, 0x0, 0x0, 0x2, 0xdf, 0xff, 0x60,
    0x0, 0x0, 0x0, 0x0, 0x0, 0x0, 0x0, 0x0,
    0x0, 0x0, 0x0, 0x0, 0x0, 0x0, 0x0, 0x0,
    0x1d, 0xf6, 0x0, 0x0, 0x0, 0x0, 0x0, 0x0,
    0x0, 0x0, 0x0, 0x0, 0x0, 0x0, 0x0, 0x0,
    0x0, 0x0, 0x0, 0x0, 0x0, 0x0, 0x0, 0x0,

    /* U+F07B "" */
    0x2, 0x68, 0x88, 0x88, 0x88, 0x88, 0x30, 0x0,
    0x0, 0x0, 0x0, 0x0, 0x0, 0x0, 0x0, 0x4f,
    0xff, 0xff, 0xff, 0xff, 0xff, 0xf3, 0x0, 0x0,
    0x0, 0x0, 0x0, 0x0, 0x0, 0x0, 0xdf, 0xff,
    0xff, 0xff, 0xff, 0xff, 0xff, 0x30, 0x0, 0x0,
    0x0, 0x0, 0x0, 0x0, 0x0, 0xff, 0xff, 0xff,
    0xff, 0xff, 0xff, 0xff, 0xf3, 0x0, 0x0, 0x0,
    0x0, 0x0, 0x0, 0x0, 0xff, 0xff, 0xff, 0xff,
    0xff, 0xff, 0xff, 0xff, 0xcc, 0xcc, 0xcc, 0xcc,
    0xcc, 0xca, 0x50, 0xff, 0xff, 0xff, 0xff, 0xff,
    0xff, 0xff, 0xff, 0xff, 0xff, 0xff, 0xff, 0xff,
    0xff, 0xf7, 0xff, 0xff, 0xff, 0xff, 0xff, 0xff,
    0xff, 0xff, 0xff, 0xff, 0xff, 0xff, 0xff, 0xff,
    0xfe, 0xff, 0xff, 0xff, 0xff, 0xff, 0xff, 0xff,
    0xff, 0xff, 0xff, 0xff, 0xff, 0xff, 0xff, 0xff,
    0xff, 0xff, 0xff, 0xff, 0xff, 0xff, 0xff, 0xff,
    0xff, 0xff, 0xff, 0xff, 0xff, 0xff, 0xff, 0xff,
    0xff, 0xff, 0xff, 0xff, 0xff, 0xff, 0xff, 0xff,
    0xff, 0xff, 0xff, 0xff, 0xff, 0xff, 0xff, 0xff,
    0xff, 0xff, 0xff, 0xff, 0xff, 0xff, 0xff, 0xff,
    0xff, 0xff, 0xff, 0xff, 0xff, 0xff, 0xff, 0xff,
    0xff, 0xff, 0xff, 0xff, 0xff, 0xff, 0xff, 0xff,
    0xff, 0xff, 0xff, 0xff, 0xff, 0xff, 0xff, 0xff,
    0xff, 0xff, 0xff, 0xff, 0xff, 0xff, 0xff, 0xff,
    0xff, 0xff, 0xff, 0xff, 0xff, 0xff, 0xff, 0xff,
    0xff, 0xff, 0xff, 0xff, 0xff, 0xff, 0xff, 0xff,
    0xff, 0xff, 0xff, 0xff, 0xff, 0xff, 0xff, 0xff,
    0xff, 0xff, 0xff, 0xff, 0xff, 0xff, 0xff, 0xff,
    0xff, 0xff, 0xff, 0xff, 0xff, 0xff, 0xff, 0xff,
    0xff, 0xff, 0xff, 0xff, 0xff, 0xff, 0xff, 0xff,
    0xff, 0xff, 0xff, 0xff, 0xff, 0xff, 0xff, 0xff,
    0xff, 0xff, 0xff, 0xff, 0xff, 0xff, 0xff, 0xff,
    0xff, 0xff, 0xff, 0xff, 0xff, 0xff, 0xff, 0xff,
    0xff, 0xff, 0xff, 0xff, 0xff, 0xff, 0xff, 0xff,
    0xff, 0xff, 0xff, 0xff, 0xff, 0xff, 0xff, 0xff,
    0xff, 0xff, 0xff, 0xff, 0xff, 0xff, 0xff, 0xff,
    0xff, 0xff, 0xff, 0xff, 0xff, 0xff, 0xff, 0xff,
    0xff, 0xff, 0xff, 0xff, 0xff, 0xff, 0xff, 0xff,
    0xff, 0xff, 0xff, 0xff, 0xff, 0xff, 0xff, 0xff,
    0xff, 0xff, 0xfe, 0xaf, 0xff, 0xff, 0xff, 0xff,
    0xff, 0xff, 0xff, 0xff, 0xff, 0xff, 0xff, 0xff,
    0xff, 0xf9, 0xa, 0xff, 0xff, 0xff, 0xff, 0xff,
    0xff, 0xff, 0xff, 0xff, 0xff, 0xff, 0xff, 0xff,
    0x90,

    /* U+F093 "" */
    0x0, 0x0, 0x0, 0x0, 0x0, 0x0, 0x0, 0x0,
    0x0, 0x0, 0x0, 0x0, 0x0, 0x0, 0x0, 0x0,
    0x0, 0x0, 0x0, 0x0, 0x0, 0x3, 0xec, 0x10,
    0x0, 0x0, 0x0, 0x0, 0x0, 0x0, 0x0, 0x0,
    0x0, 0x0, 0x0, 0x0, 0x3f, 0xff, 0xc1, 0x0,
    0x0, 0x0, 0x0, 0x0, 0x0, 0x0, 0x0, 0x0,
    0x0, 0x0, 0x3, 0xff, 0xff, 0xfc, 0x10, 0x0,
    0x0, 0x0, 0x0, 0x0, 0x0, 0x0, 0x0, 0x0,
    0x0, 0x3f, 0xff, 0xff, 0xff, 0xc1, 0x0, 0x0,
    0x0, 0x0, 0x0, 0x0, 0x0, 0x0, 0x0, 0x3,
    0xff, 0xff, 0xff, 0xff, 0xfc, 0x10, 0x0, 0x0,
    0x0, 0x0, 0x0, 0x0, 0x0, 0x0, 0x3f, 0xff,
    0xff, 0xff, 0xff, 0xff, 0xc1, 0x0, 0x0, 0x0,
    0x0, 0x0, 0x0, 0x0, 0x3, 0xff, 0xff, 0xff,
    0xff, 0xff, 0xff, 0xfc, 0x10, 0x0, 0x0, 0x0,
    0x0, 0x0, 0x0, 0x3f, 0xff, 0xff, 0xff, 0xff,
    0xff, 0xff, 0xff, 0xc1, 0x0, 0x0, 0x0, 0x0,
    0x0, 0x3, 0xff, 0xff, 0xff, 0xff, 0xff, 0xff,
    0xff, 0xff, 0xfc, 0x10, 0x0, 0x0, 0x0, 0x0,
    0x1f, 0xff, 0xff, 0xff, 0xff, 0xff, 0xff, 0xff,
    0xff, 0xff, 0xb0, 0x0, 0x0, 0x0, 0x0, 0x1f,
    0xff, 0xff, 0xff, 0xff, 0xff, 0xff, 0xff, 0xff,
    0xff, 0xa0, 0x0, 0x0, 0x0, 0x0, 0x1, 0x33,
    0x33, 0x3e, 0xff, 0xff, 0xff, 0xa3, 0x33, 0x32,
    0x0, 0x0, 0x0, 0x0, 0x0, 0x0, 0x0, 0x0,
    0xe, 0xff, 0xff, 0xff, 0x90, 0x0, 0x0, 0x0,
    0x0, 0x0, 0x0, 0x0, 0x0, 0x0, 0x0, 0xe,
    0xff, 0xff, 0xff, 0x90, 0x0, 0x0, 0x0, 0x0,
    0x0, 0x0, 0x0, 0x0, 0x0, 0x0, 0xe, 0xff,
    0xff, 0xff, 0x90, 0x0, 0x0, 0x0, 0x0, 0x0,
    0x0, 0x0, 0x0, 0x0, 0x0, 0xe, 0xff, 0xff,
    0xff, 0x90, 0x0, 0x0, 0x0, 0x0, 0x0, 0x0,
    0x0, 0x0, 0x0, 0x0, 0xe, 0xff, 0xff, 0xff,
    0x90, 0x0, 0x0, 0x0, 0x0, 0x0, 0x0, 0x0,
    0x0, 0x0, 0x0, 0xe, 0xff, 0xff, 0xff, 0x90,
    0x0, 0x0, 0x0, 0x0, 0x0, 0x0, 0x0, 0x0,
    0x0, 0x0, 0xe, 0xff, 0xff, 0xff, 0x90, 0x0,
    0x0, 0x0, 0x0, 0x0, 0x0, 0x0, 0x0, 0x0,
    0x0, 0xe, 0xff, 0xff, 0xff, 0x90, 0x0, 0x0,
    0x0, 0x0, 0x0, 0x26, 0x77, 0x77, 0x77, 0x72,
    0xe, 0xff, 0xff, 0xff, 0x90, 0x27, 0x77, 0x77,
    0x77, 0x62, 0xdf, 0xff, 0xff, 0xff, 0xf7, 0xb,
    0xff, 0xff, 0xff, 0x60, 0x7f, 0xff, 0xff, 0xff,
    0xfd, 0xff, 0xff, 0xff, 0xff, 0xfd, 0x0, 0x45,
    0x55, 0x53, 0x0, 0xdf, 0xff, 0xff, 0xff, 0xff,
    0xff, 0xff, 0xff, 0xff, 0xff, 0xb2, 0x0, 0x0,
    0x0, 0x2c, 0xff, 0xff, 0xff, 0xff, 0xff, 0xff,
    0xff, 0xff, 0xff, 0xff, 0xff, 0xff, 0xff, 0xff,
    0xff, 0xff, 0xff, 0xff, 0xff, 0xff, 0xff, 0xff,
    0xff, 0xff, 0xff, 0xff, 0xff, 0xff, 0xff, 0xff,
    0xff, 0xff, 0xff, 0xff, 0xff, 0xff, 0xff, 0xff,
    0xff, 0xff, 0xff, 0xff, 0xff, 0xff, 0xff, 0x90,
    0x8f, 0x60, 0xbf, 0xff, 0xff, 0xff, 0xff, 0xff,
    0xff, 0xff, 0xff, 0xff, 0xff, 0xff, 0x90, 0x8f,
    0x60, 0xbf, 0xff, 0xff, 0xff, 0xff, 0xff, 0xff,
    0xff, 0xff, 0xff, 0xff, 0xff, 0xff, 0xff, 0xff,
    0xff, 0xff, 0x5a, 0xbb, 0xbb, 0xbb, 0xbb, 0xbb,
    0xbb, 0xbb, 0xbb, 0xbb, 0xbb, 0xbb, 0xbb, 0xbb,
    0xa5,

    /* U+F095 "" */
    0x0, 0x0, 0x0, 0x0, 0x0, 0x0, 0x0, 0x0,
    0x0, 0x0, 0x0, 0x3, 0x0, 0x0, 0x0, 0x0,
    0x0, 0x0, 0x0, 0x0, 0x0, 0x0, 0x0, 0x0,
    0x0, 0x0, 0xb, 0xff, 0xc8, 0x51, 0x0, 0x0,
    0x0, 0x0, 0x0, 0x0, 0x0, 0x0, 0x0, 0x0,
    0x0, 0x2, 0xff, 0xff, 0xff, 0xfd, 0x70, 0x0,
    0x0, 0x0, 0x0, 0x0, 0x0, 0x0, 0x0, 0x0,
    0x0, 0x9f, 0xff, 0xff, 0xff, 0xff, 0x0, 0x0,
    0x0, 0x0, 0x0, 0x0, 0x0, 0x0, 0x0, 0x0,
    0x1f, 0xff, 0xff, 0xff, 0xff, 0xf0, 0x0, 0x0,
    0x0, 0x0, 0x0, 0x0, 0x0, 0x0, 0x0, 0x7,
    0xff, 0xff, 0xff, 0xff, 0xfe, 0x0, 0x0, 0x0,
    0x0, 0x0, 0x0, 0x0, 0x0, 0x0, 0x0, 0xef,
    0xff, 0xff, 0xff, 0xff, 0xd0, 0x0, 0x0, 0x0,
    0x0, 0x0, 0x0, 0x0, 0x0, 0x0, 0x5f, 0xff,
    0xff, 0xff, 0xff, 0xfb, 0x0, 0x0, 0x0, 0x0,
    0x0, 0x0, 0x0, 0x0, 0x0, 0xa, 0xff, 0xff,
    0xff, 0xff, 0xff, 0x90, 0x0, 0x0, 0x0, 0x0,
    0x0, 0x0, 0x0, 0x0, 0x0, 0x6f, 0xff, 0xff,
    0xff, 0xff, 0xf5, 0x0, 0x0, 0x0, 0x0, 0x0,
    0x0, 0x0, 0x0, 0x0, 0x0, 0x5f, 0xff, 0xff,
    0xff, 0xff, 0x20, 0x0, 0x0, 0x0, 0x0, 0x0,
    0x0, 0x0, 0x0, 0x0, 0x0, 0x3e, 0xff, 0xff,
    0xff, 0xe0, 0x0, 0x0, 0x0, 0x0, 0x0, 0x0,
    0x0, 0x0, 0x0, 0x0, 0x0, 0x1e, 0xff, 0xff,
    0xf8, 0x0, 0x0, 0x0, 0x0, 0x0, 0x0, 0x0,
    0x0, 0x0, 0x0, 0x0, 0x1, 0xff, 0xff, 0xff,
    0x20, 0x0, 0x0, 0x0, 0x0, 0x0, 0x0, 0x0,
    0x0, 0x0, 0x0, 0x0, 0xaf, 0xff, 0xff, 0xc0,
    0x0, 0x0, 0x0, 0x0, 0x0, 0x0, 0x0, 0x0,
    0x0, 0x0, 0x0, 0x4f, 0xff, 0xff, 0xf4, 0x0,
    0x0, 0x0, 0x0, 0x0, 0x0, 0x0, 0x0, 0x0,
    0x0, 0x0, 0x1e, 0xff, 0xff, 0xfc, 0x0, 0x0,
    0x0, 0x0, 0x0, 0x0, 0x0, 0x0, 0x0, 0x0,
    0x0, 0xb, 0xff, 0xff, 0xff, 0x30, 0x0, 0x0,
    0x0, 0x0, 0x0, 0x0, 0x0, 0x0, 0x0, 0x0,
    0xa, 0xff, 0xff, 0xff, 0x80, 0x0, 0x0, 0x0,
    0x0, 0x1, 0x7d, 0xd1, 0x0, 0x0, 0x0, 0xa,
    0xff, 0xff, 0xff, 0xc0, 0x0, 0x0, 0x0, 0x0,
    0x29, 0xff, 0xff, 0xc0, 0x0, 0x0, 0x1c, 0xff,
    0xff, 0xff, 0xe2, 0x0, 0x0, 0x0, 0x5, 0xbf,
    0xff, 0xff, 0xff, 0xa0, 0x0, 0x5e, 0xff, 0xff,
    0xff, 0xf3, 0x0, 0x0, 0x0, 0xb, 0xff, 0xff,
    0xff, 0xff, 0xff, 0x73, 0xbf, 0xff, 0xff, 0xff,
    0xf4, 0x0, 0x0, 0x0, 0x0, 0xef, 0xff, 0xff,
    0xff, 0xff, 0xff, 0xff, 0xff, 0xff, 0xff, 0xf4,
    0x0, 0x0, 0x0, 0x0, 0xb, 0xff, 0xff, 0xff,
    0xff, 0xff, 0xff, 0xff, 0xff, 0xff, 0xe3, 0x0,
    0x0, 0x0, 0x0, 0x0, 0x7f, 0xff, 0xff, 0xff,
    0xff, 0xff, 0xff, 0xff, 0xff, 0xc1, 0x0, 0x0,
    0x0, 0x0, 0x0, 0x4, 0xff, 0xff, 0xff, 0xff,
    0xff, 0xff, 0xff, 0xff, 0x70, 0x0, 0x0, 0x0,
    0x0, 0x0, 0x0, 0xf, 0xff, 0xff, 0xff, 0xff,
    0xff, 0xff, 0xfa, 0x20, 0x0, 0x0, 0x0, 0x0,
    0x0, 0x0, 0x0, 0xcf, 0xff, 0xff, 0xff, 0xff,
    0xff, 0xa2, 0x0, 0x0, 0x0, 0x0, 0x0, 0x0,
    0x0, 0x0, 0x8, 0xff, 0xff, 0xff, 0xfe, 0xb6,
    0x0, 0x0, 0x0, 0x0, 0x0, 0x0, 0x0, 0x0,
    0x0, 0x0, 0x2a, 0xba, 0x98, 0x52, 0x0, 0x0,
    0x0, 0x0, 0x0, 0x0, 0x0, 0x0, 0x0, 0x0,
    0x0,

    /* U+F0AC "" */
    0x0, 0x0, 0x0, 0x0, 0x0, 0x0, 0x9, 0xc9,
    0x10, 0x0, 0x0, 0x0, 0x0, 0x0, 0x0, 0x0,
    0x0, 0x0, 0x1, 0x8c, 0x0, 0xcf, 0xff, 0xc0,
    0xc, 0x91, 0x0, 0x0, 0x0, 0x0, 0x0, 0x0,
    0x0, 0x6f, 0xf5, 0x7, 0xff, 0xff, 0xf8, 0x4,
    0xff, 0x70, 0x0, 0x0, 0x0, 0x0, 0x0, 0xa,
    0xff, 0xe0, 0x1f, 0xff, 0xff, 0xff, 0x10, 0xdf,
    0xfb, 0x0, 0x0, 0x0, 0x0, 0x0, 0xcf, 0xff,
    0x80, 0x7f, 0xff, 0xff, 0xff, 0x80, 0x7f, 0xff,
    0xc0, 0x0, 0x0, 0x0, 0xb, 0xff, 0xff, 0x30,
    0xcf, 0xff, 0xff, 0xff, 0xd0, 0x2f, 0xff, 0xfb,
    0x0, 0x0, 0x0, 0x7f, 0xff, 0xfe, 0x1, 0xff,
    0xff, 0xff, 0xff, 0xf2, 0xe, 0xff, 0xff, 0x80,
    0x0, 0x2, 0xff, 0xff, 0xfb, 0x5, 0xff, 0xff,
    0xff, 0xff, 0xf6, 0xb, 0xff, 0xff, 0xf2, 0x0,
    0x9, 0xff, 0xff, 0xf8, 0x8, 0xff, 0xff, 0xff,
    0xff, 0xf9, 0x7, 0xff, 0xff, 0xfa, 0x0, 0x0,
    0x0, 0x0, 0x0, 0x0, 0x0, 0x0, 0x0, 0x0,
    0x0, 0x0, 0x0, 0x0, 0x0, 0x0, 0x0, 0x0,
    0x0, 0x0, 0x0, 0x0, 0x0, 0x0, 0x0, 0x0,
    0x0, 0x0, 0x0, 0x0, 0x0, 0x9f, 0xff, 0xff,
    0xf2, 0xf, 0xff, 0xff, 0xff, 0xff, 0xff, 0x1,
    0xff, 0xff, 0xff, 0xa0, 0xcf, 0xff, 0xff, 0xf2,
    0xf, 0xff, 0xff, 0xff, 0xff, 0xff, 0x1, 0xff,
    0xff, 0xff, 0xd0, 0xef, 0xff, 0xff, 0xf1, 0xf,
    0xff, 0xff, 0xff, 0xff, 0xff, 0x10, 0xff, 0xff,
    0xff, 0xf0, 0xff, 0xff, 0xff, 0xf0, 0x1f, 0xff,
    0xff, 0xff, 0xff, 0xff, 0x20, 0xff, 0xff, 0xff,
    0xf0, 0xff, 0xff, 0xff, 0xf1, 0x1f, 0xff, 0xff,
    0xff, 0xff, 0xff, 0x10, 0xff, 0xff, 0xff, 0xf0,
    0xdf, 0xff, 0xff, 0xf1, 0xf, 0xff, 0xff, 0xff,
    0xff, 0xff, 0x10, 0xff, 0xff, 0xff, 0xe0, 0xaf,
    0xff, 0xff, 0xf2, 0xf, 0xff, 0xff, 0xff, 0xff,
    0xff, 0x1, 0xff, 0xff, 0xff, 0xb0, 0x48, 0x88,
    0x88, 0x81, 0x7, 0x88, 0x88, 0x88, 0x88, 0x87,
    0x1, 0x88, 0x88, 0x88, 0x40, 0x0, 0x0, 0x0,
    0x0, 0x0, 0x0, 0x0, 0x0, 0x0, 0x0, 0x0,
    0x0, 0x0, 0x0, 0x0, 0x9, 0xdd, 0xdd, 0xd7,
    0x7, 0xdd, 0xdd, 0xdd, 0xdd, 0xd8, 0x6, 0xdd,
    0xdd, 0xda, 0x0, 0x3, 0xff, 0xff, 0xfb, 0x5,
    0xff, 0xff, 0xff, 0xff, 0xf6, 0xa, 0xff, 0xff,
    0xf4, 0x0, 0x0, 0x9f, 0xff, 0xfe, 0x2, 0xff,
    0xff, 0xff, 0xff, 0xf3, 0xd, 0xff, 0xff, 0xa0,
    0x0, 0x0, 0xd, 0xff, 0xff, 0x30, 0xdf, 0xff,
    0xff, 0xff, 0xe0, 0x1f, 0xff, 0xfd, 0x10, 0x0,
    0x0, 0x2, 0xef, 0xff, 0x70, 0x8f, 0xff, 0xff,
    0xff, 0x90, 0x6f, 0xff, 0xe2, 0x0, 0x0, 0x0,
    0x0, 0x2d, 0xff, 0xd0, 0x2f, 0xff, 0xff, 0xff,
    0x20, 0xcf, 0xfd, 0x20, 0x0, 0x0, 0x0, 0x0,
    0x0, 0x9f, 0xf4, 0x9, 0xff, 0xff, 0xfa, 0x3,
    0xff, 0xa1, 0x0, 0x0, 0x0, 0x0, 0x0, 0x0,
    0x3, 0xbc, 0x1, 0xef, 0xff, 0xe1, 0xb, 0xc4,
    0x0, 0x0, 0x0, 0x0, 0x0, 0x0, 0x0, 0x0,
    0x2, 0x10, 0x2c, 0xfc, 0x20, 0x13, 0x0, 0x0,
    0x0, 0x0, 0x0, 0x0, 0x0, 0x0, 0x0, 0x0,
    0x0, 0x0, 0x0, 0x0, 0x0, 0x0, 0x0, 0x0,
    0x0, 0x0,

    /* U+F0C2 "" */
    0x0, 0x0, 0x0, 0x0, 0x0, 0x0, 0x2, 0x44,
    0x20, 0x0, 0x0, 0x0, 0x0, 0x0, 0x0, 0x0,
    0x0, 0x0, 0x0, 0x0, 0x0, 0x0, 0x0, 0x0,
    0x29, 0xef, 0xff, 0xfe, 0x92, 0x0, 0x0, 0x0,
    0x0, 0x0, 0x0, 0x0, 0x0, 0x0, 0x0, 0x0,
    0x0, 0x0, 0x7, 0xff, 0xff, 0xff, 0xff, 0xff,
    0x60, 0x0, 0x0, 0x0, 0x0, 0x0, 0x0, 0x0,
    0x0, 0x0, 0x0, 0x0, 0x0, 0x9f, 0xff, 0xff,
    0xff, 0xff, 0xff, 0xf9, 0x0, 0x0, 0x0, 0x0,
    0x0, 0x0, 0x0, 0x0, 0x0, 0x0, 0x0, 0x7,
    0xff, 0xff, 0xff, 0xff, 0xff, 0xff, 0xff, 0x70,
    0x36, 0x86, 0x10, 0x0, 0x0, 0x0, 0x0, 0x0,
    0x0, 0x0, 0x2f, 0xff, 0xff, 0xff, 0xff, 0xff,
    0xff, 0xff, 0xfc, 0xff, 0xff, 0xf7, 0x0, 0x0,
    0x0, 0x0, 0x0, 0x0, 0x0, 0xaf, 0xff, 0xff,
    0xff, 0xff, 0xff, 0xff, 0xff, 0xff, 0xff, 0xff,
    0xff, 0x90, 0x0, 0x0, 0x0, 0x0, 0x0, 0x0,
    0xff, 0xff, 0xff, 0xff, 0xff, 0xff, 0xff, 0xff,
    0xff, 0xff, 0xff, 0xff, 0xf3, 0x0, 0x0, 0x0,
    0x0, 0x0, 0x3, 0xff, 0xff, 0xff, 0xff, 0xff,
    0xff, 0xff, 0xff, 0xff, 0xff, 0xff, 0xff, 0xfa,
    0x0, 0x0, 0x0, 0x0, 0x0, 0x5, 0xff, 0xff,
    0xff, 0xff, 0xff, 0xff, 0xff, 0xff, 0xff, 0xff,
    0xff, 0xff, 0xfd, 0x0, 0x0, 0x0, 0x0, 0x0,
    0x9, 0xff, 0xff, 0xff, 0xff, 0xff, 0xff, 0xff,
    0xff, 0xff, 0xff, 0xff, 0xff, 0xfd, 0x0, 0x0,
    0x0, 0x0, 0x5, 0xef, 0xff, 0xff, 0xff, 0xff,
    0xff, 0xff, 0xff, 0xff, 0xff, 0xff, 0xff, 0xff,
    0xfb, 0x0, 0x0, 0x0, 0x0, 0x7f, 0xff, 0xff,
    0xff, 0xff, 0xff, 0xff, 0xff, 0xff, 0xff, 0xff,
    0xff, 0xff, 0xff, 0xfe, 0x92, 0x0, 0x0, 0x5,
    0xff, 0xff, 0xff, 0xff, 0xff, 0xff, 0xff, 0xff,
    0xff, 0xff, 0xff, 0xff, 0xff, 0xff, 0xff, 0xff,
    0x80, 0x0, 0xe, 0xff, 0xff, 0xff, 0xff, 0xff,
    0xff, 0xff, 0xff, 0xff, 0xff, 0xff, 0xff, 0xff,
    0xff, 0xff, 0xff, 0xf9, 0x0, 0x6f, 0xff, 0xff,
    0xff, 0xff, 0xff, 0xff, 0xff, 0xff, 0xff, 0xff,
    0xff, 0xff, 0xff, 0xff, 0xff, 0xff, 0xff, 0x40,
    0xbf, 0xff, 0xff, 0xff, 0xff, 0xff, 0xff, 0xff,
    0xff, 0xff, 0xff, 0xff, 0xff, 0xff, 0xff, 0xff,
    0xff, 0xff, 0xd0, 0xef, 0xff, 0xff, 0xff, 0xff,
    0xff, 0xff, 0xff, 0xff, 0xff, 0xff, 0xff, 0xff,
    0xff, 0xff, 0xff, 0xff, 0xff, 0xf3, 0xff, 0xff,
    0xff, 0xff, 0xff, 0xff, 0xff, 0xff, 0xff, 0xff,
    0xff, 0xff, 0xff, 0xff, 0xff, 0xff, 0xff, 0xff,
    0xf6, 0xef, 0xff, 0xff, 0xff, 0xff, 0xff, 0xff,
    0xff, 0xff, 0xff, 0xff, 0xff, 0xff, 0xff, 0xff,
    0xff, 0xff, 0xff, 0xf7, 0xcf, 0xff, 0xff, 0xff,
    0xff, 0xff, 0xff, 0xff, 0xff, 0xff, 0xff, 0xff,
    0xff, 0xff, 0xff, 0xff, 0xff, 0xff, 0xf6, 0x7f,
    0xff, 0xff, 0xff, 0xff, 0xff, 0xff, 0xff, 0xff,
    0xff, 0xff, 0xff, 0xff, 0xff, 0xff, 0xff, 0xff,
    0xff, 0xf3, 0x1e, 0xff, 0xff, 0xff, 0xff, 0xff,
    0xff, 0xff, 0xff, 0xff, 0xff, 0xff, 0xff, 0xff,
    0xff, 0xff, 0xff, 0xff, 0xd0, 0x5, 0xff, 0xff,
    0xff, 0xff, 0xff, 0xff, 0xff, 0xff, 0xff, 0xff,
    0xff, 0xff, 0xff, 0xff, 0xff, 0xff, 0xff, 0x40,
    0x0, 0x8f, 0xff, 0xff, 0xff, 0xff, 0xff, 0xff,
    0xff, 0xff, 0xff, 0xff, 0xff, 0xff, 0xff, 0xff,
    0xff, 0xf8, 0x0, 0x0, 0x5, 0xef, 0xff, 0xff,
    0xff, 0xff, 0xff, 0xff, 0xff, 0xff, 0xff, 0xff,
    0xff, 0xff, 0xff, 0xff, 0x60, 0x0, 0x0, 0x0,
    0x6, 0xbd, 0xff, 0xff, 0xff, 0xff, 0xff, 0xff,
    0xff, 0xff, 0xff, 0xff, 0xff, 0xec, 0x81, 0x0,
    0x0,

    /* U+F0C4 "" */
    0x0, 0x2, 0x79, 0x83, 0x0, 0x0, 0x0, 0x0,
    0x0, 0x0, 0x0, 0x0, 0x0, 0x0, 0x9, 0xff,
    0xff, 0xfc, 0x10, 0x0, 0x0, 0x0, 0x0, 0x2,
    0x8a, 0x83, 0x0, 0xb, 0xff, 0xff, 0xff, 0xfd,
    0x10, 0x0, 0x0, 0x0, 0x7, 0xff, 0xff, 0xf9,
    0x5, 0xff, 0xff, 0xff, 0xff, 0xf9, 0x0, 0x0,
    0x0, 0x8, 0xff, 0xff, 0xff, 0xf2, 0xcf, 0xff,
    0xa3, 0x7f, 0xff, 0xf0, 0x0, 0x0, 0x8, 0xff,
    0xff, 0xff, 0xf5, 0xf, 0xff, 0xe0, 0x0, 0xaf,
    0xff, 0x20, 0x0, 0x8, 0xff, 0xff, 0xff, 0xf5,
    0x0, 0xff, 0xfd, 0x0, 0x9, 0xff, 0xf3, 0x0,
    0x7, 0xff, 0xff, 0xff, 0xf5, 0x0, 0xd, 0xff,
    0xf5, 0x2, 0xff, 0xff, 0x10, 0x7, 0xff, 0xff,
    0xff, 0xf5, 0x0, 0x0, 0x7f, 0xff, 0xfe, 0xff,
    0xff, 0xf2, 0x7, 0xff, 0xff, 0xff, 0xf5, 0x0,
    0x0, 0x0, 0xdf, 0xff, 0xff, 0xff, 0xff, 0xe8,
    0xff, 0xff, 0xff, 0xf6, 0x0, 0x0, 0x0, 0x2,
    0xdf, 0xff, 0xff, 0xff, 0xff, 0xff, 0xff, 0xff,
    0xf6, 0x0, 0x0, 0x0, 0x0, 0x0, 0x7b, 0xde,
    0xff, 0xff, 0xff, 0xff, 0xff, 0xf6, 0x0, 0x0,
    0x0, 0x0, 0x0, 0x0, 0x0, 0x1c, 0xff, 0xff,
    0xff, 0xff, 0xf6, 0x0, 0x0, 0x0, 0x0, 0x0,
    0x0, 0x0, 0x0, 0x1e, 0xff, 0xff, 0xff, 0xf8,
    0x0, 0x0, 0x0, 0x0, 0x0, 0x0, 0x0, 0x0,
    0x9, 0xff, 0xff, 0xff, 0xff, 0xe3, 0x0, 0x0,
    0x0, 0x0, 0x0, 0x0, 0x27, 0x9b, 0xff, 0xff,
    0xff, 0xff, 0xff, 0xe3, 0x0, 0x0, 0x0, 0x0,
    0x0, 0x9f, 0xff, 0xff, 0xff, 0xff, 0xff, 0xff,
    0xff, 0xe2, 0x0, 0x0, 0x0, 0x0, 0xbf, 0xff,
    0xff, 0xff, 0xff, 0xfc, 0xff, 0xff, 0xff, 0xe2,
    0x0, 0x0, 0x0, 0x5f, 0xff, 0xff, 0xff, 0xff,
    0xf5, 0xb, 0xff, 0xff, 0xff, 0xe2, 0x0, 0x0,
    0xc, 0xff, 0xfa, 0x37, 0xff, 0xff, 0x0, 0xb,
    0xff, 0xff, 0xff, 0xe2, 0x0, 0x0, 0xff, 0xfe,
    0x0, 0xa, 0xff, 0xf2, 0x0, 0xb, 0xff, 0xff,
    0xff, 0xe2, 0x0, 0xf, 0xff, 0xd0, 0x0, 0x9f,
    0xff, 0x30, 0x0, 0xb, 0xff, 0xff, 0xff, 0xe2,
    0x0, 0xdf, 0xff, 0x50, 0x2f, 0xff, 0xf1, 0x0,
    0x0, 0xc, 0xff, 0xff, 0xff, 0xe2, 0x7, 0xff,
    0xff, 0xef, 0xff, 0xfb, 0x0, 0x0, 0x0, 0xc,
    0xff, 0xff, 0xff, 0xe1, 0xd, 0xff, 0xff, 0xff,
    0xff, 0x20, 0x0, 0x0, 0x0, 0xc, 0xff, 0xff,
    0xfd, 0x10, 0x2d, 0xff, 0xff, 0xff, 0x40, 0x0,
    0x0, 0x0, 0x0, 0x7, 0xce, 0xd8, 0x0, 0x0,
    0x7, 0xbd, 0xc8, 0x10, 0x0, 0x0, 0x0, 0x0,
    0x0, 0x0, 0x0, 0x0, 0x0,

    /* U+F0C5 "" */
    0x0, 0x0, 0x0, 0x0, 0x0, 0x0, 0x0, 0x0,
    0x0, 0x0, 0x0, 0x0, 0x0, 0x0, 0x0, 0x0,
    0x0, 0x1d, 0xff, 0xff, 0xff, 0xff, 0xfe, 0x8,
    0xc1, 0x0, 0x0, 0x0, 0x0, 0x0, 0x5, 0xff,
    0xff, 0xff, 0xff, 0xff, 0xe0, 0x8f, 0xd1, 0x0,
    0x0, 0x0, 0x0, 0x0, 0x5f, 0xff, 0xff, 0xff,
    0xff, 0xfe, 0x8, 0xff, 0xd1, 0x0, 0x0, 0x0,
    0x0, 0x5, 0xff, 0xff, 0xff, 0xff, 0xff, 0xe0,
    0x8f, 0xff, 0xd1, 0x0, 0x0, 0x0, 0x0, 0x5f,
    0xff, 0xff, 0xff, 0xff, 0xfe, 0x8, 0xff, 0xff,
    0xd0, 0x16, 0x66, 0x64, 0x5, 0xff, 0xff, 0xff,
    0xff, 0xff, 0xe0, 0x59, 0x99, 0x99, 0xd, 0xff,
    0xff, 0xa0, 0x5f, 0xff, 0xff, 0xff, 0xff, 0xff,
    0x20, 0x0, 0x0, 0x0, 0xff, 0xff, 0xfa, 0x5,
    0xff, 0xff, 0xff, 0xff, 0xff, 0xff, 0xdd, 0xdd,
    0xdd, 0x1f, 0xff, 0xff, 0xa0, 0x5f, 0xff, 0xff,
    0xff, 0xff, 0xff, 0xff, 0xff, 0xff, 0xf1, 0xff,
    0xff, 0xfa, 0x5, 0xff, 0xff, 0xff, 0xff, 0xff,
    0xff, 0xff, 0xff, 0xff, 0x1f, 0xff, 0xff, 0xa0,
    0x5f, 0xff, 0xff, 0xff, 0xff, 0xff, 0xff, 0xff,
    0xff, 0xf1, 0xff, 0xff, 0xfa, 0x5, 0xff, 0xff,
    0xff, 0xff, 0xff, 0xff, 0xff, 0xff, 0xff, 0x1f,
    0xff, 0xff, 0xa0, 0x5f, 0xff, 0xff, 0xff, 0xff,
    0xff, 0xff, 0xff, 0xff, 0xf1, 0xff, 0xff, 0xfa,
    0x5, 0xff, 0xff, 0xff, 0xff, 0xff, 0xff, 0xff,
    0xff, 0xff, 0x1f, 0xff, 0xff, 0xa0, 0x5f, 0xff,
    0xff, 0xff, 0xff, 0xff, 0xff, 0xff, 0xff, 0xf1,
    0xff, 0xff, 0xfa, 0x5, 0xff, 0xff, 0xff, 0xff,
    0xff, 0xff, 0xff, 0xff, 0xff, 0x1f, 0xff, 0xff,
    0xa0, 0x5f, 0xff, 0xff, 0xff, 0xff, 0xff, 0xff,
    0xff, 0xff, 0xf1, 0xff, 0xff, 0xfa, 0x5, 0xff,
    0xff, 0xff, 0xff, 0xff, 0xff, 0xff, 0xff, 0xff,
    0x1f, 0xff, 0xff, 0xa0, 0x5f, 0xff, 0xff, 0xff,
    0xff, 0xff, 0xff, 0xff, 0xff, 0xf1, 0xff, 0xff,
    0xfa, 0x5, 0xff, 0xff, 0xff, 0xff, 0xff, 0xff,
    0xff, 0xff, 0xff, 0x1f, 0xff, 0xff, 0xa0, 0x5f,
    0xff, 0xff, 0xff, 0xff, 0xff, 0xff, 0xff, 0xff,
    0xf1, 0xff, 0xff, 0xfa, 0x5, 0xff, 0xff, 0xff,
    0xff, 0xff, 0xff, 0xff, 0xff, 0xff, 0x1f, 0xff,
    0xff, 0xa0, 0x5f, 0xff, 0xff, 0xff, 0xff, 0xff,
    0xff, 0xff, 0xff, 0xf1, 0xff, 0xff, 0xfc, 0x1,
    0xdf, 0xff, 0xff, 0xff, 0xff, 0xff, 0xff, 0xff,
    0xfb, 0xf, 0xff, 0xff, 0xf3, 0x0, 0x0, 0x0,
    0x0, 0x0, 0x0, 0x0, 0x0, 0x0, 0x0, 0xff,
    0xff, 0xff, 0xe6, 0x10, 0x0, 0x0, 0x0, 0x0,
    0x0, 0x0, 0x0, 0x0, 0xf, 0xff, 0xff, 0xff,
    0xff, 0xff, 0xff, 0xff, 0xff, 0xfe, 0x0, 0x0,
    0x0, 0x0, 0xff, 0xff, 0xff, 0xff, 0xff, 0xff,
    0xff, 0xff, 0xff, 0xe0, 0x0, 0x0, 0x0, 0xf,
    0xff, 0xff, 0xff, 0xff, 0xff, 0xff, 0xff, 0xff,
    0xfe, 0x0, 0x0, 0x0, 0x0, 0x5b, 0xcc, 0xcc,
    0xcc, 0xcc, 0xcc, 0xcc, 0xcc, 0xcb, 0x40, 0x0,
    0x0, 0x0, 0x0,

    /* U+F0C7 "" */
    0x3, 0x89, 0x99, 0x99, 0x99, 0x99, 0x99, 0x99,
    0x99, 0x96, 0x0, 0x0, 0x0, 0x5, 0xff, 0xff,
    0xff, 0xff, 0xff, 0xff, 0xff, 0xff, 0xff, 0xfd,
    0x10, 0x0, 0x0, 0xdf, 0xff, 0xff, 0xff, 0xff,
    0xff, 0xff, 0xff, 0xff, 0xff, 0xfd, 0x10, 0x0,
    0xf, 0xff, 0xff, 0xff, 0xff, 0xff, 0xff, 0xff,
    0xff, 0xff, 0xff, 0xfd, 0x10, 0x0, 0xff, 0xfe,
    0x32, 0x22, 0x22, 0x22, 0x22, 0x22, 0x22, 0x7f,
    0xff, 0xfd, 0x10, 0xf, 0xff, 0xc0, 0x0, 0x0,
    0x0, 0x0, 0x0, 0x0, 0x1, 0xff, 0xff, 0xfd,
    0x10, 0xff, 0xfc, 0x0, 0x0, 0x0, 0x0, 0x0,
    0x0, 0x0, 0x1f, 0xff, 0xff, 0xfc, 0xf, 0xff,
    0xc0, 0x0, 0x0, 0x0, 0x0, 0x0, 0x0, 0x1,
    0xff, 0xff, 0xff, 0xf4, 0xff, 0xfc, 0x0, 0x0,
    0x0, 0x0, 0x0, 0x0, 0x0, 0x1f, 0xff, 0xff,
    0xff, 0x6f, 0xff, 0xc0, 0x0, 0x0, 0x0, 0x0,
    0x0, 0x0, 0x1, 0xff, 0xff, 0xff, 0xf6, 0xff,
    0xfc, 0x0, 0x0, 0x0, 0x0, 0x0, 0x0, 0x0,
    0x1f, 0xff, 0xff, 0xff, 0x6f, 0xff, 0xd1, 0x0,
    0x0, 0x0, 0x0, 0x0, 0x0, 0x4, 0xff, 0xff,
    0xff, 0xf6, 0xff, 0xff, 0xff, 0xff, 0xff, 0xff,
    0xff, 0xff, 0xff, 0xff, 0xff, 0xff, 0xff, 0x6f,
    0xff, 0xff, 0xff, 0xff, 0xff, 0xff, 0xff, 0xff,
    0xff, 0xff, 0xff, 0xff, 0xf6, 0xff, 0xff, 0xff,
    0xff, 0xff, 0xff, 0xff, 0xff, 0xff, 0xff, 0xff,
    0xff, 0xff, 0x6f, 0xff, 0xff, 0xff, 0xff, 0xff,
    0xfc, 0xbe, 0xff, 0xff, 0xff, 0xff, 0xff, 0xf6,
    0xff, 0xff, 0xff, 0xff, 0xff, 0xc1, 0x0, 0x7,
    0xff, 0xff, 0xff, 0xff, 0xff, 0x6f, 0xff, 0xff,
    0xff, 0xff, 0xe0, 0x0, 0x0, 0x8, 0xff, 0xff,
    0xff, 0xff, 0xf6, 0xff, 0xff, 0xff, 0xff, 0xf8,
    0x0, 0x0, 0x0, 0x1f, 0xff, 0xff, 0xff, 0xff,
    0x6f, 0xff, 0xff, 0xff, 0xff, 0x60, 0x0, 0x0,
    0x0, 0xff, 0xff, 0xff, 0xff, 0xf6, 0xff, 0xff,
    0xff, 0xff, 0xf8, 0x0, 0x0, 0x0, 0x1f, 0xff,
    0xff, 0xff, 0xff, 0x6f, 0xff, 0xff, 0xff, 0xff,
    0xe1, 0x0, 0x0, 0x9, 0xff, 0xff, 0xff, 0xff,
    0xf6, 0xff, 0xff, 0xff, 0xff, 0xff, 0xd3, 0x0,
    0x8, 0xff, 0xff, 0xff, 0xff, 0xff, 0x6f, 0xff,
    0xff, 0xff, 0xff, 0xff, 0xfd, 0xdf, 0xff, 0xff,
    0xff, 0xff, 0xff, 0xf6, 0xef, 0xff, 0xff, 0xff,
    0xff, 0xff, 0xff, 0xff, 0xff, 0xff, 0xff, 0xff,
    0xff, 0x59, 0xff, 0xff, 0xff, 0xff, 0xff, 0xff,
    0xff, 0xff, 0xff, 0xff, 0xff, 0xff, 0xe1, 0x9,
    0xef, 0xff, 0xff, 0xff, 0xff, 0xff, 0xff, 0xff,
    0xff, 0xff, 0xff, 0xc3, 0x0,

    /* U+F0C9 "" */
    0xcf, 0xff, 0xff, 0xff, 0xff, 0xff, 0xff, 0xff,
    0xff, 0xff, 0xff, 0xff, 0xfe, 0x1f, 0xff, 0xff,
    0xff, 0xff, 0xff, 0xff, 0xff, 0xff, 0xff, 0xff,
    0xff, 0xff, 0xf4, 0xff, 0xff, 0xff, 0xff, 0xff,
    0xff, 0xff, 0xff, 0xff, 0xff, 0xff, 0xff, 0xff,
    0x4f, 0xff, 0xff, 0xff, 0xff, 0xff, 0xff, 0xff,
    0xff, 0xff, 0xff, 0xff, 0xff, 0xf3, 0x24, 0x44,
    0x44, 0x44, 0x44, 0x44, 0x44, 0x44, 0x44, 0x44,
    0x44, 0x44, 0x43, 0x0, 0x0, 0x0, 0x0, 0x0,
    0x0, 0x0, 0x0, 0x0, 0x0, 0x0, 0x0, 0x0,
    0x0, 0x0, 0x0, 0x0, 0x0, 0x0, 0x0, 0x0,
    0x0, 0x0, 0x0, 0x0, 0x0, 0x0, 0x0, 0x0,
    0x0, 0x0, 0x0, 0x0, 0x0, 0x0, 0x0, 0x0,
    0x0, 0x0, 0x0, 0x0, 0x0, 0x0, 0x0, 0x0,
    0x0, 0x0, 0x0, 0x0, 0x0, 0x0, 0x0, 0x0,
    0x0, 0x2, 0x44, 0x44, 0x44, 0x44, 0x44, 0x44,
    0x44, 0x44, 0x44, 0x44, 0x44, 0x44, 0x30, 0xff,
    0xff, 0xff, 0xff, 0xff, 0xff, 0xff, 0xff, 0xff,
    0xff, 0xff, 0xff, 0xff, 0x3f, 0xff, 0xff, 0xff,
    0xff, 0xff, 0xff, 0xff, 0xff, 0xff, 0xff, 0xff,
    0xff, 0xf4, 0xff, 0xff, 0xff, 0xff, 0xff, 0xff,
    0xff, 0xff, 0xff, 0xff, 0xff, 0xff, 0xff, 0x4c,
    0xff, 0xff, 0xff, 0xff, 0xff, 0xff, 0xff, 0xff,
    0xff, 0xff, 0xff, 0xff, 0xe1, 0x0, 0x0, 0x0,
    0x0, 0x0, 0x0, 0x0, 0x0, 0x0, 0x0, 0x0,
    0x0, 0x0, 0x0, 0x0, 0x0, 0x0, 0x0, 0x0,
    0x0, 0x0, 0x0, 0x0, 0x0, 0x0, 0x0, 0x0,
    0x0, 0x0, 0x0, 0x0, 0x0, 0x0, 0x0, 0x0,
    0x0, 0x0, 0x0, 0x0, 0x0, 0x0, 0x0, 0x0,
    0x0, 0x0, 0x0, 0x0, 0x0, 0x0, 0x0, 0x0,
    0x0, 0x0, 0x0, 0x0, 0x0, 0x0, 0x0, 0x0,
    0x0, 0x0, 0x0, 0x0, 0x0, 0x0, 0x0, 0x0,
    0xc, 0xff, 0xff, 0xff, 0xff, 0xff, 0xff, 0xff,
    0xff, 0xff, 0xff, 0xff, 0xff, 0xe1, 0xff, 0xff,
    0xff, 0xff, 0xff, 0xff, 0xff, 0xff, 0xff, 0xff,
    0xff, 0xff, 0xff, 0x4f, 0xff, 0xff, 0xff, 0xff,
    0xff, 0xff, 0xff, 0xff, 0xff, 0xff, 0xff, 0xff,
    0xf4, 0xef, 0xff, 0xff, 0xff, 0xff, 0xff, 0xff,
    0xff, 0xff, 0xff, 0xff, 0xff, 0xff, 0x21, 0x33,
    0x33, 0x33, 0x33, 0x33, 0x33, 0x33, 0x33, 0x33,
    0x33, 0x33, 0x33, 0x20,

    /* U+F0E0 "" */
    0x0, 0x34, 0x44, 0x44, 0x44, 0x44, 0x44, 0x44,
    0x44, 0x44, 0x44, 0x44, 0x44, 0x43, 0x0, 0x2d,
    0xff, 0xff, 0xff, 0xff, 0xff, 0xff, 0xff, 0xff,
    0xff, 0xff, 0xff, 0xff, 0xff, 0xd2, 0xcf, 0xff,
    0xff, 0xff, 0xff, 0xff, 0xff, 0xff, 0xff, 0xff,
    0xff, 0xff, 0xff, 0xff, 0xfc, 0xff, 0xff, 0xff,
    0xff, 0xff, 0xff, 0xff, 0xff, 0xff, 0xff, 0xff,
    0xff, 0xff, 0xff, 0xff, 0xff, 0xff, 0xff, 0xff,
    0xff, 0xff, 0xff, 0xff, 0xff, 0xff, 0xff, 0xff,
    0xff, 0xff, 0xff, 0xaf, 0xff, 0xff, 0xff, 0xff,
    0xff, 0xff, 0xff, 0xff, 0xff, 0xff, 0xff, 0xff,
    0xff, 0xfa, 0x7, 0xff, 0xff, 0xff, 0xff, 0xff,
    0xff, 0xff, 0xff, 0xff, 0xff, 0xff, 0xff, 0xff,
    0x70, 0x0, 0x4e, 0xff, 0xff, 0xff, 0xff, 0xff,
    0xff, 0xff, 0xff, 0xff, 0xff, 0xff, 0xe4, 0x0,
    0xc3, 0x1, 0xbf, 0xff, 0xff, 0xff, 0xff, 0xff,
    0xff, 0xff, 0xff, 0xff, 0xfb, 0x10, 0x5f, 0xff,
    0x70, 0x7, 0xff, 0xff, 0xff, 0xff, 0xff, 0xff,
    0xff, 0xff, 0xff, 0x70, 0x9, 0xff, 0xff, 0xfb,
    0x10, 0x3e, 0xff, 0xff, 0xff, 0xff, 0xff, 0xff,
    0xff, 0xe3, 0x2, 0xdf, 0xff, 0xff, 0xff, 0xe4,
    0x1, 0xbf, 0xff, 0xff, 0xff, 0xff, 0xff, 0xfb,
    0x10, 0x6f, 0xff, 0xff, 0xff, 0xff, 0xff, 0x90,
    0x6, 0xff, 0xff, 0xff, 0xff, 0xff, 0x60, 0x1a,
    0xff, 0xff, 0xff, 0xff, 0xff, 0xff, 0xfd, 0x20,
    0x2d, 0xff, 0xff, 0xff, 0xd2, 0x3, 0xef, 0xff,
    0xff, 0xff, 0xff, 0xff, 0xff, 0xff, 0xf7, 0x0,
    0x9f, 0xff, 0xf9, 0x0, 0x8f, 0xff, 0xff, 0xff,
    0xff, 0xff, 0xff, 0xff, 0xff, 0xff, 0xa0, 0x3,
    0x99, 0x30, 0x1b, 0xff, 0xff, 0xff, 0xff, 0xff,
    0xff, 0xff, 0xff, 0xff, 0xff, 0xfe, 0x50, 0x0,
    0x5, 0xef, 0xff, 0xff, 0xff, 0xff, 0xff, 0xff,
    0xff, 0xff, 0xff, 0xff, 0xff, 0xfe, 0xbb, 0xef,
    0xff, 0xff, 0xff, 0xff, 0xff, 0xff, 0xff, 0xff,
    0xff, 0xff, 0xff, 0xff, 0xff, 0xff, 0xff, 0xff,
    0xff, 0xff, 0xff, 0xff, 0xff, 0xff, 0xff, 0xff,
    0xff, 0xff, 0xff, 0xff, 0xff, 0xff, 0xff, 0xff,
    0xff, 0xff, 0xff, 0xff, 0xff, 0xff, 0xff, 0xff,
    0xff, 0xff, 0xff, 0xff, 0xff, 0xff, 0xff, 0xff,
    0xff, 0xff, 0xfe, 0xaf, 0xff, 0xff, 0xff, 0xff,
    0xff, 0xff, 0xff, 0xff, 0xff, 0xff, 0xff, 0xff,
    0xff, 0xf9, 0x1a, 0xff, 0xff, 0xff, 0xff, 0xff,
    0xff, 0xff, 0xff, 0xff, 0xff, 0xff, 0xff, 0xff,
    0x90,

    /* U+F0E7 "" */
    0x0, 0x0, 0x0, 0x0, 0x0, 0x0, 0x0, 0x0,
    0x0, 0x0, 0x0, 0xb, 0xff, 0xff, 0xff, 0xff,
    0xfb, 0x0, 0x0, 0x0, 0x0, 0x2f, 0xff, 0xff,
    0xff, 0xff, 0xff, 0x0, 0x0, 0x0, 0x0, 0x4f,
    0xff, 0xff, 0xff, 0xff, 0xfc, 0x0, 0x0, 0x0,
    0x0, 0x6f, 0xff, 0xff, 0xff, 0xff, 0xf7, 0x0,
    0x0, 0x0, 0x0, 0x9f, 0xff, 0xff, 0xff, 0xff,
    0xf2, 0x0, 0x0, 0x0, 0x0, 0xbf, 0xff, 0xff,
    0xff, 0xff, 0xd0, 0x0, 0x0, 0x0, 0x0, 0xdf,
    0xff, 0xff, 0xff, 0xff, 0x80, 0x0, 0x0, 0x0,
    0x0, 0xff, 0xff, 0xff, 0xff, 0xff, 0x30, 0x0,
    0x0, 0x0, 0x1, 0xff, 0xff, 0xff, 0xff, 0xfd,
    0x0, 0x0, 0x0, 0x0, 0x3, 0xff, 0xff, 0xff,
    0xff, 0xfe, 0xaa, 0xaa, 0xaa, 0x92, 0x5, 0xff,
    0xff, 0xff, 0xff, 0xff, 0xff, 0xff, 0xff, 0xfb,
    0x8, 0xff, 0xff, 0xff, 0xff, 0xff, 0xff, 0xff,
    0xff, 0xf8, 0xa, 0xff, 0xff, 0xff, 0xff, 0xff,
    0xff, 0xff, 0xff, 0xe0, 0xc, 0xff, 0xff, 0xff,
    0xff, 0xff, 0xff, 0xff, 0xff, 0x60, 0xe, 0xff,
    0xff, 0xff, 0xff, 0xff, 0xff, 0xff, 0xfc, 0x0,
    0xf, 0xff, 0xff, 0xff, 0xff, 0xff, 0xff, 0xff,
    0xf3, 0x0, 0x6, 0xcd, 0xdd, 0xdd, 0xdf, 0xff,
    0xff, 0xff, 0xa0, 0x0, 0x0, 0x0, 0x0, 0x0,
    0xc, 0xff, 0xff, 0xff, 0x10, 0x0, 0x0, 0x0,
    0x0, 0x0, 0xf, 0xff, 0xff, 0xf7, 0x0, 0x0,
    0x0, 0x0, 0x0, 0x0, 0x4f, 0xff, 0xff, 0xd0,
    0x0, 0x0, 0x0, 0x0, 0x0, 0x0, 0x7f, 0xff,
    0xff, 0x50, 0x0, 0x0, 0x0, 0x0, 0x0, 0x0,
    0xbf, 0xff, 0xfb, 0x0, 0x0, 0x0, 0x0, 0x0,
    0x0, 0x0, 0xff, 0xff, 0xf2, 0x0, 0x0, 0x0,
    0x0, 0x0, 0x0, 0x3, 0xff, 0xff, 0x90, 0x0,
    0x0, 0x0, 0x0, 0x0, 0x0, 0x7, 0xff, 0xfe,
    0x10, 0x0, 0x0, 0x0, 0x0, 0x0, 0x0, 0xa,
    0xff, 0xf6, 0x0, 0x0, 0x0, 0x0, 0x0, 0x0,
    0x0, 0xe, 0xff, 0xd0, 0x0, 0x0, 0x0, 0x0,
    0x0, 0x0, 0x0, 0x2f, 0xff, 0x40, 0x0, 0x0,
    0x0, 0x0, 0x0, 0x0, 0x0, 0x5f, 0xfb, 0x0,
    0x0, 0x0, 0x0, 0x0, 0x0, 0x0, 0x0, 0x1c,
    0xd1, 0x0, 0x0, 0x0, 0x0, 0x0,

    /* U+F0EA "" */
    0x0, 0x0, 0x0, 0x0, 0x13, 0x10, 0x0, 0x0,
    0x0, 0x0, 0x0, 0x0, 0x0, 0x0, 0x0, 0x0,
    0x1, 0xbf, 0xff, 0xa0, 0x0, 0x0, 0x0, 0x0,
    0x0, 0x0, 0x0, 0x15, 0x66, 0x66, 0xcf, 0xff,
    0xff, 0xb6, 0x66, 0x65, 0x10, 0x0, 0x0, 0x0,
    0xd, 0xff, 0xff, 0xff, 0xf8, 0x29, 0xff, 0xff,
    0xff, 0xfc, 0x0, 0x0, 0x0, 0x0, 0xff, 0xff,
    0xff, 0xff, 0x0, 0x1f, 0xff, 0xff, 0xff, 0xe0,
    0x0, 0x0, 0x0, 0xf, 0xff, 0xff, 0xff, 0xf8,
    0x29, 0xff, 0xff, 0xff, 0xfe, 0x0, 0x0, 0x0,
    0x0, 0xff, 0xff, 0xff, 0xff, 0xff, 0xff, 0xff,
    0xff, 0xff, 0xe0, 0x0, 0x0, 0x0, 0xf, 0xff,
    0xff, 0xff, 0xff, 0xff, 0xff, 0xff, 0xff, 0xfe,
    0x0, 0x0, 0x0, 0x0, 0xff, 0xff, 0xff, 0xff,
    0xf9, 0x54, 0x44, 0x44, 0x44, 0x30, 0x0, 0x0,
    0x0, 0xf, 0xff, 0xff, 0xff, 0xf5, 0x0, 0x0,
    0x0, 0x0, 0x0, 0x0, 0x0, 0x0, 0x0, 0xff,
    0xff, 0xff, 0xfb, 0x1, 0xdf, 0xff, 0xff, 0xff,
    0xe0, 0x8b, 0x0, 0x0, 0xf, 0xff, 0xff, 0xff,
    0x80, 0x6f, 0xff, 0xff, 0xff, 0xfe, 0x8, 0xfc,
    0x0, 0x0, 0xff, 0xff, 0xff, 0xf8, 0x7, 0xff,
    0xff, 0xff, 0xff, 0xe0, 0x8f, 0xfc, 0x0, 0xf,
    0xff, 0xff, 0xff, 0x80, 0x7f, 0xff, 0xff, 0xff,
    0xfe, 0x8, 0xff, 0xfc, 0x0, 0xff, 0xff, 0xff,
    0xf8, 0x7, 0xff, 0xff, 0xff, 0xff, 0xe0, 0x8f,
    0xff, 0xfc, 0xf, 0xff, 0xff, 0xff, 0x80, 0x7f,
    0xff, 0xff, 0xff, 0xfe, 0x5, 0xaa, 0xaa, 0xa0,
    0xff, 0xff, 0xff, 0xf8, 0x7, 0xff, 0xff, 0xff,
    0xff, 0xf0, 0x0, 0x0, 0x0, 0xf, 0xff, 0xff,
    0xff, 0x80, 0x7f, 0xff, 0xff, 0xff, 0xff, 0x82,
    0x22, 0x22, 0x20, 0xff, 0xff, 0xff, 0xf8, 0x7,
    0xff, 0xff, 0xff, 0xff, 0xff, 0xff, 0xff, 0xff,
    0x1f, 0xff, 0xff, 0xff, 0x80, 0x7f, 0xff, 0xff,
    0xff, 0xff, 0xff, 0xff, 0xff, 0xf1, 0xff, 0xff,
    0xff, 0xf8, 0x7, 0xff, 0xff, 0xff, 0xff, 0xff,
    0xff, 0xff, 0xff, 0x1f, 0xff, 0xff, 0xff, 0x80,
    0x7f, 0xff, 0xff, 0xff, 0xff, 0xff, 0xff, 0xff,
    0xf1, 0xff, 0xff, 0xff, 0xf8, 0x7, 0xff, 0xff,
    0xff, 0xff, 0xff, 0xff, 0xff, 0xff, 0x1f, 0xff,
    0xff, 0xff, 0x80, 0x7f, 0xff, 0xff, 0xff, 0xff,
    0xff, 0xff, 0xff, 0xf1, 0xdf, 0xff, 0xff, 0xf8,
    0x7, 0xff, 0xff, 0xff, 0xff, 0xff, 0xff, 0xff,
    0xff, 0x11, 0x55, 0x55, 0x55, 0x20, 0x7f, 0xff,
    0xff, 0xff, 0xff, 0xff, 0xff, 0xff, 0xf1, 0x0,
    0x0, 0x0, 0x0, 0x7, 0xff, 0xff, 0xff, 0xff,
    0xff, 0xff, 0xff, 0xff, 0x10, 0x0, 0x0, 0x0,
    0x0, 0x7f, 0xff, 0xff, 0xff, 0xff, 0xff, 0xff,
    0xff, 0xf1, 0x0, 0x0, 0x0, 0x0, 0x7, 0xff,
    0xff, 0xff, 0xff, 0xff, 0xff, 0xff, 0xff, 0x10,
    0x0, 0x0, 0x0, 0x0, 0x6f, 0xff, 0xff, 0xff,
    0xff, 0xff, 0xff, 0xff, 0xf0, 0x0, 0x0, 0x0,
    0x0, 0x1, 0xdf, 0xff, 0xff, 0xff, 0xff, 0xff,
    0xff, 0xf9, 0x0,

    /* U+F0EB "" */
    0x0, 0x0, 0x0, 0x0, 0x1, 0x10, 0x0, 0x0,
    0x0, 0x0, 0x0, 0x0, 0x0, 0x7, 0xcf, 0xff,
    0xfe, 0x94, 0x0, 0x0, 0x0, 0x0, 0x0, 0x6e,
    0xff, 0xff, 0xff, 0xff, 0xfb, 0x20, 0x0, 0x0,
    0x0, 0x9f, 0xff, 0xff, 0xff, 0xff, 0xff, 0xfe,
    0x40, 0x0, 0x0, 0x8f, 0xff, 0xff, 0xea, 0xbf,
    0xff, 0xff, 0xff, 0x30, 0x0, 0x5f, 0xff, 0xfc,
    0x30, 0x0, 0xdf, 0xff, 0xff, 0xfe, 0x0, 0xd,
    0xff, 0xfa, 0x0, 0x7b, 0xef, 0xff, 0xff, 0xff,
    0xf8, 0x5, 0xff, 0xfc, 0x1, 0xdf, 0xff, 0xff,
    0xff, 0xff, 0xff, 0xf0, 0xaf, 0xff, 0x40, 0xbf,
    0xff, 0xff, 0xff, 0xff, 0xff, 0xff, 0x4d, 0xff,
    0xe0, 0x2f, 0xff, 0xff, 0xff, 0xff, 0xff, 0xff,
    0xf7, 0xff, 0xfc, 0x5, 0xff, 0xff, 0xff, 0xff,
    0xff, 0xff, 0xff, 0x9f, 0xff, 0xe4, 0xaf, 0xff,
    0xff, 0xff, 0xff, 0xff, 0xff, 0xf9, 0xdf, 0xff,
    0xff, 0xff, 0xff, 0xff, 0xff, 0xff, 0xff, 0xff,
    0x7a, 0xff, 0xff, 0xff, 0xff, 0xff, 0xff, 0xff,
    0xff, 0xff, 0xf4, 0x5f, 0xff, 0xff, 0xff, 0xff,
    0xff, 0xff, 0xff, 0xff, 0xff, 0x0, 0xef, 0xff,
    0xff, 0xff, 0xff, 0xff, 0xff, 0xff, 0xff, 0x80,
    0x5, 0xff, 0xff, 0xff, 0xff, 0xff, 0xff, 0xff,
    0xff, 0xe1, 0x0, 0x9, 0xff, 0xff, 0xff, 0xff,
    0xff, 0xff, 0xff, 0xf3, 0x0, 0x0, 0xc, 0xff,
    0xff, 0xff, 0xff, 0xff, 0xff, 0xf6, 0x0, 0x0,
    0x0, 0x2f, 0xff, 0xff, 0xff, 0xff, 0xff, 0xfb,
    0x0, 0x0, 0x0, 0x0, 0x7f, 0xff, 0xff, 0xff,
    0xff, 0xff, 0x10, 0x0, 0x0, 0x0, 0x0, 0xef,
    0xff, 0xff, 0xff, 0xff, 0x90, 0x0, 0x0, 0x0,
    0x0, 0x8, 0xff, 0xff, 0xff, 0xff, 0xf2, 0x0,
    0x0, 0x0, 0x0, 0x0, 0x0, 0x0, 0x0, 0x0,
    0x0, 0x0, 0x0, 0x0, 0x0, 0x0, 0x0, 0x0,
    0x0, 0x0, 0x0, 0x0, 0x0, 0x0, 0x0, 0x0,
    0x0, 0x5f, 0xff, 0xff, 0xff, 0xff, 0x0, 0x0,
    0x0, 0x0, 0x0, 0x6, 0xff, 0xff, 0xff, 0xff,
    0xf0, 0x0, 0x0, 0x0, 0x0, 0x0, 0x5f, 0xff,
    0xff, 0xff, 0xff, 0x0, 0x0, 0x0, 0x0, 0x0,
    0x0, 0xef, 0xff, 0xff, 0xff, 0x90, 0x0, 0x0,
    0x0, 0x0, 0x0, 0x4, 0xff, 0xff, 0xff, 0xe0,
    0x0, 0x0, 0x0, 0x0, 0x0, 0x0, 0x5, 0xaa,
    0xaa, 0x92, 0x0, 0x0, 0x0, 0x0,

    /* U+F0F3 "" */
    0x0, 0x0, 0x0, 0x0, 0x0, 0x0, 0x12, 0x0,
    0x0, 0x0, 0x0, 0x0, 0x0, 0x0, 0x0, 0x0,
    0x0, 0x0, 0x0, 0x5f, 0xf8, 0x0, 0x0, 0x0,
    0x0, 0x0, 0x0, 0x0, 0x0, 0x0, 0x0, 0x0,
    0xb, 0xff, 0xf0, 0x0, 0x0, 0x0, 0x0, 0x0,
    0x0, 0x0, 0x0, 0x0, 0x0, 0x0, 0xcf, 0xff,
    0x0, 0x0, 0x0, 0x0, 0x0, 0x0, 0x0, 0x0,
    0x0, 0x0, 0x29, 0xef, 0xff, 0xff, 0xa3, 0x0,
    0x0, 0x0, 0x0, 0x0, 0x0, 0x0, 0x0, 0x7f,
    0xff, 0xff, 0xff, 0xff, 0xfa, 0x0, 0x0, 0x0,
    0x0, 0x0, 0x0, 0x0, 0xaf, 0xff, 0xff, 0xff,
    0xff, 0xff, 0xfc, 0x10, 0x0, 0x0, 0x0, 0x0,
    0x0, 0x7f, 0xff, 0xff, 0xff, 0xff, 0xff, 0xff,
    0xfb, 0x0, 0x0, 0x0, 0x0, 0x0, 0x2f, 0xff,
    0xff, 0xff, 0xff, 0xff, 0xff, 0xff, 0xf5, 0x0,
    0x0, 0x0, 0x0, 0x9, 0xff, 0xff, 0xff, 0xff,
    0xff, 0xff, 0xff, 0xff, 0xc0, 0x0, 0x0, 0x0,
    0x0, 0xef, 0xff, 0xff, 0xff, 0xff, 0xff, 0xff,
    0xff, 0xff, 0x20, 0x0, 0x0, 0x0, 0x2f, 0xff,
    0xff, 0xff, 0xff, 0xff, 0xff, 0xff, 0xff, 0xf5,
    0x0, 0x0, 0x0, 0x3, 0xff, 0xff, 0xff, 0xff,
    0xff, 0xff, 0xff, 0xff, 0xff, 0x70, 0x0, 0x0,
    0x0, 0x4f, 0xff, 0xff, 0xff, 0xff, 0xff, 0xff,
    0xff, 0xff, 0xf8, 0x0, 0x0, 0x0, 0x5, 0xff,
    0xff, 0xff, 0xff, 0xff, 0xff, 0xff, 0xff, 0xff,
    0x90, 0x0, 0x0, 0x0, 0x7f, 0xff, 0xff, 0xff,
    0xff, 0xff, 0xff, 0xff, 0xff, 0xfa, 0x0, 0x0,
    0x0, 0xa, 0xff, 0xff, 0xff, 0xff, 0xff, 0xff,
    0xff, 0xff, 0xff, 0xe0, 0x0, 0x0, 0x0, 0xdf,
    0xff, 0xff, 0xff, 0xff, 0xff, 0xff, 0xff, 0xff,
    0xff, 0x10, 0x0, 0x0, 0x2f, 0xff, 0xff, 0xff,
    0xff, 0xff, 0xff, 0xff, 0xff, 0xff, 0xf6, 0x0,
    0x0, 0x9, 0xff, 0xff, 0xff, 0xff, 0xff, 0xff,
    0xff, 0xff, 0xff, 0xff, 0xd0, 0x0, 0x3, 0xff,
    0xff, 0xff, 0xff, 0xff, 0xff, 0xff, 0xff, 0xff,
    0xff, 0xff, 0x70, 0x2, 0xef, 0xff, 0xff, 0xff,
    0xff, 0xff, 0xff, 0xff, 0xff, 0xff, 0xff, 0xff,
    0x50, 0xcf, 0xff, 0xff, 0xff, 0xff, 0xff, 0xff,
    0xff, 0xff, 0xff, 0xff, 0xff, 0xff, 0x1e, 0xff,
    0xff, 0xff, 0xff, 0xff, 0xff, 0xff, 0xff, 0xff,
    0xff, 0xff, 0xff, 0xf3, 0x6f, 0xff, 0xff, 0xff,
    0xff, 0xff, 0xff, 0xff, 0xff, 0xff, 0xff, 0xff,
    0xfb, 0x0, 0x12, 0x22, 0x22, 0x22, 0x22, 0x22,
    0x22, 0x22, 0x22, 0x22, 0x22, 0x21, 0x0, 0x0,
    0x0, 0x0, 0x0, 0x0, 0x0, 0x0, 0x0, 0x0,
    0x0, 0x0, 0x0, 0x0, 0x0, 0x0, 0x0, 0x0,
    0x0, 0x9f, 0xff, 0xff, 0xfd, 0x0, 0x0, 0x0,
    0x0, 0x0, 0x0, 0x0, 0x0, 0x0, 0x4, 0xff,
    0xff, 0xff, 0x80, 0x0, 0x0, 0x0, 0x0, 0x0,
    0x0, 0x0, 0x0, 0x0, 0xa, 0xff, 0xff, 0xd1,
    0x0, 0x0, 0x0, 0x0, 0x0, 0x0, 0x0, 0x0,
    0x0, 0x0, 0x5, 0xab, 0x70, 0x0, 0x0, 0x0,
    0x0, 0x0, 0x0,

    /* U+F11C "" */
    0x5, 0xab, 0xbb, 0xbb, 0xbb, 0xbb, 0xbb, 0xbb,
    0xbb, 0xbb, 0xbb, 0xbb, 0xbb, 0xbb, 0xbb, 0xb9,
    0x30, 0x6f, 0xff, 0xff, 0xff, 0xff, 0xff, 0xff,
    0xff, 0xff, 0xff, 0xff, 0xff, 0xff, 0xff, 0xff,
    0xff, 0xf3, 0xef, 0xff, 0xff, 0xff, 0xff, 0xff,
    0xff, 0xff, 0xff, 0xff, 0xff, 0xff, 0xff, 0xff,
    0xff, 0xff, 0xfa, 0xff, 0xff, 0xff, 0xff, 0xff,
    0xff, 0xff, 0xff, 0xff, 0xff, 0xff, 0xff, 0xff,
    0xff, 0xff, 0xff, 0xfb, 0xff, 0xfd, 0x10, 0x1d,
    0xf5, 0x0, 0x1f, 0xf2, 0x0, 0x4f, 0xe1, 0x1,
    0xef, 0x40, 0x2, 0xff, 0xfc, 0xff, 0xfc, 0x0,
    0xb, 0xf2, 0x0, 0xe, 0xf0, 0x0, 0x1f, 0xc0,
    0x0, 0xcf, 0x10, 0x0, 0xff, 0xfc, 0xff, 0xfc,
    0x0, 0xb, 0xf2, 0x0, 0xe, 0xf0, 0x0, 0x1f,
    0xc0, 0x0, 0xcf, 0x10, 0x0, 0xff, 0xfc, 0xff,
    0xfd, 0x0, 0xd, 0xf4, 0x0, 0x1f, 0xf2, 0x0,
    0x3f, 0xe0, 0x0, 0xef, 0x30, 0x2, 0xff, 0xfc,
    0xff, 0xff, 0xff, 0xff, 0xff, 0xff, 0xff, 0xff,
    0xff, 0xff, 0xff, 0xff, 0xff, 0xff, 0xff, 0xff,
    0xfc, 0xff, 0xff, 0xff, 0xfe, 0xee, 0xff, 0xfe,
    0xef, 0xff, 0xee, 0xef, 0xff, 0xee, 0xef, 0xff,
    0xff, 0xfc, 0xff, 0xff, 0xff, 0xa0, 0x0, 0xdf,
    0x20, 0x1, 0xff, 0x0, 0x6, 0xf6, 0x0, 0xd,
    0xff, 0xff, 0xfc, 0xff, 0xff, 0xff, 0x90, 0x0,
    0xcf, 0x10, 0x0, 0xff, 0x0, 0x5, 0xf5, 0x0,
    0xd, 0xff, 0xff, 0xfc, 0xff, 0xff, 0xff, 0x90,
    0x0, 0xcf, 0x10, 0x0, 0xff, 0x0, 0x5, 0xf5,
    0x0, 0xd, 0xff, 0xff, 0xfc, 0xff, 0xff, 0xff,
    0xb2, 0x23, 0xef, 0x52, 0x24, 0xff, 0x32, 0x29,
    0xf9, 0x22, 0x3e, 0xff, 0xff, 0xfc, 0xff, 0xff,
    0xff, 0xff, 0xff, 0xff, 0xff, 0xff, 0xff, 0xff,
    0xff, 0xff, 0xff, 0xff, 0xff, 0xff, 0xfc, 0xff,
    0xff, 0xbb, 0xbf, 0xfd, 0xbb, 0xbb, 0xbb, 0xbb,
    0xbb, 0xbb, 0xbc, 0xff, 0xdb, 0xbd, 0xff, 0xfc,
    0xff, 0xfc, 0x0, 0xb, 0xf2, 0x0, 0x0, 0x0,
    0x0, 0x0, 0x0, 0x0, 0xdf, 0x10, 0x0, 0xff,
    0xfc, 0xff, 0xfc, 0x0, 0xb, 0xf2, 0x0, 0x0,
    0x0, 0x0, 0x0, 0x0, 0x0, 0xcf, 0x10, 0x0,
    0xff, 0xfc, 0xff, 0xfc, 0x0, 0xb, 0xf2, 0x0,
    0x0, 0x0, 0x0, 0x0, 0x0, 0x0, 0xdf, 0x10,
    0x0, 0xff, 0xfc, 0xff, 0xff, 0xcc, 0xcf, 0xfd,
    0xcc, 0xcc, 0xcc, 0xcc, 0xcc, 0xcc, 0xcc, 0xff,
    0xdc, 0xcd, 0xff, 0xfc, 0xef, 0xff, 0xff, 0xff,
    0xff, 0xff, 0xff, 0xff, 0xff, 0xff, 0xff, 0xff,
    0xff, 0xff, 0xff, 0xff, 0xfa, 0x9f, 0xff, 0xff,
    0xff, 0xff, 0xff, 0xff, 0xff, 0xff, 0xff, 0xff,
    0xff, 0xff, 0xff, 0xff, 0xff, 0xf5, 0x9, 0xff,
    0xff, 0xff, 0xff, 0xff, 0xff, 0xff, 0xff, 0xff,
    0xff, 0xff, 0xff, 0xff, 0xff, 0xfe, 0x70,

    /* U+F124 "" */
    0x0, 0x0, 0x0, 0x0, 0x0, 0x0, 0x0, 0x0,
    0x0, 0x0, 0x0, 0x0, 0x0, 0x2, 0x20, 0x0,
    0x0, 0x0, 0x0, 0x0, 0x0, 0x0, 0x0, 0x0,
    0x0, 0x0, 0x0, 0x0, 0x4, 0xbf, 0xfc, 0x10,
    0x0, 0x0, 0x0, 0x0, 0x0, 0x0, 0x0, 0x0,
    0x0, 0x0, 0x0, 0x5, 0xdf, 0xff, 0xff, 0xa0,
    0x0, 0x0, 0x0, 0x0, 0x0, 0x0, 0x0, 0x0,
    0x0, 0x0, 0x7, 0xef, 0xff, 0xff, 0xff, 0xf0,
    0x0, 0x0, 0x0, 0x0, 0x0, 0x0, 0x0, 0x0,
    0x0, 0x18, 0xff, 0xff, 0xff, 0xff, 0xff, 0xc0,
    0x0, 0x0, 0x0, 0x0, 0x0, 0x0, 0x0, 0x0,
    0x29, 0xff, 0xff, 0xff, 0xff, 0xff, 0xff, 0x60,
    0x0, 0x0, 0x0, 0x0, 0x0, 0x0, 0x0, 0x3b,
    0xff, 0xff, 0xff, 0xff, 0xff, 0xff, 0xfe, 0x0,
    0x0, 0x0, 0x0, 0x0, 0x0, 0x0, 0x5c, 0xff,
    0xff, 0xff, 0xff, 0xff, 0xff, 0xff, 0xf7, 0x0,
    0x0, 0x0, 0x0, 0x0, 0x0, 0x6d, 0xff, 0xff,
    0xff, 0xff, 0xff, 0xff, 0xff, 0xff, 0xf0, 0x0,
    0x0, 0x0, 0x0, 0x1, 0x7e, 0xff, 0xff, 0xff,
    0xff, 0xff, 0xff, 0xff, 0xff, 0xff, 0x80, 0x0,
    0x0, 0x0, 0x2, 0x9f, 0xff, 0xff, 0xff, 0xff,
    0xff, 0xff, 0xff, 0xff, 0xff, 0xff, 0x10, 0x0,
    0x0, 0x3, 0xaf, 0xff, 0xff, 0xff, 0xff, 0xff,
    0xff, 0xff, 0xff, 0xff, 0xff, 0xfa, 0x0, 0x0,
    0x1, 0xbf, 0xff, 0xff, 0xff, 0xff, 0xff, 0xff,
    0xff, 0xff, 0xff, 0xff, 0xff, 0xf2, 0x0, 0x0,
    0xa, 0xff, 0xff, 0xff, 0xff, 0xff, 0xff, 0xff,
    0xff, 0xff, 0xff, 0xff, 0xff, 0xb0, 0x0, 0x0,
    0xf, 0xff, 0xff, 0xff, 0xff, 0xff, 0xff, 0xff,
    0xff, 0xff, 0xff, 0xff, 0xff, 0x40, 0x0, 0x0,
    0xe, 0xff, 0xff, 0xff, 0xff, 0xff, 0xff, 0xff,
    0xff, 0xff, 0xff, 0xff, 0xfc, 0x0, 0x0, 0x0,
    0x7, 0xff, 0xff, 0xff, 0xff, 0xff, 0xff, 0xff,
    0xff, 0xff, 0xff, 0xff, 0xf5, 0x0, 0x0, 0x0,
    0x0, 0x59, 0xaa, 0xaa, 0xaa, 0xaa, 0xaa, 0xff,
    0xff, 0xff, 0xff, 0xff, 0xd0, 0x0, 0x0, 0x0,
    0x0, 0x0, 0x0, 0x0, 0x0, 0x0, 0x0, 0xef,
    0xff, 0xff, 0xff, 0xff, 0x60, 0x0, 0x0, 0x0,
    0x0, 0x0, 0x0, 0x0, 0x0, 0x0, 0x0, 0xef,
    0xff, 0xff, 0xff, 0xfe, 0x0, 0x0, 0x0, 0x0,
    0x0, 0x0, 0x0, 0x0, 0x0, 0x0, 0x0, 0xef,
    0xff, 0xff, 0xff, 0xf7, 0x0, 0x0, 0x0, 0x0,
    0x0, 0x0, 0x0, 0x0, 0x0, 0x0, 0x0, 0xef,
    0xff, 0xff, 0xff, 0xf1, 0x0, 0x0, 0x0, 0x0,
    0x0, 0x0, 0x0, 0x0, 0x0, 0x0, 0x0, 0xef,
    0xff, 0xff, 0xff, 0x90, 0x0, 0x0, 0x0, 0x0,
    0x0, 0x0, 0x0, 0x0, 0x0, 0x0, 0x0, 0xef,
    0xff, 0xff, 0xff, 0x20, 0x0, 0x0, 0x0, 0x0,
    0x0, 0x0, 0x0, 0x0, 0x0, 0x0, 0x0, 0xef,
    0xff, 0xff, 0xfa, 0x0, 0x0, 0x0, 0x0, 0x0,
    0x0, 0x0, 0x0, 0x0, 0x0, 0x0, 0x0, 0xef,
    0xff, 0xff, 0xf3, 0x0, 0x0, 0x0, 0x0, 0x0,
    0x0, 0x0, 0x0, 0x0, 0x0, 0x0, 0x0, 0xef,
    0xff, 0xff, 0xb0, 0x0, 0x0, 0x0, 0x0, 0x0,
    0x0, 0x0, 0x0, 0x0, 0x0, 0x0, 0x0, 0xdf,
    0xff, 0xff, 0x40, 0x0, 0x0, 0x0, 0x0, 0x0,
    0x0, 0x0, 0x0, 0x0, 0x0, 0x0, 0x0, 0xcf,
    0xff, 0xfd, 0x0, 0x0, 0x0, 0x0, 0x0, 0x0,
    0x0, 0x0, 0x0, 0x0, 0x0, 0x0, 0x0, 0x5f,
    0xff, 0xf4, 0x0, 0x0, 0x0, 0x0, 0x0, 0x0,
    0x0, 0x0, 0x0, 0x0, 0x0, 0x0, 0x0, 0x4,
    0xaa, 0x30, 0x0, 0x0, 0x0, 0x0, 0x0, 0x0,

    /* U+F14E "" */
    0x0, 0x0, 0x0, 0x0, 0x0, 0x37, 0x9b, 0xcb,
    0xa8, 0x40, 0x0, 0x0, 0x0, 0x0, 0x0, 0x0,
    0x0, 0x0, 0x0, 0x7d, 0xff, 0xff, 0xff, 0xff,
    0xff, 0x91, 0x0, 0x0, 0x0, 0x0, 0x0, 0x0,
    0x0, 0x4e, 0xff, 0xff, 0xff, 0xff, 0xff, 0xff,
    0xff, 0x70, 0x0, 0x0, 0x0, 0x0, 0x0, 0x8,
    0xff, 0xff, 0xff, 0xff, 0xff, 0xff, 0xff, 0xff,
    0xfc, 0x10, 0x0, 0x0, 0x0, 0x0, 0xaf, 0xff,
    0xff, 0xff, 0xff, 0xff, 0xff, 0xff, 0xff, 0xff,
    0xd1, 0x0, 0x0, 0x0, 0x9, 0xff, 0xff, 0xff,
    0xff, 0xff, 0xff, 0xff, 0xff, 0xff, 0xff, 0xfc,
    0x0, 0x0, 0x0, 0x5f, 0xff, 0xff, 0xff, 0xff,
    0xff, 0xff, 0xff, 0xff, 0xff, 0xff, 0xff, 0x90,
    0x0, 0x1, 0xef, 0xff, 0xff, 0xff, 0xff, 0xff,
    0xff, 0xff, 0xfc, 0x58, 0xff, 0xff, 0xf4, 0x0,
    0x8, 0xff, 0xff, 0xff, 0xff, 0xff, 0xff, 0xff,
    0xfb, 0x30, 0x0, 0xff, 0xff, 0xfc, 0x0, 0xe,
    0xff, 0xff, 0xff, 0xff, 0xff, 0xff, 0xf9, 0x20,
    0x0, 0x5, 0xff, 0xff, 0xff, 0x30, 0x4f, 0xff,
    0xff, 0xff, 0xff, 0xff, 0xe8, 0x10, 0x0, 0x0,
    0xd, 0xff, 0xff, 0xff, 0x90, 0x8f, 0xff, 0xff,
    0xff, 0xff, 0xf9, 0x0, 0x0, 0x0, 0x0, 0x4f,
    0xff, 0xff, 0xff, 0xd0, 0xbf, 0xff, 0xff, 0xff,
    0xff, 0xd0, 0x0, 0x10, 0x0, 0x0, 0xbf, 0xff,
    0xff, 0xff, 0xf0, 0xdf, 0xff, 0xff, 0xff, 0xff,
    0x60, 0xa, 0xfd, 0x10, 0x3, 0xff, 0xff, 0xff,
    0xff, 0xf1, 0xef, 0xff, 0xff, 0xff, 0xfe, 0x0,
    0x2f, 0xff, 0x70, 0xa, 0xff, 0xff, 0xff, 0xff,
    0xf2, 0xdf, 0xff, 0xff, 0xff, 0xf7, 0x0, 0x1f,
    0xff, 0x40, 0x2f, 0xff, 0xff, 0xff, 0xff, 0xf2,
    0xcf, 0xff, 0xff, 0xff, 0xf1, 0x0, 0x3, 0x95,
    0x0, 0x9f, 0xff, 0xff, 0xff, 0xff, 0xf1, 0xaf,
    0xff, 0xff, 0xff, 0x90, 0x0, 0x0, 0x0, 0x2,
    0xff, 0xff, 0xff, 0xff, 0xff, 0xe0, 0x6f, 0xff,
    0xff, 0xff, 0x20, 0x0, 0x0, 0x0, 0x7e, 0xff,
    0xff, 0xff, 0xff, 0xff, 0xb0, 0x2f, 0xff, 0xff,
    0xfa, 0x0, 0x0, 0x1, 0x8f, 0xff, 0xff, 0xff,
    0xff, 0xff, 0xff, 0x60, 0xb, 0xff, 0xff, 0xf3,
    0x0, 0x2, 0x9f, 0xff, 0xff, 0xff, 0xff, 0xff,
    0xff, 0xff, 0x10, 0x4, 0xff, 0xff, 0xf2, 0x4,
    0xbf, 0xff, 0xff, 0xff, 0xff, 0xff, 0xff, 0xff,
    0xf8, 0x0, 0x0, 0xaf, 0xff, 0xff, 0xdf, 0xff,
    0xff, 0xff, 0xff, 0xff, 0xff, 0xff, 0xff, 0xe0,
    0x0, 0x0, 0x1e, 0xff, 0xff, 0xff, 0xff, 0xff,
    0xff, 0xff, 0xff, 0xff, 0xff, 0xff, 0x40, 0x0,
    0x0, 0x3, 0xff, 0xff, 0xff, 0xff, 0xff, 0xff,
    0xff, 0xff, 0xff, 0xff, 0xf6, 0x0, 0x0, 0x0,
    0x0, 0x3e, 0xff, 0xff, 0xff, 0xff, 0xff, 0xff,
    0xff, 0xff, 0xff, 0x60, 0x0, 0x0, 0x0, 0x0,
    0x2, 0xcf, 0xff, 0xff, 0xff, 0xff, 0xff, 0xff,
    0xff, 0xe4, 0x0, 0x0, 0x0, 0x0, 0x0, 0x0,
    0x7, 0xef, 0xff, 0xff, 0xff, 0xff, 0xff, 0xf9,
    0x10, 0x0, 0x0, 0x0, 0x0, 0x0, 0x0, 0x0,
    0x6, 0xbf, 0xff, 0xff, 0xff, 0xc7, 0x10, 0x0,
    0x0, 0x0, 0x0, 0x0, 0x0, 0x0, 0x0, 0x0,
    0x0, 0x23, 0x43, 0x20, 0x0, 0x0, 0x0, 0x0,
    0x0, 0x0,

    /* U+F15B "" */
    0x26, 0x77, 0x77, 0x77, 0x77, 0x77, 0x70, 0x6,
    0x0, 0x0, 0x0, 0xe, 0xff, 0xff, 0xff, 0xff,
    0xff, 0xff, 0x20, 0xfd, 0x10, 0x0, 0x0, 0xff,
    0xff, 0xff, 0xff, 0xff, 0xff, 0xf2, 0xf, 0xfd,
    0x10, 0x0, 0xf, 0xff, 0xff, 0xff, 0xff, 0xff,
    0xff, 0x20, 0xff, 0xfd, 0x10, 0x0, 0xff, 0xff,
    0xff, 0xff, 0xff, 0xff, 0xf2, 0xf, 0xff, 0xfd,
    0x10, 0xf, 0xff, 0xff, 0xff, 0xff, 0xff, 0xff,
    0x20, 0xff, 0xff, 0xfd, 0x10, 0xff, 0xff, 0xff,
    0xff, 0xff, 0xff, 0xf2, 0xf, 0xff, 0xff, 0xfd,
    0xf, 0xff, 0xff, 0xff, 0xff, 0xff, 0xff, 0x20,
    0xff, 0xff, 0xff, 0xf7, 0xff, 0xff, 0xff, 0xff,
    0xff, 0xff, 0xf2, 0x0, 0x0, 0x0, 0x0, 0xf,
    0xff, 0xff, 0xff, 0xff, 0xff, 0xff, 0x80, 0x0,
    0x0, 0x0, 0x0, 0xff, 0xff, 0xff, 0xff, 0xff,
    0xff, 0xff, 0xff, 0xff, 0xff, 0xff, 0x7f, 0xff,
    0xff, 0xff, 0xff, 0xff, 0xff, 0xff, 0xff, 0xff,
    0xff, 0xf8, 0xff, 0xff, 0xff, 0xff, 0xff, 0xff,
    0xff, 0xff, 0xff, 0xff, 0xff, 0x8f, 0xff, 0xff,
    0xff, 0xff, 0xff, 0xff, 0xff, 0xff, 0xff, 0xff,
    0xf8, 0xff, 0xff, 0xff, 0xff, 0xff, 0xff, 0xff,
    0xff, 0xff, 0xff, 0xff, 0x8f, 0xff, 0xff, 0xff,
    0xff, 0xff, 0xff, 0xff, 0xff, 0xff, 0xff, 0xf8,
    0xff, 0xff, 0xff, 0xff, 0xff, 0xff, 0xff, 0xff,
    0xff, 0xff, 0xff, 0x8f, 0xff, 0xff, 0xff, 0xff,
    0xff, 0xff, 0xff, 0xff, 0xff, 0xff, 0xf8, 0xff,
    0xff, 0xff, 0xff, 0xff, 0xff, 0xff, 0xff, 0xff,
    0xff, 0xff, 0x8f, 0xff, 0xff, 0xff, 0xff, 0xff,
    0xff, 0xff, 0xff, 0xff, 0xff, 0xf8, 0xff, 0xff,
    0xff, 0xff, 0xff, 0xff, 0xff, 0xff, 0xff, 0xff,
    0xff, 0x8f, 0xff, 0xff, 0xff, 0xff, 0xff, 0xff,
    0xff, 0xff, 0xff, 0xff, 0xf8, 0xff, 0xff, 0xff,
    0xff, 0xff, 0xff, 0xff, 0xff, 0xff, 0xff, 0xff,
    0x8f, 0xff, 0xff, 0xff, 0xff, 0xff, 0xff, 0xff,
    0xff, 0xff, 0xff, 0xf8, 0xff, 0xff, 0xff, 0xff,
    0xff, 0xff, 0xff, 0xff, 0xff, 0xff, 0xff, 0x8f,
    0xff, 0xff, 0xff, 0xff, 0xff, 0xff, 0xff, 0xff,
    0xff, 0xff, 0xf8, 0xff, 0xff, 0xff, 0xff, 0xff,
    0xff, 0xff, 0xff, 0xff, 0xff, 0xff, 0x8f, 0xff,
    0xff, 0xff, 0xff, 0xff, 0xff, 0xff, 0xff, 0xff,
    0xff, 0xf8, 0xff, 0xff, 0xff, 0xff, 0xff, 0xff,
    0xff, 0xff, 0xff, 0xff, 0xff, 0x8f, 0xff, 0xff,
    0xff, 0xff, 0xff, 0xff, 0xff, 0xff, 0xff, 0xff,
    0xf7, 0x4a, 0xaa, 0xaa, 0xaa, 0xaa, 0xaa, 0xaa,
    0xaa, 0xaa, 0xaa, 0xa9, 0x0,

    /* U+F185 "" */
    0x0, 0x0, 0x0, 0x0, 0x0, 0x0, 0x0, 0x32,
    0x0, 0x0, 0x0, 0x0, 0x0, 0x0, 0x0, 0x0,
    0x0, 0x0, 0x0, 0x0, 0x0, 0x3, 0xfe, 0x0,
    0x0, 0x0, 0x0, 0x0, 0x0, 0x0, 0x0, 0x0,
    0x0, 0x0, 0x0, 0x0, 0xb, 0xff, 0x60, 0x0,
    0x0, 0x0, 0x0, 0x0, 0x0, 0x0, 0x0, 0x0,
    0x0, 0x0, 0x0, 0x3f, 0xff, 0xe0, 0x0, 0x0,
    0x0, 0x0, 0x0, 0x0, 0x0, 0x0, 0x12, 0x0,
    0x0, 0x0, 0xbf, 0xff, 0xf6, 0x0, 0x0, 0x0,
    0x21, 0x0, 0x0, 0x0, 0x0, 0xdf, 0xd8, 0x20,
    0x3, 0xff, 0xff, 0xfe, 0x0, 0x3, 0x8d, 0xfc,
    0x0, 0x0, 0x0, 0x0, 0xbf, 0xff, 0xfd, 0x7b,
    0xff, 0xff, 0xff, 0x99, 0xef, 0xff, 0xfb, 0x0,
    0x0, 0x0, 0x0, 0x6f, 0xff, 0xff, 0xff, 0xff,
    0xff, 0xff, 0xff, 0xff, 0xff, 0xf6, 0x0, 0x0,
    0x0, 0x0, 0x1f, 0xff, 0xff, 0xff, 0x94, 0x33,
    0x49, 0xff, 0xff, 0xff, 0xf1, 0x0, 0x0, 0x0,
    0x0, 0xb, 0xff, 0xff, 0xa1, 0x0, 0x0, 0x0,
    0x1b, 0xff, 0xff, 0xb0, 0x0, 0x0, 0x0, 0x0,
    0x6, 0xff, 0xf9, 0x0, 0x5b, 0xdd, 0x93, 0x0,
    0x9f, 0xff, 0x60, 0x0, 0x0, 0x0, 0x0, 0x1,
    0xff, 0xc0, 0xb, 0xff, 0xff, 0xff, 0x80, 0xc,
    0xff, 0x10, 0x0, 0x0, 0x0, 0x0, 0x2a, 0xff,
    0x30, 0xbf, 0xff, 0xff, 0xff, 0xf6, 0x3, 0xff,
    0xa2, 0x0, 0x0, 0x0, 0x2a, 0xff, 0xfd, 0x4,
    0xff, 0xff, 0xff, 0xff, 0xff, 0x0, 0xdf, 0xff,
    0xa2, 0x0, 0x2a, 0xff, 0xff, 0xf9, 0x9, 0xff,
    0xff, 0xff, 0xff, 0xff, 0x50, 0x9f, 0xff, 0xff,
    0xa2, 0xef, 0xff, 0xff, 0xf8, 0xb, 0xff, 0xff,
    0xff, 0xff, 0xff, 0x70, 0x8f, 0xff, 0xff, 0xfe,
    0x8f, 0xff, 0xff, 0xf9, 0xb, 0xff, 0xff, 0xff,
    0xff, 0xff, 0x60, 0x9f, 0xff, 0xff, 0xf8, 0x2,
    0xaf, 0xff, 0xfb, 0x7, 0xff, 0xff, 0xff, 0xff,
    0xff, 0x30, 0xbf, 0xff, 0xfa, 0x20, 0x0, 0x2,
    0xaf, 0xff, 0x1, 0xff, 0xff, 0xff, 0xff, 0xfc,
    0x0, 0xff, 0xfa, 0x20, 0x0, 0x0, 0x0, 0x2,
    0xff, 0x70, 0x5f, 0xff, 0xff, 0xff, 0xe1, 0x7,
    0xff, 0x20, 0x0, 0x0, 0x0, 0x0, 0x4, 0xff,
    0xf3, 0x4, 0xdf, 0xff, 0xfb, 0x10, 0x3f, 0xff,
    0x30, 0x0, 0x0, 0x0, 0x0, 0x9, 0xff, 0xfe,
    0x30, 0x3, 0x55, 0x10, 0x3, 0xef, 0xff, 0x90,
    0x0, 0x0, 0x0, 0x0, 0xe, 0xff, 0xff, 0xf8,
    0x10, 0x0, 0x1, 0x8f, 0xff, 0xff, 0xe0, 0x0,
    0x0, 0x0, 0x0, 0x3f, 0xff, 0xff, 0xff, 0xfc,
    0xaa, 0xcf, 0xff, 0xff, 0xff, 0xf3, 0x0, 0x0,
    0x0, 0x0, 0x8f, 0xff, 0xff, 0xff, 0xff, 0xff,
    0xff, 0xef, 0xff, 0xff, 0xf8, 0x0, 0x0, 0x0,
    0x0, 0xdf, 0xff, 0xa5, 0x7, 0xff, 0xff, 0xff,
    0x21, 0x6b, 0xff, 0xfd, 0x0, 0x0, 0x0, 0x0,
    0x7a, 0x50, 0x0, 0x0, 0xef, 0xff, 0xfa, 0x0,
    0x0, 0x15, 0xa6, 0x0, 0x0, 0x0, 0x0, 0x0,
    0x0, 0x0, 0x0, 0x7f, 0xff, 0xf2, 0x0, 0x0,
    0x0, 0x0, 0x0, 0x0, 0x0, 0x0, 0x0, 0x0,
    0x0, 0x0, 0xe, 0xff, 0xa0, 0x0, 0x0, 0x0,
    0x0, 0x0, 0x0, 0x0, 0x0, 0x0, 0x0, 0x0,
    0x0, 0x7, 0xff, 0x20, 0x0, 0x0, 0x0, 0x0,
    0x0, 0x0, 0x0, 0x0, 0x0, 0x0, 0x0, 0x0,
    0x0, 0xb7, 0x0, 0x0, 0x0, 0x0, 0x0, 0x0,
    0x0,

    /* U+F186 "" */
    0x0, 0x0, 0x0, 0x0, 0x0, 0x0, 0x0, 0x11,
    0x10, 0x0, 0x0, 0x0, 0x0, 0x0, 0x0, 0x0,
    0x0, 0x0, 0x0, 0x38, 0xcf, 0xff, 0xff, 0xd0,
    0x0, 0x0, 0x0, 0x0, 0x0, 0x0, 0x0, 0x0,
    0x4c, 0xff, 0xff, 0xff, 0xff, 0x90, 0x0, 0x0,
    0x0, 0x0, 0x0, 0x0, 0x0, 0x1a, 0xff, 0xff,
    0xff, 0xff, 0xe4, 0x0, 0x0, 0x0, 0x0, 0x0,
    0x0, 0x0, 0x2, 0xdf, 0xff, 0xff, 0xff, 0xfe,
    0x20, 0x0, 0x0, 0x0, 0x0, 0x0, 0x0, 0x0,
    0x2e, 0xff, 0xff, 0xff, 0xff, 0xf3, 0x0, 0x0,
    0x0, 0x0, 0x0, 0x0, 0x0, 0x1, 0xef, 0xff,
    0xff, 0xff, 0xff, 0x80, 0x0, 0x0, 0x0, 0x0,
    0x0, 0x0, 0x0, 0xb, 0xff, 0xff, 0xff, 0xff,
    0xfe, 0x0, 0x0, 0x0, 0x0, 0x0, 0x0, 0x0,
    0x0, 0x5f, 0xff, 0xff, 0xff, 0xff, 0xf8, 0x0,
    0x0, 0x0, 0x0, 0x0, 0x0, 0x0, 0x0, 0xdf,
    0xff, 0xff, 0xff, 0xff, 0xf3, 0x0, 0x0, 0x0,
    0x0, 0x0, 0x0, 0x0, 0x4, 0xff, 0xff, 0xff,
    0xff, 0xff, 0xf0, 0x0, 0x0, 0x0, 0x0, 0x0,
    0x0, 0x0, 0xa, 0xff, 0xff, 0xff, 0xff, 0xff,
    0xd0, 0x0, 0x0, 0x0, 0x0, 0x0, 0x0, 0x0,
    0xe, 0xff, 0xff, 0xff, 0xff, 0xff, 0xc0, 0x0,
    0x0, 0x0, 0x0, 0x0, 0x0, 0x0, 0x1f, 0xff,
    0xff, 0xff, 0xff, 0xff, 0xc0, 0x0, 0x0, 0x0,
    0x0, 0x0, 0x0, 0x0, 0x2f, 0xff, 0xff, 0xff,
    0xff, 0xff, 0xe0, 0x0, 0x0, 0x0, 0x0, 0x0,
    0x0, 0x0, 0x3f, 0xff, 0xff, 0xff, 0xff, 0xff,
    0xf1, 0x0, 0x0, 0x0, 0x0, 0x0, 0x0, 0x0,
    0x3f, 0xff, 0xff, 0xff, 0xff, 0xff, 0xf6, 0x0,
    0x0, 0x0, 0x0, 0x0, 0x0, 0x0, 0x2f, 0xff,
    0xff, 0xff, 0xff, 0xff, 0xfc, 0x0, 0x0, 0x0,
    0x0, 0x0, 0x0, 0x0, 0xf, 0xff, 0xff, 0xff,
    0xff, 0xff, 0xff, 0x40, 0x0, 0x0, 0x0, 0x0,
    0x0, 0x0, 0xc, 0xff, 0xff, 0xff, 0xff, 0xff,
    0xff, 0xe1, 0x0, 0x0, 0x0, 0x0, 0x0, 0x0,
    0x8, 0xff, 0xff, 0xff, 0xff, 0xff, 0xff, 0xfc,
    0x0, 0x0, 0x0, 0x0, 0x0, 0x0, 0x2, 0xff,
    0xff, 0xff, 0xff, 0xff, 0xff, 0xff, 0xc1, 0x0,
    0x0, 0x0, 0x0, 0x0, 0x0, 0xaf, 0xff, 0xff,
    0xff, 0xff, 0xff, 0xff, 0xfe, 0x40, 0x0, 0x0,
    0x0, 0x0, 0x0, 0x2f, 0xff, 0xff, 0xff, 0xff,
    0xff, 0xff, 0xff, 0xfb, 0x40, 0x0, 0x0, 0x0,
    0x0, 0x7, 0xff, 0xff, 0xff, 0xff, 0xff, 0xff,
    0xff, 0xff, 0xff, 0xba, 0x9a, 0xc5, 0x0, 0x0,
    0xbf, 0xff, 0xff, 0xff, 0xff, 0xff, 0xff, 0xff,
    0xff, 0xff, 0xff, 0xf3, 0x0, 0x0, 0xb, 0xff,
    0xff, 0xff, 0xff, 0xff, 0xff, 0xff, 0xff, 0xff,
    0xff, 0x50, 0x0, 0x0, 0x0, 0xaf, 0xff, 0xff,
    0xff, 0xff, 0xff, 0xff, 0xff, 0xff, 0xe4, 0x0,
    0x0, 0x0, 0x0, 0x5, 0xef, 0xff, 0xff, 0xff,
    0xff, 0xff, 0xff, 0xfa, 0x10, 0x0, 0x0, 0x0,
    0x0, 0x0, 0x7, 0xef, 0xff, 0xff, 0xff, 0xff,
    0xfa, 0x30, 0x0, 0x0, 0x0, 0x0, 0x0, 0x0,
    0x0, 0x3, 0x7a, 0xcd, 0xcb, 0x95, 0x10, 0x0,
    0x0, 0x0,

    /* U+F1AE "" */
    0x0, 0x0, 0x0, 0x0, 0x0, 0x34, 0x20, 0x0,
    0x0, 0x0, 0x0, 0x0, 0x0, 0x0, 0x0, 0x4,
    0xef, 0xff, 0xa0, 0x0, 0x0, 0x0, 0x0, 0x0,
    0x0, 0x0, 0x3, 0xff, 0xff, 0xff, 0xa0, 0x0,
    0x0, 0x0, 0x0, 0x0, 0x0, 0x0, 0xbf, 0xff,
    0xff, 0xff, 0x30, 0x0, 0x0, 0x0, 0x17, 0x60,
    0x0, 0xf, 0xff, 0xff, 0xff, 0xf6, 0x0, 0x3,
    0x84, 0xc, 0xff, 0xb0, 0x0, 0xef, 0xff, 0xff,
    0xff, 0x60, 0x4, 0xff, 0xf4, 0xff, 0xff, 0xb0,
    0xa, 0xff, 0xff, 0xff, 0xf2, 0x4, 0xff, 0xff,
    0x78, 0xff, 0xff, 0xb0, 0x2e, 0xff, 0xff, 0xf8,
    0x4, 0xff, 0xff, 0xe1, 0x9, 0xff, 0xff, 0xb0,
    0x2b, 0xff, 0xe6, 0x4, 0xff, 0xff, 0xe2, 0x0,
    0x9, 0xff, 0xff, 0xa0, 0x0, 0x10, 0x4, 0xff,
    0xff, 0xe2, 0x0, 0x0, 0x9, 0xff, 0xff, 0xff,
    0xff, 0xff, 0xff, 0xff, 0xe2, 0x0, 0x0, 0x0,
    0x9, 0xff, 0xff, 0xff, 0xff, 0xff, 0xff, 0xe2,
    0x0, 0x0, 0x0, 0x0, 0x9, 0xff, 0xff, 0xff,
    0xff, 0xff, 0xe2, 0x0, 0x0, 0x0, 0x0, 0x0,
    0xe, 0xff, 0xff, 0xff, 0xff, 0xf6, 0x0, 0x0,
    0x0, 0x0, 0x0, 0x0, 0xef, 0xff, 0xff, 0xff,
    0xff, 0x60, 0x0, 0x0, 0x0, 0x0, 0x0, 0xe,
    0xff, 0xff, 0xff, 0xff, 0xf6, 0x0, 0x0, 0x0,
    0x0, 0x0, 0x0, 0xef, 0xff, 0xff, 0xff, 0xff,
    0x60, 0x0, 0x0, 0x0, 0x0, 0x0, 0xe, 0xff,
    0xff, 0xff, 0xff, 0xf6, 0x0, 0x0, 0x0, 0x0,
    0x0, 0x0, 0xef, 0xff, 0xff, 0xff, 0xff, 0x60,
    0x0, 0x0, 0x0, 0x0, 0x0, 0xe, 0xff, 0xff,
    0xff, 0xff, 0xf6, 0x0, 0x0, 0x0, 0x0, 0x0,
    0x0, 0xef, 0xff, 0xff, 0xff, 0xff, 0x60, 0x0,
    0x0, 0x0, 0x0, 0x0, 0xe, 0xff, 0xff, 0xff,
    0xff, 0xf6, 0x0, 0x0, 0x0, 0x0, 0x0, 0x0,
    0xef, 0xff, 0xd7, 0xff, 0xff, 0x60, 0x0, 0x0,
    0x0, 0x0, 0x0, 0xe, 0xff, 0xfc, 0x4f, 0xff,
    0xf6, 0x0, 0x0, 0x0, 0x0, 0x0, 0x0, 0xef,
    0xff, 0xc4, 0xff, 0xff, 0x60, 0x0, 0x0, 0x0,
    0x0, 0x0, 0xe, 0xff, 0xfc, 0x4f, 0xff, 0xf6,
    0x0, 0x0, 0x0, 0x0, 0x0, 0x0, 0xef, 0xff,
    0xc4, 0xff, 0xff, 0x60, 0x0, 0x0, 0x0, 0x0,
    0x0, 0xe, 0xff, 0xfc, 0x4f, 0xff, 0xf6, 0x0,
    0x0, 0x0, 0x0, 0x0, 0x0, 0xef, 0xff, 0xc4,
    0xff, 0xff, 0x60, 0x0, 0x0, 0x0, 0x0, 0x0,
    0xb, 0xff, 0xf9, 0x2f, 0xff, 0xf3, 0x0, 0x0,
    0x0, 0x0, 0x0, 0x0, 0x19, 0xa8, 0x0, 0x4a,
    0xa5, 0x0, 0x0, 0x0, 0x0,

    /* U+F1E6 "" */
    0x0, 0x0, 0x3, 0x0, 0x0, 0x0, 0x0, 0x0,
    0x21, 0x0, 0x0, 0x0, 0x0, 0xc, 0xfe, 0x10,
    0x0, 0x0, 0x0, 0x8f, 0xf4, 0x0, 0x0, 0x0,
    0x3, 0xff, 0xf7, 0x0, 0x0, 0x0, 0xf, 0xff,
    0xb0, 0x0, 0x0, 0x0, 0x4f, 0xff, 0x80, 0x0,
    0x0, 0x0, 0xff, 0xfc, 0x0, 0x0, 0x0, 0x4,
    0xff, 0xf8, 0x0, 0x0, 0x0, 0xf, 0xff, 0xc0,
    0x0, 0x0, 0x0, 0x4f, 0xff, 0x80, 0x0, 0x0,
    0x0, 0xff, 0xfc, 0x0, 0x0, 0x0, 0x4, 0xff,
    0xf8, 0x0, 0x0, 0x0, 0xf, 0xff, 0xc0, 0x0,
    0x0, 0x0, 0x4f, 0xff, 0x80, 0x0, 0x0, 0x0,
    0xff, 0xfc, 0x0, 0x0, 0x0, 0x4, 0xff, 0xf8,
    0x0, 0x0, 0x0, 0xf, 0xff, 0xc0, 0x0, 0x0,
    0x0, 0x3, 0x33, 0x10, 0x0, 0x0, 0x0, 0x33,
    0x32, 0x0, 0x0, 0x9c, 0xcc, 0xcc, 0xcc, 0xcc,
    0xcc, 0xcc, 0xcc, 0xcc, 0xcc, 0xcc, 0x3f, 0xff,
    0xff, 0xff, 0xff, 0xff, 0xff, 0xff, 0xff, 0xff,
    0xff, 0xf7, 0xff, 0xff, 0xff, 0xff, 0xff, 0xff,
    0xff, 0xff, 0xff, 0xff, 0xff, 0x8c, 0xff, 0xff,
    0xff, 0xff, 0xff, 0xff, 0xff, 0xff, 0xff, 0xff,
    0xe4, 0x2, 0xff, 0xff, 0xff, 0xff, 0xff, 0xff,
    0xff, 0xff, 0xff, 0xa0, 0x0, 0x1f, 0xff, 0xff,
    0xff, 0xff, 0xff, 0xff, 0xff, 0xff, 0xf9, 0x0,
    0x1, 0xff, 0xff, 0xff, 0xff, 0xff, 0xff, 0xff,
    0xff, 0xff, 0x90, 0x0, 0xf, 0xff, 0xff, 0xff,
    0xff, 0xff, 0xff, 0xff, 0xff, 0xf7, 0x0, 0x0,
    0xbf, 0xff, 0xff, 0xff, 0xff, 0xff, 0xff, 0xff,
    0xff, 0x30, 0x0, 0x5, 0xff, 0xff, 0xff, 0xff,
    0xff, 0xff, 0xff, 0xff, 0xd0, 0x0, 0x0, 0xd,
    0xff, 0xff, 0xff, 0xff, 0xff, 0xff, 0xff, 0xf5,
    0x0, 0x0, 0x0, 0x3f, 0xff, 0xff, 0xff, 0xff,
    0xff, 0xff, 0xfa, 0x0, 0x0, 0x0, 0x0, 0x5f,
    0xff, 0xff, 0xff, 0xff, 0xff, 0xfc, 0x0, 0x0,
    0x0, 0x0, 0x0, 0x3e, 0xff, 0xff, 0xff, 0xff,
    0xf9, 0x0, 0x0, 0x0, 0x0, 0x0, 0x0, 0x6,
    0xcf, 0xff, 0xfe, 0x92, 0x0, 0x0, 0x0, 0x0,
    0x0, 0x0, 0x0, 0x0, 0xaf, 0xff, 0x20, 0x0,
    0x0, 0x0, 0x0, 0x0, 0x0, 0x0, 0x0, 0xa,
    0xff, 0xf2, 0x0, 0x0, 0x0, 0x0, 0x0, 0x0,
    0x0, 0x0, 0x0, 0xaf, 0xff, 0x20, 0x0, 0x0,
    0x0, 0x0, 0x0, 0x0, 0x0, 0x0, 0xa, 0xff,
    0xf2, 0x0, 0x0, 0x0, 0x0, 0x0, 0x0, 0x0,
    0x0, 0x0, 0xaf, 0xff, 0x20, 0x0, 0x0, 0x0,
    0x0, 0x0, 0x0, 0x0, 0x0, 0x8, 0xdd, 0xd1,
    0x0, 0x0, 0x0, 0x0, 0x0,

    /* U+F1EB "" */
    0x0, 0x0, 0x0, 0x0, 0x0, 0x0, 0x0, 0x0,
    0x0, 0x0, 0x0, 0x0, 0x0, 0x0, 0x0, 0x0,
    0x0, 0x0, 0x0, 0x0, 0x0, 0x0, 0x0, 0x0,
    0x0, 0x0, 0x3, 0x45, 0x65, 0x43, 0x10, 0x0,
    0x0, 0x0, 0x0, 0x0, 0x0, 0x0, 0x0, 0x0,
    0x0, 0x0, 0x0, 0x16, 0xad, 0xff, 0xff, 0xff,
    0xff, 0xfe, 0xc8, 0x30, 0x0, 0x0, 0x0, 0x0,
    0x0, 0x0, 0x0, 0x0, 0x0, 0x6c, 0xff, 0xff,
    0xff, 0xff, 0xff, 0xff, 0xff, 0xff, 0xfe, 0x92,
    0x0, 0x0, 0x0, 0x0, 0x0, 0x0, 0x0, 0x7e,
    0xff, 0xff, 0xff, 0xff, 0xff, 0xff, 0xff, 0xff,
    0xff, 0xff, 0xff, 0xb3, 0x0, 0x0, 0x0, 0x0,
    0x0, 0x5e, 0xff, 0xff, 0xff, 0xff, 0xff, 0xff,
    0xff, 0xff, 0xff, 0xff, 0xff, 0xff, 0xff, 0xa1,
    0x0, 0x0, 0x0, 0x1b, 0xff, 0xff, 0xff, 0xff,
    0xfe, 0xb8, 0x65, 0x55, 0x67, 0x9c, 0xff, 0xff,
    0xff, 0xff, 0xfe, 0x50, 0x0, 0x3, 0xef, 0xff,
    0xff, 0xff, 0xd7, 0x20, 0x0, 0x0, 0x0, 0x0,
    0x0, 0x5, 0xaf, 0xff, 0xff, 0xff, 0xf9, 0x0,
    0x5f, 0xff, 0xff, 0xff, 0xb4, 0x0, 0x0, 0x0,
    0x0, 0x0, 0x0, 0x0, 0x0, 0x1, 0x7f, 0xff,
    0xff, 0xff, 0xb1, 0xff, 0xff, 0xff, 0xd4, 0x0,
    0x0, 0x0, 0x0, 0x0, 0x0, 0x0, 0x0, 0x0,
    0x0, 0x1, 0x9f, 0xff, 0xff, 0xf7, 0x6f, 0xff,
    0xf9, 0x0, 0x0, 0x0, 0x0, 0x0, 0x0, 0x0,
    0x0, 0x0, 0x0, 0x0, 0x0, 0x4, 0xef, 0xff,
    0xc1, 0x6, 0xff, 0x60, 0x0, 0x0, 0x0, 0x3,
    0x8b, 0xdf, 0xff, 0xec, 0x96, 0x10, 0x0, 0x0,
    0x0, 0x1c, 0xfc, 0x10, 0x0, 0x43, 0x0, 0x0,
    0x0, 0x18, 0xef, 0xff, 0xff, 0xff, 0xff, 0xff,
    0xfb, 0x40, 0x0, 0x0, 0x0, 0x61, 0x0, 0x0,
    0x0, 0x0, 0x0, 0x7, 0xff, 0xff, 0xff, 0xff,
    0xff, 0xff, 0xff, 0xff, 0xfc, 0x20, 0x0, 0x0,
    0x0, 0x0, 0x0, 0x0, 0x0, 0x2, 0xcf, 0xff,
    0xff, 0xff, 0xff, 0xff, 0xff, 0xff, 0xff, 0xff,
    0xf7, 0x0, 0x0, 0x0, 0x0, 0x0, 0x0, 0x0,
    0x2e, 0xff, 0xff, 0xff, 0xff, 0xec, 0xbc, 0xdf,
    0xff, 0xff, 0xff, 0xff, 0x90, 0x0, 0x0, 0x0,
    0x0, 0x0, 0x0, 0x4f, 0xff, 0xff, 0xfc, 0x61,
    0x0, 0x0, 0x0, 0x48, 0xff, 0xff, 0xff, 0xc0,
    0x0, 0x0, 0x0, 0x0, 0x0, 0x0, 0x8, 0xff,
    0xfd, 0x40, 0x0, 0x0, 0x0, 0x0, 0x0, 0x18,
    0xff, 0xfe, 0x20, 0x0, 0x0, 0x0, 0x0, 0x0,
    0x0, 0x0, 0x7f, 0x90, 0x0, 0x0, 0x0, 0x0,
    0x0, 0x0, 0x0, 0x3e, 0xd2, 0x0, 0x0, 0x0,
    0x0, 0x0, 0x0, 0x0, 0x0, 0x1, 0x0, 0x0,
    0x0, 0x0, 0x0, 0x0, 0x0, 0x0, 0x0, 0x0,
    0x0, 0x0, 0x0, 0x0, 0x0, 0x0, 0x0, 0x0,
    0x0, 0x0, 0x0, 0x0, 0x6, 0x98, 0x30, 0x0,
    0x0, 0x0, 0x0, 0x0, 0x0, 0x0, 0x0, 0x0,
    0x0, 0x0, 0x0, 0x0, 0x0, 0x0, 0x1, 0xdf,
    0xff, 0xf6, 0x0, 0x0, 0x0, 0x0, 0x0, 0x0,
    0x0, 0x0, 0x0, 0x0, 0x0, 0x0, 0x0, 0x0,
    0x0, 0xa, 0xff, 0xff, 0xff, 0x20, 0x0, 0x0,
    0x0, 0x0, 0x0, 0x0, 0x0, 0x0, 0x0, 0x0,
    0x0, 0x0, 0x0, 0x0, 0xe, 0xff, 0xff, 0xff,
    0x60, 0x0, 0x0, 0x0, 0x0, 0x0, 0x0, 0x0,
    0x0, 0x0, 0x0, 0x0, 0x0, 0x0, 0x0, 0xf,
    0xff, 0xff, 0xff, 0x70, 0x0, 0x0, 0x0, 0x0,
    0x0, 0x0, 0x0, 0x0, 0x0, 0x0, 0x0, 0x0,
    0x0, 0x0, 0xb, 0xff, 0xff, 0xff, 0x30, 0x0,
    0x0, 0x0, 0x0, 0x0, 0x0, 0x0, 0x0, 0x0,
    0x0, 0x0, 0x0, 0x0, 0x0, 0x3, 0xff, 0xff,
    0xfa, 0x0, 0x0, 0x0, 0x0, 0x0, 0x0, 0x0,
    0x0, 0x0, 0x0, 0x0, 0x0, 0x0, 0x0, 0x0,
    0x0, 0x2a, 0xdc, 0x70, 0x0, 0x0, 0x0, 0x0,
    0x0, 0x0, 0x0, 0x0,

    /* U+F1F6 "" */
    0x0, 0x12, 0x0, 0x0, 0x0, 0x0, 0x0, 0x0,
    0x0, 0x3, 0x10, 0x0, 0x0, 0x0, 0x0, 0x0,
    0x0, 0x0, 0x0, 0x0, 0x1e, 0xf6, 0x0, 0x0,
    0x0, 0x0, 0x0, 0x0, 0xa, 0xff, 0x30, 0x0,
    0x0, 0x0, 0x0, 0x0, 0x0, 0x0, 0x0, 0xb,
    0xff, 0xfa, 0x0, 0x0, 0x0, 0x0, 0x0, 0x1,
    0xff, 0xf9, 0x0, 0x0, 0x0, 0x0, 0x0, 0x0,
    0x0, 0x0, 0x0, 0xef, 0xff, 0xfd, 0x20, 0x0,
    0x0, 0x0, 0x0, 0x2f, 0xff, 0xa0, 0x0, 0x0,
    0x0, 0x0, 0x0, 0x0, 0x0, 0x0, 0x1, 0xcf,
    0xff, 0xff, 0x50, 0x0, 0x0, 0x4, 0xbf, 0xff,
    0xff, 0xe8, 0x10, 0x0, 0x0, 0x0, 0x0, 0x0,
    0x0, 0x0, 0x0, 0x9f, 0xff, 0xff, 0x80, 0x0,
    0x1b, 0xff, 0xff, 0xff, 0xff, 0xff, 0x60, 0x0,
    0x0, 0x0, 0x0, 0x0, 0x0, 0x0, 0x0, 0x5f,
    0xff, 0xff, 0xc1, 0x1d, 0xff, 0xff, 0xff, 0xff,
    0xff, 0xff, 0x80, 0x0, 0x0, 0x0, 0x0, 0x0,
    0x0, 0x0, 0x0, 0x2d, 0xff, 0xff, 0xed, 0xff,
    0xff, 0xff, 0xff, 0xff, 0xff, 0xff, 0x50, 0x0,
    0x0, 0x0, 0x0, 0x0, 0x0, 0x0, 0x0, 0xa,
    0xff, 0xff, 0xff, 0xff, 0xff, 0xff, 0xff, 0xff,
    0xff, 0xfe, 0x10, 0x0, 0x0, 0x0, 0x0, 0x0,
    0x0, 0x0, 0x0, 0x6, 0xff, 0xff, 0xff, 0xff,
    0xff, 0xff, 0xff, 0xff, 0xff, 0xf7, 0x0, 0x0,
    0x0, 0x0, 0x0, 0x0, 0x0, 0x0, 0x0, 0x3,
    0xef, 0xff, 0xff, 0xff, 0xff, 0xff, 0xff, 0xff,
    0xff, 0xc0, 0x0, 0x0, 0x0, 0x0, 0x0, 0x0,
    0x0, 0x0, 0x0, 0x1, 0xbf, 0xff, 0xff, 0xff,
    0xff, 0xff, 0xff, 0xff, 0xff, 0x0, 0x0, 0x0,
    0x0, 0x0, 0x0, 0x0, 0x0, 0x0, 0x0, 0x0,
    0x8f, 0xff, 0xff, 0xff, 0xff, 0xff, 0xff, 0xff,
    0xf1, 0x0, 0x0, 0x0, 0x0, 0x0, 0x0, 0x0,
    0x0, 0x0, 0x0, 0x0, 0x4e, 0xff, 0xff, 0xff,
    0xff, 0xff, 0xff, 0xff, 0x20, 0x0, 0x0, 0x0,
    0x0, 0x0, 0x0, 0x0, 0x0, 0x0, 0x0, 0x0,
    0x2c, 0xff, 0xff, 0xff, 0xff, 0xff, 0xff, 0xf3,
    0x0, 0x0, 0x0, 0x0, 0x0, 0x0, 0x0, 0x0,
    0x0, 0x2, 0x0, 0x0, 0x9, 0xff, 0xff, 0xff,
    0xff, 0xff, 0xff, 0x40, 0x0, 0x0, 0x0, 0x0,
    0x0, 0x0, 0x0, 0x0, 0x0, 0xf7, 0x0, 0x0,
    0x6, 0xff, 0xff, 0xff, 0xff, 0xff, 0xf8, 0x0,
    0x0, 0x0, 0x0, 0x0, 0x0, 0x0, 0x0, 0x0,
    0x3f, 0xfb, 0x10, 0x0, 0x3, 0xdf, 0xff, 0xff,
    0xff, 0xff, 0xb0, 0x0, 0x0, 0x0, 0x0, 0x0,
    0x0, 0x0, 0x0, 0x9, 0xff, 0xfd, 0x30, 0x0,
    0x1, 0xbf, 0xff, 0xff, 0xff, 0xff, 0x10, 0x0,
    0x0, 0x0, 0x0, 0x0, 0x0, 0x0, 0x1, 0xff,
    0xff, 0xff, 0x60, 0x0, 0x0, 0x7f, 0xff, 0xff,
    0xff, 0xf7, 0x0, 0x0, 0x0, 0x0, 0x0, 0x0,
    0x0, 0x0, 0x9f, 0xff, 0xff, 0xff, 0xa0, 0x0,
    0x0, 0x4e, 0xff, 0xff, 0xff, 0xf2, 0x0, 0x0,
    0x0, 0x0, 0x0, 0x0, 0x0, 0x6f, 0xff, 0xff,
    0xff, 0xff, 0xd2, 0x0, 0x0, 0x1c, 0xff, 0xff,
    0xff, 0xd1, 0x0, 0x0, 0x0, 0x0, 0x0, 0x0,
    0x2f, 0xff, 0xff, 0xff, 0xff, 0xff, 0xf5, 0x0,
    0x0, 0x9, 0xff, 0xff, 0xff, 0xa0, 0x0, 0x0,
    0x0, 0x0, 0x0, 0x4, 0xff, 0xff, 0xff, 0xff,
    0xff, 0xff, 0xf8, 0x0, 0x0, 0x5, 0xff, 0xff,
    0xfe, 0x10, 0x0, 0x0, 0x0, 0x0, 0x0, 0xc,
    0xff, 0xff, 0xff, 0xff, 0xff, 0xff, 0xfc, 0x10,
    0x0, 0x2, 0xdf, 0xff, 0xfe, 0x30, 0x0, 0x0,
    0x0, 0x0, 0x0, 0x1, 0x22, 0x22, 0x22, 0x22,
    0x22, 0x22, 0x21, 0x0, 0x0, 0x0, 0xaf, 0xff,
    0xff, 0x70, 0x0, 0x0, 0x0, 0x0, 0x0, 0x0,
    0x0, 0x0, 0x0, 0x0, 0x0, 0x0, 0x0, 0x0,
    0x0, 0x0, 0x7f, 0xff, 0xff, 0xa0, 0x0, 0x0,
    0x0, 0x0, 0x0, 0x0, 0x0, 0x0, 0xf, 0xff,
    0xff, 0xff, 0x60, 0x0, 0x0, 0x0, 0x3e, 0xff,
    0xff, 0xd2, 0x0, 0x0, 0x0, 0x0, 0x0, 0x0,
    0x0, 0x0, 0xaf, 0xff, 0xff, 0xf2, 0x0, 0x0,
    0x0, 0x0, 0x1b, 0xff, 0xff, 0x70, 0x0, 0x0,
    0x0, 0x0, 0x0, 0x0, 0x0, 0x1, 0xef, 0xff,
    0xf7, 0x0, 0x0, 0x0, 0x0, 0x0, 0x8, 0xff,
    0xd0, 0x0, 0x0, 0x0, 0x0, 0x0, 0x0, 0x0,
    0x0, 0x1, 0x8b, 0xa4, 0x0, 0x0, 0x0, 0x0,
    0x0, 0x0, 0x4, 0xb2, 0x0, 0x0, 0x0, 0x0,
    0x0, 0x0, 0x0, 0x0, 0x0, 0x0, 0x0, 0x0,
    0x0, 0x0, 0x0, 0x0, 0x0, 0x0, 0x0, 0x0,

    /* U+F1FC "" */
    0x0, 0x0, 0x0, 0x0, 0x0, 0x0, 0x0, 0x0,
    0x0, 0x0, 0x0, 0x0, 0x0, 0x10, 0x0, 0x0,
    0x0, 0x0, 0x0, 0x0, 0x0, 0x0, 0x0, 0x0,
    0x0, 0x0, 0x0, 0x3c, 0xff, 0xa0, 0x0, 0x0,
    0x0, 0x0, 0x0, 0x0, 0x0, 0x0, 0x0, 0x0,
    0x0, 0x5, 0xff, 0xff, 0xfa, 0x0, 0x0, 0x0,
    0x0, 0x0, 0x0, 0x0, 0x0, 0x0, 0x0, 0x0,
    0x6f, 0xff, 0xff, 0xfe, 0x0, 0x0, 0x0, 0x0,
    0x0, 0x0, 0x0, 0x0, 0x0, 0x0, 0x8, 0xff,
    0xff, 0xff, 0xfe, 0x0, 0x0, 0x0, 0x0, 0x0,
    0x0, 0x0, 0x0, 0x0, 0x0, 0xaf, 0xff, 0xff,
    0xff, 0xf9, 0x0, 0x0, 0x0, 0x0, 0x0, 0x0,
    0x0, 0x0, 0x0, 0x1b, 0xff, 0xff, 0xff, 0xff,
    0xf2, 0x0, 0x0, 0x0, 0x0, 0x0, 0x0, 0x0,
    0x0, 0x2, 0xdf, 0xff, 0xff, 0xff, 0xff, 0xa0,
    0x0, 0x0, 0x0, 0x0, 0x0, 0x0, 0x0, 0x0,
    0x3e, 0xff, 0xff, 0xff, 0xff, 0xff, 0x10, 0x0,
    0x0, 0x0, 0x0, 0x0, 0x0, 0x0, 0x4, 0xff,
    0xff, 0xff, 0xff, 0xff, 0xf8, 0x0, 0x0, 0x0,
    0x0, 0x0, 0x0, 0x0, 0x0, 0x6f, 0xff, 0xff,
    0xff, 0xff, 0xff, 0xe1, 0x0, 0x0, 0x0, 0x0,
    0x0, 0x0, 0x0, 0x6, 0xff, 0xff, 0xff, 0xff,
    0xff, 0xff, 0x60, 0x0, 0x0, 0x0, 0x0, 0x0,
    0x0, 0x0, 0x6f, 0xff, 0xff, 0xff, 0xff, 0xff,
    0xfd, 0x0, 0x0, 0x0, 0x0, 0x0, 0x0, 0x0,
    0x2, 0xff, 0xff, 0xff, 0xff, 0xff, 0xff, 0xf4,
    0x0, 0x0, 0x0, 0x0, 0x0, 0x0, 0x0, 0x9,
    0xff, 0xff, 0xff, 0xff, 0xff, 0xff, 0xa0, 0x0,
    0x0, 0x0, 0x0, 0x0, 0x0, 0x0, 0xb, 0xff,
    0xff, 0xff, 0xff, 0xff, 0xff, 0x10, 0x0, 0x0,
    0x0, 0x0, 0x0, 0x0, 0x0, 0xa, 0xff, 0xff,
    0xff, 0xff, 0xff, 0xf6, 0x0, 0x0, 0x0, 0x0,
    0x0, 0x0, 0x0, 0x0, 0x7, 0xff, 0xff, 0xff,
    0xff, 0xff, 0xb0, 0x0, 0x0, 0x0, 0x0, 0x0,
    0x0, 0x0, 0x0, 0x1, 0xcf, 0xff, 0xff, 0xff,
    0xfd, 0x10, 0x0, 0x0, 0x0, 0x0, 0x0, 0x0,
    0x7, 0xcf, 0x60, 0xa, 0xff, 0xff, 0xff, 0xe2,
    0x0, 0x0, 0x0, 0x0, 0x0, 0x0, 0x2, 0xef,
    0xff, 0xf9, 0x0, 0x7f, 0xff, 0xfb, 0x10, 0x0,
    0x0, 0x0, 0x0, 0x0, 0x0, 0xe, 0xff, 0xff,
    0xff, 0xb1, 0x3, 0x76, 0x20, 0x0, 0x0, 0x0,
    0x0, 0x0, 0xc2, 0x0, 0x8f, 0xff, 0xff, 0xff,
    0xfd, 0x20, 0x0, 0x0, 0x0, 0x0, 0x0, 0x0,
    0x0, 0xef, 0x74, 0xff, 0xff, 0xff, 0xff, 0xff,
    0xe0, 0x0, 0x0, 0x0, 0x0, 0x0, 0x0, 0x0,
    0xbf, 0xff, 0xff, 0xff, 0xff, 0xff, 0xff, 0xf0,
    0x0, 0x0, 0x0, 0x0, 0x0, 0x0, 0x0, 0x7f,
    0xff, 0xff, 0xff, 0xff, 0xff, 0xff, 0xd0, 0x0,
    0x0, 0x0, 0x0, 0x0, 0x0, 0x0, 0x1f, 0xff,
    0xff, 0xff, 0xff, 0xff, 0xff, 0x80, 0x0, 0x0,
    0x0, 0x0, 0x0, 0x0, 0x0, 0x9, 0xff, 0xff,
    0xff, 0xff, 0xff, 0xff, 0x10, 0x0, 0x0, 0x0,
    0x0, 0x0, 0x0, 0x0, 0x1, 0xdf, 0xff, 0xff,
    0xff, 0xff, 0xf6, 0x0, 0x0, 0x0, 0x0, 0x0,
    0x0, 0x0, 0x0, 0x0, 0x1c, 0xff, 0xff, 0xff,
    0xfe, 0x50, 0x0, 0x0, 0x0, 0x0, 0x0, 0x0,
    0x0, 0x0, 0x0, 0x0, 0x49, 0xcd, 0xca, 0x60,
    0x0, 0x0, 0x0, 0x0, 0x0, 0x0, 0x0, 0x0,
    0x0,

    /* U+F236 "" */
    0x58, 0x73, 0x0, 0x0, 0x0, 0x0, 0x0, 0x0,
    0x0, 0x0, 0x0, 0x0, 0x0, 0x0, 0x0, 0x0,
    0x0, 0x0, 0x0, 0xff, 0xfb, 0x0, 0x0, 0x0,
    0x0, 0x0, 0x0, 0x0, 0x0, 0x0, 0x0, 0x0,
    0x0, 0x0, 0x0, 0x0, 0x0, 0x0, 0xff, 0xfc,
    0x0, 0x0, 0x38, 0x97, 0x10, 0x0, 0x0, 0x0,
    0x0, 0x0, 0x0, 0x0, 0x0, 0x0, 0x0, 0x0,
    0x0, 0xff, 0xfc, 0x0, 0xa, 0xff, 0xff, 0xf5,
    0x0, 0x0, 0x0, 0x0, 0x0, 0x0, 0x0, 0x0,
    0x0, 0x0, 0x0, 0x0, 0xff, 0xfc, 0x0, 0x9f,
    0xff, 0xff, 0xff, 0x30, 0xa, 0xcc, 0xcc, 0xcc,
    0xcc, 0xcc, 0xcc, 0xcb, 0x94, 0x0, 0x0, 0xff,
    0xfc, 0x1, 0xff, 0xff, 0xff, 0xff, 0xb0, 0x1f,
    0xff, 0xff, 0xff, 0xff, 0xff, 0xff, 0xff, 0xff,
    0xc1, 0x0, 0xff, 0xfc, 0x5, 0xff, 0xff, 0xff,
    0xff, 0xf0, 0x1f, 0xff, 0xff, 0xff, 0xff, 0xff,
    0xff, 0xff, 0xff, 0xfe, 0x10, 0xff, 0xfc, 0x5,
    0xff, 0xff, 0xff, 0xff, 0xf0, 0x1f, 0xff, 0xff,
    0xff, 0xff, 0xff, 0xff, 0xff, 0xff, 0xff, 0xb0,
    0xff, 0xfc, 0x2, 0xff, 0xff, 0xff, 0xff, 0xc0,
    0x1f, 0xff, 0xff, 0xff, 0xff, 0xff, 0xff, 0xff,
    0xff, 0xff, 0xf3, 0xff, 0xfc, 0x0, 0xaf, 0xff,
    0xff, 0xff, 0x40, 0x1f, 0xff, 0xff, 0xff, 0xff,
    0xff, 0xff, 0xff, 0xff, 0xff, 0xf8, 0xff, 0xfc,
    0x0, 0xc, 0xff, 0xff, 0xf7, 0x0, 0x1f, 0xff,
    0xff, 0xff, 0xff, 0xff, 0xff, 0xff, 0xff, 0xff,
    0xfa, 0xff, 0xfc, 0x0, 0x0, 0x5a, 0xb9, 0x30,
    0x0, 0x1f, 0xff, 0xff, 0xff, 0xff, 0xff, 0xff,
    0xff, 0xff, 0xff, 0xfa, 0xff, 0xfc, 0x0, 0x0,
    0x0, 0x0, 0x0, 0x0, 0x1f, 0xff, 0xff, 0xff,
    0xff, 0xff, 0xff, 0xff, 0xff, 0xff, 0xfa, 0xff,
    0xfd, 0x66, 0x66, 0x66, 0x66, 0x66, 0x66, 0x7f,
    0xff, 0xff, 0xff, 0xff, 0xff, 0xff, 0xff, 0xff,
    0xff, 0xfa, 0xff, 0xff, 0xff, 0xff, 0xff, 0xff,
    0xff, 0xff, 0xff, 0xff, 0xff, 0xff, 0xff, 0xff,
    0xff, 0xff, 0xff, 0xff, 0xfa, 0xff, 0xff, 0xff,
    0xff, 0xff, 0xff, 0xff, 0xff, 0xff, 0xff, 0xff,
    0xff, 0xff, 0xff, 0xff, 0xff, 0xff, 0xff, 0xfa,
    0xff, 0xff, 0xff, 0xff, 0xff, 0xff, 0xff, 0xff,
    0xff, 0xff, 0xff, 0xff, 0xff, 0xff, 0xff, 0xff,
    0xff, 0xff, 0xfa, 0xff, 0xff, 0xff, 0xff, 0xff,
    0xff, 0xff, 0xff, 0xff, 0xff, 0xff, 0xff, 0xff,
    0xff, 0xff, 0xff, 0xff, 0xff, 0xfa, 0xff, 0xff,
    0xff, 0xff, 0xff, 0xff, 0xff, 0xff, 0xff, 0xff,
    0xff, 0xff, 0xff, 0xff, 0xff, 0xff, 0xff, 0xff,
    0xfa, 0xff, 0xfd, 0x44, 0x44, 0x44, 0x44, 0x44,
    0x44, 0x44, 0x44, 0x44, 0x44, 0x44, 0x44, 0x44,
    0x44, 0x44, 0xff, 0xfa, 0xff, 0xfc, 0x0, 0x0,
    0x0, 0x0, 0x0, 0x0, 0x0, 0x0, 0x0, 0x0,
    0x0, 0x0, 0x0, 0x0, 0x1, 0xff, 0xfa, 0xff,
    0xfc, 0x0, 0x0, 0x0, 0x0, 0x0, 0x0, 0x0,
    0x0, 0x0, 0x0, 0x0, 0x0, 0x0, 0x0, 0x1,
    0xff, 0xfa, 0xcf, 0xf8, 0x0, 0x0, 0x0, 0x0,
    0x0, 0x0, 0x0, 0x0, 0x0, 0x0, 0x0, 0x0,
    0x0, 0x0, 0x0, 0xdf, 0xf7,

    /* U+F240 "" */
    0x5, 0xab, 0xbb, 0xbb, 0xbb, 0xbb, 0xbb, 0xbb,
    0xbb, 0xbb, 0xbb, 0xbb, 0xbb, 0xbb, 0xbb, 0xbb,
    0xb9, 0x30, 0x0, 0x6f, 0xff, 0xff, 0xff, 0xff,
    0xff, 0xff, 0xff, 0xff, 0xff, 0xff, 0xff, 0xff,
    0xff, 0xff, 0xff, 0xff, 0xf3, 0x0, 0xef, 0xff,
    0xff, 0xff, 0xff, 0xff, 0xff, 0xff, 0xff, 0xff,
    0xff, 0xff, 0xff, 0xff, 0xff, 0xff, 0xff, 0xfa,
    0x0, 0xff, 0xff, 0xff, 0xff, 0xff, 0xff, 0xff,
    0xff, 0xff, 0xff, 0xff, 0xff, 0xff, 0xff, 0xff,
    0xff, 0xff, 0xfc, 0x0, 0xff, 0xfc, 0x0, 0x0,
    0x0, 0x0, 0x0, 0x0, 0x0, 0x0, 0x0, 0x0,
    0x0, 0x0, 0x0, 0x0, 0xff, 0xff, 0xe4, 0xff,
    0xfc, 0x0, 0x0, 0x0, 0x0, 0x0, 0x0, 0x0,
    0x0, 0x0, 0x0, 0x0, 0x0, 0x0, 0x0, 0xff,
    0xff, 0xfa, 0xff, 0xfc, 0x6, 0xff, 0xff, 0xff,
    0xff, 0xff, 0xff, 0xff, 0xff, 0xff, 0xff, 0xff,
    0xff, 0x0, 0xff, 0xff, 0xfa, 0xff, 0xfc, 0x6,
    0xff, 0xff, 0xff, 0xff, 0xff, 0xff, 0xff, 0xff,
    0xff, 0xff, 0xff, 0xff, 0x0, 0xcd, 0xff, 0xfa,
    0xff, 0xfc, 0x6, 0xff, 0xff, 0xff, 0xff, 0xff,
    0xff, 0xff, 0xff, 0xff, 0xff, 0xff, 0xff, 0x0,
    0x1, 0xff, 0xfa, 0xff, 0xfc, 0x6, 0xff, 0xff,
    0xff, 0xff, 0xff, 0xff, 0xff, 0xff, 0xff, 0xff,
    0xff, 0xff, 0x0, 0x1, 0xff, 0xfa, 0xff, 0xfc,
    0x6, 0xff, 0xff, 0xff, 0xff, 0xff, 0xff, 0xff,
    0xff, 0xff, 0xff, 0xff, 0xff, 0x0, 0x1, 0xff,
    0xfa, 0xff, 0xfc, 0x6, 0xff, 0xff, 0xff, 0xff,
    0xff, 0xff, 0xff, 0xff, 0xff, 0xff, 0xff, 0xff,
    0x0, 0x67, 0xff, 0xfa, 0xff, 0xfc, 0x6, 0xff,
    0xff, 0xff, 0xff, 0xff, 0xff, 0xff, 0xff, 0xff,
    0xff, 0xff, 0xff, 0x0, 0xff, 0xff, 0xfa, 0xff,
    0xfc, 0x3, 0x88, 0x88, 0x88, 0x88, 0x88, 0x88,
    0x88, 0x88, 0x88, 0x88, 0x88, 0x88, 0x0, 0xff,
    0xff, 0xfa, 0xff, 0xfc, 0x0, 0x0, 0x0, 0x0,
    0x0, 0x0, 0x0, 0x0, 0x0, 0x0, 0x0, 0x0,
    0x0, 0x0, 0xff, 0xff, 0xf7, 0xff, 0xfe, 0xbb,
    0xbb, 0xbb, 0xbb, 0xbb, 0xbb, 0xbb, 0xbb, 0xbb,
    0xbb, 0xbb, 0xbb, 0xbb, 0xbb, 0xff, 0xfd, 0x30,
    0xff, 0xff, 0xff, 0xff, 0xff, 0xff, 0xff, 0xff,
    0xff, 0xff, 0xff, 0xff, 0xff, 0xff, 0xff, 0xff,
    0xff, 0xfb, 0x0, 0xaf, 0xff, 0xff, 0xff, 0xff,
    0xff, 0xff, 0xff, 0xff, 0xff, 0xff, 0xff, 0xff,
    0xff, 0xff, 0xff, 0xff, 0xf7, 0x0, 0x1a, 0xff,
    0xff, 0xff, 0xff, 0xff, 0xff, 0xff, 0xff, 0xff,
    0xff, 0xff, 0xff, 0xff, 0xff, 0xff, 0xff, 0x80,
    0x0, 0x0, 0x0, 0x0, 0x0, 0x0, 0x0, 0x0,
    0x0, 0x0, 0x0, 0x0, 0x0, 0x0, 0x0, 0x0,
    0x0, 0x0, 0x0, 0x0,

    /* U+F241 "" */
    0x5, 0xab, 0xbb, 0xbb, 0xbb, 0xbb, 0xbb, 0xbb,
    0xbb, 0xbb, 0xbb, 0xbb, 0xbb, 0xbb, 0xbb, 0xbb,
    0xb9, 0x30, 0x0, 0x6f, 0xff, 0xff, 0xff, 0xff,
    0xff, 0xff, 0xff, 0xff, 0xff, 0xff, 0xff, 0xff,
    0xff, 0xff, 0xff, 0xff, 0xf3, 0x0, 0xef, 0xff,
    0xff, 0xff, 0xff, 0xff, 0xff, 0xff, 0xff, 0xff,
    0xff, 0xff, 0xff, 0xff, 0xff, 0xff, 0xff, 0xfa,
    0x0, 0xff, 0xff, 0xff, 0xff, 0xff, 0xff, 0xff,
    0xff, 0xff, 0xff, 0xff, 0xff, 0xff, 0xff, 0xff,
    0xff, 0xff, 0xfc, 0x0, 0xff, 0xfc, 0x0, 0x0,
    0x0, 0x0, 0x0, 0x0, 0x0, 0x0, 0x0, 0x0,
    0x0, 0x0, 0x0, 0x0, 0xff, 0xff, 0xe4, 0xff,
    0xfc, 0x0, 0x0, 0x0, 0x0, 0x0, 0x0, 0x0,
    0x0, 0x0, 0x0, 0x0, 0x0, 0x0, 0x0, 0xff,
    0xff, 0xfa, 0xff, 0xfc, 0x2, 0xff, 0xff, 0xff,
    0xff, 0xff, 0xff, 0xff, 0xff, 0xff, 0x90, 0x0,
    0x0, 0x0, 0xff, 0xff, 0xfa, 0xff, 0xfc, 0x2,
    0xff, 0xff, 0xff, 0xff, 0xff, 0xff, 0xff, 0xff,
    0xff, 0x90, 0x0, 0x0, 0x0, 0xcd, 0xff, 0xfa,
    0xff, 0xfc, 0x2, 0xff, 0xff, 0xff, 0xff, 0xff,
    0xff, 0xff, 0xff, 0xff, 0x90, 0x0, 0x0, 0x0,
    0x1, 0xff, 0xfa, 0xff, 0xfc, 0x2, 0xff, 0xff,
    0xff, 0xff, 0xff, 0xff, 0xff, 0xff, 0xff, 0x90,
    0x0, 0x0, 0x0, 0x1, 0xff, 0xfa, 0xff, 0xfc,
    0x2, 0xff, 0xff, 0xff, 0xff, 0xff, 0xff, 0xff,
    0xff, 0xff, 0x90, 0x0, 0x0, 0x0, 0x1, 0xff,
    0xfa, 0xff, 0xfc, 0x2, 0xff, 0xff, 0xff, 0xff,
    0xff, 0xff, 0xff, 0xff, 0xff, 0x90, 0x0, 0x0,
    0x0, 0x67, 0xff, 0xfa, 0xff, 0xfc, 0x2, 0xff,
    0xff, 0xff, 0xff, 0xff, 0xff, 0xff, 0xff, 0xff,
    0x90, 0x0, 0x0, 0x0, 0xff, 0xff, 0xfa, 0xff,
    0xfc, 0x1, 0x88, 0x88, 0x88, 0x88, 0x88, 0x88,
    0x88, 0x88, 0x88, 0x40, 0x0, 0x0, 0x0, 0xff,
    0xff, 0xfa, 0xff, 0xfc, 0x0, 0x0, 0x0, 0x0,
    0x0, 0x0, 0x0, 0x0, 0x0, 0x0, 0x0, 0x0,
    0x0, 0x0, 0xff, 0xff, 0xf7, 0xff, 0xfe, 0xbb,
    0xbb, 0xbb, 0xbb, 0xbb, 0xbb, 0xbb, 0xbb, 0xbb,
    0xbb, 0xbb, 0xbb, 0xbb, 0xbb, 0xff, 0xfd, 0x30,
    0xff, 0xff, 0xff, 0xff, 0xff, 0xff, 0xff, 0xff,
    0xff, 0xff, 0xff, 0xff, 0xff, 0xff, 0xff, 0xff,
    0xff, 0xfb, 0x0, 0xaf, 0xff, 0xff, 0xff, 0xff,
    0xff, 0xff, 0xff, 0xff, 0xff, 0xff, 0xff, 0xff,
    0xff, 0xff, 0xff, 0xff, 0xf7, 0x0, 0x1a, 0xff,
    0xff, 0xff, 0xff, 0xff, 0xff, 0xff, 0xff, 0xff,
    0xff, 0xff, 0xff, 0xff, 0xff, 0xff, 0xff, 0x80,
    0x0, 0x0, 0x0, 0x0, 0x0, 0x0, 0x0, 0x0,
    0x0, 0x0, 0x0, 0x0, 0x0, 0x0, 0x0, 0x0,
    0x0, 0x0, 0x0, 0x0,

    /* U+F242 "" */
    0x5, 0xab, 0xbb, 0xbb, 0xbb, 0xbb, 0xbb, 0xbb,
    0xbb, 0xbb, 0xbb, 0xbb, 0xbb, 0xbb, 0xbb, 0xbb,
    0xb9, 0x30, 0x0, 0x6f, 0xff, 0xff, 0xff, 0xff,
    0xff, 0xff, 0xff, 0xff, 0xff, 0xff, 0xff, 0xff,
    0xff, 0xff, 0xff, 0xff, 0xf3, 0x0, 0xef, 0xff,
    0xff, 0xff, 0xff, 0xff, 0xff, 0xff, 0xff, 0xff,
    0xff, 0xff, 0xff, 0xff, 0xff, 0xff, 0xff, 0xfa,
    0x0, 0xff, 0xff, 0xff, 0xff, 0xff, 0xff, 0xff,
    0xff, 0xff, 0xff, 0xff, 0xff, 0xff, 0xff, 0xff,
    0xff, 0xff, 0xfc, 0x0, 0xff, 0xfc, 0x0, 0x0,
    0x0, 0x0, 0x0, 0x0, 0x0, 0x0, 0x0, 0x0,
    0x0, 0x0, 0x0, 0x0, 0xff, 0xff, 0xe4, 0xff,
    0xfc, 0x0, 0x0, 0x0, 0x0, 0x0, 0x0, 0x0,
    0x0, 0x0, 0x0, 0x0, 0x0, 0x0, 0x0, 0xff,
    0xff, 0xfa, 0xff, 0xfc, 0x3, 0xff, 0xff, 0xff,
    0xff, 0xff, 0xff, 0xe0, 0x0, 0x0, 0x0, 0x0,
    0x0, 0x0, 0xff, 0xff, 0xfa, 0xff, 0xfc, 0x3,
    0xff, 0xff, 0xff, 0xff, 0xff, 0xff, 0xe0, 0x0,
    0x0, 0x0, 0x0, 0x0, 0x0, 0xcd, 0xff, 0xfa,
    0xff, 0xfc, 0x3, 0xff, 0xff, 0xff, 0xff, 0xff,
    0xff, 0xe0, 0x0, 0x0, 0x0, 0x0, 0x0, 0x0,
    0x1, 0xff, 0xfa, 0xff, 0xfc, 0x3, 0xff, 0xff,
    0xff, 0xff, 0xff, 0xff, 0xe0, 0x0, 0x0, 0x0,
    0x0, 0x0, 0x0, 0x1, 0xff, 0xfa, 0xff, 0xfc,
    0x3, 0xff, 0xff, 0xff, 0xff, 0xff, 0xff, 0xe0,
    0x0, 0x0, 0x0, 0x0, 0x0, 0x0, 0x1, 0xff,
    0xfa, 0xff, 0xfc, 0x3, 0xff, 0xff, 0xff, 0xff,
    0xff, 0xff, 0xe0, 0x0, 0x0, 0x0, 0x0, 0x0,
    0x0, 0x67, 0xff, 0xfa, 0xff, 0xfc, 0x3, 0xff,
    0xff, 0xff, 0xff, 0xff, 0xff, 0xe0, 0x0, 0x0,
    0x0, 0x0, 0x0, 0x0, 0xff, 0xff, 0xfa, 0xff,
    0xfc, 0x1, 0x88, 0x88, 0x88, 0x88, 0x88, 0x88,
    0x70, 0x0, 0x0, 0x0, 0x0, 0x0, 0x0, 0xff,
    0xff, 0xfa, 0xff, 0xfc, 0x0, 0x0, 0x0, 0x0,
    0x0, 0x0, 0x0, 0x0, 0x0, 0x0, 0x0, 0x0,
    0x0, 0x0, 0xff, 0xff, 0xf7, 0xff, 0xfe, 0xbb,
    0xbb, 0xbb, 0xbb, 0xbb, 0xbb, 0xbb, 0xbb, 0xbb,
    0xbb, 0xbb, 0xbb, 0xbb, 0xbb, 0xff, 0xfd, 0x30,
    0xff, 0xff, 0xff, 0xff, 0xff, 0xff, 0xff, 0xff,
    0xff, 0xff, 0xff, 0xff, 0xff, 0xff, 0xff, 0xff,
    0xff, 0xfb, 0x0, 0xaf, 0xff, 0xff, 0xff, 0xff,
    0xff, 0xff, 0xff, 0xff, 0xff, 0xff, 0xff, 0xff,
    0xff, 0xff, 0xff, 0xff, 0xf7, 0x0, 0x1a, 0xff,
    0xff, 0xff, 0xff, 0xff, 0xff, 0xff, 0xff, 0xff,
    0xff, 0xff, 0xff, 0xff, 0xff, 0xff, 0xff, 0x80,
    0x0, 0x0, 0x0, 0x0, 0x0, 0x0, 0x0, 0x0,
    0x0, 0x0, 0x0, 0x0, 0x0, 0x0, 0x0, 0x0,
    0x0, 0x0, 0x0, 0x0,

    /* U+F243 "" */
    0x5, 0xab, 0xbb, 0xbb, 0xbb, 0xbb, 0xbb, 0xbb,
    0xbb, 0xbb, 0xbb, 0xbb, 0xbb, 0xbb, 0xbb, 0xbb,
    0xb9, 0x30, 0x0, 0x6f, 0xff, 0xff, 0xff, 0xff,
    0xff, 0xff, 0xff, 0xff, 0xff, 0xff, 0xff, 0xff,
    0xff, 0xff, 0xff, 0xff, 0xf3, 0x0, 0xef, 0xff,
    0xff, 0xff, 0xff, 0xff, 0xff, 0xff, 0xff, 0xff,
    0xff, 0xff, 0xff, 0xff, 0xff, 0xff, 0xff, 0xfa,
    0x0, 0xff, 0xff, 0xff, 0xff, 0xff, 0xff, 0xff,
    0xff, 0xff, 0xff, 0xff, 0xff, 0xff, 0xff, 0xff,
    0xff, 0xff, 0xfc, 0x0, 0xff, 0xfc, 0x0, 0x0,
    0x0, 0x0, 0x0, 0x0, 0x0, 0x0, 0x0, 0x0,
    0x0, 0x0, 0x0, 0x0, 0xff, 0xff, 0xe4, 0xff,
    0xfc, 0x0, 0x0, 0x0, 0x0, 0x0, 0x0, 0x0,
    0x0, 0x0, 0x0, 0x0, 0x0, 0x0, 0x0, 0xff,
    0xff, 0xfa, 0xff, 0xfc, 0x6, 0xff, 0xff, 0xff,
    0xf1, 0x0, 0x0, 0x0, 0x0, 0x0, 0x0, 0x0,
    0x0, 0x0, 0xff, 0xff, 0xfa, 0xff, 0xfc, 0x6,
    0xff, 0xff, 0xff, 0xf1, 0x0, 0x0, 0x0, 0x0,
    0x0, 0x0, 0x0, 0x0, 0x0, 0xcd, 0xff, 0xfa,
    0xff, 0xfc, 0x6, 0xff, 0xff, 0xff, 0xf1, 0x0,
    0x0, 0x0, 0x0, 0x0, 0x0, 0x0, 0x0, 0x0,
    0x1, 0xff, 0xfa, 0xff, 0xfc, 0x6, 0xff, 0xff,
    0xff, 0xf1, 0x0, 0x0, 0x0, 0x0, 0x0, 0x0,
    0x0, 0x0, 0x0, 0x1, 0xff, 0xfa, 0xff, 0xfc,
    0x6, 0xff, 0xff, 0xff, 0xf1, 0x0, 0x0, 0x0,
    0x0, 0x0, 0x0, 0x0, 0x0, 0x0, 0x1, 0xff,
    0xfa, 0xff, 0xfc, 0x6, 0xff, 0xff, 0xff, 0xf1,
    0x0, 0x0, 0x0, 0x0, 0x0, 0x0, 0x0, 0x0,
    0x0, 0x67, 0xff, 0xfa, 0xff, 0xfc, 0x6, 0xff,
    0xff, 0xff, 0xf1, 0x0, 0x0, 0x0, 0x0, 0x0,
    0x0, 0x0, 0x0, 0x0, 0xff, 0xff, 0xfa, 0xff,
    0xfc, 0x3, 0x88, 0x88, 0x88, 0x80, 0x0, 0x0,
    0x0, 0x0, 0x0, 0x0, 0x0, 0x0, 0x0, 0xff,
    0xff, 0xfa, 0xff, 0xfc, 0x0, 0x0, 0x0, 0x0,
    0x0, 0x0, 0x0, 0x0, 0x0, 0x0, 0x0, 0x0,
    0x0, 0x0, 0xff, 0xff, 0xf7, 0xff, 0xfe, 0xbb,
    0xbb, 0xbb, 0xbb, 0xbb, 0xbb, 0xbb, 0xbb, 0xbb,
    0xbb, 0xbb, 0xbb, 0xbb, 0xbb, 0xff, 0xfd, 0x30,
    0xff, 0xff, 0xff, 0xff, 0xff, 0xff, 0xff, 0xff,
    0xff, 0xff, 0xff, 0xff, 0xff, 0xff, 0xff, 0xff,
    0xff, 0xfb, 0x0, 0xaf, 0xff, 0xff, 0xff, 0xff,
    0xff, 0xff, 0xff, 0xff, 0xff, 0xff, 0xff, 0xff,
    0xff, 0xff, 0xff, 0xff, 0xf7, 0x0, 0x1a, 0xff,
    0xff, 0xff, 0xff, 0xff, 0xff, 0xff, 0xff, 0xff,
    0xff, 0xff, 0xff, 0xff, 0xff, 0xff, 0xff, 0x80,
    0x0, 0x0, 0x0, 0x0, 0x0, 0x0, 0x0, 0x0,
    0x0, 0x0, 0x0, 0x0, 0x0, 0x0, 0x0, 0x0,
    0x0, 0x0, 0x0, 0x0,

    /* U+F244 "" */
    0x5, 0xab, 0xbb, 0xbb, 0xbb, 0xbb, 0xbb, 0xbb,
    0xbb, 0xbb, 0xbb, 0xbb, 0xbb, 0xbb, 0xbb, 0xbb,
    0xb9, 0x30, 0x0, 0x6f, 0xff, 0xff, 0xff, 0xff,
    0xff, 0xff, 0xff, 0xff, 0xff, 0xff, 0xff, 0xff,
    0xff, 0xff, 0xff, 0xff, 0xf3, 0x0, 0xef, 0xff,
    0xff, 0xff, 0xff, 0xff, 0xff, 0xff, 0xff, 0xff,
    0xff, 0xff, 0xff, 0xff, 0xff, 0xff, 0xff, 0xfa,
    0x0, 0xff, 0xff, 0xff, 0xff, 0xff, 0xff, 0xff,
    0xff, 0xff, 0xff, 0xff, 0xff, 0xff, 0xff, 0xff,
    0xff, 0xff, 0xfc, 0x0, 0xff, 0xfc, 0x0, 0x0,
    0x0, 0x0, 0x0, 0x0, 0x0, 0x0, 0x0, 0x0,
    0x0, 0x0, 0x0, 0x0, 0xff, 0xff, 0xe4, 0xff,
    0xfc, 0x0, 0x0, 0x0, 0x0, 0x0, 0x0, 0x0,
    0x0, 0x0, 0x0, 0x0, 0x0, 0x0, 0x0, 0xff,
    0xff, 0xfa, 0xff, 0xfc, 0x0, 0x0, 0x0, 0x0,
    0x0, 0x0, 0x0, 0x0, 0x0, 0x0, 0x0, 0x0,
    0x0, 0x0, 0xff, 0xff, 0xfa, 0xff, 0xfc, 0x0,
    0x0, 0x0, 0x0, 0x0, 0x0, 0x0, 0x0, 0x0,
    0x0, 0x0, 0x0, 0x0, 0x0, 0xcd, 0xff, 0xfa,
    0xff, 0xfc, 0x0, 0x0, 0x0, 0x0, 0x0, 0x0,
    0x0, 0x0, 0x0, 0x0, 0x0, 0x0, 0x0, 0x0,
    0x1, 0xff, 0xfa, 0xff, 0xfc, 0x0, 0x0, 0x0,
    0x0, 0x0, 0x0, 0x0, 0x0, 0x0, 0x0, 0x0,
    0x0, 0x0, 0x0, 0x1, 0xff, 0xfa, 0xff, 0xfc,
    0x0, 0x0, 0x0, 0x0, 0x0, 0x0, 0x0, 0x0,
    0x0, 0x0, 0x0, 0x0, 0x0, 0x0, 0x1, 0xff,
    0xfa, 0xff, 0xfc, 0x0, 0x0, 0x0, 0x0, 0x0,
    0x0, 0x0, 0x0, 0x0, 0x0, 0x0, 0x0, 0x0,
    0x0, 0x67, 0xff, 0xfa, 0xff, 0xfc, 0x0, 0x0,
    0x0, 0x0, 0x0, 0x0, 0x0, 0x0, 0x0, 0x0,
    0x0, 0x0, 0x0, 0x0, 0xff, 0xff, 0xfa, 0xff,
    0xfc, 0x0, 0x0, 0x0, 0x0, 0x0, 0x0, 0x0,
    0x0, 0x0, 0x0, 0x0, 0x0, 0x0, 0x0, 0xff,
    0xff, 0xfa, 0xff, 0xfc, 0x0, 0x0, 0x0, 0x0,
    0x0, 0x0, 0x0, 0x0, 0x0, 0x0, 0x0, 0x0,
    0x0, 0x0, 0xff, 0xff, 0xf7, 0xff, 0xfe, 0xbb,
    0xbb, 0xbb, 0xbb, 0xbb, 0xbb, 0xbb, 0xbb, 0xbb,
    0xbb, 0xbb, 0xbb, 0xbb, 0xbb, 0xff, 0xfd, 0x30,
    0xff, 0xff, 0xff, 0xff, 0xff, 0xff, 0xff, 0xff,
    0xff, 0xff, 0xff, 0xff, 0xff, 0xff, 0xff, 0xff,
    0xff, 0xfb, 0x0, 0xaf, 0xff, 0xff, 0xff, 0xff,
    0xff, 0xff, 0xff, 0xff, 0xff, 0xff, 0xff, 0xff,
    0xff, 0xff, 0xff, 0xff, 0xf7, 0x0, 0x1a, 0xff,
    0xff, 0xff, 0xff, 0xff, 0xff, 0xff, 0xff, 0xff,
    0xff, 0xff, 0xff, 0xff, 0xff, 0xff, 0xff, 0x80,
    0x0, 0x0, 0x0, 0x0, 0x0, 0x0, 0x0, 0x0,
    0x0, 0x0, 0x0, 0x0, 0x0, 0x0, 0x0, 0x0,
    0x0, 0x0, 0x0, 0x0,

    /* U+F252 "" */
    0x0, 0x0, 0x0, 0x0, 0x0, 0x0, 0x0, 0x0,
    0x0, 0x0, 0x0, 0x9, 0xff, 0xff, 0xff, 0xff,
    0xff, 0xff, 0xff, 0xff, 0xff, 0xff, 0xe3, 0xff,
    0xff, 0xff, 0xff, 0xff, 0xff, 0xff, 0xff, 0xff,
    0xff, 0xff, 0x7f, 0xff, 0xff, 0xff, 0xff, 0xff,
    0xff, 0xff, 0xff, 0xff, 0xff, 0xf7, 0x5d, 0xff,
    0xfc, 0xbb, 0xbb, 0xbb, 0xbb, 0xbb, 0xbe, 0xff,
    0xf9, 0x0, 0x8f, 0xff, 0x30, 0x0, 0x0, 0x0,
    0x0, 0x0, 0xbf, 0xff, 0x0, 0x6, 0xff, 0xf5,
    0x0, 0x0, 0x0, 0x0, 0x0, 0xd, 0xff, 0xf0,
    0x0, 0x4f, 0xff, 0xa0, 0x0, 0x0, 0x0, 0x0,
    0x2, 0xff, 0xfc, 0x0, 0x0, 0xff, 0xff, 0xff,
    0xff, 0xff, 0xff, 0xff, 0xff, 0xff, 0x80, 0x0,
    0xa, 0xff, 0xff, 0xff, 0xff, 0xff, 0xff, 0xff,
    0xff, 0xf2, 0x0, 0x0, 0x2f, 0xff, 0xff, 0xff,
    0xff, 0xff, 0xff, 0xff, 0xfa, 0x0, 0x0, 0x0,
    0x9f, 0xff, 0xff, 0xff, 0xff, 0xff, 0xff, 0xff,
    0x10, 0x0, 0x0, 0x0, 0xcf, 0xff, 0xff, 0xff,
    0xff, 0xff, 0xff, 0x50, 0x0, 0x0, 0x0, 0x1,
    0xcf, 0xff, 0xff, 0xff, 0xff, 0xff, 0x60, 0x0,
    0x0, 0x0, 0x0, 0x0, 0x9f, 0xff, 0xff, 0xff,
    0xfd, 0x30, 0x0, 0x0, 0x0, 0x0, 0x0, 0x0,
    0x2e, 0xff, 0xff, 0xf8, 0x0, 0x0, 0x0, 0x0,
    0x0, 0x0, 0x0, 0x6f, 0xff, 0xff, 0xff, 0xfb,
    0x20, 0x0, 0x0, 0x0, 0x0, 0x0, 0xaf, 0xff,
    0xff, 0xff, 0xff, 0xff, 0x30, 0x0, 0x0, 0x0,
    0x0, 0xaf, 0xff, 0xfc, 0x76, 0x9e, 0xff, 0xff,
    0x20, 0x0, 0x0, 0x0, 0x6f, 0xff, 0xf5, 0x0,
    0x0, 0x1b, 0xff, 0xfd, 0x0, 0x0, 0x0, 0xe,
    0xff, 0xf5, 0x0, 0x0, 0x0, 0xd, 0xff, 0xf7,
    0x0, 0x0, 0x7, 0xff, 0xfa, 0x0, 0x0, 0x0,
    0x0, 0x2f, 0xff, 0xe0, 0x0, 0x0, 0xdf, 0xff,
    0x20, 0x0, 0x0, 0x0, 0x0, 0xaf, 0xff, 0x50,
    0x0, 0x2f, 0xff, 0xfc, 0xcc, 0xcc, 0xcc, 0xcc,
    0xcd, 0xff, 0xfa, 0x0, 0x5, 0xff, 0xff, 0xff,
    0xff, 0xff, 0xff, 0xff, 0xff, 0xff, 0xd0, 0x0,
    0x8f, 0xff, 0xff, 0xff, 0xff, 0xff, 0xff, 0xff,
    0xff, 0xff, 0x0, 0x9, 0xff, 0xff, 0xff, 0xff,
    0xff, 0xff, 0xff, 0xff, 0xff, 0xf0, 0x9, 0xff,
    0xff, 0xff, 0xff, 0xff, 0xff, 0xff, 0xff, 0xff,
    0xff, 0xe2, 0xff, 0xff, 0xff, 0xff, 0xff, 0xff,
    0xff, 0xff, 0xff, 0xff, 0xff, 0x7f, 0xff, 0xff,
    0xff, 0xff, 0xff, 0xff, 0xff, 0xff, 0xff, 0xff,
    0xf7, 0x5b, 0xcc, 0xcc, 0xcc, 0xcc, 0xcc, 0xcc,
    0xcc, 0xcc, 0xcc, 0xca, 0x10,

    /* U+F25A "" */
    0x0, 0x0, 0x0, 0x0, 0x14, 0x10, 0x0, 0x0,
    0x0, 0x0, 0x0, 0x0, 0x0, 0x0, 0x0, 0x0,
    0x0, 0x5, 0xff, 0xe3, 0x0, 0x0, 0x0, 0x0,
    0x0, 0x0, 0x0, 0x0, 0x0, 0x0, 0x0, 0xd,
    0xff, 0xfa, 0x0, 0x0, 0x0, 0x0, 0x0, 0x0,
    0x0, 0x0, 0x0, 0x0, 0x0, 0xe, 0xff, 0xfc,
    0x0, 0x0, 0x0, 0x0, 0x0, 0x0, 0x0, 0x0,
    0x0, 0x0, 0x0, 0xe, 0xff, 0xfc, 0x0, 0x0,
    0x0, 0x0, 0x0, 0x0, 0x0, 0x0, 0x0, 0x0,
    0x0, 0xe, 0xff, 0xfc, 0x0, 0x0, 0x0, 0x0,
    0x0, 0x0, 0x0, 0x0, 0x0, 0x0, 0x0, 0xe,
    0xff, 0xfc, 0x0, 0x0, 0x0, 0x0, 0x0, 0x0,
    0x0, 0x0, 0x0, 0x0, 0x0, 0xe, 0xff, 0xfc,
    0x0, 0x0, 0x0, 0x0, 0x0, 0x0, 0x0, 0x0,
    0x0, 0x0, 0x0, 0xe, 0xff, 0xfc, 0x0, 0x0,
    0x0, 0x0, 0x0, 0x0, 0x0, 0x0, 0x0, 0x0,
    0x0, 0xe, 0xff, 0xfc, 0x0, 0x0, 0x0, 0x0,
    0x0, 0x0, 0x0, 0x0, 0x0, 0x0, 0x0, 0xe,
    0xff, 0xfc, 0xa, 0xeb, 0x10, 0x0, 0x0, 0x0,
    0x0, 0x0, 0x0, 0x0, 0x0, 0xe, 0xff, 0xfc,
    0x8f, 0xff, 0xa0, 0x9f, 0xd3, 0x0, 0x0, 0x0,
    0x0, 0x0, 0x0, 0xe, 0xff, 0xfc, 0xbf, 0xff,
    0xe6, 0xff, 0xfd, 0x1, 0x76, 0x0, 0x0, 0x0,
    0x0, 0xe, 0xff, 0xfc, 0xcf, 0xff, 0xe9, 0xff,
    0xff, 0x2e, 0xff, 0xc0, 0x0, 0x0, 0x0, 0xe,
    0xff, 0xfc, 0xcf, 0xff, 0xea, 0xff, 0xff, 0x7f,
    0xff, 0xf2, 0x0, 0x0, 0x0, 0xe, 0xff, 0xff,
    0xff, 0xff, 0xff, 0xff, 0xff, 0xff, 0xff, 0xf3,
    0x3, 0xef, 0xb1, 0xe, 0xff, 0xff, 0xff, 0xff,
    0xff, 0xff, 0xff, 0xff, 0xff, 0xf3, 0xd, 0xff,
    0xfb, 0xe, 0xff, 0xff, 0xff, 0xff, 0xff, 0xff,
    0xff, 0xff, 0xff, 0xf3, 0xf, 0xff, 0xff, 0x6e,
    0xff, 0xff, 0xff, 0xff, 0xff, 0xff, 0xff, 0xff,
    0xff, 0xf3, 0x9, 0xff, 0xff, 0xff, 0xff, 0xfe,
    0xef, 0xff, 0xfd, 0xff, 0xff, 0xdf, 0xff, 0xf3,
    0x0, 0xdf, 0xff, 0xff, 0xff, 0xfc, 0xcf, 0xff,
    0xe9, 0xff, 0xff, 0x8f, 0xff, 0xf3, 0x0, 0x3f,
    0xff, 0xff, 0xff, 0xfc, 0xcf, 0xff, 0xe9, 0xff,
    0xff, 0x8f, 0xff, 0xf0, 0x0, 0x6, 0xff, 0xff,
    0xff, 0xfc, 0xcf, 0xff, 0xe9, 0xff, 0xff, 0x8f,
    0xff, 0xc0, 0x0, 0x0, 0xaf, 0xff, 0xff, 0xfc,
    0xcf, 0xff, 0xe9, 0xff, 0xff, 0x8f, 0xff, 0x90,
    0x0, 0x0, 0x1e, 0xff, 0xff, 0xfc, 0xcf, 0xff,
    0xe9, 0xff, 0xff, 0x8f, 0xff, 0x50, 0x0, 0x0,
    0x3, 0xff, 0xff, 0xff, 0xff, 0xff, 0xff, 0xff,
    0xff, 0xff, 0xff, 0x10, 0x0, 0x0, 0x0, 0x7f,
    0xff, 0xff, 0xff, 0xff, 0xff, 0xff, 0xff, 0xff,
    0xfd, 0x0, 0x0, 0x0, 0x0, 0xb, 0xff, 0xff,
    0xff, 0xff, 0xff, 0xff, 0xff, 0xff, 0xf9, 0x0,
    0x0, 0x0, 0x0, 0x1, 0xef, 0xff, 0xff, 0xff,
    0xff, 0xff, 0xff, 0xff, 0xf6, 0x0, 0x0, 0x0,
    0x0, 0x0, 0x3f, 0xff, 0xff, 0xff, 0xff, 0xff,
    0xff, 0xff, 0xe1, 0x0, 0x0, 0x0, 0x0, 0x0,
    0x3, 0x9a, 0xaa, 0xaa, 0xaa, 0xaa, 0xaa, 0xa9,
    0x20, 0x0,

    /* U+F287 "" */
    0x0, 0x0, 0x0, 0x0, 0x0, 0x0, 0x0, 0x0,
    0x0, 0x0, 0x7c, 0xc5, 0x0, 0x0, 0x0, 0x0,
    0x0, 0x0, 0x0, 0x0, 0x0, 0x0, 0x0, 0x0,
    0x0, 0x0, 0x0, 0x0, 0x9, 0xff, 0xff, 0x60,
    0x0, 0x0, 0x0, 0x0, 0x0, 0x0, 0x0, 0x0,
    0x0, 0x0, 0x0, 0x0, 0x0, 0x3, 0xac, 0xcf,
    0xff, 0xff, 0xe0, 0x0, 0x0, 0x0, 0x0, 0x0,
    0x0, 0x0, 0x0, 0x0, 0x0, 0x0, 0x0, 0x0,
    0x5f, 0xff, 0xff, 0xff, 0xff, 0xf0, 0x0, 0x0,
    0x0, 0x0, 0x0, 0x0, 0x0, 0x0, 0x0, 0x0,
    0x0, 0x0, 0x1, 0xff, 0xa5, 0x5e, 0xff, 0xff,
    0xc0, 0x0, 0x0, 0x0, 0x0, 0x0, 0x0, 0x0,
    0x0, 0x0, 0x0, 0x0, 0x0, 0x9, 0xfc, 0x0,
    0x3, 0xff, 0xfe, 0x20, 0x0, 0x0, 0x0, 0x0,
    0x0, 0x0, 0x0, 0x0, 0x0, 0x0, 0x0, 0x0,
    0x1f, 0xf3, 0x0, 0x0, 0x15, 0x50, 0x0, 0x0,
    0x0, 0x0, 0x0, 0x0, 0x0, 0x0, 0x2, 0x30,
    0x0, 0x0, 0x0, 0x8f, 0xb0, 0x0, 0x0, 0x0,
    0x0, 0x0, 0x0, 0x0, 0x0, 0x0, 0x0, 0x0,
    0x4, 0xdf, 0xff, 0x70, 0x0, 0x0, 0xef, 0x40,
    0x0, 0x0, 0x0, 0x0, 0x0, 0x0, 0x0, 0x6,
    0x60, 0x0, 0x0, 0x3f, 0xff, 0xff, 0xf8, 0x0,
    0x7, 0xfd, 0x0, 0x0, 0x0, 0x0, 0x0, 0x0,
    0x0, 0x0, 0xb, 0xfc, 0x30, 0x0, 0xbf, 0xff,
    0xff, 0xff, 0x32, 0x5f, 0xf7, 0x22, 0x22, 0x22,
    0x22, 0x22, 0x22, 0x22, 0x22, 0x2b, 0xff, 0xf9,
    0x10, 0xff, 0xff, 0xff, 0xff, 0xff, 0xff, 0xff,
    0xff, 0xff, 0xff, 0xff, 0xff, 0xff, 0xff, 0xff,
    0xff, 0xff, 0xff, 0xe4, 0xff, 0xff, 0xff, 0xff,
    0xff, 0xff, 0xff, 0xff, 0xff, 0xff, 0xff, 0xff,
    0xff, 0xff, 0xff, 0xff, 0xff, 0xff, 0xd3, 0xaf,
    0xff, 0xff, 0xfe, 0x0, 0x0, 0x0, 0x1c, 0xfa,
    0x0, 0x0, 0x0, 0x0, 0x0, 0x0, 0xb, 0xff,
    0xf7, 0x0, 0x2e, 0xff, 0xff, 0xf5, 0x0, 0x0,
    0x0, 0x2, 0xff, 0x20, 0x0, 0x0, 0x0, 0x0,
    0x0, 0xb, 0xfa, 0x10, 0x0, 0x2, 0xbf, 0xfc,
    0x40, 0x0, 0x0, 0x0, 0x0, 0x9f, 0x90, 0x0,
    0x0, 0x0, 0x0, 0x0, 0x5, 0x40, 0x0, 0x0,
    0x0, 0x0, 0x0, 0x0, 0x0, 0x0, 0x0, 0x0,
    0x2f, 0xf1, 0x0, 0x0, 0x0, 0x0, 0x0, 0x0,
    0x0, 0x0, 0x0, 0x0, 0x0, 0x0, 0x0, 0x0,
    0x0, 0x0, 0x0, 0xb, 0xfa, 0x0, 0xf, 0xff,
    0xff, 0xf3, 0x0, 0x0, 0x0, 0x0, 0x0, 0x0,
    0x0, 0x0, 0x0, 0x0, 0x0, 0x0, 0x3, 0xff,
    0x60, 0xf, 0xff, 0xff, 0xf4, 0x0, 0x0, 0x0,
    0x0, 0x0, 0x0, 0x0, 0x0, 0x0, 0x0, 0x0,
    0x0, 0x0, 0x7f, 0xff, 0xef, 0xff, 0xff, 0xf4,
    0x0, 0x0, 0x0, 0x0, 0x0, 0x0, 0x0, 0x0,
    0x0, 0x0, 0x0, 0x0, 0x0, 0x7, 0xff, 0xff,
    0xff, 0xff, 0xf4, 0x0, 0x0, 0x0, 0x0, 0x0,
    0x0, 0x0, 0x0, 0x0, 0x0, 0x0, 0x0, 0x0,
    0x0, 0x1, 0x2f, 0xff, 0xff, 0xf4, 0x0, 0x0,
    0x0, 0x0, 0x0, 0x0, 0x0, 0x0, 0x0, 0x0,
    0x0, 0x0, 0x0, 0x0, 0x0, 0xf, 0xff, 0xff,
    0xf3, 0x0, 0x0, 0x0, 0x0, 0x0, 0x0, 0x0,
    0x0, 0x0, 0x0, 0x0, 0x0, 0x0, 0x0, 0x0,
    0x2, 0x33, 0x33, 0x30, 0x0, 0x0, 0x0, 0x0,

    /* U+F293 "" */
    0x0, 0x0, 0x0, 0x0, 0x0, 0x1, 0x11, 0x0,
    0x0, 0x0, 0x0, 0x0, 0x0, 0x0, 0x0, 0x3,
    0x9d, 0xff, 0xff, 0xfd, 0x93, 0x0, 0x0, 0x0,
    0x0, 0x0, 0x2, 0xcf, 0xff, 0xff, 0xff, 0xff,
    0xff, 0xb1, 0x0, 0x0, 0x0, 0x0, 0x4f, 0xff,
    0xff, 0xf9, 0xef, 0xff, 0xff, 0xfe, 0x30, 0x0,
    0x0, 0x4, 0xff, 0xff, 0xff, 0xf7, 0x2e, 0xff,
    0xff, 0xff, 0xe1, 0x0, 0x0, 0xe, 0xff, 0xff,
    0xff, 0xf7, 0x2, 0xef, 0xff, 0xff, 0xfa, 0x0,
    0x0, 0x7f, 0xff, 0xff, 0xff, 0xf7, 0x0, 0x3f,
    0xff, 0xff, 0xff, 0x20, 0x0, 0xdf, 0xff, 0xff,
    0xff, 0xf7, 0x0, 0x3, 0xff, 0xff, 0xff, 0x80,
    0x2, 0xff, 0xff, 0xff, 0xff, 0xf7, 0x1, 0x20,
    0x4f, 0xff, 0xff, 0xd0, 0x6, 0xff, 0xff, 0xa7,
    0xff, 0xf7, 0x2, 0xe2, 0x5, 0xff, 0xff, 0xf0,
    0xa, 0xff, 0xfc, 0x0, 0x6f, 0xf7, 0x1, 0xfe,
    0x20, 0x5f, 0xff, 0xf3, 0xc, 0xff, 0xff, 0x70,
    0x6, 0xf7, 0x1, 0xfc, 0x0, 0x8f, 0xff, 0xf6,
    0xe, 0xff, 0xff, 0xf7, 0x0, 0x67, 0x1, 0xc0,
    0x7, 0xff, 0xff, 0xf7, 0xf, 0xff, 0xff, 0xff,
    0x60, 0x0, 0x0, 0x0, 0x5f, 0xff, 0xff, 0xf8,
    0xf, 0xff, 0xff, 0xff, 0xf6, 0x0, 0x0, 0x4,
    0xff, 0xff, 0xff, 0xf9, 0x1f, 0xff, 0xff, 0xff,
    0xff, 0x60, 0x0, 0x3f, 0xff, 0xff, 0xff, 0xfa,
    0x1f, 0xff, 0xff, 0xff, 0xff, 0x90, 0x0, 0x3f,
    0xff, 0xff, 0xff, 0xfa, 0xf, 0xff, 0xff, 0xff,
    0xf9, 0x0, 0x0, 0x4, 0xff, 0xff, 0xff, 0xf9,
    0xf, 0xff, 0xff, 0xff, 0x80, 0x0, 0x0, 0x0,
    0x5f, 0xff, 0xff, 0xf9, 0xe, 0xff, 0xff, 0xf8,
    0x0, 0x47, 0x1, 0xa0, 0x6, 0xff, 0xff, 0xf7,
    0xc, 0xff, 0xff, 0x80, 0x4, 0xf7, 0x1, 0xfa,
    0x0, 0x7f, 0xff, 0xf6, 0xa, 0xff, 0xfc, 0x0,
    0x4f, 0xf8, 0x1, 0xfe, 0x20, 0x2e, 0xff, 0xf4,
    0x7, 0xff, 0xff, 0x95, 0xff, 0xf8, 0x2, 0xe3,
    0x2, 0xef, 0xff, 0xf1, 0x2, 0xff, 0xff, 0xff,
    0xff, 0xf8, 0x1, 0x30, 0x2e, 0xff, 0xff, 0xd0,
    0x0, 0xdf, 0xff, 0xff, 0xff, 0xf8, 0x0, 0x2,
    0xef, 0xff, 0xff, 0x80, 0x0, 0x6f, 0xff, 0xff,
    0xff, 0xf8, 0x0, 0x2e, 0xff, 0xff, 0xff, 0x20,
    0x0, 0xd, 0xff, 0xff, 0xff, 0xf9, 0x3, 0xef,
    0xff, 0xff, 0xfa, 0x0, 0x0, 0x2, 0xff, 0xff,
    0xff, 0xf9, 0x3e, 0xff, 0xff, 0xff, 0xe1, 0x0,
    0x0, 0x0, 0x2d, 0xff, 0xff, 0xfc, 0xef, 0xff,
    0xff, 0xff, 0x30, 0x0, 0x0, 0x0, 0x0, 0x8f,
    0xff, 0xff, 0xff, 0xff, 0xff, 0xa2, 0x0, 0x0,
    0x0, 0x0, 0x0, 0x0, 0x58, 0xbc, 0xdd, 0xca,
    0x61, 0x0, 0x0, 0x0,

    /* U+F2C9 "" */
    0x0, 0x0, 0x0, 0x1, 0x0, 0x0, 0x0, 0x0,
    0x0, 0x4, 0xcf, 0xff, 0xc4, 0x0, 0x0, 0x0,
    0x7, 0xff, 0xff, 0xff, 0xf7, 0x0, 0x0, 0x4,
    0xff, 0xfe, 0xbd, 0xff, 0xf4, 0x0, 0x0, 0xcf,
    0xfa, 0x0, 0x7, 0xff, 0xc0, 0x0, 0xf, 0xff,
    0x10, 0x0, 0xc, 0xff, 0x0, 0x1, 0xff, 0xd0,
    0x0, 0x0, 0x9f, 0xf1, 0x0, 0x2f, 0xfd, 0x0,
    0x0, 0x8, 0xff, 0x20, 0x2, 0xff, 0xd0, 0x0,
    0x0, 0x8f, 0xf2, 0x0, 0x2f, 0xfd, 0x0, 0x0,
    0x8, 0xff, 0x20, 0x2, 0xff, 0xd0, 0x0, 0x0,
    0x8f, 0xf2, 0x0, 0x2f, 0xfd, 0x0, 0x0, 0x8,
    0xff, 0x20, 0x2, 0xff, 0xd0, 0x6d, 0xa0, 0x8f,
    0xf2, 0x0, 0x2f, 0xfd, 0x1f, 0xff, 0x78, 0xff,
    0x20, 0x2, 0xff, 0xd2, 0xff, 0xf9, 0x8f, 0xf2,
    0x0, 0x2f, 0xfd, 0x2f, 0xff, 0x98, 0xff, 0x20,
    0x2, 0xff, 0xd2, 0xff, 0xf9, 0x8f, 0xf2, 0x0,
    0x2f, 0xfd, 0x2f, 0xff, 0x98, 0xff, 0x20, 0x4,
    0xff, 0xd2, 0xff, 0xf9, 0x8f, 0xf4, 0x0, 0xef,
    0xfa, 0x2f, 0xff, 0x95, 0xff, 0xe0, 0x7f, 0xfc,
    0x1b, 0xff, 0xfe, 0x3a, 0xff, 0x7c, 0xff, 0x3a,
    0xff, 0xff, 0xfe, 0x2f, 0xfc, 0xff, 0xe1, 0xff,
    0xff, 0xff, 0xf3, 0xef, 0xef, 0xfd, 0x2f, 0xff,
    0xff, 0xff, 0x4d, 0xff, 0xef, 0xf1, 0xef, 0xff,
    0xff, 0xf2, 0xff, 0xea, 0xff, 0x66, 0xff, 0xff,
    0xf9, 0x6f, 0xfa, 0x3f, 0xff, 0x35, 0xdf, 0xe7,
    0x3f, 0xff, 0x40, 0xaf, 0xff, 0x83, 0x12, 0x8f,
    0xff, 0xa0, 0x0, 0xcf, 0xff, 0xff, 0xff, 0xff,
    0xc0, 0x0, 0x0, 0x9f, 0xff, 0xff, 0xff, 0x90,
    0x0, 0x0, 0x0, 0x27, 0xab, 0xa7, 0x20, 0x0,
    0x0,

    /* U+F2DB "" */
    0x0, 0x0, 0x0, 0x0, 0x0, 0x0, 0x0, 0x0,
    0x0, 0x0, 0x0, 0x0, 0x0, 0x0, 0x0, 0x0,
    0x0, 0x0, 0x0, 0x7, 0xef, 0xff, 0xff, 0xff,
    0xff, 0xff, 0xff, 0xfb, 0x10, 0x0, 0x0, 0x0,
    0x0, 0x0, 0x0, 0x5f, 0xff, 0xff, 0xff, 0xff,
    0xff, 0xff, 0xff, 0xff, 0xb0, 0x0, 0x0, 0x0,
    0x0, 0x0, 0x0, 0x9f, 0xff, 0xff, 0xff, 0xff,
    0xff, 0xff, 0xff, 0xff, 0xf0, 0x0, 0x0, 0x0,
    0x0, 0x0, 0x0, 0xaf, 0xff, 0xff, 0xff, 0xff,
    0xff, 0xff, 0xff, 0xff, 0xf1, 0x0, 0x0, 0x0,
    0x0, 0x0, 0x0, 0xaf, 0xff, 0xff, 0xff, 0xff,
    0xff, 0xff, 0xff, 0xff, 0xf1, 0x0, 0x0, 0x0,
    0x2, 0xae, 0xe1, 0xaf, 0xff, 0xff, 0xff, 0xff,
    0xff, 0xff, 0xff, 0xff, 0xf1, 0x2e, 0xea, 0x20,
    0x2f, 0xff, 0xf1, 0xaf, 0xff, 0xff, 0xff, 0xff,
    0xff, 0xff, 0xff, 0xff, 0xf1, 0x2f, 0xff, 0xf1,
    0x3, 0xbe, 0xe1, 0xaf, 0xff, 0xff, 0xff, 0xff,
    0xff, 0xff, 0xff, 0xff, 0xf1, 0x2e, 0xea, 0x30,
    0x0, 0x0, 0x0, 0xaf, 0xff, 0xff, 0xff, 0xff,
    0xff, 0xff, 0xff, 0xff, 0xf1, 0x0, 0x0, 0x0,
    0x0, 0x0, 0x0, 0xaf, 0xff, 0xff, 0xff, 0xff,
    0xff, 0xff, 0xff, 0xff, 0xf1, 0x0, 0x0, 0x0,
    0x0, 0x24, 0x40, 0xaf, 0xff, 0xff, 0xff, 0xff,
    0xff, 0xff, 0xff, 0xff, 0xf1, 0x4, 0x42, 0x0,
    0x8, 0xef, 0xf1, 0xaf, 0xff, 0xff, 0xff, 0xff,
    0xff, 0xff, 0xff, 0xff, 0xf1, 0x2f, 0xfd, 0x80,
    0x1d, 0xff, 0xf1, 0xaf, 0xff, 0xff, 0xff, 0xff,
    0xff, 0xff, 0xff, 0xff, 0xf1, 0x2f, 0xff, 0xd0,
    0x0, 0x58, 0x80, 0xaf, 0xff, 0xff, 0xff, 0xff,
    0xff, 0xff, 0xff, 0xff, 0xf1, 0x18, 0x85, 0x0,
    0x0, 0x0, 0x0, 0xaf, 0xff, 0xff, 0xff, 0xff,
    0xff, 0xff, 0xff, 0xff, 0xf1, 0x0, 0x0, 0x0,
    0x0, 0x0, 0x0, 0xaf, 0xff, 0xff, 0xff, 0xff,
    0xff, 0xff, 0xff, 0xff, 0xf1, 0x0, 0x0, 0x0,
    0x0, 0x7a, 0xa0, 0xaf, 0xff, 0xff, 0xff, 0xff,
    0xff, 0xff, 0xff, 0xff, 0xf1, 0x1a, 0xa6, 0x0,
    0x1e, 0xff, 0xf1, 0xaf, 0xff, 0xff, 0xff, 0xff,
    0xff, 0xff, 0xff, 0xff, 0xf1, 0x2f, 0xff, 0xe0,
    0x7, 0xdf, 0xf1, 0xaf, 0xff, 0xff, 0xff, 0xff,
    0xff, 0xff, 0xff, 0xff, 0xf1, 0x2f, 0xfd, 0x70,
    0x0, 0x12, 0x20, 0xaf, 0xff, 0xff, 0xff, 0xff,
    0xff, 0xff, 0xff, 0xff, 0xf1, 0x2, 0x21, 0x0,
    0x0, 0x0, 0x0, 0xaf, 0xff, 0xff, 0xff, 0xff,
    0xff, 0xff, 0xff, 0xff, 0xf1, 0x0, 0x0, 0x0,
    0x0, 0x0, 0x0, 0xaf, 0xff, 0xff, 0xff, 0xff,
    0xff, 0xff, 0xff, 0xff, 0xf1, 0x0, 0x0, 0x0,
    0x4, 0xcf, 0xf1, 0xaf, 0xff, 0xff, 0xff, 0xff,
    0xff, 0xff, 0xff, 0xff, 0xf1, 0x2f, 0xfb, 0x40,
    0x2f, 0xff, 0xf1, 0xaf, 0xff, 0xff, 0xff, 0xff,
    0xff, 0xff, 0xff, 0xff, 0xf1, 0x2f, 0xff, 0xf1,
    0x1, 0x9c, 0xc0, 0xaf, 0xff, 0xff, 0xff, 0xff,
    0xff, 0xff, 0xff, 0xff, 0xf1, 0x1c, 0xc8, 0x10,
    0x0, 0x0, 0x0, 0xaf, 0xff, 0xff, 0xff, 0xff,
    0xff, 0xff, 0xff, 0xff, 0xf1, 0x0, 0x0, 0x0,
    0x0, 0x0, 0x0, 0xaf, 0xff, 0xff, 0xff, 0xff,
    0xff, 0xff, 0xff, 0xff, 0xf1, 0x0, 0x0, 0x0,
    0x0, 0x0, 0x0, 0x9f, 0xff, 0xff, 0xff, 0xff,
    0xff, 0xff, 0xff, 0xff, 0xf0, 0x0, 0x0, 0x0,
    0x0, 0x0, 0x0, 0x4f, 0xff, 0xff, 0xff, 0xff,
    0xff, 0xff, 0xff, 0xff, 0xa0, 0x0, 0x0, 0x0,
    0x0, 0x0, 0x0, 0x5, 0xdf, 0xff, 0xff, 0xff,
    0xff, 0xff, 0xff, 0xe9, 0x10, 0x0, 0x0, 0x0,

    /* U+F2DC "" */
    0x0, 0x0, 0x0, 0x0, 0x0, 0x0, 0x2, 0x20,
    0x0, 0x0, 0x0, 0x0, 0x0, 0x0, 0x0, 0x0,
    0x0, 0x0, 0x0, 0x0, 0xaf, 0xfe, 0x0, 0x0,
    0x0, 0x0, 0x0, 0x0, 0x0, 0x0, 0x0, 0x0,
    0x0, 0x30, 0xcf, 0xff, 0x2, 0x0, 0x0, 0x0,
    0x0, 0x0, 0x0, 0x0, 0x0, 0x0, 0xa, 0xf9,
    0xcf, 0xff, 0x5f, 0xd1, 0x0, 0x0, 0x0, 0x0,
    0x0, 0x0, 0x0, 0x0, 0xf, 0xff, 0xff, 0xff,
    0xff, 0xf4, 0x0, 0x0, 0x0, 0x0, 0x0, 0x0,
    0x0, 0x30, 0x6, 0xff, 0xff, 0xff, 0xff, 0xa0,
    0x2, 0x10, 0x0, 0x0, 0x0, 0x0, 0x1e, 0xf7,
    0x0, 0x6f, 0xff, 0xff, 0xfa, 0x0, 0x3f, 0xf4,
    0x0, 0x0, 0x0, 0x85, 0xf, 0xfb, 0x0, 0x6,
    0xff, 0xff, 0xa0, 0x0, 0x7f, 0xf4, 0x39, 0x10,
    0x5, 0xff, 0xce, 0xff, 0x0, 0x0, 0xcf, 0xff,
    0x0, 0x0, 0xcf, 0xfb, 0xff, 0x90, 0xe, 0xff,
    0xff, 0xff, 0x40, 0x0, 0xcf, 0xff, 0x0, 0x0,
    0xff, 0xff, 0xff, 0xf2, 0xa, 0xff, 0xff, 0xff,
    0xa0, 0x0, 0xcf, 0xff, 0x0, 0x6, 0xff, 0xff,
    0xff, 0xc1, 0x0, 0x3e, 0xff, 0xff, 0xfd, 0x40,
    0xcf, 0xff, 0x2, 0xbf, 0xff, 0xff, 0xf6, 0x0,
    0x6, 0xff, 0xff, 0xff, 0xff, 0xfb, 0xdf, 0xff,
    0x9f, 0xff, 0xff, 0xff, 0xff, 0xa0, 0xa, 0xff,
    0xff, 0xcf, 0xff, 0xff, 0xff, 0xff, 0xff, 0xff,
    0xfc, 0xff, 0xff, 0xe0, 0x3, 0xc9, 0x40, 0x2,
    0xbf, 0xff, 0xff, 0xff, 0xff, 0xfd, 0x40, 0x3,
    0x7c, 0x70, 0x0, 0x0, 0x0, 0x0, 0x4, 0xdf,
    0xff, 0xff, 0xff, 0x60, 0x0, 0x0, 0x0, 0x0,
    0x0, 0x10, 0x0, 0x0, 0x19, 0xff, 0xff, 0xff,
    0xff, 0xb2, 0x0, 0x0, 0x0, 0x0, 0x6, 0xfd,
    0x94, 0x16, 0xef, 0xff, 0xff, 0xff, 0xff, 0xff,
    0x81, 0x38, 0xcf, 0xa0, 0xb, 0xff, 0xff, 0xff,
    0xff, 0xff, 0xff, 0xff, 0xff, 0xff, 0xff, 0xff,
    0xff, 0xf0, 0x3, 0xbf, 0xff, 0xff, 0xff, 0xe7,
    0xcf, 0xff, 0x4d, 0xff, 0xff, 0xff, 0xfc, 0x60,
    0x0, 0x8f, 0xff, 0xff, 0xf9, 0x10, 0xcf, 0xff,
    0x0, 0x7f, 0xff, 0xff, 0xfa, 0x10, 0xd, 0xff,
    0xff, 0xff, 0x70, 0x0, 0xcf, 0xff, 0x0, 0x3,
    0xff, 0xff, 0xff, 0xf2, 0xc, 0xff, 0xff, 0xff,
    0x30, 0x0, 0xcf, 0xff, 0x0, 0x0, 0xef, 0xff,
    0xff, 0xe1, 0x2, 0xff, 0x7e, 0xfe, 0x0, 0x0,
    0xdf, 0xff, 0x10, 0x0, 0xaf, 0xf7, 0xef, 0x60,
    0x0, 0x31, 0x2f, 0xfa, 0x0, 0xa, 0xff, 0xff,
    0xd1, 0x0, 0x6f, 0xf5, 0x4, 0x0, 0x0, 0x0,
    0xb, 0xe4, 0x0, 0xaf, 0xff, 0xff, 0xfd, 0x10,
    0x1e, 0xc2, 0x0, 0x0, 0x0, 0x0, 0x0, 0x0,
    0xa, 0xff, 0xff, 0xff, 0xff, 0xd1, 0x0, 0x0,
    0x0, 0x0, 0x0, 0x0, 0x0, 0x0, 0x2f, 0xff,
    0xef, 0xff, 0xef, 0xf5, 0x0, 0x0, 0x0, 0x0,
    0x0, 0x0, 0x0, 0x0, 0x6, 0xe4, 0xcf, 0xff,
    0x2d, 0x90, 0x0, 0x0, 0x0, 0x0, 0x0, 0x0,
    0x0, 0x0, 0x0, 0x0, 0xbf, 0xff, 0x0, 0x0,
    0x0, 0x0, 0x0, 0x0, 0x0, 0x0, 0x0, 0x0,
    0x0, 0x0, 0x7d, 0xda, 0x0, 0x0, 0x0, 0x0,
    0x0, 0x0,

    /* U+F2ED "" */
    0x0, 0x0, 0x0, 0x0, 0x6, 0x77, 0x77, 0x77,
    0x61, 0x0, 0x0, 0x0, 0x0, 0x0, 0x0, 0x0,
    0x0, 0x9, 0xff, 0xff, 0xff, 0xff, 0xd0, 0x0,
    0x0, 0x0, 0x0, 0x69, 0x99, 0x99, 0x99, 0xff,
    0xff, 0xff, 0xff, 0xff, 0xa9, 0x99, 0x99, 0x98,
    0xf, 0xff, 0xff, 0xff, 0xff, 0xff, 0xff, 0xff,
    0xff, 0xff, 0xff, 0xff, 0xff, 0xf3, 0xff, 0xff,
    0xff, 0xff, 0xff, 0xff, 0xff, 0xff, 0xff, 0xff,
    0xff, 0xff, 0xff, 0x4e, 0xff, 0xff, 0xff, 0xff,
    0xff, 0xff, 0xff, 0xff, 0xff, 0xff, 0xff, 0xff,
    0xf2, 0x2, 0x22, 0x22, 0x22, 0x22, 0x22, 0x22,
    0x22, 0x22, 0x22, 0x22, 0x22, 0x21, 0x0, 0x0,
    0x0, 0x0, 0x0, 0x0, 0x0, 0x0, 0x0, 0x0,
    0x0, 0x0, 0x0, 0x0, 0x1, 0xcc, 0xcc, 0xcc,
    0xcc, 0xcc, 0xcc, 0xcc, 0xcc, 0xcc, 0xcc, 0xcc,
    0x40, 0x0, 0x2f, 0xff, 0xff, 0xff, 0xff, 0xff,
    0xff, 0xff, 0xff, 0xff, 0xff, 0xf6, 0x0, 0x2,
    0xff, 0xff, 0xff, 0xff, 0xff, 0xff, 0xff, 0xff,
    0xff, 0xff, 0xff, 0x60, 0x0, 0x2f, 0xff, 0xff,
    0xff, 0xff, 0xff, 0xff, 0xff, 0xff, 0xff, 0xff,
    0xf6, 0x0, 0x2, 0xff, 0xff, 0xb0, 0xbf, 0xff,
    0x62, 0xff, 0xfe, 0x18, 0xff, 0xff, 0x60, 0x0,
    0x2f, 0xff, 0xf9, 0x9, 0xff, 0xf3, 0xf, 0xff,
    0xd0, 0x5f, 0xff, 0xf6, 0x0, 0x2, 0xff, 0xff,
    0x90, 0x9f, 0xff, 0x30, 0xff, 0xfd, 0x5, 0xff,
    0xff, 0x60, 0x0, 0x2f, 0xff, 0xf9, 0x9, 0xff,
    0xf3, 0xf, 0xff, 0xd0, 0x5f, 0xff, 0xf6, 0x0,
    0x2, 0xff, 0xff, 0x90, 0x9f, 0xff, 0x30, 0xff,
    0xfd, 0x5, 0xff, 0xff, 0x60, 0x0, 0x2f, 0xff,
    0xf9, 0x9, 0xff, 0xf3, 0xf, 0xff, 0xd0, 0x5f,
    0xff, 0xf6, 0x0, 0x2, 0xff, 0xff, 0x90, 0x9f,
    0xff, 0x30, 0xff, 0xfd, 0x5, 0xff, 0xff, 0x60,
    0x0, 0x2f, 0xff, 0xf9, 0x9, 0xff, 0xf3, 0xf,
    0xff, 0xd0, 0x5f, 0xff, 0xf6, 0x0, 0x2, 0xff,
    0xff, 0x90, 0x9f, 0xff, 0x30, 0xff, 0xfd, 0x5,
    0xff, 0xff, 0x60, 0x0, 0x2f, 0xff, 0xf9, 0x9,
    0xff, 0xf3, 0xf, 0xff, 0xd0, 0x5f, 0xff, 0xf6,
    0x0, 0x2, 0xff, 0xff, 0x90, 0x9f, 0xff, 0x30,
    0xff, 0xfd, 0x5, 0xff, 0xff, 0x60, 0x0, 0x2f,
    0xff, 0xf9, 0x9, 0xff, 0xf3, 0xf, 0xff, 0xd0,
    0x5f, 0xff, 0xf6, 0x0, 0x2, 0xff, 0xff, 0x90,
    0x9f, 0xff, 0x30, 0xff, 0xfd, 0x5, 0xff, 0xff,
    0x60, 0x0, 0x2f, 0xff, 0xf9, 0x9, 0xff, 0xf3,
    0xf, 0xff, 0xd0, 0x5f, 0xff, 0xf6, 0x0, 0x2,
    0xff, 0xff, 0xb0, 0xbf, 0xff, 0x62, 0xff, 0xfe,
    0x18, 0xff, 0xff, 0x60, 0x0, 0x1f, 0xff, 0xff,
    0xff, 0xff, 0xff, 0xff, 0xff, 0xff, 0xff, 0xff,
    0xf5, 0x0, 0x0, 0xff, 0xff, 0xff, 0xff, 0xff,
    0xff, 0xff, 0xff, 0xff, 0xff, 0xff, 0x40, 0x0,
    0x9, 0xff, 0xff, 0xff, 0xff, 0xff, 0xff, 0xff,
    0xff, 0xff, 0xff, 0xd0, 0x0, 0x0, 0x7, 0xbc,
    0xcc, 0xcc, 0xcc, 0xcc, 0xcc, 0xcc, 0xcc, 0xcb,
    0x81, 0x0, 0x0,

    /* U+F2F1 "" */
    0x0, 0x0, 0x0, 0x0, 0x0, 0x15, 0x8a, 0xbb,
    0xa8, 0x50, 0x0, 0x0, 0x0, 0x0, 0x0, 0x0,
    0x0, 0x0, 0x0, 0x3a, 0xff, 0xff, 0xff, 0xff,
    0xff, 0xb3, 0x0, 0x0, 0x1, 0x20, 0x0, 0x0,
    0x0, 0x1a, 0xff, 0xff, 0xff, 0xff, 0xff, 0xff,
    0xff, 0xa1, 0x0, 0x4f, 0xf4, 0x0, 0x0, 0x3,
    0xef, 0xff, 0xff, 0xff, 0xff, 0xff, 0xff, 0xff,
    0xfd, 0x24, 0xff, 0xf8, 0x0, 0x0, 0x4f, 0xff,
    0xff, 0xff, 0xff, 0xff, 0xff, 0xff, 0xff, 0xff,
    0xff, 0xff, 0xf8, 0x0, 0x3, 0xff, 0xff, 0xff,
    0xf8, 0x40, 0x0, 0x4, 0x8f, 0xff, 0xff, 0xff,
    0xff, 0xf8, 0x0, 0xd, 0xff, 0xff, 0xf9, 0x10,
    0x0, 0x0, 0x0, 0x1, 0x9f, 0xff, 0xff, 0xff,
    0xf8, 0x0, 0x9f, 0xff, 0xff, 0x60, 0x0, 0x0,
    0x0, 0x0, 0x0, 0x9, 0xff, 0xff, 0xff, 0xf8,
    0x1, 0xff, 0xff, 0xf6, 0x0, 0x0, 0x0, 0x0,
    0x0, 0x0, 0x4f, 0xff, 0xff, 0xff, 0xf8, 0x8,
    0xff, 0xff, 0xa0, 0x0, 0x0, 0x0, 0x0, 0x0,
    0x4, 0xff, 0xff, 0xff, 0xff, 0xf8, 0xd, 0xff,
    0xff, 0x20, 0x0, 0x0, 0x0, 0x0, 0x0, 0xe,
    0xff, 0xff, 0xff, 0xff, 0xf8, 0x2f, 0xff, 0xfb,
    0x0, 0x0, 0x0, 0x0, 0x0, 0x0, 0xe, 0xff,
    0xff, 0xff, 0xff, 0xf6, 0x2d, 0xdd, 0xd4, 0x0,
    0x0, 0x0, 0x0, 0x0, 0x0, 0x2, 0x66, 0x66,
    0x66, 0x66, 0x40, 0x0, 0x0, 0x0, 0x0, 0x0,
    0x0, 0x0, 0x0, 0x0, 0x0, 0x0, 0x0, 0x0,
    0x0, 0x0, 0x0, 0x0, 0x0, 0x0, 0x0, 0x0,
    0x0, 0x0, 0x0, 0x0, 0x0, 0x0, 0x0, 0x0,
    0x0, 0x0, 0x0, 0x0, 0x0, 0x0, 0x0, 0x0,
    0x0, 0x0, 0x0, 0x0, 0x0, 0x0, 0x0, 0x0,
    0x0, 0x0, 0x0, 0x0, 0x0, 0x0, 0x0, 0x0,
    0x0, 0x0, 0x0, 0x0, 0x27, 0x88, 0x70, 0x3e,
    0xff, 0xff, 0xff, 0xff, 0xb0, 0x0, 0x0, 0x0,
    0x0, 0x0, 0x0, 0x9f, 0xff, 0xf3, 0x8f, 0xff,
    0xff, 0xff, 0xff, 0xf1, 0x0, 0x0, 0x0, 0x0,
    0x0, 0x0, 0xff, 0xff, 0xf0, 0x8f, 0xff, 0xff,
    0xff, 0xff, 0x90, 0x0, 0x0, 0x0, 0x0, 0x0,
    0x7, 0xff, 0xff, 0xa0, 0x8f, 0xff, 0xff, 0xff,
    0xf9, 0x0, 0x0, 0x0, 0x0, 0x0, 0x0, 0x2f,
    0xff, 0xff, 0x40, 0x8f, 0xff, 0xff, 0xff, 0x90,
    0x0, 0x0, 0x0, 0x0, 0x0, 0x2, 0xef, 0xff,
    0xfc, 0x0, 0x8f, 0xff, 0xff, 0xff, 0xe3, 0x0,
    0x0, 0x0, 0x0, 0x0, 0x4e, 0xff, 0xff, 0xf3,
    0x0, 0x8f, 0xff, 0xff, 0xff, 0xff, 0xa3, 0x0,
    0x0, 0x0, 0x4b, 0xff, 0xff, 0xff, 0x70, 0x0,
    0x8f, 0xff, 0xff, 0xff, 0xff, 0xff, 0xea, 0x99,
    0xbe, 0xff, 0xff, 0xff, 0xf9, 0x0, 0x0, 0x8f,
    0xff, 0x98, 0xff, 0xff, 0xff, 0xff, 0xff, 0xff,
    0xff, 0xff, 0xff, 0x80, 0x0, 0x0, 0x7f, 0xf9,
    0x0, 0x5f, 0xff, 0xff, 0xff, 0xff, 0xff, 0xff,
    0xff, 0xe5, 0x0, 0x0, 0x0, 0x7, 0x60, 0x0,
    0x1, 0x8f, 0xff, 0xff, 0xff, 0xff, 0xff, 0xf9,
    0x10, 0x0, 0x0, 0x0, 0x0, 0x0, 0x0, 0x0,
    0x1, 0x6b, 0xef, 0xff, 0xfe, 0xb6, 0x10, 0x0,
    0x0, 0x0, 0x0, 0x0, 0x0, 0x0, 0x0, 0x0,
    0x0, 0x0, 0x11, 0x0, 0x0, 0x0, 0x0, 0x0,
    0x0, 0x0,

    /* U+F2F2 "" */
    0x0, 0x0, 0x0, 0x0, 0x0, 0x0, 0x0, 0x0,
    0x0, 0x0, 0x0, 0x0, 0x0, 0x0, 0x0, 0x0,
    0x0, 0xf, 0xff, 0xff, 0xff, 0xf4, 0x0, 0x0,
    0x0, 0x0, 0x0, 0x0, 0x0, 0x0, 0x1f, 0xff,
    0xff, 0xff, 0xf5, 0x0, 0x0, 0x0, 0x0, 0x0,
    0x0, 0x0, 0x0, 0x1f, 0xff, 0xff, 0xff, 0xf5,
    0x0, 0x0, 0x0, 0x0, 0x0, 0x0, 0x0, 0x0,
    0xa, 0xbe, 0xff, 0xfb, 0xa2, 0x0, 0x0, 0x0,
    0x0, 0x0, 0x0, 0x0, 0x0, 0x0, 0xc, 0xff,
    0xf0, 0x0, 0x0, 0x0, 0x0, 0x0, 0x0, 0x0,
    0x0, 0x0, 0x0, 0x2d, 0xff, 0xf3, 0x0, 0x0,
    0x0, 0x0, 0x0, 0x0, 0x0, 0x0, 0x1, 0x8e,
    0xff, 0xff, 0xff, 0xf9, 0x20, 0x0, 0x43, 0x0,
    0x0, 0x0, 0x0, 0x6f, 0xff, 0xff, 0xff, 0xff,
    0xff, 0xf9, 0x5, 0xff, 0x30, 0x0, 0x0, 0xb,
    0xff, 0xff, 0xff, 0xff, 0xff, 0xff, 0xff, 0xef,
    0xff, 0xf2, 0x0, 0x0, 0xbf, 0xff, 0xff, 0xff,
    0xff, 0xff, 0xff, 0xff, 0xff, 0xff, 0xd1, 0x0,
    0x9, 0xff, 0xff, 0xff, 0xf9, 0x44, 0x6f, 0xff,
    0xff, 0xff, 0xfd, 0x10, 0x0, 0x4f, 0xff, 0xff,
    0xff, 0xf4, 0x0, 0xf, 0xff, 0xff, 0xff, 0xf8,
    0x0, 0x0, 0xdf, 0xff, 0xff, 0xff, 0xf4, 0x0,
    0xf, 0xff, 0xff, 0xff, 0xff, 0x10, 0x4, 0xff,
    0xff, 0xff, 0xff, 0xf4, 0x0, 0xf, 0xff, 0xff,
    0xff, 0xff, 0x80, 0x9, 0xff, 0xff, 0xff, 0xff,
    0xf4, 0x0, 0xf, 0xff, 0xff, 0xff, 0xff, 0xd0,
    0xd, 0xff, 0xff, 0xff, 0xff, 0xf4, 0x0, 0xf,
    0xff, 0xff, 0xff, 0xff, 0xf1, 0xf, 0xff, 0xff,
    0xff, 0xff, 0xf4, 0x0, 0xf, 0xff, 0xff, 0xff,
    0xff, 0xf3, 0xf, 0xff, 0xff, 0xff, 0xff, 0xf4,
    0x0, 0xf, 0xff, 0xff, 0xff, 0xff, 0xf4, 0xf,
    0xff, 0xff, 0xff, 0xff, 0xf4, 0x0, 0xf, 0xff,
    0xff, 0xff, 0xff, 0xf3, 0xe, 0xff, 0xff, 0xff,
    0xff, 0xf4, 0x0, 0xf, 0xff, 0xff, 0xff, 0xff,
    0xf2, 0xb, 0xff, 0xff, 0xff, 0xff, 0xfa, 0x66,
    0x8f, 0xff, 0xff, 0xff, 0xff, 0xf0, 0x7, 0xff,
    0xff, 0xff, 0xff, 0xff, 0xff, 0xff, 0xff, 0xff,
    0xff, 0xff, 0xb0, 0x2, 0xff, 0xff, 0xff, 0xff,
    0xff, 0xff, 0xff, 0xff, 0xff, 0xff, 0xff, 0x50,
    0x0, 0x9f, 0xff, 0xff, 0xff, 0xff, 0xff, 0xff,
    0xff, 0xff, 0xff, 0xfd, 0x0, 0x0, 0x1e, 0xff,
    0xff, 0xff, 0xff, 0xff, 0xff, 0xff, 0xff, 0xff,
    0xf4, 0x0, 0x0, 0x3, 0xff, 0xff, 0xff, 0xff,
    0xff, 0xff, 0xff, 0xff, 0xff, 0x70, 0x0, 0x0,
    0x0, 0x5f, 0xff, 0xff, 0xff, 0xff, 0xff, 0xff,
    0xff, 0xf8, 0x0, 0x0, 0x0, 0x0, 0x3, 0xef,
    0xff, 0xff, 0xff, 0xff, 0xff, 0xff, 0x60, 0x0,
    0x0, 0x0, 0x0, 0x0, 0x18, 0xff, 0xff, 0xff,
    0xff, 0xff, 0xa2, 0x0, 0x0, 0x0, 0x0, 0x0,
    0x0, 0x0, 0x15, 0xac, 0xee, 0xdb, 0x72, 0x0,
    0x0, 0x0, 0x0,

    /* U+F304 "" */
    0x0, 0x0, 0x0, 0x0, 0x0, 0x0, 0x0, 0x0,
    0x0, 0x0, 0x0, 0x0, 0x31, 0x0, 0x0, 0x0,
    0x0, 0x0, 0x0, 0x0, 0x0, 0x0, 0x0, 0x0,
    0x0, 0x0, 0x4, 0xef, 0xf8, 0x0, 0x0, 0x0,
    0x0, 0x0, 0x0, 0x0, 0x0, 0x0, 0x0, 0x0,
    0x0, 0x4, 0xff, 0xff, 0xf9, 0x0, 0x0, 0x0,
    0x0, 0x0, 0x0, 0x0, 0x0, 0x0, 0x0, 0x0,
    0x4, 0xff, 0xff, 0xff, 0xf9, 0x0, 0x0, 0x0,
    0x0, 0x0, 0x0, 0x0, 0x0, 0x0, 0x0, 0x4,
    0xff, 0xff, 0xff, 0xff, 0xf9, 0x0, 0x0, 0x0,
    0x0, 0x0, 0x0, 0x0, 0x0, 0x0, 0x0, 0x2e,
    0xff, 0xff, 0xff, 0xff, 0xf7, 0x0, 0x0, 0x0,
    0x0, 0x0, 0x0, 0x0, 0x0, 0x4, 0x50, 0x2e,
    0xff, 0xff, 0xff, 0xff, 0xe0, 0x0, 0x0, 0x0,
    0x0, 0x0, 0x0, 0x0, 0x4, 0xff, 0x50, 0x2e,
    0xff, 0xff, 0xff, 0xfe, 0x0, 0x0, 0x0, 0x0,
    0x0, 0x0, 0x0, 0x4, 0xff, 0xff, 0x50, 0x2e,
    0xff, 0xff, 0xff, 0x80, 0x0, 0x0, 0x0, 0x0,
    0x0, 0x0, 0x4, 0xff, 0xff, 0xff, 0x50, 0x2e,
    0xff, 0xff, 0xb0, 0x0, 0x0, 0x0, 0x0, 0x0,
    0x0, 0x4, 0xff, 0xff, 0xff, 0xff, 0x50, 0x2e,
    0xff, 0xb0, 0x0, 0x0, 0x0, 0x0, 0x0, 0x0,
    0x4, 0xff, 0xff, 0xff, 0xff, 0xff, 0x50, 0x2e,
    0xb0, 0x0, 0x0, 0x0, 0x0, 0x0, 0x0, 0x4,
    0xff, 0xff, 0xff, 0xff, 0xff, 0xff, 0x50, 0x20,
    0x0, 0x0, 0x0, 0x0, 0x0, 0x0, 0x4, 0xff,
    0xff, 0xff, 0xff, 0xff, 0xff, 0xff, 0x40, 0x0,
    0x0, 0x0, 0x0, 0x0, 0x0, 0x4, 0xff, 0xff,
    0xff, 0xff, 0xff, 0xff, 0xff, 0xb0, 0x0, 0x0,
    0x0, 0x0, 0x0, 0x0, 0x4, 0xff, 0xff, 0xff,
    0xff, 0xff, 0xff, 0xff, 0xb0, 0x0, 0x0, 0x0,
    0x0, 0x0, 0x0, 0x4, 0xff, 0xff, 0xff, 0xff,
    0xff, 0xff, 0xff, 0xb0, 0x0, 0x0, 0x0, 0x0,
    0x0, 0x0, 0x4, 0xff, 0xff, 0xff, 0xff, 0xff,
    0xff, 0xff, 0xb0, 0x0, 0x0, 0x0, 0x0, 0x0,
    0x0, 0x4, 0xff, 0xff, 0xff, 0xff, 0xff, 0xff,
    0xff, 0xb0, 0x0, 0x0, 0x0, 0x0, 0x0, 0x0,
    0x4, 0xff, 0xff, 0xff, 0xff, 0xff, 0xff, 0xff,
    0xb0, 0x0, 0x0, 0x0, 0x0, 0x0, 0x0, 0x4,
    0xff, 0xff, 0xff, 0xff, 0xff, 0xff, 0xff, 0xb0,
    0x0, 0x0, 0x0, 0x0, 0x0, 0x0, 0x4, 0xff,
    0xff, 0xff, 0xff, 0xff, 0xff, 0xff, 0xb0, 0x0,
    0x0, 0x0, 0x0, 0x0, 0x0, 0x2, 0xff, 0xff,
    0xff, 0xff, 0xff, 0xff, 0xff, 0xb0, 0x0, 0x0,
    0x0, 0x0, 0x0, 0x0, 0x0, 0x5f, 0xff, 0xff,
    0xff, 0xff, 0xff, 0xff, 0xb0, 0x0, 0x0, 0x0,
    0x0, 0x0, 0x0, 0x0, 0x7, 0xff, 0xff, 0xff,
    0xff, 0xff, 0xff, 0xb0, 0x0, 0x0, 0x0, 0x0,
    0x0, 0x0, 0x0, 0x0, 0x9f, 0xff, 0xff, 0xff,
    0xff, 0xff, 0xb0, 0x0, 0x0, 0x0, 0x0, 0x0,
    0x0, 0x0, 0x0, 0xb, 0xff, 0xff, 0xff, 0xff,
    0xff, 0xb0, 0x0, 0x0, 0x0, 0x0, 0x0, 0x0,
    0x0, 0x0, 0x0, 0xcf, 0xff, 0xff, 0xff, 0xff,
    0xb0, 0x0, 0x0, 0x0, 0x0, 0x0, 0x0, 0x0,
    0x0, 0x0, 0xe, 0xff, 0xff, 0xff, 0xff, 0xb0,
    0x0, 0x0, 0x0, 0x0, 0x0, 0x0, 0x0, 0x0,
    0x0, 0x0, 0xff, 0xff, 0xff, 0xff, 0xb0, 0x0,
    0x0, 0x0, 0x0, 0x0, 0x0, 0x0, 0x0, 0x0,
    0x0, 0x5, 0xba, 0x86, 0x43, 0x10, 0x0, 0x0,
    0x0, 0x0, 0x0, 0x0, 0x0, 0x0, 0x0, 0x0,
    0x0,

    /* U+F3C5 "" */
    0x0, 0x0, 0x0, 0x0, 0x0, 0x11, 0x0, 0x0,
    0x0, 0x0, 0x0, 0x0, 0x0, 0x0, 0x1, 0x7c,
    0xff, 0xff, 0xea, 0x50, 0x0, 0x0, 0x0, 0x0,
    0x0, 0x8, 0xff, 0xff, 0xff, 0xff, 0xff, 0xd4,
    0x0, 0x0, 0x0, 0x0, 0x2d, 0xff, 0xff, 0xff,
    0xff, 0xff, 0xff, 0xf7, 0x0, 0x0, 0x0, 0x1e,
    0xff, 0xff, 0xff, 0xff, 0xff, 0xff, 0xff, 0xf8,
    0x0, 0x0, 0xc, 0xff, 0xff, 0xff, 0xff, 0xff,
    0xff, 0xff, 0xff, 0xf5, 0x0, 0x7, 0xff, 0xff,
    0xff, 0xff, 0xff, 0xff, 0xff, 0xff, 0xff, 0xe1,
    0x1, 0xff, 0xff, 0xff, 0xff, 0xc8, 0x79, 0xff,
    0xff, 0xff, 0xff, 0x80, 0x6f, 0xff, 0xff, 0xff,
    0x50, 0x0, 0x1, 0xbf, 0xff, 0xff, 0xfe, 0xb,
    0xff, 0xff, 0xff, 0x60, 0x0, 0x0, 0x0, 0xdf,
    0xff, 0xff, 0xf2, 0xdf, 0xff, 0xff, 0xd0, 0x0,
    0x0, 0x0, 0x5, 0xff, 0xff, 0xff, 0x5f, 0xff,
    0xff, 0xf9, 0x0, 0x0, 0x0, 0x0, 0x1f, 0xff,
    0xff, 0xf7, 0xff, 0xff, 0xff, 0x90, 0x0, 0x0,
    0x0, 0x1, 0xff, 0xff, 0xff, 0x7f, 0xff, 0xff,
    0xfc, 0x0, 0x0, 0x0, 0x0, 0x4f, 0xff, 0xff,
    0xf6, 0xcf, 0xff, 0xff, 0xf3, 0x0, 0x0, 0x0,
    0xb, 0xff, 0xff, 0xff, 0x47, 0xff, 0xff, 0xff,
    0xe2, 0x0, 0x0, 0x8, 0xff, 0xff, 0xff, 0xe0,
    0x1f, 0xff, 0xff, 0xff, 0xf8, 0x43, 0x6c, 0xff,
    0xff, 0xff, 0xf8, 0x0, 0x9f, 0xff, 0xff, 0xff,
    0xff, 0xff, 0xff, 0xff, 0xff, 0xff, 0x10, 0x1,
    0xef, 0xff, 0xff, 0xff, 0xff, 0xff, 0xff, 0xff,
    0xff, 0x70, 0x0, 0x5, 0xff, 0xff, 0xff, 0xff,
    0xff, 0xff, 0xff, 0xff, 0xd0, 0x0, 0x0, 0xb,
    0xff, 0xff, 0xff, 0xff, 0xff, 0xff, 0xff, 0xf3,
    0x0, 0x0, 0x0, 0x1e, 0xff, 0xff, 0xff, 0xff,
    0xff, 0xff, 0xf8, 0x0, 0x0, 0x0, 0x0, 0x5f,
    0xff, 0xff, 0xff, 0xff, 0xff, 0xfc, 0x0, 0x0,
    0x0, 0x0, 0x0, 0x9f, 0xff, 0xff, 0xff, 0xff,
    0xff, 0x20, 0x0, 0x0, 0x0, 0x0, 0x0, 0xdf,
    0xff, 0xff, 0xff, 0xff, 0x60, 0x0, 0x0, 0x0,
    0x0, 0x0, 0x3, 0xff, 0xff, 0xff, 0xff, 0xb0,
    0x0, 0x0, 0x0, 0x0, 0x0, 0x0, 0x8, 0xff,
    0xff, 0xff, 0xe1, 0x0, 0x0, 0x0, 0x0, 0x0,
    0x0, 0x0, 0xc, 0xff, 0xff, 0xf5, 0x0, 0x0,
    0x0, 0x0, 0x0, 0x0, 0x0, 0x0, 0x2f, 0xff,
    0xfa, 0x0, 0x0, 0x0, 0x0, 0x0, 0x0, 0x0,
    0x0, 0x0, 0x7f, 0xfe, 0x10, 0x0, 0x0, 0x0,
    0x0, 0x0, 0x0, 0x0, 0x0, 0x0, 0x9c, 0x30,
    0x0, 0x0, 0x0, 0x0, 0x0,

    /* U+F3CD "" */
    0x0, 0x0, 0x0, 0x0, 0x0, 0x0, 0x0, 0x0,
    0x0, 0x1, 0xaf, 0xff, 0xff, 0xff, 0xff, 0xff,
    0xff, 0xfe, 0x80, 0xaf, 0xff, 0xff, 0xff, 0xff,
    0xff, 0xff, 0xff, 0xff, 0x6f, 0xff, 0xcc, 0xcc,
    0xcc, 0xcc, 0xcc, 0xcc, 0xdf, 0xfb, 0xff, 0xd0,
    0x0, 0x0, 0x0, 0x0, 0x0, 0x1, 0xff, 0xcf,
    0xfd, 0x0, 0x0, 0x0, 0x0, 0x0, 0x0, 0x1f,
    0xfc, 0xff, 0xd0, 0x0, 0x0, 0x0, 0x0, 0x0,
    0x1, 0xff, 0xcf, 0xfd, 0x0, 0x0, 0x0, 0x0,
    0x0, 0x0, 0x1f, 0xfc, 0xff, 0xd0, 0x0, 0x0,
    0x0, 0x0, 0x0, 0x1, 0xff, 0xcf, 0xfd, 0x0,
    0x0, 0x0, 0x0, 0x0, 0x0, 0x1f, 0xfc, 0xff,
    0xd0, 0x0, 0x0, 0x0, 0x0, 0x0, 0x1, 0xff,
    0xcf, 0xfd, 0x0, 0x0, 0x0, 0x0, 0x0, 0x0,
    0x1f, 0xfc, 0xff, 0xd0, 0x0, 0x0, 0x0, 0x0,
    0x0, 0x1, 0xff, 0xcf, 0xfd, 0x0, 0x0, 0x0,
    0x0, 0x0, 0x0, 0x1f, 0xfc, 0xff, 0xd0, 0x0,
    0x0, 0x0, 0x0, 0x0, 0x1, 0xff, 0xcf, 0xfd,
    0x0, 0x0, 0x0, 0x0, 0x0, 0x0, 0x1f, 0xfc,
    0xff, 0xd0, 0x0, 0x0, 0x0, 0x0, 0x0, 0x1,
    0xff, 0xcf, 0xfd, 0x0, 0x0, 0x0, 0x0, 0x0,
    0x0, 0x1f, 0xfc, 0xff, 0xd0, 0x0, 0x0, 0x0,
    0x0, 0x0, 0x1, 0xff, 0xcf, 0xfd, 0x0, 0x0,
    0x0, 0x0, 0x0, 0x0, 0x1f, 0xfc, 0xff, 0xd0,
    0x0, 0x0, 0x0, 0x0, 0x0, 0x1, 0xff, 0xcf,
    0xfd, 0x0, 0x0, 0x0, 0x0, 0x0, 0x0, 0x1f,
    0xfc, 0xff, 0xd0, 0x0, 0x0, 0x0, 0x0, 0x0,
    0x1, 0xff, 0xcf, 0xff, 0xdd, 0xdd, 0xdd, 0xdd,
    0xdd, 0xdd, 0xef, 0xfc, 0xff, 0xff, 0xff, 0xff,
    0xff, 0xff, 0xff, 0xff, 0xff, 0xcf, 0xff, 0xff,
    0xff, 0xf5, 0x18, 0xff, 0xff, 0xff, 0xfc, 0xff,
    0xff, 0xff, 0xf9, 0x0, 0xd, 0xff, 0xff, 0xff,
    0xcf, 0xff, 0xff, 0xff, 0x90, 0x0, 0xdf, 0xff,
    0xff, 0xfc, 0xef, 0xff, 0xff, 0xff, 0x51, 0x8f,
    0xff, 0xff, 0xff, 0xa8, 0xff, 0xff, 0xff, 0xff,
    0xff, 0xff, 0xff, 0xff, 0xf4, 0x7, 0xcd, 0xdd,
    0xdd, 0xdd, 0xdd, 0xdd, 0xdd, 0xb4, 0x0,

    /* U+F546 "" */
    0x0, 0x0, 0x0, 0x0, 0x0, 0x0, 0x0, 0x0,
    0x0, 0x0, 0x0, 0x0, 0x0, 0x0, 0x0, 0x6f,
    0xff, 0xff, 0xff, 0xa0, 0x0, 0x0, 0x0, 0x0,
    0x0, 0x0, 0x0, 0x0, 0x0, 0x0, 0xef, 0xff,
    0xff, 0xff, 0xf4, 0x0, 0x0, 0x0, 0x0, 0x0,
    0x0, 0x0, 0x0, 0x0, 0x0, 0xff, 0xff, 0xff,
    0xff, 0xf6, 0x0, 0x0, 0x0, 0x0, 0x0, 0x0,
    0x0, 0x0, 0x0, 0x0, 0xff, 0xff, 0xfe, 0xbb,
    0xb4, 0x0, 0x0, 0x0, 0x0, 0x0, 0x0, 0x0,
    0x0, 0x0, 0x0, 0xff, 0xff, 0xfa, 0x0, 0x0,
    0x0, 0x0, 0x0, 0x0, 0x0, 0x0, 0x0, 0x0,
    0x0, 0x0, 0xff, 0xff, 0xfe, 0xbb, 0xb4, 0x0,
    0x0, 0x0, 0x0, 0x0, 0x0, 0x0, 0x0, 0x0,
    0x0, 0xff, 0xff, 0xff, 0xff, 0xf6, 0x0, 0x0,
    0x0, 0x0, 0x0, 0x0, 0x0, 0x0, 0x0, 0x0,
    0xff, 0xff, 0xff, 0xff, 0xf6, 0x0, 0x0, 0x0,
    0x0, 0x0, 0x0, 0x0, 0x0, 0x0, 0x0, 0xff,
    0xff, 0xff, 0xff, 0xf6, 0x0, 0x0, 0x0, 0x0,
    0x0, 0x0, 0x0, 0x0, 0x0, 0x0, 0xff, 0xff,
    0xfb, 0x0, 0x0, 0x0, 0x0, 0x0, 0x0, 0x0,
    0x0, 0x0, 0x0, 0x0, 0x0, 0xff, 0xff, 0xfa,
    0x0, 0x0, 0x0, 0x0, 0x0, 0x0, 0x0, 0x0,
    0x0, 0x0, 0x0, 0x0, 0xff, 0xff, 0xff, 0xff,
    0xf6, 0x0, 0x0, 0x0, 0x0, 0x0, 0x0, 0x0,
    0x0, 0x0, 0x0, 0xff, 0xff, 0xff, 0xff, 0xf6,
    0x0, 0x0, 0x0, 0x0, 0x0, 0x0, 0x0, 0x0,
    0x0, 0x0, 0xff, 0xff, 0xff, 0xff, 0xf6, 0x0,
    0x0, 0x0, 0x0, 0x0, 0x0, 0x0, 0x0, 0x0,
    0x0, 0xff, 0xff, 0xff, 0xcc, 0xc4, 0x0, 0x0,
    0x0, 0x0, 0x0, 0x0, 0x0, 0x0, 0x0, 0x0,
    0xff, 0xff, 0xfa, 0x0, 0x0, 0x0, 0x0, 0x0,
    0x0, 0x0, 0x0, 0x0, 0x0, 0x0, 0x0, 0xff,
    0xff, 0xfd, 0x77, 0x72, 0x0, 0x0, 0x0, 0x0,
    0x0, 0x0, 0x0, 0x0, 0x0, 0x0, 0xff, 0xff,
    0xff, 0xff, 0xf6, 0x0, 0x0, 0x0, 0x0, 0x0,
    0x0, 0x0, 0x0, 0x0, 0x0, 0xff, 0xff, 0xff,
    0xff, 0xf5, 0x0, 0x0, 0x0, 0x0, 0x0, 0x0,
    0x0, 0x0, 0x0, 0x0, 0xff, 0xff, 0xff, 0xff,
    0xc0, 0x0, 0x0, 0x0, 0x0, 0x0, 0x0, 0x0,
    0x0, 0x0, 0x0, 0xff, 0xff, 0xff, 0xfc, 0x0,
    0x7b, 0xb1, 0xb, 0xbb, 0x80, 0x1b, 0xbb, 0x60,
    0x8b, 0x92, 0xff, 0xff, 0xff, 0xc0, 0x7, 0xff,
    0xf2, 0xf, 0xff, 0xc0, 0x2f, 0xff, 0x90, 0xcf,
    0xfd, 0xff, 0xff, 0xfc, 0x0, 0x7f, 0xff, 0xf2,
    0xf, 0xff, 0xc0, 0x2f, 0xff, 0x90, 0xcf, 0xff,
    0xff, 0xff, 0xc0, 0x8, 0xff, 0xff, 0xf2, 0xf,
    0xff, 0xc0, 0x3f, 0xff, 0xa0, 0xcf, 0xff, 0xff,
    0xfc, 0x10, 0x8f, 0xff, 0xff, 0xff, 0xff, 0xff,
    0xff, 0xff, 0xff, 0xff, 0xff, 0xff, 0xff, 0xc1,
    0x8, 0xff, 0xff, 0xff, 0xff, 0xff, 0xff, 0xff,
    0xff, 0xff, 0xff, 0xff, 0xff, 0xfc, 0x10, 0x8f,
    0xff, 0xff, 0xff, 0xff, 0xff, 0xff, 0xff, 0xff,
    0xff, 0xff, 0xff, 0xff, 0xc1, 0x8, 0xff, 0xff,
    0xff, 0xff, 0xff, 0xff, 0xff, 0xff, 0xff, 0xff,
    0xff, 0xff, 0xff, 0x0, 0x8f, 0xff, 0xff, 0xff,
    0xff, 0xff, 0xff, 0xff, 0xff, 0xff, 0xff, 0xff,
    0xff, 0xfc, 0x3, 0xaa, 0xaa, 0xaa, 0xaa, 0xaa,
    0xaa, 0xaa, 0xaa, 0xaa, 0xaa, 0xaa, 0xaa, 0xaa,
    0x92,

    /* U+F554 "" */
    0x0, 0x0, 0x0, 0x0, 0x0, 0x0, 0x10, 0x0,
    0x0, 0x0, 0x0, 0x0, 0x0, 0x0, 0x8, 0xff,
    0xc1, 0x0, 0x0, 0x0, 0x0, 0x0, 0x0, 0x5,
    0xff, 0xff, 0xb0, 0x0, 0x0, 0x0, 0x0, 0x0,
    0x0, 0x9f, 0xff, 0xff, 0x0, 0x0, 0x0, 0x0,
    0x0, 0x0, 0x7, 0xff, 0xff, 0xd0, 0x0, 0x0,
    0x0, 0x0, 0x0, 0x0, 0xd, 0xff, 0xf4, 0x0,
    0x0, 0x0, 0x0, 0x0, 0x0, 0x0, 0x5, 0x62,
    0x0, 0x0, 0x0, 0x0, 0x0, 0x0, 0x0, 0x0,
    0x0, 0x0, 0x0, 0x0, 0x0, 0x0, 0x0, 0x5,
    0x8a, 0x96, 0x0, 0x0, 0x0, 0x0, 0x0, 0x3,
    0xaf, 0xff, 0xff, 0xfe, 0x50, 0x0, 0x0, 0x0,
    0x1b, 0xff, 0xff, 0xff, 0xff, 0xff, 0x60, 0x0,
    0x0, 0xd, 0xff, 0xff, 0xff, 0xff, 0xff, 0xff,
    0x20, 0x0, 0x8, 0xff, 0xff, 0xff, 0xff, 0xff,
    0xff, 0xfa, 0x0, 0x0, 0xff, 0xff, 0x71, 0xef,
    0xff, 0xff, 0xff, 0xf0, 0x0, 0x1f, 0xff, 0x90,
    0x3f, 0xff, 0xff, 0xff, 0xff, 0x80, 0x0, 0x8f,
    0xc1, 0x7, 0xff, 0xff, 0xf9, 0xff, 0xff, 0xd2,
    0x0, 0x0, 0x0, 0xaf, 0xff, 0xff, 0x1b, 0xff,
    0xff, 0xa0, 0x0, 0x0, 0xb, 0xff, 0xff, 0xd0,
    0x1b, 0xff, 0xf9, 0x0, 0x0, 0x0, 0x7f, 0xff,
    0xfa, 0x0, 0x4, 0xa9, 0x10, 0x0, 0x0, 0x0,
    0xdf, 0xff, 0xf3, 0x0, 0x0, 0x0, 0x0, 0x0,
    0x3, 0x1, 0xef, 0xff, 0xe2, 0x0, 0x0, 0x0,
    0x0, 0x0, 0xe7, 0x2, 0xef, 0xff, 0xe1, 0x0,
    0x0, 0x0, 0x0, 0x4f, 0xf5, 0x3, 0xff, 0xff,
    0xb0, 0x0, 0x0, 0x0, 0xb, 0xff, 0xf2, 0x4,
    0xff, 0xff, 0x10, 0x0, 0x0, 0x5, 0xff, 0xfe,
    0x0, 0x9, 0xff, 0xf5, 0x0, 0x0, 0x5, 0xff,
    0xff, 0x80, 0x0, 0x4f, 0xff, 0x90, 0x0, 0x5,
    0xff, 0xff, 0xd0, 0x0, 0x0, 0xff, 0xfd, 0x0,
    0x5, 0xff, 0xff, 0xe2, 0x0, 0x0, 0xc, 0xff,
    0xf1, 0x0, 0xef, 0xff, 0xe2, 0x0, 0x0, 0x0,
    0x8f, 0xff, 0x50, 0xe, 0xff, 0xe2, 0x0, 0x0,
    0x0, 0x3, 0xff, 0xf4, 0x0, 0x3c, 0xb2, 0x0,
    0x0, 0x0, 0x0, 0x8, 0xd8, 0x0, 0x0,

    /* U+F55A "" */
    0x0, 0x0, 0x0, 0x0, 0x0, 0x27, 0x78, 0x88,
    0x88, 0x88, 0x88, 0x88, 0x88, 0x88, 0x88, 0x88,
    0x87, 0x61, 0x0, 0x0, 0x0, 0x0, 0x0, 0x7,
    0xff, 0xff, 0xff, 0xff, 0xff, 0xff, 0xff, 0xff,
    0xff, 0xff, 0xff, 0xff, 0xff, 0x40, 0x0, 0x0,
    0x0, 0x0, 0x8f, 0xff, 0xff, 0xff, 0xff, 0xff,
    0xff, 0xff, 0xff, 0xff, 0xff, 0xff, 0xff, 0xff,
    0xf1, 0x0, 0x0, 0x0, 0x8, 0xff, 0xff, 0xff,
    0xff, 0xff, 0xff, 0xff, 0xff, 0xff, 0xff, 0xff,
    0xff, 0xff, 0xff, 0xf6, 0x0, 0x0, 0x0, 0x8f,
    0xff, 0xff, 0xff, 0xff, 0xff, 0xff, 0xff, 0xff,
    0xff, 0xff, 0xff, 0xff, 0xff, 0xff, 0xf7, 0x0,
    0x0, 0x8, 0xff, 0xff, 0xff, 0xff, 0xff, 0xf8,
    0x4e, 0xff, 0xff, 0xfe, 0x48, 0xff, 0xff, 0xff,
    0xff, 0xf8, 0x0, 0x0, 0x8f, 0xff, 0xff, 0xff,
    0xff, 0xff, 0x80, 0x2, 0xef, 0xff, 0xe3, 0x0,
    0x8f, 0xff, 0xff, 0xff, 0xf8, 0x0, 0x8, 0xff,
    0xff, 0xff, 0xff, 0xff, 0xff, 0x0, 0x0, 0x2e,
    0xfe, 0x30, 0x0, 0xf, 0xff, 0xff, 0xff, 0xf8,
    0x0, 0x8f, 0xff, 0xff, 0xff, 0xff, 0xff, 0xff,
    0x90, 0x0, 0x2, 0xd3, 0x0, 0x0, 0x9f, 0xff,
    0xff, 0xff, 0xf8, 0x8, 0xff, 0xff, 0xff, 0xff,
    0xff, 0xff, 0xff, 0xf9, 0x0, 0x0, 0x0, 0x0,
    0x9, 0xff, 0xff, 0xff, 0xff, 0xf8, 0x7f, 0xff,
    0xff, 0xff, 0xff, 0xff, 0xff, 0xff, 0xff, 0x90,
    0x0, 0x0, 0x0, 0x9f, 0xff, 0xff, 0xff, 0xff,
    0xf8, 0xff, 0xff, 0xff, 0xff, 0xff, 0xff, 0xff,
    0xff, 0xff, 0xf8, 0x0, 0x0, 0x8, 0xff, 0xff,
    0xff, 0xff, 0xff, 0xf8, 0xcf, 0xff, 0xff, 0xff,
    0xff, 0xff, 0xff, 0xff, 0xff, 0xe2, 0x0, 0x0,
    0x2, 0xef, 0xff, 0xff, 0xff, 0xff, 0xf8, 0x2e,
    0xff, 0xff, 0xff, 0xff, 0xff, 0xff, 0xff, 0xfe,
    0x20, 0x0, 0x0, 0x0, 0x2e, 0xff, 0xff, 0xff,
    0xff, 0xf8, 0x2, 0xef, 0xff, 0xff, 0xff, 0xff,
    0xff, 0xff, 0xe2, 0x0, 0x0, 0x50, 0x0, 0x2,
    0xef, 0xff, 0xff, 0xff, 0xf8, 0x0, 0x2e, 0xff,
    0xff, 0xff, 0xff, 0xff, 0xff, 0x30, 0x0, 0x9,
    0xf9, 0x0, 0x0, 0x3f, 0xff, 0xff, 0xff, 0xf8,
    0x0, 0x2, 0xef, 0xff, 0xff, 0xff, 0xff, 0xff,
    0x20, 0x0, 0x9f, 0xff, 0x90, 0x0, 0x2f, 0xff,
    0xff, 0xff, 0xf8, 0x0, 0x0, 0x2e, 0xff, 0xff,
    0xff, 0xff, 0xff, 0xe2, 0x9, 0xff, 0xff, 0xf9,
    0x2, 0xef, 0xff, 0xff, 0xff, 0xf8, 0x0, 0x0,
    0x2, 0xef, 0xff, 0xff, 0xff, 0xff, 0xfe, 0xcf,
    0xff, 0xff, 0xff, 0xce, 0xff, 0xff, 0xff, 0xff,
    0xf8, 0x0, 0x0, 0x0, 0x2e, 0xff, 0xff, 0xff,
    0xff, 0xff, 0xff, 0xff, 0xff, 0xff, 0xff, 0xff,
    0xff, 0xff, 0xff, 0xf7, 0x0, 0x0, 0x0, 0x2,
    0xef, 0xff, 0xff, 0xff, 0xff, 0xff, 0xff, 0xff,
    0xff, 0xff, 0xff, 0xff, 0xff, 0xff, 0xf4, 0x0,
    0x0, 0x0, 0x0, 0x2e, 0xff, 0xff, 0xff, 0xff,
    0xff, 0xff, 0xff, 0xff, 0xff, 0xff, 0xff, 0xff,
    0xff, 0xb0, 0x0, 0x0, 0x0, 0x0, 0x1, 0xaf,
    0xff, 0xff, 0xff, 0xff, 0xff, 0xff, 0xff, 0xff,
    0xff, 0xff, 0xff, 0xe9, 0x0,

    /* U+F630 "" */
    0x0, 0x0, 0x0, 0x0, 0x0, 0x0, 0x0, 0x1,
    0x11, 0x0, 0x0, 0x0, 0x0, 0x0, 0x0, 0x0,
    0x0, 0x0, 0x0, 0x0, 0x0, 0x0, 0x0, 0x1,
    0x58, 0xbe, 0xff, 0xff, 0xff, 0xda, 0x30, 0x0,
    0x0, 0x0, 0x0, 0x0, 0x0, 0x0, 0x0, 0x0,
    0x0, 0x1, 0x6c, 0xff, 0xff, 0xff, 0xff, 0xff,
    0xff, 0xed, 0x20, 0x0, 0x0, 0x0, 0x0, 0x0,
    0x0, 0x0, 0x0, 0x0, 0x18, 0xff, 0xff, 0xff,
    0xff, 0xff, 0xff, 0xa4, 0x0, 0x0, 0x0, 0x0,
    0x0, 0x0, 0x0, 0x0, 0x0, 0x0, 0x0, 0x7f,
    0xff, 0xff, 0xff, 0xff, 0xdc, 0xba, 0x50, 0x2,
    0x46, 0x77, 0x77, 0x53, 0x10, 0x0, 0x0, 0x0,
    0x0, 0x0, 0x6f, 0xff, 0xff, 0xfd, 0x84, 0x10,
    0x0, 0x0, 0x3d, 0xff, 0xff, 0xff, 0xff, 0xff,
    0xd9, 0x50, 0x0, 0x0, 0x0, 0xd, 0xff, 0xff,
    0xa3, 0x0, 0x0, 0x0, 0x0, 0x1e, 0xff, 0xff,
    0xff, 0xff, 0xff, 0xff, 0xff, 0xf9, 0x20, 0x0,
    0x0, 0xff, 0xfd, 0x20, 0x0, 0x0, 0x0, 0x0,
    0x8, 0xff, 0xff, 0xff, 0xff, 0xff, 0xff, 0xff,
    0xff, 0xff, 0xb2, 0x0, 0xe, 0xff, 0xe0, 0x0,
    0x0, 0x0, 0x0, 0x0, 0xcf, 0xff, 0xff, 0xff,
    0xff, 0xff, 0xff, 0xff, 0xff, 0xff, 0xf5, 0x0,
    0xbf, 0xff, 0x10, 0x0, 0x0, 0x21, 0x0, 0xf,
    0xff, 0xff, 0xff, 0xff, 0xff, 0xff, 0xff, 0xff,
    0xff, 0xff, 0xf1, 0x8, 0xff, 0xf4, 0x3, 0x97,
    0xaf, 0x50, 0x2, 0xff, 0xff, 0xff, 0xff, 0xff,
    0xff, 0xff, 0xff, 0xff, 0xff, 0xff, 0x60, 0x5f,
    0xff, 0x70, 0x1f, 0xff, 0xf1, 0x0, 0x5f, 0xff,
    0xff, 0xfb, 0xcf, 0xff, 0xff, 0xff, 0xff, 0xff,
    0xff, 0xf7, 0x3, 0xff, 0xf9, 0x0, 0x4b, 0xc4,
    0x0, 0x8, 0xff, 0xff, 0xf2, 0x0, 0x7f, 0xff,
    0xff, 0xff, 0xff, 0xff, 0xff, 0x50, 0xf, 0xff,
    0xc0, 0x0, 0x0, 0x0, 0x0, 0xaf, 0xff, 0xfa,
    0x0, 0x0, 0xef, 0xfc, 0x21, 0x6f, 0xff, 0xff,
    0xf2, 0x0, 0xdf, 0xff, 0x0, 0x0, 0x0, 0x0,
    0xd, 0xff, 0xff, 0xef, 0xfc, 0x3e, 0xff, 0x10,
    0x0, 0x9f, 0xff, 0xff, 0x0, 0xa, 0xff, 0xf2,
    0x0, 0x0, 0x18, 0x0, 0xff, 0xff, 0xff, 0xff,
    0xff, 0xff, 0xf8, 0xb9, 0x37, 0xff, 0xff, 0xc0,
    0x0, 0x7f, 0xff, 0x50, 0x0, 0x2e, 0xe0, 0x3f,
    0xff, 0xff, 0xff, 0xff, 0xff, 0xff, 0xff, 0xff,
    0xef, 0xff, 0xf9, 0x0, 0x4, 0xff, 0xf8, 0x0,
    0xc, 0xfa, 0x6, 0xff, 0xff, 0xff, 0xff, 0xff,
    0xff, 0xff, 0xff, 0xff, 0xff, 0xff, 0x60, 0x0,
    0x1f, 0xff, 0xb0, 0x2, 0xd4, 0x0, 0x9f, 0xff,
    0xff, 0xff, 0xff, 0xff, 0xff, 0xff, 0xff, 0xff,
    0xff, 0xf4, 0x0, 0x0, 0xef, 0xff, 0x40, 0x11,
    0x0, 0xa, 0xff, 0xff, 0x7a, 0xff, 0xff, 0xff,
    0xff, 0xff, 0xff, 0xff, 0xff, 0x10, 0x0, 0x7,
    0xff, 0xff, 0x50, 0x0, 0x0, 0x8f, 0xff, 0xf9,
    0x6, 0xef, 0xff, 0xff, 0xff, 0xff, 0xff, 0xff,
    0xe0, 0x0, 0x0, 0xd, 0xff, 0xff, 0xa1, 0x0,
    0x5, 0xff, 0xff, 0xe0, 0x0, 0x59, 0xdf, 0xfe,
    0xb7, 0x7f, 0xff, 0xfb, 0x0, 0x0, 0x0, 0x2e,
    0xff, 0xff, 0xf8, 0x20, 0xf, 0xff, 0xff, 0x70,
    0x0, 0x0, 0x0, 0x0, 0xd, 0xff, 0xff, 0x80,
    0x0, 0x0, 0x0, 0x1c, 0xff, 0xff, 0xff, 0x50,
    0x8f, 0xff, 0xff, 0x50, 0x0, 0x0, 0x0, 0xa,
    0xff, 0xff, 0xf3, 0x0, 0x0, 0x0, 0x0, 0x9,
    0xff, 0xff, 0xfd, 0x0, 0xdf, 0xff, 0xff, 0x91,
    0x0, 0x0, 0x3c, 0xff, 0xff, 0xfc, 0x0, 0x0,
    0x0, 0x0, 0x0, 0x2, 0xaf, 0xff, 0xf6, 0x3,
    0xff, 0xff, 0xff, 0xfc, 0xaa, 0xdf, 0xff, 0xff,
    0xff, 0x20, 0x0, 0x0, 0x0, 0x0, 0x0, 0x0,
    0x28, 0xcf, 0xf2, 0x6, 0xff, 0xff, 0xff, 0xff,
    0xff, 0xff, 0xff, 0xff, 0x30, 0x0, 0x0, 0x0,
    0x0, 0x0, 0x0, 0x0, 0x0, 0x1, 0x0, 0x7,
    0xff, 0xff, 0xff, 0xff, 0xff, 0xff, 0xfd, 0x20,
    0x0, 0x0, 0x0, 0x0, 0x0, 0x0, 0x0, 0x0,
    0x0, 0x0, 0x0, 0x6, 0xff, 0xff, 0xff, 0xff,
    0xff, 0xf8, 0x0, 0x0, 0x0, 0x0, 0x0, 0x0,
    0x0, 0x0, 0x0, 0x0, 0x0, 0x0, 0x0, 0x3,
    0xdf, 0xff, 0xff, 0xff, 0x92, 0x0, 0x0, 0x0,
    0x0, 0x0, 0x0, 0x0, 0x0, 0x0, 0x0, 0x0,
    0x0, 0x0, 0x0, 0x0, 0x49, 0xbb, 0x84, 0x0,
    0x0, 0x0, 0x0, 0x0, 0x0,

    /* U+F6BE "" */
    0x0, 0x0, 0x0, 0x0, 0x0, 0x0, 0x0, 0x0,
    0x0, 0x0, 0x0, 0x0, 0x0, 0x0, 0x0, 0x0,
    0x0, 0x0, 0x0, 0x0, 0x0, 0x0, 0x0, 0x0,
    0x1, 0xc1, 0x0, 0x0, 0x0, 0x0, 0xa2, 0x0,
    0x0, 0x0, 0x0, 0x0, 0x0, 0x0, 0x0, 0x0,
    0x1f, 0xd1, 0x0, 0x0, 0x0, 0x9f, 0x20, 0x0,
    0x0, 0x0, 0x0, 0x0, 0x0, 0x0, 0x0, 0x1,
    0xff, 0xd1, 0x0, 0x0, 0x8f, 0xf2, 0x7, 0x96,
    0x10, 0x0, 0x0, 0x0, 0x0, 0x0, 0x0, 0x1f,
    0xff, 0xea, 0xaa, 0xbf, 0xff, 0x29, 0xff, 0xff,
    0x60, 0x0, 0x0, 0x0, 0x0, 0x0, 0x1, 0xff,
    0xff, 0xff, 0xff, 0xff, 0xf2, 0xcf, 0xff, 0xff,
    0x60, 0x0, 0x0, 0x0, 0x0, 0x0, 0x1f, 0xff,
    0xff, 0xff, 0xff, 0xff, 0x24, 0xff, 0xff, 0xff,
    0x10, 0x0, 0x0, 0x0, 0x0, 0x1, 0xff, 0x93,
    0xdf, 0xf8, 0x8f, 0xf2, 0x0, 0x3c, 0xff, 0xf7,
    0x0, 0x0, 0x0, 0x0, 0x0, 0x1f, 0xf6, 0xc,
    0xff, 0x55, 0xff, 0x20, 0x0, 0x3f, 0xff, 0xa0,
    0x0, 0x0, 0x0, 0x0, 0x0, 0xff, 0xff, 0xff,
    0xff, 0xff, 0xf1, 0x0, 0x1, 0xff, 0xfa, 0x0,
    0x0, 0x16, 0xad, 0xf5, 0xb, 0xff, 0xff, 0xff,
    0xff, 0xfc, 0x0, 0x0, 0x1f, 0xff, 0xa0, 0x0,
    0x9f, 0xff, 0xff, 0xb0, 0x3f, 0xff, 0xff, 0xff,
    0xff, 0x40, 0x0, 0x1, 0xff, 0xfa, 0x2, 0xdf,
    0xff, 0xff, 0xff, 0x30, 0x5f, 0xff, 0xff, 0xff,
    0x70, 0x0, 0x0, 0x1f, 0xff, 0xa2, 0xef, 0xff,
    0xff, 0xff, 0xfe, 0x10, 0x3b, 0xff, 0xfb, 0x40,
    0x0, 0x0, 0x1, 0xff, 0xfb, 0xdf, 0xff, 0xff,
    0xff, 0xff, 0xfe, 0x30, 0x0, 0x10, 0x0, 0x0,
    0x0, 0x0, 0x1f, 0xff, 0xff, 0xff, 0xff, 0xff,
    0xff, 0xff, 0xff, 0xb5, 0x20, 0x22, 0x0, 0x0,
    0x0, 0x1, 0xff, 0xff, 0xff, 0xff, 0xff, 0xff,
    0xff, 0xff, 0xff, 0xff, 0xff, 0xa0, 0x0, 0x0,
    0x0, 0x1f, 0xff, 0xff, 0xff, 0xff, 0xff, 0xff,
    0xff, 0xff, 0xff, 0xff, 0xfa, 0x0, 0x0, 0x0,
    0x1, 0xff, 0xff, 0xff, 0xff, 0xff, 0xff, 0xff,
    0xff, 0xff, 0xff, 0xff, 0xa0, 0x0, 0x0, 0x0,
    0x1f, 0xff, 0xff, 0xff, 0xff, 0xff, 0xff, 0xff,
    0xff, 0xfb, 0xff, 0xfa, 0x0, 0x0, 0x0, 0x1,
    0xff, 0xff, 0xff, 0xff, 0xff, 0xff, 0xff, 0xff,
    0xf6, 0x1f, 0xff, 0xa0, 0x0, 0x0, 0x0, 0x1f,
    0xff, 0xff, 0xff, 0xff, 0xff, 0xff, 0xff, 0xd2,
    0x1, 0xff, 0xfa, 0x0, 0x0, 0x0, 0x1, 0xff,
    0xff, 0xff, 0xff, 0xff, 0xff, 0xff, 0x90, 0x0,
    0x1f, 0xff, 0xa0, 0x0, 0x0, 0x0, 0x1f, 0xff,
    0xff, 0xff, 0xff, 0xff, 0xfe, 0x40, 0x0, 0x1,
    0xff, 0xfa, 0x0, 0x0, 0x0, 0x1, 0xff, 0xff,
    0xff, 0xff, 0xff, 0xfc, 0x10, 0x0, 0x0, 0x1f,
    0xff, 0xa0, 0x0, 0x0, 0x0, 0xf, 0xff, 0xff,
    0xff, 0xff, 0xff, 0xff, 0xe4, 0x0, 0x1, 0xff,
    0xfa, 0x0, 0x0, 0x0, 0x0, 0xbf, 0xff, 0xff,
    0xff, 0xff, 0xff, 0xff, 0xd0, 0x0, 0x1f, 0xff,
    0xa0, 0x0, 0x0, 0x0, 0x2, 0xef, 0xff, 0xff,
    0xff, 0xff, 0xff, 0xfe, 0x0, 0x1, 0xff, 0xfa,
    0x0, 0x0, 0x0, 0x0, 0x1, 0x8b, 0xcc, 0xcc,
    0xcc, 0xcc, 0xcc, 0x70, 0x0, 0xa, 0xcb, 0x40,
    0x0, 0x0,

    /* U+F6C3 "" */
    0x0, 0x0, 0x0, 0x0, 0x0, 0x0, 0x0, 0x0,
    0x0, 0x0, 0x0, 0x0, 0x0, 0x0, 0x0, 0x0,
    0x0, 0x0, 0x0, 0x0, 0x0, 0x0, 0x0, 0x0,
    0x0, 0x0, 0x0, 0x27, 0xce, 0xff, 0xe3, 0x0,
    0x0, 0x0, 0x0, 0x0, 0x0, 0x0, 0x0, 0x0,
    0x0, 0x0, 0x0, 0x1a, 0xff, 0xff, 0xff, 0x90,
    0x0, 0x0, 0x0, 0x0, 0x0, 0x0, 0x0, 0x0,
    0x0, 0x0, 0x0, 0x3, 0xef, 0xff, 0xff, 0xf6,
    0x0, 0x0, 0x0, 0x0, 0x0, 0x0, 0x0, 0x0,
    0x0, 0x0, 0x0, 0x0, 0x4f, 0xff, 0xff, 0xff,
    0x80, 0x0, 0x0, 0x0, 0x0, 0x0, 0x0, 0x0,
    0x0, 0x0, 0x0, 0x0, 0x2, 0xef, 0xff, 0xff,
    0xfc, 0x0, 0x0, 0x0, 0x0, 0x0, 0x0, 0x0,
    0x0, 0x0, 0x0, 0x0, 0x0, 0xc, 0xff, 0xff,
    0xff, 0xf5, 0x0, 0x0, 0x0, 0x0, 0x0, 0x0,
    0x0, 0x0, 0x0, 0x0, 0x0, 0x0, 0x5f, 0xff,
    0xff, 0xff, 0xf0, 0x0, 0x0, 0x0, 0x0, 0x0,
    0x0, 0x0, 0x0, 0x0, 0x0, 0x0, 0x0, 0xbf,
    0xff, 0xff, 0xff, 0xc0, 0x0, 0x0, 0x0, 0x0,
    0x0, 0x0, 0x0, 0x0, 0x0, 0x0, 0x0, 0x0,
    0xff, 0xff, 0xff, 0xff, 0xb0, 0x0, 0x0, 0x0,
    0x0, 0x0, 0x0, 0x0, 0x0, 0x0, 0x0, 0x0,
    0x3, 0xff, 0xff, 0xff, 0xff, 0xb0, 0x0, 0x0,
    0x0, 0x0, 0x0, 0x0, 0x0, 0x0, 0x0, 0x0,
    0x0, 0x4, 0xff, 0xff, 0xff, 0xff, 0xd0, 0x0,
    0x0, 0x0, 0x0, 0x0, 0x0, 0x0, 0x0, 0x0,
    0x0, 0x0, 0x5, 0xff, 0xff, 0xff, 0xff, 0xf1,
    0x0, 0x0, 0x0, 0x0, 0x0, 0x0, 0x0, 0x0,
    0x0, 0x0, 0x0, 0x3, 0xff, 0xff, 0xff, 0xff,
    0xf7, 0x0, 0x0, 0x0, 0x0, 0x0, 0x0, 0x0,
    0x0, 0x29, 0xde, 0xc7, 0x0, 0x44, 0x12, 0x5b,
    0xff, 0xff, 0x10, 0x0, 0x0, 0x0, 0x0, 0x0,
    0x0, 0x5, 0xff, 0xff, 0xff, 0xd2, 0x0, 0x0,
    0x0, 0x6f, 0xff, 0xc0, 0x0, 0x0, 0x0, 0x0,
    0x0, 0x0, 0x3f, 0xff, 0xff, 0xff, 0xfd, 0x4c,
    0xff, 0xa1, 0x8, 0xff, 0xfc, 0x10, 0x0, 0x0,
    0x0, 0x0, 0x0, 0xcf, 0xff, 0xff, 0xff, 0xff,
    0xff, 0xff, 0xfd, 0x0, 0xef, 0xff, 0xe5, 0x0,
    0x0, 0x0, 0x0, 0x1, 0xff, 0xff, 0xff, 0xff,
    0xff, 0xff, 0xff, 0xff, 0x60, 0xaf, 0xff, 0xff,
    0xea, 0x77, 0x85, 0x0, 0x3, 0xff, 0xff, 0xff,
    0xff, 0xff, 0xff, 0xff, 0xff, 0x90, 0x8f, 0xff,
    0xff, 0xff, 0xff, 0xf6, 0x0, 0x4c, 0xff, 0xff,
    0xff, 0xff, 0xff, 0xff, 0xff, 0xff, 0x80, 0x4e,
    0xff, 0xff, 0xff, 0xff, 0x60, 0x6, 0xff, 0xff,
    0xff, 0xff, 0xff, 0xff, 0xff, 0xff, 0xff, 0x71,
    0x0, 0xbf, 0xff, 0xff, 0xe4, 0x0, 0x3f, 0xff,
    0xff, 0xff, 0xff, 0xff, 0xff, 0xff, 0xff, 0xff,
    0xff, 0x70, 0xd, 0xff, 0xc6, 0x0, 0x0, 0xaf,
    0xff, 0xff, 0xff, 0xff, 0xff, 0xff, 0xff, 0xff,
    0xff, 0xff, 0xf6, 0x2, 0x31, 0x0, 0x0, 0x0,
    0xef, 0xff, 0xff, 0xff, 0xff, 0xff, 0xff, 0xff,
    0xff, 0xff, 0xff, 0xff, 0x0, 0x0, 0x0, 0x0,
    0x0, 0xff, 0xff, 0xff, 0xff, 0xff, 0xff, 0xff,
    0xff, 0xff, 0xff, 0xff, 0xff, 0x40, 0x0, 0x0,
    0x0, 0x0, 0xdf, 0xff, 0xff, 0xff, 0xff, 0xff,
    0xff, 0xff, 0xff, 0xff, 0xff, 0xff, 0x50, 0x0,
    0x0, 0x0, 0x0, 0x8f, 0xff, 0xff, 0xff, 0xff,
    0xff, 0xff, 0xff, 0xff, 0xff, 0xff, 0xff, 0x30,
    0x0, 0x0, 0x0, 0x0, 0x1e, 0xff, 0xff, 0xff,
    0xff, 0xff, 0xff, 0xff, 0xff, 0xff, 0xff, 0xfc,
    0x0, 0x0, 0x0, 0x0, 0x0, 0x3, 0xef, 0xff,
    0xff, 0xff, 0xff, 0xff, 0xff, 0xff, 0xff, 0xff,
    0xe2, 0x0, 0x0, 0x0, 0x0, 0x0, 0x0, 0x18,
    0xde, 0xff, 0xff, 0xff, 0xff, 0xff, 0xff, 0xff,
    0xd9, 0x10, 0x0, 0x0, 0x0, 0x0, 0x0,

    /* U+F6C4 "" */
    0x0, 0x0, 0x0, 0x0, 0x0, 0x0, 0x0, 0x0,
    0x0, 0x0, 0x0, 0x0, 0x0, 0x0, 0x0, 0x0,
    0x0, 0x0, 0x0, 0x0, 0x0, 0x0, 0x0, 0x0,
    0x0, 0xde, 0x0, 0x0, 0x0, 0x0, 0x0, 0x0,
    0x0, 0x0, 0x0, 0x0, 0x0, 0x0, 0x0, 0x0,
    0x0, 0x0, 0x0, 0x5, 0xff, 0x70, 0x0, 0x0,
    0x0, 0x0, 0x0, 0x0, 0x0, 0x0, 0x0, 0x0,
    0x0, 0x0, 0x0, 0x0, 0x0, 0x0, 0xd, 0xff,
    0xe0, 0x0, 0x0, 0x0, 0x0, 0x0, 0x0, 0x0,
    0x0, 0x0, 0x0, 0x0, 0x0, 0x1, 0x84, 0x0,
    0x0, 0x5f, 0xff, 0xf6, 0x0, 0x0, 0x37, 0x20,
    0x0, 0x0, 0x0, 0x0, 0x0, 0x0, 0x0, 0x0,
    0x5, 0xff, 0xe9, 0x40, 0xdf, 0xff, 0xfe, 0x3,
    0x8e, 0xff, 0x80, 0x0, 0x0, 0x0, 0x0, 0x0,
    0x0, 0x0, 0x0, 0x1, 0xff, 0xff, 0xff, 0xff,
    0xff, 0xff, 0xff, 0xff, 0xff, 0x30, 0x0, 0x0,
    0x0, 0x0, 0x0, 0x0, 0x0, 0x0, 0x0, 0xcf,
    0xff, 0xff, 0xea, 0x77, 0x9e, 0xff, 0xff, 0xfe,
    0x0, 0x0, 0x0, 0x0, 0x0, 0x0, 0x0, 0x0,
    0x0, 0x0, 0x6f, 0xff, 0xf8, 0x0, 0x0, 0x0,
    0x7f, 0xff, 0xf9, 0x0, 0x0, 0x0, 0x0, 0x0,
    0x0, 0x0, 0x0, 0x0, 0x0, 0x1f, 0xff, 0x60,
    0x29, 0xcc, 0x92, 0x4, 0xff, 0xf3, 0x0, 0x0,
    0x0, 0x0, 0x0, 0x0, 0x0, 0x0, 0x0, 0x0,
    0xc, 0xf9, 0x4, 0xff, 0xff, 0xff, 0x50, 0x7f,
    0xe0, 0x0, 0x0, 0x0, 0x0, 0x0, 0x0, 0x0,
    0x0, 0x0, 0x3, 0xbf, 0xf1, 0x2f, 0xff, 0xff,
    0xff, 0xf2, 0x3, 0x0, 0x0, 0x0, 0x0, 0x0,
    0x0, 0x0, 0x0, 0x0, 0x4, 0xbf, 0xff, 0xc0,
    0x9f, 0xff, 0xff, 0xff, 0xc2, 0x0, 0x24, 0x42,
    0x0, 0x0, 0x0, 0x0, 0x0, 0x0, 0x0, 0xbf,
    0xff, 0xff, 0x90, 0xcf, 0xff, 0xff, 0xfb, 0x0,
    0x4d, 0xff, 0xff, 0xc4, 0x0, 0x0, 0x0, 0x0,
    0x0, 0x0, 0xcf, 0xff, 0xff, 0x90, 0xcf, 0xff,
    0xff, 0xd1, 0x8, 0xff, 0xff, 0xff, 0xff, 0x60,
    0x0, 0x0, 0x0, 0x0, 0x0, 0x6, 0xef, 0xff,
    0xb0, 0x9f, 0xff, 0xff, 0x60, 0x6f, 0xff, 0xff,
    0xff, 0xff, 0xf4, 0x0, 0x0, 0x0, 0x0, 0x0,
    0x0, 0x6, 0xdf, 0xf1, 0x2f, 0xff, 0xff, 0x0,
    0xef, 0xff, 0xff, 0xff, 0xff, 0xfe, 0xbf, 0xfa,
    0x10, 0x0, 0x0, 0x0, 0x0, 0xd, 0xf8, 0x6,
    0xff, 0xfb, 0x5, 0xff, 0xff, 0xff, 0xff, 0xff,
    0xff, 0xff, 0xff, 0xd0, 0x0, 0x0, 0x0, 0x0,
    0x1f, 0xff, 0x50, 0x4b, 0xa2, 0x8, 0xff, 0xff,
    0xff, 0xff, 0xff, 0xff, 0xff, 0xff, 0xf7, 0x0,
    0x0, 0x0, 0x0, 0x6f, 0xff, 0xf7, 0x0, 0x0,
    0x1a, 0xff, 0xff, 0xff, 0xff, 0xff, 0xff, 0xff,
    0xff, 0xfa, 0x0, 0x0, 0x0, 0x0, 0xbf, 0xff,
    0xff, 0x30, 0x2b, 0xff, 0xff, 0xff, 0xff, 0xff,
    0xff, 0xff, 0xff, 0xff, 0xff, 0x70, 0x0, 0x0,
    0x1, 0xff, 0xff, 0xf7, 0x3, 0xff, 0xff, 0xff,
    0xff, 0xff, 0xff, 0xff, 0xff, 0xff, 0xff, 0xff,
    0xfb, 0x0, 0x0, 0x5, 0xff, 0xfa, 0x50, 0xe,
    0xff, 0xff, 0xff, 0xff, 0xff, 0xff, 0xff, 0xff,
    0xff, 0xff, 0xff, 0xff, 0x90, 0x0, 0x1, 0x85,
    0x0, 0x0, 0x7f, 0xff, 0xff, 0xff, 0xff, 0xff,
    0xff, 0xff, 0xff, 0xff, 0xff, 0xff, 0xff, 0xf1,
    0x0, 0x0, 0x0, 0x0, 0x0, 0xbf, 0xff, 0xff,
    0xff, 0xff, 0xff, 0xff, 0xff, 0xff, 0xff, 0xff,
    0xff, 0xff, 0xf5, 0x0, 0x0, 0x0, 0x0, 0x0,
    0xbf, 0xff, 0xff, 0xff, 0xff, 0xff, 0xff, 0xff,
    0xff, 0xff, 0xff, 0xff, 0xff, 0xf6, 0x0, 0x0,
    0x0, 0x0, 0x0, 0xaf, 0xff, 0xff, 0xff, 0xff,
    0xff, 0xff, 0xff, 0xff, 0xff, 0xff, 0xff, 0xff,
    0xf4, 0x0, 0x0, 0x0, 0x0, 0x0, 0x5f, 0xff,
    0xff, 0xff, 0xff, 0xff, 0xff, 0xff, 0xff, 0xff,
    0xff, 0xff, 0xff, 0xe0, 0x0, 0x0, 0x0, 0x0,
    0x0, 0xc, 0xff, 0xff, 0xff, 0xff, 0xff, 0xff,
    0xff, 0xff, 0xff, 0xff, 0xff, 0xff, 0x60, 0x0,
    0x0, 0x0, 0x0, 0x0, 0x1, 0xcf, 0xff, 0xff,
    0xff, 0xff, 0xff, 0xff, 0xff, 0xff, 0xff, 0xff,
    0xf8, 0x0, 0x0, 0x0, 0x0, 0x0, 0x0, 0x0,
    0x6, 0xce, 0xff, 0xff, 0xff, 0xff, 0xff, 0xff,
    0xff, 0xff, 0xea, 0x40, 0x0,

    /* U+F70C "" */
    0x0, 0x0, 0x0, 0x0, 0x0, 0x0, 0x0, 0x0,
    0x0, 0x0, 0x0, 0x0, 0x0, 0x0, 0x0, 0x0,
    0x0, 0x0, 0x0, 0xb, 0xff, 0x90, 0x0, 0x0,
    0x0, 0x0, 0x0, 0x0, 0x0, 0x0, 0x0, 0x9,
    0xff, 0xff, 0x70, 0x0, 0x0, 0x0, 0x0, 0x0,
    0x0, 0x0, 0x0, 0x0, 0xdf, 0xff, 0xfb, 0x0,
    0x0, 0x0, 0x0, 0x0, 0x0, 0x0, 0x0, 0x0,
    0xb, 0xff, 0xff, 0x90, 0x0, 0x0, 0x0, 0x0,
    0x0, 0x0, 0x0, 0x0, 0x0, 0x3f, 0xff, 0xe1,
    0x0, 0x0, 0x0, 0x0, 0x0, 0x0, 0x3, 0x77,
    0x51, 0x0, 0x16, 0x61, 0x0, 0x0, 0x0, 0x0,
    0x0, 0x0, 0x2b, 0xff, 0xff, 0xfc, 0x83, 0x0,
    0x0, 0x0, 0x0, 0x0, 0x0, 0x0, 0x5f, 0xff,
    0xff, 0xff, 0xff, 0xfd, 0x50, 0x0, 0x0, 0x0,
    0x0, 0x0, 0x7f, 0xff, 0xff, 0xff, 0xff, 0xff,
    0xff, 0x70, 0x0, 0x0, 0x0, 0x0, 0x1f, 0xff,
    0xff, 0x63, 0xcf, 0xff, 0xff, 0xff, 0x30, 0x0,
    0x0, 0x0, 0x0, 0xff, 0xfd, 0x20, 0xe, 0xff,
    0xff, 0xff, 0xfb, 0x0, 0x0, 0x0, 0x0, 0x4,
    0xb8, 0x0, 0x5, 0xff, 0xff, 0xff, 0xff, 0xf3,
    0x0, 0x0, 0x0, 0x0, 0x0, 0x0, 0x0, 0xcf,
    0xff, 0xff, 0xff, 0xff, 0xb0, 0x0, 0x0, 0x0,
    0x0, 0x0, 0x0, 0x3f, 0xff, 0xff, 0xf5, 0xef,
    0xff, 0xff, 0xfa, 0x0, 0x0, 0x0, 0x0, 0xa,
    0xff, 0xff, 0xfe, 0x7, 0xff, 0xff, 0xff, 0xf4,
    0x0, 0x0, 0x0, 0x0, 0xff, 0xff, 0xff, 0x70,
    0xe, 0xff, 0xff, 0xff, 0x30, 0x0, 0x0, 0x0,
    0xf, 0xff, 0xff, 0xf1, 0x0, 0x18, 0xbb, 0xba,
    0x50, 0x0, 0x0, 0x0, 0x0, 0xaf, 0xff, 0xfe,
    0x50, 0x0, 0x0, 0x0, 0x0, 0x0, 0x0, 0x0,
    0x4, 0x1, 0xdf, 0xff, 0xff, 0xb2, 0x0, 0x0,
    0x0, 0x0, 0x0, 0x0, 0x0, 0xd7, 0x1, 0x9f,
    0xff, 0xff, 0xf8, 0x0, 0x0, 0x0, 0x2, 0x9b,
    0xbb, 0xbf, 0xf9, 0x0, 0x3c, 0xff, 0xff, 0xf6,
    0x0, 0x0, 0x0, 0xdf, 0xff, 0xff, 0xff, 0xf5,
    0x0, 0x5, 0xef, 0xff, 0xb0, 0x0, 0x0, 0xe,
    0xff, 0xff, 0xff, 0xfe, 0x0, 0x0, 0x4, 0xff,
    0xf9, 0x0, 0x0, 0x0, 0x6f, 0xff, 0xff, 0xfd,
    0x30, 0x0, 0x0, 0x9f, 0xff, 0x50, 0x0, 0x0,
    0x0, 0x0, 0x0, 0x0, 0x0, 0x0, 0x0, 0xe,
    0xff, 0xf0, 0x0, 0x0, 0x0, 0x0, 0x0, 0x0,
    0x0, 0x0, 0x0, 0x4, 0xff, 0xfb, 0x0, 0x0,
    0x0, 0x0, 0x0, 0x0, 0x0, 0x0, 0x0, 0x0,
    0x9f, 0xff, 0x60, 0x0, 0x0, 0x0, 0x0, 0x0,
    0x0, 0x0, 0x0, 0x0, 0xd, 0xff, 0xf1, 0x0,
    0x0, 0x0, 0x0, 0x0, 0x0, 0x0, 0x0, 0x0,
    0x0, 0xaf, 0xfc, 0x0, 0x0, 0x0, 0x0, 0x0,
    0x0, 0x0, 0x0, 0x0, 0x0, 0x1, 0x89, 0x10,
    0x0, 0x0, 0x0, 0x0,

    /* U+F73D "" */
    0x0, 0x0, 0x0, 0x0, 0x26, 0x64, 0x10, 0x0,
    0x0, 0x0, 0x0, 0x0, 0x0, 0x0, 0x0, 0x0,
    0x0, 0x0, 0x3c, 0xff, 0xff, 0xf9, 0x0, 0x0,
    0x0, 0x0, 0x0, 0x0, 0x0, 0x0, 0x0, 0x0,
    0x5, 0xff, 0xff, 0xff, 0xff, 0xc1, 0x1, 0x68,
    0x73, 0x0, 0x0, 0x0, 0x0, 0x0, 0x0, 0x2f,
    0xff, 0xff, 0xff, 0xff, 0xfa, 0x4e, 0xff, 0xff,
    0x90, 0x0, 0x0, 0x0, 0x0, 0x0, 0xbf, 0xff,
    0xff, 0xff, 0xff, 0xff, 0xff, 0xff, 0xff, 0xf8,
    0x0, 0x0, 0x0, 0x0, 0x0, 0xff, 0xff, 0xff,
    0xff, 0xff, 0xff, 0xff, 0xff, 0xff, 0xff, 0x10,
    0x0, 0x0, 0x0, 0x3, 0xff, 0xff, 0xff, 0xff,
    0xff, 0xff, 0xff, 0xff, 0xff, 0xff, 0x50, 0x0,
    0x0, 0x0, 0x3, 0xff, 0xff, 0xff, 0xff, 0xff,
    0xff, 0xff, 0xff, 0xff, 0xff, 0x50, 0x0, 0x0,
    0x0, 0x8, 0xff, 0xff, 0xff, 0xff, 0xff, 0xff,
    0xff, 0xff, 0xff, 0xff, 0xfd, 0x81, 0x0, 0x2,
    0xef, 0xff, 0xff, 0xff, 0xff, 0xff, 0xff, 0xff,
    0xff, 0xff, 0xff, 0xff, 0xfe, 0x30, 0x1e, 0xff,
    0xff, 0xff, 0xff, 0xff, 0xff, 0xff, 0xff, 0xff,
    0xff, 0xff, 0xff, 0xff, 0xe1, 0x8f, 0xff, 0xff,
    0xff, 0xff, 0xff, 0xff, 0xff, 0xff, 0xff, 0xff,
    0xff, 0xff, 0xff, 0xf8, 0xdf, 0xff, 0xff, 0xff,
    0xff, 0xff, 0xff, 0xff, 0xff, 0xff, 0xff, 0xff,
    0xff, 0xff, 0xfd, 0xff, 0xff, 0xff, 0xff, 0xff,
    0xff, 0xff, 0xff, 0xff, 0xff, 0xff, 0xff, 0xff,
    0xff, 0xff, 0xef, 0xff, 0xff, 0xff, 0xff, 0xff,
    0xff, 0xff, 0xff, 0xff, 0xff, 0xff, 0xff, 0xff,
    0xfe, 0xbf, 0xff, 0xff, 0xff, 0xff, 0xff, 0xff,
    0xff, 0xff, 0xff, 0xff, 0xff, 0xff, 0xff, 0xfa,
    0x3f, 0xff, 0xff, 0xff, 0xff, 0xff, 0xff, 0xff,
    0xff, 0xff, 0xff, 0xff, 0xff, 0xff, 0xf3, 0x7,
    0xff, 0xff, 0xff, 0xff, 0xff, 0xff, 0xff, 0xff,
    0xff, 0xff, 0xff, 0xff, 0xff, 0x70, 0x0, 0x5d,
    0xff, 0xff, 0xff, 0xff, 0xff, 0xff, 0xff, 0xff,
    0xff, 0xff, 0xff, 0xd5, 0x0, 0x0, 0x0, 0x24,
    0x44, 0x44, 0x44, 0x44, 0x44, 0x44, 0x44, 0x44,
    0x44, 0x42, 0x0, 0x0, 0x0, 0x0, 0x0, 0x0,
    0x0, 0x0, 0x0, 0x0, 0x0, 0x0, 0x0, 0x0,
    0x0, 0x0, 0x0, 0x0, 0x0, 0x0, 0x0, 0x0,
    0x0, 0x0, 0x0, 0x0, 0x0, 0x0, 0x0, 0x0,
    0x0, 0x0, 0x0, 0x0, 0x6, 0x0, 0x0, 0x0,
    0x0, 0x33, 0x0, 0x0, 0x0, 0x0, 0x60, 0x0,
    0x0, 0x0, 0x0, 0x2f, 0x60, 0x0, 0x0, 0x0,
    0xcc, 0x0, 0x0, 0x0, 0x5, 0xf2, 0x0, 0x0,
    0x0, 0x0, 0x9f, 0xd0, 0x0, 0x0, 0x3, 0xff,
    0x30, 0x0, 0x0, 0xd, 0xf9, 0x0, 0x0, 0x0,
    0x3, 0xff, 0xf7, 0x0, 0x0, 0xc, 0xff, 0xd0,
    0x0, 0x0, 0x7f, 0xff, 0x30, 0x0, 0x0, 0xb,
    0xff, 0xfe, 0x10, 0x0, 0x5f, 0xff, 0xf6, 0x0,
    0x1, 0xff, 0xff, 0xc0, 0x0, 0x0, 0x1f, 0xff,
    0xff, 0x50, 0x0, 0xbf, 0xff, 0xfb, 0x0, 0x5,
    0xff, 0xff, 0xf1, 0x0, 0x0, 0x1f, 0xff, 0xff,
    0x50, 0x0, 0xbf, 0xff, 0xfb, 0x0, 0x5, 0xff,
    0xff, 0xf1, 0x0, 0x0, 0xb, 0xff, 0xfe, 0x0,
    0x0, 0x5f, 0xff, 0xf5, 0x0, 0x0, 0xef, 0xff,
    0xb0, 0x0, 0x0, 0x0, 0x9c, 0xa2, 0x0, 0x0,
    0x5, 0xcc, 0x60, 0x0, 0x0, 0x2a, 0xc9, 0x0,
    0x0,

    /* U+F740 "" */
    0x0, 0x0, 0x0, 0x0, 0x2, 0x66, 0x41, 0x0,
    0x0, 0x0, 0x0, 0x0, 0x0, 0x0, 0x0, 0x0,
    0x0, 0x0, 0x0, 0x3c, 0xff, 0xff, 0xf9, 0x0,
    0x0, 0x0, 0x0, 0x0, 0x0, 0x0, 0x0, 0x0,
    0x0, 0x0, 0x5f, 0xff, 0xff, 0xff, 0xfc, 0x10,
    0x16, 0x87, 0x30, 0x0, 0x0, 0x0, 0x0, 0x0,
    0x0, 0x2f, 0xff, 0xff, 0xff, 0xff, 0xfa, 0x4e,
    0xff, 0xff, 0x90, 0x0, 0x0, 0x0, 0x0, 0x0,
    0xb, 0xff, 0xff, 0xff, 0xff, 0xff, 0xff, 0xff,
    0xff, 0xff, 0x80, 0x0, 0x0, 0x0, 0x0, 0x0,
    0xff, 0xff, 0xff, 0xff, 0xff, 0xff, 0xff, 0xff,
    0xff, 0xff, 0x10, 0x0, 0x0, 0x0, 0x0, 0x3f,
    0xff, 0xff, 0xff, 0xff, 0xff, 0xff, 0xff, 0xff,
    0xff, 0xf5, 0x0, 0x0, 0x0, 0x0, 0x3, 0xff,
    0xff, 0xff, 0xff, 0xff, 0xff, 0xff, 0xff, 0xff,
    0xff, 0x50, 0x0, 0x0, 0x0, 0x0, 0x8f, 0xff,
    0xff, 0xff, 0xff, 0xff, 0xff, 0xff, 0xff, 0xff,
    0xff, 0xd8, 0x10, 0x0, 0x2, 0xef, 0xff, 0xff,
    0xff, 0xff, 0xff, 0xff, 0xff, 0xff, 0xff, 0xff,
    0xff, 0xfe, 0x30, 0x1, 0xef, 0xff, 0xff, 0xff,
    0xff, 0xff, 0xff, 0xff, 0xff, 0xff, 0xff, 0xff,
    0xff, 0xfe, 0x10, 0x8f, 0xff, 0xff, 0xff, 0xff,
    0xff, 0xff, 0xff, 0xff, 0xff, 0xff, 0xff, 0xff,
    0xff, 0xf8, 0xd, 0xff, 0xff, 0xff, 0xff, 0xff,
    0xff, 0xff, 0xff, 0xff, 0xff, 0xff, 0xff, 0xff,
    0xff, 0xd0, 0xff, 0xff, 0xff, 0xff, 0xff, 0xff,
    0xff, 0xff, 0xff, 0xff, 0xff, 0xff, 0xff, 0xff,
    0xff, 0xe, 0xff, 0xff, 0xff, 0xff, 0xff, 0xff,
    0xff, 0xff, 0xff, 0xff, 0xff, 0xff, 0xff, 0xff,
    0xe0, 0xbf, 0xff, 0xff, 0xff, 0xff, 0xff, 0xff,
    0xff, 0xff, 0xff, 0xff, 0xff, 0xff, 0xff, 0xfa,
    0x3, 0xff, 0xff, 0xff, 0xff, 0xff, 0xff, 0xff,
    0xff, 0xff, 0xff, 0xff, 0xff, 0xff, 0xff, 0x30,
    0x7, 0xff, 0xff, 0xff, 0xff, 0xff, 0xff, 0xff,
    0xff, 0xff, 0xff, 0xff, 0xff, 0xff, 0x70, 0x0,
    0x5, 0xdf, 0xff, 0xff, 0xff, 0xff, 0xff, 0xff,
    0xff, 0xff, 0xff, 0xff, 0xfd, 0x50, 0x0, 0x0,
    0x0, 0x24, 0x44, 0x44, 0x44, 0x44, 0x44, 0x44,
    0x44, 0x44, 0x44, 0x42, 0x0, 0x0, 0x0, 0x0,
    0x0, 0x0, 0x0, 0x0, 0x0, 0x0, 0x0, 0x0,
    0x0, 0x0, 0x0, 0x0, 0x0, 0x0, 0x0, 0x0,
    0x0, 0x0, 0x0, 0x0, 0x0, 0x0, 0x0, 0x0,
    0x0, 0x0, 0x0, 0x0, 0x0, 0x0, 0x0, 0x1d,
    0x50, 0x0, 0x6c, 0x10, 0x0, 0xb9, 0x0, 0x3,
    0xd4, 0x0, 0x7, 0xc0, 0x0, 0x0, 0xa, 0xf7,
    0x0, 0x1f, 0xf1, 0x0, 0x6f, 0xb0, 0x0, 0xcf,
    0x50, 0x2, 0xff, 0x0, 0x0, 0x3, 0xfe, 0x0,
    0x9, 0xf9, 0x0, 0xe, 0xf3, 0x0, 0x5f, 0xd0,
    0x0, 0xbf, 0x70, 0x0, 0x0, 0xcf, 0x60, 0x2,
    0xfe, 0x10, 0x8, 0xfa, 0x0, 0xe, 0xf4, 0x0,
    0x4f, 0xd0, 0x0, 0x0, 0x5f, 0xc0, 0x0, 0xbf,
    0x60, 0x2, 0xff, 0x10, 0x7, 0xfa, 0x0, 0xd,
    0xf4, 0x0, 0x0, 0xe, 0xf3, 0x0, 0x5f, 0xd0,
    0x0, 0xbf, 0x70, 0x1, 0xff, 0x20, 0x7, 0xfb,
    0x0, 0x0, 0x8, 0xfa, 0x0, 0xd, 0xf4, 0x0,
    0x4f, 0xe0, 0x0, 0xaf, 0x80, 0x1, 0xef, 0x20,
    0x0, 0x0, 0xef, 0x20, 0x4, 0xfb, 0x0, 0xa,
    0xf5, 0x0, 0x1f, 0xe0, 0x0, 0x6f, 0x90, 0x0,
    0x0, 0x5, 0x40, 0x0, 0x7, 0x10, 0x0, 0x36,
    0x0, 0x0, 0x63, 0x0, 0x1, 0x70, 0x0, 0x0,
    0x0,

    /* U+F75F "" */
    0x0, 0x0, 0x0, 0x0, 0x10, 0x0, 0x0, 0x0,
    0x0, 0x0, 0x11, 0x0, 0x0, 0x0, 0x0, 0x0,
    0x0, 0x0, 0x0, 0x0, 0x0, 0x29, 0xef, 0xff,
    0xd8, 0x10, 0x0, 0x18, 0xdf, 0xff, 0xe9, 0x20,
    0x0, 0x0, 0x0, 0x0, 0x0, 0x0, 0x0, 0x8,
    0xff, 0xff, 0xff, 0xff, 0xf6, 0x5, 0xff, 0xff,
    0xff, 0xff, 0xf7, 0x0, 0x0, 0x0, 0x0, 0x0,
    0x0, 0x0, 0xaf, 0xff, 0xff, 0xff, 0xff, 0xff,
    0xbf, 0xff, 0xff, 0xff, 0xff, 0xff, 0xa0, 0x0,
    0x0, 0x0, 0x0, 0x0, 0x8, 0xff, 0xff, 0xff,
    0xff, 0xff, 0xff, 0xff, 0xff, 0xff, 0xff, 0xff,
    0xff, 0xf6, 0x3, 0x55, 0x20, 0x0, 0x0, 0x1f,
    0xff, 0xff, 0xff, 0xff, 0xff, 0xff, 0xff, 0xff,
    0xff, 0xff, 0xff, 0xff, 0xff, 0xdf, 0xff, 0xfd,
    0x40, 0x0, 0x8f, 0xff, 0xff, 0xff, 0xff, 0xff,
    0xff, 0xff, 0xff, 0xff, 0xff, 0xff, 0xff, 0xff,
    0xff, 0xff, 0xff, 0xf7, 0x0, 0xcf, 0xff, 0xff,
    0xff, 0xff, 0xff, 0xff, 0xff, 0xff, 0xff, 0xff,
    0xff, 0xff, 0xff, 0xff, 0xff, 0xff, 0xff, 0x50,
    0xef, 0xff, 0xff, 0xff, 0xff, 0xff, 0xff, 0xff,
    0xff, 0xff, 0xff, 0xff, 0xff, 0xff, 0xff, 0xff,
    0xff, 0xff, 0xe0, 0xff, 0xff, 0xff, 0xff, 0xff,
    0xff, 0xff, 0xff, 0xff, 0xff, 0xff, 0xff, 0xff,
    0xff, 0xff, 0xff, 0xff, 0xff, 0xf4, 0xef, 0xff,
    0xff, 0xff, 0xff, 0xff, 0xff, 0xff, 0xff, 0xff,
    0xff, 0xff, 0xff, 0xff, 0xff, 0xff, 0xff, 0xff,
    0xf6, 0xbf, 0xff, 0xff, 0xff, 0xff, 0xff, 0xff,
    0xff, 0xff, 0xff, 0xff, 0xff, 0xff, 0xff, 0xff,
    0xff, 0xff, 0xff, 0xf7, 0x6f, 0xff, 0xff, 0xff,
    0xff, 0xff, 0xff, 0xff, 0xff, 0xff, 0xff, 0xff,
    0xff, 0xff, 0xff, 0xff, 0xff, 0xff, 0xf5, 0xd,
    0xff, 0xff, 0xff, 0xff, 0xff, 0xff, 0xff, 0xff,
    0xff, 0xff, 0xff, 0xff, 0xff, 0xff, 0xff, 0xff,
    0xff, 0xf1, 0x3, 0xff, 0xff, 0xff, 0xff, 0xff,
    0xff, 0xff, 0xff, 0xff, 0xff, 0xff, 0xff, 0xff,
    0xff, 0xff, 0xff, 0xff, 0x80, 0x0, 0x4f, 0xff,
    0xff, 0xff, 0xff, 0xff, 0xff, 0xff, 0xff, 0xff,
    0xff, 0xff, 0xff, 0xff, 0xff, 0xff, 0xfc, 0x0,
    0x0, 0x2, 0xcf, 0xff, 0xff, 0xff, 0xff, 0xff,
    0xff, 0xff, 0xff, 0xff, 0xff, 0xff, 0xff, 0xff,
    0xff, 0xa0, 0x0, 0x0, 0x0, 0x3, 0x8a, 0xbb,
    0xbb, 0xbb, 0xbb, 0xbc, 0xff, 0xff, 0xff, 0xff,
    0xfc, 0xbb, 0xba, 0x83, 0x0, 0x0, 0x0, 0x0,
    0x0, 0x0, 0x0, 0x0, 0x0, 0x0, 0x0, 0x6e,
    0xff, 0xff, 0xfe, 0x60, 0x0, 0x0, 0x0, 0x0,
    0x0, 0x0, 0x0, 0x0, 0x0, 0x0, 0x0, 0x0,
    0x0, 0x0, 0x0, 0x48, 0x98, 0x40, 0x0, 0x0,
    0x0, 0x0, 0x0, 0x0, 0x0, 0x0, 0x0, 0x0,
    0x0, 0x0, 0x0, 0x0, 0x0, 0x0, 0x0, 0x0,
    0x0, 0x0, 0x0, 0x0, 0x0, 0x0, 0x0, 0x0,
    0x0, 0x0, 0x0, 0x0, 0x0, 0x0, 0x0, 0x0,
    0x0, 0x0, 0x0, 0x0, 0x0, 0x0, 0x0, 0x0,
    0x0, 0x0, 0x0, 0x1, 0xbc, 0xcc, 0xcc, 0xcc,
    0xcc, 0xcc, 0xcc, 0xcc, 0xcc, 0xcc, 0xcc, 0xcc,
    0xcc, 0xcc, 0xcc, 0xcc, 0xb3, 0x0, 0x3, 0xff,
    0xff, 0xff, 0xff, 0xff, 0xff, 0xff, 0xff, 0xff,
    0xff, 0xff, 0xff, 0xff, 0xff, 0xff, 0xff, 0xf7,
    0x0, 0x2, 0xff, 0xff, 0xff, 0xff, 0xff, 0xff,
    0xff, 0xff, 0xff, 0xff, 0xff, 0xff, 0xff, 0xff,
    0xff, 0xff, 0xf5, 0x0, 0x0, 0x0, 0x0, 0x0,
    0x0, 0x0, 0x0, 0x0, 0x0, 0x0, 0x0, 0x0,
    0x0, 0x0, 0x0, 0x0, 0x0, 0x0, 0x0, 0x0,
    0x0, 0x0, 0x0, 0x0, 0x0, 0x0, 0x0, 0x0,
    0x0, 0x0, 0x0, 0x0, 0x0, 0x0, 0x0, 0x0,
    0x0, 0x0, 0x0, 0x0, 0x0, 0x0, 0x0, 0x0,
    0x0, 0x0, 0x0, 0x0, 0x0, 0x0, 0x0, 0x0,
    0x0, 0x0, 0x0, 0x0, 0xdf, 0xff, 0xff, 0xff,
    0xf3, 0x0, 0xaf, 0xff, 0xff, 0xff, 0xff, 0xff,
    0xff, 0xff, 0xff, 0xff, 0xf9, 0x0, 0x0, 0xff,
    0xff, 0xff, 0xff, 0xf5, 0x0, 0xcf, 0xff, 0xff,
    0xff, 0xff, 0xff, 0xff, 0xff, 0xff, 0xff, 0xfb,
    0x0, 0x0, 0x9c, 0xcc, 0xcc, 0xcc, 0xb2, 0x0,
    0x6c, 0xcc, 0xcc, 0xcc, 0xcc, 0xcc, 0xcc, 0xcc,
    0xcc, 0xcc, 0xc6, 0x0, 0x0,

    /* U+F7C2 "" */
    0x0, 0x0, 0x0, 0x0, 0x0, 0x0, 0x0, 0x0,
    0x0, 0x0, 0x0, 0x0, 0x0, 0x0, 0x3, 0xef,
    0xff, 0xff, 0xff, 0xff, 0xff, 0xfa, 0x10, 0x0,
    0x0, 0x3, 0xef, 0xff, 0xff, 0xff, 0xff, 0xff,
    0xff, 0xfd, 0x0, 0x0, 0x3, 0xff, 0xff, 0xff,
    0xff, 0xff, 0xff, 0xff, 0xff, 0xf7, 0x0, 0x3,
    0xff, 0xdb, 0xbf, 0xfb, 0xbb, 0xff, 0xbb, 0xbf,
    0xff, 0xa0, 0x3, 0xff, 0xf9, 0x0, 0xcf, 0x10,
    0xf, 0xf0, 0x1, 0xff, 0xfa, 0x4, 0xff, 0xff,
    0x90, 0xc, 0xf1, 0x0, 0xff, 0x0, 0x1f, 0xff,
    0xa4, 0xff, 0xff, 0xf9, 0x0, 0xcf, 0x10, 0xf,
    0xf0, 0x1, 0xff, 0xfa, 0xff, 0xff, 0xff, 0x90,
    0xc, 0xf1, 0x0, 0xff, 0x0, 0x1f, 0xff, 0xaf,
    0xff, 0xff, 0xf9, 0x0, 0xcf, 0x10, 0xf, 0xf0,
    0x1, 0xff, 0xfa, 0xff, 0xff, 0xff, 0xff, 0xff,
    0xff, 0xff, 0xff, 0xff, 0xff, 0xff, 0xaf, 0xff,
    0xff, 0xff, 0xff, 0xff, 0xff, 0xff, 0xff, 0xff,
    0xff, 0xfa, 0xff, 0xff, 0xff, 0xff, 0xff, 0xff,
    0xff, 0xff, 0xff, 0xff, 0xff, 0xaf, 0xff, 0xff,
    0xff, 0xff, 0xff, 0xff, 0xff, 0xff, 0xff, 0xff,
    0xfa, 0xff, 0xff, 0xff, 0xff, 0xff, 0xff, 0xff,
    0xff, 0xff, 0xff, 0xff, 0xaf, 0xff, 0xff, 0xff,
    0xff, 0xff, 0xff, 0xff, 0xff, 0xff, 0xff, 0xfa,
    0xff, 0xff, 0xff, 0xff, 0xff, 0xff, 0xff, 0xff,
    0xff, 0xff, 0xff, 0xaf, 0xff, 0xff, 0xff, 0xff,
    0xff, 0xff, 0xff, 0xff, 0xff, 0xff, 0xfa, 0xff,
    0xff, 0xff, 0xff, 0xff, 0xff, 0xff, 0xff, 0xff,
    0xff, 0xff, 0xaf, 0xff, 0xff, 0xff, 0xff, 0xff,
    0xff, 0xff, 0xff, 0xff, 0xff, 0xfa, 0xff, 0xff,
    0xff, 0xff, 0xff, 0xff, 0xff, 0xff, 0xff, 0xff,
    0xff, 0xaf, 0xff, 0xff, 0xff, 0xff, 0xff, 0xff,
    0xff, 0xff, 0xff, 0xff, 0xfa, 0xff, 0xff, 0xff,
    0xff, 0xff, 0xff, 0xff, 0xff, 0xff, 0xff, 0xff,
    0xaf, 0xff, 0xff, 0xff, 0xff, 0xff, 0xff, 0xff,
    0xff, 0xff, 0xff, 0xfa, 0xff, 0xff, 0xff, 0xff,
    0xff, 0xff, 0xff, 0xff, 0xff, 0xff, 0xff, 0xaf,
    0xff, 0xff, 0xff, 0xff, 0xff, 0xff, 0xff, 0xff,
    0xff, 0xff, 0xfa, 0xff, 0xff, 0xff, 0xff, 0xff,
    0xff, 0xff, 0xff, 0xff, 0xff, 0xff, 0xae, 0xff,
    0xff, 0xff, 0xff, 0xff, 0xff, 0xff, 0xff, 0xff,
    0xff, 0xf9, 0xaf, 0xff, 0xff, 0xff, 0xff, 0xff,
    0xff, 0xff, 0xff, 0xff, 0xff, 0x41, 0xdf, 0xff,
    0xff, 0xff, 0xff, 0xff, 0xff, 0xff, 0xff, 0xff,
    0x90, 0x0, 0x6a, 0xaa, 0xaa, 0xaa, 0xaa, 0xaa,
    0xaa, 0xaa, 0xa9, 0x40, 0x0,

    /* U+F8A2 "" */
    0x0, 0x0, 0x0, 0x0, 0x0, 0x0, 0x0, 0x0,
    0x0, 0x0, 0x0, 0x0, 0x0, 0x0, 0x18, 0x0,
    0x0, 0x0, 0x0, 0x0, 0x0, 0x0, 0x0, 0x0,
    0x0, 0x0, 0x0, 0x0, 0x0, 0x1d, 0xf1, 0x0,
    0x0, 0x0, 0x0, 0x0, 0x0, 0x0, 0x0, 0x0,
    0x0, 0x0, 0x0, 0x0, 0x1d, 0xff, 0x10, 0x0,
    0x0, 0x0, 0x0, 0x0, 0x0, 0x0, 0x0, 0x0,
    0x0, 0x0, 0x0, 0x1d, 0xff, 0xf1, 0x0, 0x0,
    0x0, 0x1b, 0xb1, 0x0, 0x0, 0x0, 0x0, 0x0,
    0x0, 0x0, 0x9, 0xff, 0xff, 0x10, 0x0, 0x0,
    0x2d, 0xff, 0x60, 0x0, 0x0, 0x0, 0x0, 0x0,
    0x0, 0x0, 0x9f, 0xff, 0xf1, 0x0, 0x0, 0x2e,
    0xff, 0xf7, 0x0, 0x0, 0x0, 0x0, 0x0, 0x0,
    0x0, 0x9, 0xff, 0xff, 0x10, 0x0, 0x3e, 0xff,
    0xff, 0x70, 0x0, 0x0, 0x0, 0x0, 0x0, 0x0,
    0x0, 0x9f, 0xff, 0xf1, 0x0, 0x4f, 0xff, 0xff,
    0xf7, 0x0, 0x0, 0x0, 0x0, 0x0, 0x0, 0x0,
    0x9, 0xff, 0xff, 0x10, 0x5f, 0xff, 0xff, 0xff,
    0xdb, 0xbb, 0xbb, 0xbb, 0xbb, 0xbb, 0xbb, 0xbb,
    0xef, 0xff, 0xf1, 0x5f, 0xff, 0xff, 0xff, 0xff,
    0xff, 0xff, 0xff, 0xff, 0xff, 0xff, 0xff, 0xff,
    0xff, 0xff, 0x1d, 0xff, 0xff, 0xff, 0xff, 0xff,
    0xff, 0xff, 0xff, 0xff, 0xff, 0xff, 0xff, 0xff,
    0xff, 0xf1, 0x8f, 0xff, 0xff, 0xff, 0xff, 0xff,
    0xff, 0xff, 0xff, 0xff, 0xff, 0xff, 0xff, 0xff,
    0xff, 0x0, 0x8f, 0xff, 0xff, 0xff, 0xff, 0xff,
    0xff, 0xff, 0xff, 0xff, 0xff, 0xff, 0xff, 0xff,
    0x90, 0x0, 0x7f, 0xff, 0xff, 0xf7, 0x0, 0x0,
    0x0, 0x0, 0x0, 0x0, 0x0, 0x0, 0x0, 0x0,
    0x0, 0x0, 0x6f, 0xff, 0xff, 0x70, 0x0, 0x0,
    0x0, 0x0, 0x0, 0x0, 0x0, 0x0, 0x0, 0x0,
    0x0, 0x0, 0x5f, 0xff, 0xf7, 0x0, 0x0, 0x0,
    0x0, 0x0, 0x0, 0x0, 0x0, 0x0, 0x0, 0x0,
    0x0, 0x0, 0x4f, 0xff, 0x70, 0x0, 0x0, 0x0,
    0x0, 0x0, 0x0, 0x0, 0x0, 0x0, 0x0, 0x0,
    0x0, 0x0, 0x3e, 0xe2, 0x0, 0x0, 0x0, 0x0,
    0x0, 0x0, 0x0, 0x0, 0x0, 0x0, 0x0, 0x0,
    0x0, 0x0, 0x0, 0x0, 0x0, 0x0, 0x0, 0x0,
    0x0, 0x0, 0x0, 0x0, 0x0, 0x0
};


/*---------------------
 *  GLYPH DESCRIPTION
 *--------------------*/

static const lv_font_fmt_txt_glyph_dsc_t glyph_dsc[] = {
    {.bitmap_index = 0, .adv_w = 0, .box_w = 0, .box_h = 0, .ofs_x = 0, .ofs_y = 0} /* id = 0 reserved */,
    {.bitmap_index = 0, .adv_w = 121, .box_w = 0, .box_h = 0, .ofs_x = 0, .ofs_y = 0},
    {.bitmap_index = 0, .adv_w = 154, .box_w = 6, .box_h = 22, .ofs_x = 2, .ofs_y = 0},
    {.bitmap_index = 66, .adv_w = 251, .box_w = 10, .box_h = 10, .ofs_x = 3, .ofs_y = 12},
    {.bitmap_index = 116, .adv_w = 309, .box_w = 19, .box_h = 22, .ofs_x = 0, .ofs_y = 0},
    {.bitmap_index = 325, .adv_w = 312, .box_w = 18, .box_h = 29, .ofs_x = 1, .ofs_y = -3},
    {.bitmap_index = 586, .adv_w = 482, .box_w = 26, .box_h = 22, .ofs_x = 2, .ofs_y = 0},
    {.bitmap_index = 872, .adv_w = 318, .box_w = 19, .box_h = 22, .ofs_x = 1, .ofs_y = 0},
    {.bitmap_index = 1081, .adv_w = 156, .box_w = 4, .box_h = 10, .ofs_x = 3, .ofs_y = 12},
    {.bitmap_index = 1101, .adv_w = 179, .box_w = 9, .box_h = 28, .ofs_x = 2, .ofs_y = -4},
    {.bitmap_index = 1227, .adv_w = 179, .box_w = 8, .box_h = 28, .ofs_x = 1, .ofs_y = -4},
    {.bitmap_index = 1339, .adv_w = 259, .box_w = 13, .box_h = 13, .ofs_x = 2, .ofs_y = 9},
    {.bitmap_index = 1424, .adv_w = 323, .box_w = 16, .box_h = 15, .ofs_x = 2, .ofs_y = 2},
    {.bitmap_index = 1544, .adv_w = 153, .box_w = 7, .box_h = 10, .ofs_x = 1, .ofs_y = -6},
    {.bitmap_index = 1579, .adv_w = 223, .box_w = 10, .box_h = 4, .ofs_x = 2, .ofs_y = 8},
    {.bitmap_index = 1599, .adv_w = 153, .box_w = 6, .box_h = 5, .ofs_x = 2, .ofs_y = 0},
    {.bitmap_index = 1614, .adv_w = 182, .box_w = 11, .box_h = 27, .ofs_x = 0, .ofs_y = -3},
    {.bitmap_index = 1763, .adv_w = 317, .box_w = 18, .box_h = 22, .ofs_x = 1, .ofs_y = 0},
    {.bitmap_index = 1961, .adv_w = 203, .box_w = 10, .box_h = 22, .ofs_x = 1, .ofs_y = 0},
    {.bitmap_index = 2071, .adv_w = 299, .box_w = 16, .box_h = 22, .ofs_x = 1, .ofs_y = 0},
    {.bitmap_index = 2247, .adv_w = 305, .box_w = 17, .box_h = 22, .ofs_x = 1, .ofs_y = 0},
    {.bitmap_index = 2434, .adv_w = 320, .box_w = 18, .box_h = 22, .ofs_x = 1, .ofs_y = 0},
    {.bitmap_index = 2632, .adv_w = 294, .box_w = 16, .box_h = 22, .ofs_x = 1, .ofs_y = 0},
    {.bitmap_index = 2808, .adv_w = 307, .box_w = 17, .box_h = 22, .ofs_x = 1, .ofs_y = 0},
    {.bitmap_index = 2995, .adv_w = 277, .box_w = 16, .box_h = 22, .ofs_x = 1, .ofs_y = 0},
    {.bitmap_index = 3171, .adv_w = 307, .box_w = 17, .box_h = 22, .ofs_x = 1, .ofs_y = 0},
    {.bitmap_index = 3358, .adv_w = 307, .box_w = 17, .box_h = 22, .ofs_x = 1, .ofs_y = 0},
    {.bitmap_index = 3545, .adv_w = 153, .box_w = 6, .box_h = 16, .ofs_x = 2, .ofs_y = 0},
    {.bitmap_index = 3593, .adv_w = 158, .box_w = 7, .box_h = 22, .ofs_x = 1, .ofs_y = -6},
    {.bitmap_index = 3670, .adv_w = 323, .box_w = 16, .box_h = 18, .ofs_x = 2, .ofs_y = 0},
    {.bitmap_index = 3814, .adv_w = 323, .box_w = 15, .box_h = 11, .ofs_x = 3, .ofs_y = 4},
    {.bitmap_index = 3897, .adv_w = 323, .box_w = 15, .box_h = 18, .ofs_x = 3, .ofs_y = 0},
    {.bitmap_index = 4032, .adv_w = 261, .box_w = 14, .box_h = 22, .ofs_x = 1, .ofs_y = 0},
    {.bitmap_index = 4186, .adv_w = 480, .box_w = 28, .box_h = 28, .ofs_x = 1, .ofs_y = -6},
    {.bitmap_index = 4578, .adv_w = 349, .box_w = 22, .box_h = 22, .ofs_x = 0, .ofs_y = 0},
    {.bitmap_index = 4820, .adv_w = 316, .box_w = 17, .box_h = 22, .ofs_x = 2, .ofs_y = 0},
    {.bitmap_index = 5007, .adv_w = 354, .box_w = 20, .box_h = 22, .ofs_x = 1, .ofs_y = 0},
    {.bitmap_index = 5227, .adv_w = 347, .box_w = 19, .box_h = 22, .ofs_x = 2, .ofs_y = 0},
    {.bitmap_index = 5436, .adv_w = 291, .box_w = 15, .box_h = 22, .ofs_x = 2, .ofs_y = 0},
    {.bitmap_index = 5601, .adv_w = 282, .box_w = 15, .box_h = 22, .ofs_x = 2, .ofs_y = 0},
    {.bitmap_index = 5766, .adv_w = 360, .box_w = 20, .box_h = 22, .ofs_x = 1, .ofs_y = 0},
    {.bitmap_index = 5986, .adv_w = 358, .box_w = 19, .box_h = 22, .ofs_x = 2, .ofs_y = 0},
    {.bitmap_index = 6195, .adv_w = 133, .box_w = 5, .box_h = 22, .ofs_x = 2, .ofs_y = 0},
    {.bitmap_index = 6250, .adv_w = 278, .box_w = 15, .box_h = 22, .ofs_x = 1, .ofs_y = 0},
    {.bitmap_index = 6415, .adv_w = 338, .box_w = 19, .box_h = 22, .ofs_x = 2, .ofs_y = 0},
    {.bitmap_index = 6624, .adv_w = 271, .box_w = 14, .box_h = 22, .ofs_x = 2, .ofs_y = 0},
    {.bitmap_index = 6778, .adv_w = 443, .box_w = 24, .box_h = 22, .ofs_x = 2, .ofs_y = 0},
    {.bitmap_index = 7042, .adv_w = 364, .box_w = 19, .box_h = 22, .ofs_x = 2, .ofs_y = 0},
    {.bitmap_index = 7251, .adv_w = 369, .box_w = 21, .box_h = 22, .ofs_x = 1, .ofs_y = 0},
    {.bitmap_index = 7482, .adv_w = 310, .box_w = 17, .box_h = 22, .ofs_x = 2, .ofs_y = 0},
    {.bitmap_index = 7669, .adv_w = 371, .box_w = 21, .box_h = 24, .ofs_x = 1, .ofs_y = -2},
    {.bitmap_index = 7921, .adv_w = 313, .box_w = 17, .box_h = 22, .ofs_x = 2, .ofs_y = 0},
    {.bitmap_index = 8108, .adv_w = 312, .box_w = 18, .box_h = 22, .ofs_x = 1, .ofs_y = 0},
    {.bitmap_index = 8306, .adv_w = 317, .box_w = 18, .box_h = 22, .ofs_x = 1, .ofs_y = 0},
    {.bitmap_index = 8504, .adv_w = 353, .box_w = 18, .box_h = 22, .ofs_x = 2, .ofs_y = 0},
    {.bitmap_index = 8702, .adv_w = 349, .box_w = 22, .box_h = 22, .ofs_x = 0, .ofs_y = 0},
    {.bitmap_index = 8944, .adv_w = 490, .box_w = 30, .box_h = 22, .ofs_x = 0, .ofs_y = 0},
    {.bitmap_index = 9274, .adv_w = 345, .box_w = 21, .box_h = 22, .ofs_x = 0, .ofs_y = 0},
    {.bitmap_index = 9505, .adv_w = 342, .box_w = 21, .box_h = 22, .ofs_x = 0, .ofs_y = 0},
    {.bitmap_index = 9736, .adv_w = 313, .box_w = 17, .box_h = 22, .ofs_x = 1, .ofs_y = 0},
    {.bitmap_index = 9923, .adv_w = 179, .box_w = 8, .box_h = 28, .ofs_x = 2, .ofs_y = -4},
    {.bitmap_index = 10035, .adv_w = 182, .box_w = 11, .box_h = 27, .ofs_x = 0, .ofs_y = -3},
    {.bitmap_index = 10184, .adv_w = 179, .box_w = 8, .box_h = 28, .ofs_x = 1, .ofs_y = -4},
    {.bitmap_index = 10296, .adv_w = 231, .box_w = 13, .box_h = 10, .ofs_x = 1, .ofs_y = 12},
    {.bitmap_index = 10361, .adv_w = 225, .box_w = 15, .box_h = 4, .ofs_x = 0, .ofs_y = -3},
    {.bitmap_index = 10391, .adv_w = 169, .box_w = 7, .box_h = 5, .ofs_x = 2, .ofs_y = 19},
    {.bitmap_index = 10409, .adv_w = 276, .box_w = 15, .box_h = 17, .ofs_x = 1, .ofs_y = 0},
    {.bitmap_index = 10537, .adv_w = 300, .box_w = 16, .box_h = 22, .ofs_x = 2, .ofs_y = 0},
    {.bitmap_index = 10713, .adv_w = 280, .box_w = 16, .box_h = 17, .ofs_x = 1, .ofs_y = 0},
    {.bitmap_index = 10849, .adv_w = 300, .box_w = 16, .box_h = 22, .ofs_x = 1, .ofs_y = 0},
    {.bitmap_index = 11025, .adv_w = 284, .box_w = 16, .box_h = 17, .ofs_x = 1, .ofs_y = 0},
    {.bitmap_index = 11161, .adv_w = 187, .box_w = 12, .box_h = 24, .ofs_x = 0, .ofs_y = 0},
    {.bitmap_index = 11305, .adv_w = 300, .box_w = 16, .box_h = 23, .ofs_x = 1, .ofs_y = -6},
    {.bitmap_index = 11489, .adv_w = 294, .box_w = 15, .box_h = 22, .ofs_x = 2, .ofs_y = 0},
    {.bitmap_index = 11654, .adv_w = 126, .box_w = 6, .box_h = 24, .ofs_x = 1, .ofs_y = 0},
    {.bitmap_index = 11726, .adv_w = 126, .box_w = 8, .box_h = 30, .ofs_x = -1, .ofs_y = -6},
    {.bitmap_index = 11846, .adv_w = 273, .box_w = 15, .box_h = 22, .ofs_x = 2, .ofs_y = 0},
    {.bitmap_index = 12011, .adv_w = 126, .box_w = 4, .box_h = 22, .ofs_x = 2, .ofs_y = 0},
    {.bitmap_index = 12055, .adv_w = 432, .box_w = 23, .box_h = 17, .ofs_x = 2, .ofs_y = 0},
    {.bitmap_index = 12251, .adv_w = 294, .box_w = 15, .box_h = 17, .ofs_x = 2, .ofs_y = 0},
    {.bitmap_index = 12379, .adv_w = 292, .box_w = 16, .box_h = 17, .ofs_x = 1, .ofs_y = 0},
    {.bitmap_index = 12515, .adv_w = 300, .box_w = 16, .box_h = 23, .ofs_x = 2, .ofs_y = -6},
    {.bitmap_index = 12699, .adv_w = 300, .box_w = 16, .box_h = 23, .ofs_x = 1, .ofs_y = -6},
    {.bitmap_index = 12883, .adv_w = 191, .box_w = 10, .box_h = 18, .ofs_x = 2, .ofs_y = 0},
    {.bitmap_index = 12973, .adv_w = 264, .box_w = 15, .box_h = 17, .ofs_x = 1, .ofs_y = 0},
    {.bitmap_index = 13101, .adv_w = 169, .box_w = 11, .box_h = 21, .ofs_x = 0, .ofs_y = 0},
    {.bitmap_index = 13217, .adv_w = 294, .box_w = 15, .box_h = 17, .ofs_x = 2, .ofs_y = 0},
    {.bitmap_index = 13345, .adv_w = 282, .box_w = 18, .box_h = 17, .ofs_x = 0, .ofs_y = 0},
    {.bitmap_index = 13498, .adv_w = 403, .box_w = 25, .box_h = 17, .ofs_x = 0, .ofs_y = 0},
    {.bitmap_index = 13711, .adv_w = 273, .box_w = 17, .box_h = 17, .ofs_x = 0, .ofs_y = 0},
    {.bitmap_index = 13856, .adv_w = 282, .box_w = 18, .box_h = 23, .ofs_x = 0, .ofs_y = -6},
    {.bitmap_index = 14063, .adv_w = 272, .box_w = 15, .box_h = 17, .ofs_x = 1, .ofs_y = 0},
    {.bitmap_index = 14191, .adv_w = 218, .box_w = 11, .box_h = 28, .ofs_x = 2, .ofs_y = -4},
    {.bitmap_index = 14345, .adv_w = 172, .box_w = 5, .box_h = 37, .ofs_x = 3, .ofs_y = -7},
    {.bitmap_index = 14438, .adv_w = 218, .box_w = 11, .box_h = 28, .ofs_x = 1, .ofs_y = -4},
    {.bitmap_index = 14592, .adv_w = 323, .box_w = 16, .box_h = 7, .ofs_x = 2, .ofs_y = 6},
    {.bitmap_index = 14648, .adv_w = 121, .box_w = 0, .box_h = 0, .ofs_x = 0, .ofs_y = 0},
    {.bitmap_index = 14648, .adv_w = 154, .box_w = 6, .box_h = 23, .ofs_x = 2, .ofs_y = -6},
    {.bitmap_index = 14717, .adv_w = 280, .box_w = 16, .box_h = 22, .ofs_x = 1, .ofs_y = 0},
    {.bitmap_index = 14893, .adv_w = 302, .box_w = 17, .box_h = 22, .ofs_x = 1, .ofs_y = 0},
    {.bitmap_index = 15080, .adv_w = 360, .box_w = 20, .box_h = 21, .ofs_x = 1, .ofs_y = -1},
    {.bitmap_index = 15290, .adv_w = 270, .box_w = 17, .box_h = 22, .ofs_x = 0, .ofs_y = 0},
    {.bitmap_index = 15477, .adv_w = 152, .box_w = 4, .box_h = 27, .ofs_x = 3, .ofs_y = -5},
    {.bitmap_index = 15531, .adv_w = 273, .box_w = 15, .box_h = 28, .ofs_x = 1, .ofs_y = -6},
    {.bitmap_index = 15741, .adv_w = 294, .box_w = 12, .box_h = 5, .ofs_x = 3, .ofs_y = 19},
    {.bitmap_index = 15771, .adv_w = 439, .box_w = 23, .box_h = 23, .ofs_x = 2, .ofs_y = 0},
    {.bitmap_index = 16036, .adv_w = 221, .box_w = 13, .box_h = 13, .ofs_x = 0, .ofs_y = 10},
    {.bitmap_index = 16121, .adv_w = 304, .box_w = 17, .box_h = 15, .ofs_x = 1, .ofs_y = 2},
    {.bitmap_index = 16249, .adv_w = 323, .box_w = 14, .box_h = 8, .ofs_x = 3, .ofs_y = 4},
    {.bitmap_index = 16305, .adv_w = 319, .box_w = 18, .box_h = 18, .ofs_x = 1, .ofs_y = 5},
    {.bitmap_index = 16467, .adv_w = 217, .box_w = 9, .box_h = 3, .ofs_x = 2, .ofs_y = 20},
    {.bitmap_index = 16481, .adv_w = 220, .box_w = 11, .box_h = 11, .ofs_x = 1, .ofs_y = 12},
    {.bitmap_index = 16542, .adv_w = 323, .box_w = 16, .box_h = 17, .ofs_x = 2, .ofs_y = 0},
    {.bitmap_index = 16678, .adv_w = 218, .box_w = 12, .box_h = 12, .ofs_x = 1, .ofs_y = 13},
    {.bitmap_index = 16750, .adv_w = 222, .box_w = 12, .box_h = 12, .ofs_x = 1, .ofs_y = 13},
    {.bitmap_index = 16822, .adv_w = 169, .box_w = 7, .box_h = 5, .ofs_x = 2, .ofs_y = 19},
    {.bitmap_index = 16840, .adv_w = 295, .box_w = 17, .box_h = 23, .ofs_x = 2, .ofs_y = -6},
    {.bitmap_index = 17036, .adv_w = 288, .box_w = 15, .box_h = 22, .ofs_x = 1, .ofs_y = 0},
    {.bitmap_index = 17201, .adv_w = 153, .box_w = 6, .box_h = 5, .ofs_x = 2, .ofs_y = 8},
    {.bitmap_index = 17216, .adv_w = 159, .box_w = 6, .box_h = 7, .ofs_x = 3, .ofs_y = -6},
    {.bitmap_index = 17237, .adv_w = 155, .box_w = 7, .box_h = 12, .ofs_x = 1, .ofs_y = 13},
    {.bitmap_index = 17279, .adv_w = 234, .box_w = 13, .box_h = 13, .ofs_x = 1, .ofs_y = 10},
    {.bitmap_index = 17364, .adv_w = 304, .box_w = 17, .box_h = 15, .ofs_x = 1, .ofs_y = 2},
    {.bitmap_index = 17492, .adv_w = 399, .box_w = 23, .box_h = 23, .ofs_x = 1, .ofs_y = 0},
    {.bitmap_index = 17757, .adv_w = 417, .box_w = 24, .box_h = 23, .ofs_x = 1, .ofs_y = 0},
    {.bitmap_index = 18033, .adv_w = 435, .box_w = 26, .box_h = 23, .ofs_x = 1, .ofs_y = 0},
    {.bitmap_index = 18332, .adv_w = 261, .box_w = 15, .box_h = 23, .ofs_x = 1, .ofs_y = -6},
    {.bitmap_index = 18505, .adv_w = 349, .box_w = 22, .box_h = 29, .ofs_x = 0, .ofs_y = 0},
    {.bitmap_index = 18824, .adv_w = 349, .box_w = 22, .box_h = 29, .ofs_x = 0, .ofs_y = 0},
    {.bitmap_index = 19143, .adv_w = 349, .box_w = 22, .box_h = 29, .ofs_x = 0, .ofs_y = 0},
    {.bitmap_index = 19462, .adv_w = 349, .box_w = 22, .box_h = 29, .ofs_x = 0, .ofs_y = 0},
    {.bitmap_index = 19781, .adv_w = 349, .box_w = 22, .box_h = 29, .ofs_x = 0, .ofs_y = 0},
    {.bitmap_index = 20100, .adv_w = 349, .box_w = 22, .box_h = 31, .ofs_x = 0, .ofs_y = 0},
    {.bitmap_index = 20441, .adv_w = 486, .box_w = 29, .box_h = 22, .ofs_x = 0, .ofs_y = 0},
    {.bitmap_index = 20760, .adv_w = 354, .box_w = 20, .box_h = 28, .ofs_x = 1, .ofs_y = -6},
    {.bitmap_index = 21040, .adv_w = 291, .box_w = 15, .box_h = 29, .ofs_x = 2, .ofs_y = 0},
    {.bitmap_index = 21258, .adv_w = 291, .box_w = 15, .box_h = 29, .ofs_x = 2, .ofs_y = 0},
    {.bitmap_index = 21476, .adv_w = 291, .box_w = 15, .box_h = 29, .ofs_x = 2, .ofs_y = 0},
    {.bitmap_index = 21694, .adv_w = 291, .box_w = 15, .box_h = 29, .ofs_x = 2, .ofs_y = 0},
    {.bitmap_index = 21912, .adv_w = 133, .box_w = 8, .box_h = 29, .ofs_x = -1, .ofs_y = 0},
    {.bitmap_index = 22028, .adv_w = 133, .box_w = 7, .box_h = 29, .ofs_x = 2, .ofs_y = 0},
    {.bitmap_index = 22130, .adv_w = 133, .box_w = 12, .box_h = 29, .ofs_x = -2, .ofs_y = 0},
    {.bitmap_index = 22304, .adv_w = 133, .box_w = 12, .box_h = 29, .ofs_x = -2, .ofs_y = 0},
    {.bitmap_index = 22478, .adv_w = 361, .box_w = 22, .box_h = 22, .ofs_x = 0, .ofs_y = 0},
    {.bitmap_index = 22720, .adv_w = 364, .box_w = 19, .box_h = 29, .ofs_x = 2, .ofs_y = 0},
    {.bitmap_index = 22996, .adv_w = 369, .box_w = 21, .box_h = 30, .ofs_x = 1, .ofs_y = 0},
    {.bitmap_index = 23311, .adv_w = 369, .box_w = 21, .box_h = 30, .ofs_x = 1, .ofs_y = 0},
    {.bitmap_index = 23626, .adv_w = 369, .box_w = 21, .box_h = 30, .ofs_x = 1, .ofs_y = 0},
    {.bitmap_index = 23941, .adv_w = 369, .box_w = 21, .box_h = 29, .ofs_x = 1, .ofs_y = 0},
    {.bitmap_index = 24246, .adv_w = 369, .box_w = 21, .box_h = 30, .ofs_x = 1, .ofs_y = 0},
    {.bitmap_index = 24561, .adv_w = 323, .box_w = 16, .box_h = 16, .ofs_x = 2, .ofs_y = 1},
    {.bitmap_index = 24689, .adv_w = 369, .box_w = 21, .box_h = 24, .ofs_x = 1, .ofs_y = -1},
    {.bitmap_index = 24941, .adv_w = 353, .box_w = 18, .box_h = 30, .ofs_x = 2, .ofs_y = 0},
    {.bitmap_index = 25211, .adv_w = 353, .box_w = 18, .box_h = 30, .ofs_x = 2, .ofs_y = 0},
    {.bitmap_index = 25481, .adv_w = 353, .box_w = 18, .box_h = 30, .ofs_x = 2, .ofs_y = 0},
    {.bitmap_index = 25751, .adv_w = 353, .box_w = 18, .box_h = 30, .ofs_x = 2, .ofs_y = 0},
    {.bitmap_index = 26021, .adv_w = 342, .box_w = 21, .box_h = 29, .ofs_x = 0, .ofs_y = 0},
    {.bitmap_index = 26326, .adv_w = 316, .box_w = 16, .box_h = 22, .ofs_x = 2, .ofs_y = 0},
    {.bitmap_index = 26502, .adv_w = 309, .box_w = 16, .box_h = 22, .ofs_x = 2, .ofs_y = 0},
    {.bitmap_index = 26678, .adv_w = 276, .box_w = 15, .box_h = 24, .ofs_x = 1, .ofs_y = 0},
    {.bitmap_index = 26858, .adv_w = 276, .box_w = 15, .box_h = 24, .ofs_x = 1, .ofs_y = 0},
    {.bitmap_index = 27038, .adv_w = 276, .box_w = 15, .box_h = 24, .ofs_x = 1, .ofs_y = 0},
    {.bitmap_index = 27218, .adv_w = 276, .box_w = 15, .box_h = 24, .ofs_x = 1, .ofs_y = 0},
    {.bitmap_index = 27398, .adv_w = 276, .box_w = 15, .box_h = 24, .ofs_x = 1, .ofs_y = 0},
    {.bitmap_index = 27578, .adv_w = 276, .box_w = 15, .box_h = 26, .ofs_x = 1, .ofs_y = 0},
    {.bitmap_index = 27773, .adv_w = 438, .box_w = 26, .box_h = 17, .ofs_x = 1, .ofs_y = 0},
    {.bitmap_index = 27994, .adv_w = 280, .box_w = 16, .box_h = 23, .ofs_x = 1, .ofs_y = -6},
    {.bitmap_index = 28178, .adv_w = 284, .box_w = 16, .box_h = 24, .ofs_x = 1, .ofs_y = 0},
    {.bitmap_index = 28370, .adv_w = 284, .box_w = 16, .box_h = 24, .ofs_x = 1, .ofs_y = 0},
    {.bitmap_index = 28562, .adv_w = 284, .box_w = 16, .box_h = 24, .ofs_x = 1, .ofs_y = 0},
    {.bitmap_index = 28754, .adv_w = 284, .box_w = 16, .box_h = 24, .ofs_x = 1, .ofs_y = 0},
    {.bitmap_index = 28946, .adv_w = 126, .box_w = 7, .box_h = 24, .ofs_x = -1, .ofs_y = 0},
    {.bitmap_index = 29030, .adv_w = 126, .box_w = 7, .box_h = 24, .ofs_x = 2, .ofs_y = 0},
    {.bitmap_index = 29114, .adv_w = 126, .box_w = 12, .box_h = 24, .ofs_x = -2, .ofs_y = 0},
    {.bitmap_index = 29258, .adv_w = 126, .box_w = 12, .box_h = 24, .ofs_x = -2, .ofs_y = 0},
    {.bitmap_index = 29402, .adv_w = 285, .box_w = 16, .box_h = 25, .ofs_x = 1, .ofs_y = 0},
    {.bitmap_index = 29602, .adv_w = 294, .box_w = 15, .box_h = 24, .ofs_x = 2, .ofs_y = 0},
    {.bitmap_index = 29782, .adv_w = 292, .box_w = 16, .box_h = 24, .ofs_x = 1, .ofs_y = 0},
    {.bitmap_index = 29974, .adv_w = 292, .box_w = 16, .box_h = 24, .ofs_x = 1, .ofs_y = 0},
    {.bitmap_index = 30166, .adv_w = 292, .box_w = 16, .box_h = 24, .ofs_x = 1, .ofs_y = 0},
    {.bitmap_index = 30358, .adv_w = 292, .box_w = 16, .box_h = 24, .ofs_x = 1, .ofs_y = 0},
    {.bitmap_index = 30550, .adv_w = 292, .box_w = 16, .box_h = 24, .ofs_x = 1, .ofs_y = 0},
    {.bitmap_index = 30742, .adv_w = 323, .box_w = 16, .box_h = 17, .ofs_x = 2, .ofs_y = 0},
    {.bitmap_index = 30878, .adv_w = 292, .box_w = 17, .box_h = 19, .ofs_x = 1, .ofs_y = -1},
    {.bitmap_index = 31040, .adv_w = 294, .box_w = 15, .box_h = 24, .ofs_x = 2, .ofs_y = 0},
    {.bitmap_index = 31220, .adv_w = 294, .box_w = 15, .box_h = 24, .ofs_x = 2, .ofs_y = 0},
    {.bitmap_index = 31400, .adv_w = 294, .box_w = 15, .box_h = 24, .ofs_x = 2, .ofs_y = 0},
    {.bitmap_index = 31580, .adv_w = 294, .box_w = 15, .box_h = 24, .ofs_x = 2, .ofs_y = 0},
    {.bitmap_index = 31760, .adv_w = 282, .box_w = 18, .box_h = 30, .ofs_x = 0, .ofs_y = -6},
    {.bitmap_index = 32030, .adv_w = 300, .box_w = 16, .box_h = 28, .ofs_x = 2, .ofs_y = -6},
    {.bitmap_index = 32254, .adv_w = 282, .box_w = 18, .box_h = 30, .ofs_x = 0, .ofs_y = -6},
    {.bitmap_index = 32524, .adv_w = 240, .box_w = 15, .box_h = 4, .ofs_x = 0, .ofs_y = 8},
    {.bitmap_index = 32554, .adv_w = 480, .box_w = 30, .box_h = 4, .ofs_x = 0, .ofs_y = 8},
    {.bitmap_index = 32614, .adv_w = 141, .box_w = 6, .box_h = 10, .ofs_x = 2, .ofs_y = 12},
    {.bitmap_index = 32644, .adv_w = 141, .box_w = 6, .box_h = 10, .ofs_x = 2, .ofs_y = 13},
    {.bitmap_index = 32674, .adv_w = 131, .box_w = 6, .box_h = 10, .ofs_x = 1, .ofs_y = -6},
    {.bitmap_index = 32704, .adv_w = 243, .box_w = 12, .box_h = 10, .ofs_x = 2, .ofs_y = 12},
    {.bitmap_index = 32764, .adv_w = 241, .box_w = 12, .box_h = 10, .ofs_x = 2, .ofs_y = 12},
    {.bitmap_index = 32824, .adv_w = 230, .box_w = 13, .box_h = 10, .ofs_x = 1, .ofs_y = -6},
    {.bitmap_index = 32889, .adv_w = 242, .box_w = 11, .box_h = 10, .ofs_x = 2, .ofs_y = 4},
    {.bitmap_index = 32944, .adv_w = 459, .box_w = 25, .box_h = 5, .ofs_x = 2, .ofs_y = 0},
    {.bitmap_index = 33007, .adv_w = 124, .box_w = 6, .box_h = 9, .ofs_x = 1, .ofs_y = 13},
    {.bitmap_index = 33034, .adv_w = 246, .box_w = 13, .box_h = 9, .ofs_x = 1, .ofs_y = 13},
    {.bitmap_index = 33093, .adv_w = 199, .box_w = 11, .box_h = 15, .ofs_x = 1, .ofs_y = 2},
    {.bitmap_index = 33176, .adv_w = 199, .box_w = 11, .box_h = 15, .ofs_x = 1, .ofs_y = 2},
    {.bitmap_index = 33259, .adv_w = 326, .box_w = 19, .box_h = 22, .ofs_x = 0, .ofs_y = 0},
    {.bitmap_index = 33468, .adv_w = 303, .box_w = 18, .box_h = 9, .ofs_x = 0, .ofs_y = 13},
    {.bitmap_index = 33549, .adv_w = 423, .box_w = 21, .box_h = 23, .ofs_x = 3, .ofs_y = 0},
    {.bitmap_index = 33791, .adv_w = 423, .box_w = 21, .box_h = 23, .ofs_x = 3, .ofs_y = -1},
    {.bitmap_index = 34033, .adv_w = 480, .box_w = 31, .box_h = 31, .ofs_x = -1, .ofs_y = -4},
    {.bitmap_index = 34514, .adv_w = 480, .box_w = 32, .box_h = 27, .ofs_x = -1, .ofs_y = -2},
    {.bitmap_index = 34946, .adv_w = 480, .box_w = 30, .box_h = 23, .ofs_x = 0, .ofs_y = 0},
    {.bitmap_index = 35291, .adv_w = 480, .box_w = 30, .box_h = 27, .ofs_x = 0, .ofs_y = -2},
    {.bitmap_index = 35696, .adv_w = 480, .box_w = 30, .box_h = 23, .ofs_x = 0, .ofs_y = 0},
    {.bitmap_index = 36041, .adv_w = 330, .box_w = 21, .box_h = 22, .ofs_x = 0, .ofs_y = 0},
    {.bitmap_index = 36272, .adv_w = 480, .box_w = 30, .box_h = 31, .ofs_x = 0, .ofs_y = -4},
    {.bitmap_index = 36737, .adv_w = 600, .box_w = 36, .box_h = 31, .ofs_x = 1, .ofs_y = -4},
    {.bitmap_index = 37295, .adv_w = 480, .box_w = 30, .box_h = 31, .ofs_x = 0, .ofs_y = -4},
    {.bitmap_index = 37760, .adv_w = 540, .box_w = 34, .box_h = 27, .ofs_x = 0, .ofs_y = -2},
    {.bitmap_index = 38219, .adv_w = 480, .box_w = 30, .box_h = 30, .ofs_x = 0, .ofs_y = -4},
    {.bitmap_index = 38669, .adv_w = 480, .box_w = 30, .box_h = 31, .ofs_x = 0, .ofs_y = -4},
    {.bitmap_index = 39134, .adv_w = 540, .box_w = 34, .box_h = 23, .ofs_x = 0, .ofs_y = 0},
    {.bitmap_index = 39525, .adv_w = 480, .box_w = 31, .box_h = 31, .ofs_x = 0, .ofs_y = -4},
    {.bitmap_index = 40006, .adv_w = 480, .box_w = 30, .box_h = 31, .ofs_x = 0, .ofs_y = -4},
    {.bitmap_index = 40471, .adv_w = 420, .box_w = 27, .box_h = 31, .ofs_x = 0, .ofs_y = -4},
    {.bitmap_index = 40890, .adv_w = 240, .box_w = 15, .box_h = 24, .ofs_x = 0, .ofs_y = -1},
    {.bitmap_index = 41070, .adv_w = 360, .box_w = 23, .box_h = 24, .ofs_x = 0, .ofs_y = -1},
    {.bitmap_index = 41346, .adv_w = 540, .box_w = 34, .box_h = 29, .ofs_x = 0, .ofs_y = -3},
    {.bitmap_index = 41839, .adv_w = 480, .box_w = 30, .box_h = 23, .ofs_x = 0, .ofs_y = 0},
    {.bitmap_index = 42184, .adv_w = 330, .box_w = 21, .box_h = 31, .ofs_x = 0, .ofs_y = -4},
    {.bitmap_index = 42510, .adv_w = 420, .box_w = 20, .box_h = 28, .ofs_x = 3, .ofs_y = -3},
    {.bitmap_index = 42790, .adv_w = 420, .box_w = 27, .box_h = 32, .ofs_x = 0, .ofs_y = -5},
    {.bitmap_index = 43222, .adv_w = 420, .box_w = 27, .box_h = 27, .ofs_x = 0, .ofs_y = -2},
    {.bitmap_index = 43587, .adv_w = 420, .box_w = 27, .box_h = 27, .ofs_x = 0, .ofs_y = -2},
    {.bitmap_index = 43952, .adv_w = 420, .box_w = 20, .box_h = 28, .ofs_x = 3, .ofs_y = -3},
    {.bitmap_index = 44232, .adv_w = 420, .box_w = 28, .box_h = 27, .ofs_x = -1, .ofs_y = -2},
    {.bitmap_index = 44610, .adv_w = 300, .box_w = 17, .box_h = 27, .ofs_x = 1, .ofs_y = -2},
    {.bitmap_index = 44840, .adv_w = 300, .box_w = 17, .box_h = 27, .ofs_x = 1, .ofs_y = -2},
    {.bitmap_index = 45070, .adv_w = 480, .box_w = 30, .box_h = 30, .ofs_x = 0, .ofs_y = -4},
    {.bitmap_index = 45520, .adv_w = 420, .box_w = 27, .box_h = 27, .ofs_x = 0, .ofs_y = -2},
    {.bitmap_index = 45885, .adv_w = 420, .box_w = 27, .box_h = 7, .ofs_x = 0, .ofs_y = 8},
    {.bitmap_index = 45980, .adv_w = 540, .box_w = 35, .box_h = 31, .ofs_x = -1, .ofs_y = -4},
    {.bitmap_index = 46523, .adv_w = 540, .box_w = 34, .box_h = 23, .ofs_x = 0, .ofs_y = 0},
    {.bitmap_index = 46914, .adv_w = 600, .box_w = 38, .box_h = 31, .ofs_x = 0, .ofs_y = -4},
    {.bitmap_index = 47503, .adv_w = 540, .box_w = 36, .box_h = 31, .ofs_x = -1, .ofs_y = -4},
    {.bitmap_index = 48061, .adv_w = 480, .box_w = 30, .box_h = 28, .ofs_x = 0, .ofs_y = -3},
    {.bitmap_index = 48481, .adv_w = 420, .box_w = 26, .box_h = 17, .ofs_x = 0, .ofs_y = 3},
    {.bitmap_index = 48702, .adv_w = 420, .box_w = 26, .box_h = 17, .ofs_x = 0, .ofs_y = 3},
    {.bitmap_index = 48923, .adv_w = 600, .box_w = 38, .box_h = 24, .ofs_x = 0, .ofs_y = -1},
    {.bitmap_index = 49379, .adv_w = 480, .box_w = 30, .box_h = 23, .ofs_x = 0, .ofs_y = 0},
    {.bitmap_index = 49724, .adv_w = 480, .box_w = 30, .box_h = 31, .ofs_x = 0, .ofs_y = -4},
    {.bitmap_index = 50189, .adv_w = 480, .box_w = 31, .box_h = 31, .ofs_x = -1, .ofs_y = -4},
    {.bitmap_index = 50670, .adv_w = 465, .box_w = 30, .box_h = 30, .ofs_x = 0, .ofs_y = -4},
    {.bitmap_index = 51120, .adv_w = 600, .box_w = 38, .box_h = 27, .ofs_x = 0, .ofs_y = -2},
    {.bitmap_index = 51633, .adv_w = 420, .box_w = 27, .box_h = 27, .ofs_x = 0, .ofs_y = -2},
    {.bitmap_index = 51998, .adv_w = 420, .box_w = 27, .box_h = 31, .ofs_x = 0, .ofs_y = -4},
    {.bitmap_index = 52417, .adv_w = 420, .box_w = 27, .box_h = 27, .ofs_x = 0, .ofs_y = -2},
    {.bitmap_index = 52782, .adv_w = 420, .box_w = 27, .box_h = 24, .ofs_x = 0, .ofs_y = -1},
    {.bitmap_index = 53106, .adv_w = 480, .box_w = 30, .box_h = 23, .ofs_x = 0, .ofs_y = 0},
    {.bitmap_index = 53451, .adv_w = 300, .box_w = 20, .box_h = 31, .ofs_x = -1, .ofs_y = -4},
    {.bitmap_index = 53761, .adv_w = 420, .box_w = 27, .box_h = 31, .ofs_x = 0, .ofs_y = -4},
    {.bitmap_index = 54180, .adv_w = 330, .box_w = 21, .box_h = 31, .ofs_x = 0, .ofs_y = -4},
    {.bitmap_index = 54506, .adv_w = 420, .box_w = 27, .box_h = 31, .ofs_x = 0, .ofs_y = -4},
    {.bitmap_index = 54925, .adv_w = 540, .box_w = 34, .box_h = 23, .ofs_x = 0, .ofs_y = 0},
    {.bitmap_index = 55316, .adv_w = 480, .box_w = 32, .box_h = 31, .ofs_x = -1, .ofs_y = -4},
    {.bitmap_index = 55812, .adv_w = 465, .box_w = 30, .box_h = 30, .ofs_x = 0, .ofs_y = -4},
    {.bitmap_index = 56262, .adv_w = 360, .box_w = 23, .box_h = 31, .ofs_x = 0, .ofs_y = -4},
    {.bitmap_index = 56619, .adv_w = 480, .box_w = 30, .box_h = 31, .ofs_x = 0, .ofs_y = -4},
    {.bitmap_index = 57084, .adv_w = 480, .box_w = 28, .box_h = 31, .ofs_x = 1, .ofs_y = -4},
    {.bitmap_index = 57518, .adv_w = 360, .box_w = 23, .box_h = 31, .ofs_x = 0, .ofs_y = -4},
    {.bitmap_index = 57875, .adv_w = 360, .box_w = 23, .box_h = 31, .ofs_x = 0, .ofs_y = -4},
    {.bitmap_index = 58232, .adv_w = 600, .box_w = 38, .box_h = 28, .ofs_x = 0, .ofs_y = -2},
    {.bitmap_index = 58764, .adv_w = 600, .box_w = 39, .box_h = 32, .ofs_x = -1, .ofs_y = -5},
    {.bitmap_index = 59388, .adv_w = 480, .box_w = 30, .box_h = 31, .ofs_x = 0, .ofs_y = -4},
    {.bitmap_index = 59853, .adv_w = 600, .box_w = 38, .box_h = 23, .ofs_x = 0, .ofs_y = 0},
    {.bitmap_index = 60290, .adv_w = 600, .box_w = 38, .box_h = 20, .ofs_x = 0, .ofs_y = 1},
    {.bitmap_index = 60670, .adv_w = 600, .box_w = 38, .box_h = 20, .ofs_x = 0, .ofs_y = 1},
    {.bitmap_index = 61050, .adv_w = 600, .box_w = 38, .box_h = 20, .ofs_x = 0, .ofs_y = 1},
    {.bitmap_index = 61430, .adv_w = 600, .box_w = 38, .box_h = 20, .ofs_x = 0, .ofs_y = 1},
    {.bitmap_index = 61810, .adv_w = 600, .box_w = 38, .box_h = 20, .ofs_x = 0, .ofs_y = 1},
    {.bitmap_index = 62190, .adv_w = 360, .box_w = 23, .box_h = 31, .ofs_x = 0, .ofs_y = -4},
    {.bitmap_index = 62547, .adv_w = 420, .box_w = 28, .box_h = 31, .ofs_x = -1, .ofs_y = -4},
    {.bitmap_index = 62981, .adv_w = 600, .box_w = 38, .box_h = 24, .ofs_x = 0, .ofs_y = -1},
    {.bitmap_index = 63437, .adv_w = 420, .box_w = 24, .box_h = 31, .ofs_x = 1, .ofs_y = -4},
    {.bitmap_index = 63809, .adv_w = 240, .box_w = 15, .box_h = 31, .ofs_x = 0, .ofs_y = -4},
    {.bitmap_index = 64042, .adv_w = 480, .box_w = 32, .box_h = 31, .ofs_x = -1, .ofs_y = -4},
    {.bitmap_index = 64538, .adv_w = 420, .box_w = 28, .box_h = 31, .ofs_x = -1, .ofs_y = -4},
    {.bitmap_index = 64972, .adv_w = 420, .box_w = 27, .box_h = 31, .ofs_x = 0, .ofs_y = -4},
    {.bitmap_index = 65391, .adv_w = 480, .box_w = 30, .box_h = 30, .ofs_x = 0, .ofs_y = -4},
    {.bitmap_index = 65841, .adv_w = 420, .box_w = 26, .box_h = 31, .ofs_x = 0, .ofs_y = -4},
    {.bitmap_index = 66244, .adv_w = 480, .box_w = 31, .box_h = 31, .ofs_x = -1, .ofs_y = -4},
    {.bitmap_index = 66725, .adv_w = 360, .box_w = 23, .box_h = 31, .ofs_x = 0, .ofs_y = -4},
    {.bitmap_index = 67082, .adv_w = 300, .box_w = 19, .box_h = 31, .ofs_x = 0, .ofs_y = -4},
    {.bitmap_index = 67377, .adv_w = 480, .box_w = 30, .box_h = 31, .ofs_x = 0, .ofs_y = -4},
    {.bitmap_index = 67842, .adv_w = 300, .box_w = 19, .box_h = 31, .ofs_x = 0, .ofs_y = -4},
    {.bitmap_index = 68137, .adv_w = 600, .box_w = 38, .box_h = 23, .ofs_x = 0, .ofs_y = 0},
    {.bitmap_index = 68574, .adv_w = 600, .box_w = 39, .box_h = 31, .ofs_x = -1, .ofs_y = -4},
    {.bitmap_index = 69179, .adv_w = 480, .box_w = 31, .box_h = 29, .ofs_x = 0, .ofs_y = -4},
    {.bitmap_index = 69629, .adv_w = 540, .box_w = 34, .box_h = 31, .ofs_x = 0, .ofs_y = -4},
    {.bitmap_index = 70156, .adv_w = 600, .box_w = 38, .box_h = 31, .ofs_x = 0, .ofs_y = -4},
    {.bitmap_index = 70745, .adv_w = 390, .box_w = 25, .box_h = 31, .ofs_x = 0, .ofs_y = -4},
    {.bitmap_index = 71133, .adv_w = 480, .box_w = 30, .box_h = 31, .ofs_x = 0, .ofs_y = -4},
    {.bitmap_index = 71598, .adv_w = 480, .box_w = 31, .box_h = 31, .ofs_x = -1, .ofs_y = -4},
    {.bitmap_index = 72079, .adv_w = 600, .box_w = 38, .box_h = 31, .ofs_x = 0, .ofs_y = -4},
    {.bitmap_index = 72668, .adv_w = 360, .box_w = 23, .box_h = 31, .ofs_x = 0, .ofs_y = -4},
    {.bitmap_index = 73025, .adv_w = 483, .box_w = 31, .box_h = 20, .ofs_x = 0, .ofs_y = 1}
};

/*---------------------
 *  CHARACTER MAPPING
 *--------------------*/

static const uint16_t unicode_list_3[] = {
    0x0, 0x1, 0x5, 0x6, 0x7, 0x9, 0xa, 0xb,
    0xf, 0x13, 0x1f, 0x20, 0x26, 0x27, 0x99, 0x10f,
    0x17e, 0x180, 0xcfee, 0xcff1, 0xcff5, 0xcff8, 0xcff9, 0xcffa,
    0xcffe, 0xcfff, 0xd000, 0xd002, 0xd004, 0xd006, 0xd009, 0xd00b,
    0xd00e, 0xd010, 0xd013, 0xd014, 0xd015, 0xd02b, 0xd030, 0xd035,
    0xd038, 0xd039, 0xd03a, 0xd03e, 0xd03f, 0xd040, 0xd041, 0xd047,
    0xd054, 0xd055, 0xd059, 0xd05b, 0xd05d, 0xd05e, 0xd061, 0xd064,
    0xd065, 0xd066, 0xd068, 0xd080, 0xd082, 0xd099, 0xd0af, 0xd0b1,
    0xd0b2, 0xd0b4, 0xd0b6, 0xd0cd, 0xd0d4, 0xd0d7, 0xd0d8, 0xd0e0,
    0xd109, 0xd111, 0xd13b, 0xd148, 0xd172, 0xd173, 0xd19b, 0xd1d3,
    0xd1d8, 0xd1e3, 0xd1e9, 0xd223, 0xd22d, 0xd22e, 0xd22f, 0xd230,
    0xd231, 0xd23f, 0xd247, 0xd274, 0xd280, 0xd2b6, 0xd2c8, 0xd2c9,
    0xd2da, 0xd2de, 0xd2df, 0xd2f1, 0xd3b2, 0xd3ba, 0xd533, 0xd541,
    0xd547, 0xd61d, 0xd6ab, 0xd6b0, 0xd6b1, 0xd6f9, 0xd72a, 0xd72d,
    0xd74c, 0xd7af, 0xd88f
};

/*Collect the unicode lists and glyph_id offsets*/
static const lv_font_fmt_txt_cmap_t cmaps[] =
{
    {
        .range_start = 32, .range_length = 95, .glyph_id_start = 1,
        .unicode_list = NULL, .glyph_id_ofs_list = NULL, .list_length = 0, .type = LV_FONT_FMT_TXT_CMAP_FORMAT0_TINY
    },
    {
        .range_start = 160, .range_length = 13, .glyph_id_start = 96,
        .unicode_list = NULL, .glyph_id_ofs_list = NULL, .list_length = 0, .type = LV_FONT_FMT_TXT_CMAP_FORMAT0_TINY
    },
    {
        .range_start = 174, .range_length = 82, .glyph_id_start = 109,
        .unicode_list = NULL, .glyph_id_ofs_list = NULL, .list_length = 0, .type = LV_FONT_FMT_TXT_CMAP_FORMAT0_TINY
    },
    {
        .range_start = 8211, .range_length = 55440, .glyph_id_start = 191,
        .unicode_list = unicode_list_3, .glyph_id_ofs_list = NULL, .list_length = 115, .type = LV_FONT_FMT_TXT_CMAP_SPARSE_TINY
    }
};

/*-----------------
 *    KERNING
 *----------------*/


/*Map glyph_ids to kern left classes*/
static const uint8_t kern_left_class_mapping[] =
{
    0, 0, 0, 1, 0, 0, 2, 3,
    1, 4, 5, 6, 7, 8, 7, 8,
    9, 10, 11, 12, 13, 14, 15, 16,
    17, 13, 10, 18, 18, 0, 19, 20,
    0, 21, 0, 0, 0, 0, 0, 0,
    0, 0, 0, 0, 0, 0, 0, 0,
    0, 0, 0, 0, 0, 0, 0, 0,
    0, 0, 0, 0, 4, 22, 5, 6,
    23, 0, 0, 0, 0, 0, 0, 0,
    0, 0, 0, 0, 0, 0, 0, 0,
    0, 0, 0, 0, 0, 0, 0, 0,
    0, 0, 0, 0, 4, 11, 5, 7,
    0, 24, 25, 0, 0, 0, 0, 0,
    0, 21, 0, 0, 0, 26, 0, 6,
    19, 0, 0, 0, 27, 11, 28, 0,
    0, 0, 29, 0, 0, 0, 30, 0,
    0, 0, 0, 0, 0, 0, 0, 0,
    0, 0, 0, 0, 0, 0, 0, 0,
    0, 0, 0, 0, 0, 0, 31, 0,
    0, 0, 0, 0, 0, 0, 0, 0,
    0, 0, 0, 0, 0, 0, 0, 0,
    0, 0, 0, 0, 0, 0, 0, 0,
    0, 0, 0, 0, 0, 0, 7, 0,
    0, 0, 0, 0, 0, 0, 0, 0,
    0, 32, 33, 34, 32, 33, 34, 31,
    8, 0, 0, 0, 29, 0, 35, 0,
    0, 0, 0, 0, 0, 0, 0, 0,
    0, 0, 0, 0, 0, 0, 0, 0,
    0, 0, 0, 0, 0, 0, 0, 0,
    0, 0, 0, 0, 0, 0, 0, 0,
    0, 0, 0, 0, 0, 0, 0, 0,
    0, 0, 0, 0, 0, 0, 0, 0,
    0, 0, 0, 0, 0, 0, 0, 0,
    0, 0, 0, 0, 0, 0, 0, 0,
    0, 0, 0, 0, 0, 0, 0, 0,
    0, 0, 0, 0, 0, 0, 0, 0,
    0, 0, 0, 0, 0, 0, 0, 0,
    0, 0, 0, 0, 0, 0, 0, 0,
    0, 0
};

/*Map glyph_ids to kern right classes*/
static const uint8_t kern_right_class_mapping[] =
{
    0, 1, 2, 3, 4, 5, 0, 6,
    3, 0, 7, 8, 9, 10, 9, 10,
    11, 12, 13, 14, 15, 16, 17, 12,
    18, 19, 20, 21, 21, 22, 23, 0,
    24, 25, 0, 0, 0, 0, 0, 0,
    0, 0, 0, 0, 0, 0, 0, 0,
    0, 0, 0, 0, 0, 0, 0, 0,
    0, 0, 0, 0, 0, 26, 7, 8,
    27, 0, 0, 0, 0, 0, 0, 0,
    0, 0, 0, 0, 0, 0, 0, 0,
    0, 0, 0, 0, 0, 0, 0, 0,
    0, 0, 0, 0, 0, 28, 7, 29,
    0, 0, 30, 0, 0, 0, 0, 0,
    0, 25, 0, 31, 32, 33, 0, 8,
    23, 0, 0, 0, 34, 35, 9, 0,
    0, 0, 36, 0, 0, 0, 37, 0,
    0, 0, 0, 0, 0, 0, 0, 0,
    0, 0, 0, 0, 0, 0, 0, 0,
    0, 0, 0, 0, 0, 0, 36, 0,
    0, 0, 0, 0, 0, 0, 0, 0,
    0, 0, 0, 0, 0, 0, 0, 0,
    0, 0, 0, 0, 0, 0, 0, 0,
    0, 0, 0, 0, 0, 0, 9, 0,
    0, 0, 0, 0, 0, 0, 0, 0,
    0, 38, 39, 40, 38, 39, 40, 36,
    10, 0, 0, 31, 36, 0, 41, 0,
    0, 0, 0, 0, 0, 0, 0, 0,
    0, 0, 0, 0, 0, 0, 0, 0,
    0, 0, 0, 0, 0, 0, 0, 0,
    0, 0, 0, 0, 0, 0, 0, 0,
    0, 0, 0, 0, 0, 0, 0, 0,
    0, 0, 0, 0, 0, 0, 0, 0,
    0, 0, 0, 0, 0, 0, 0, 0,
    0, 0, 0, 0, 0, 0, 0, 0,
    0, 0, 0, 0, 0, 0, 0, 0,
    0, 0, 0, 0, 0, 0, 0, 0,
    0, 0, 0, 0, 0, 0, 0, 0,
    0, 0, 0, 0, 0, 0, 0, 0,
    0, 0
};

/*Kern values between classes*/
static const int8_t kern_class_values[] =
{
    0, 0, 0, 0, 0, -16, 0, 0,
    0, -42, 0, 0, 0, 0, 0, -30,
    0, 0, 0, 0, 0, 0, 0, 0,
    0, 0, 0, 0, 0, -9, 0, 0,
    0, 0, 0, 0, 0, 0, 0, 0,
    0, 0, 0, 0, 0, 0, 0, 0,
    0, 0, 0, 0, 0, 0, 0, 0,
    0, 0, 0, 0, 0, 0, 0, 0,
    0, 0, 0, 0, 0, 0, 0, 0,
    0, 0, 0, 0, 0, 0, -30, -33,
    0, 0, 0, 0, -16, 0, 0, 0,
    0, 0, 0, 0, 0, 0, 0, 0,
    0, 0, 0, 0, 0, 0, 0, 0,
    0, 0, 0, -30, 0, 0, 0, 0,
    0, 0, -11, 0, 0, 0, 0, -44,
    0, 0, -19, 0, 0, 0, 0, 0,
    0, 0, 0, 0, 0, 0, 0, 0,
    0, 0, 0, 0, 0, 0, 0, 0,
    0, 0, 0, 0, 0, 0, 6, 0,
    -4, 0, 0, 0, 0, 0, 0, 0,
    0, 0, 0, 0, 0, 0, 0, 0,
    0, 0, 0, 0, 0, 0, 0, 0,
    0, 0, 0, 0, 0, 0, 0, 0,
    0, 0, 0, 0, 0, 0, 0, 0,
    0, 0, 0, 0, 0, 0, 0, 0,
    0, -16, 0, 0, 0, 0, 0, 0,
    0, 0, -16, 0, 0, 0, -65, 0,
    0, 0, 0, 0, -22, 0, 0, 0,
    0, 0, 0, 0, 0, -7, 0, -33,
    0, 0, 0, 0, 0, 0, 0, 0,
    0, 0, 0, 0, 0, 0, 0, 0,
    0, 0, 0, 0, 0, 0, 0, 0,
    0, 0, 0, -12, -4, 0, 0, -13,
    0, 0, 0, 0, 0, 0, 0, -22,
    0, 0, 0, 0, 0, 0, 0, 0,
    -5, 0, 0, -19, 0, 0, 0, -10,
    -4, -45, 0, 0, 0, 0, 0, 0,
    0, 0, -13, -43, 0, -12, 0, -4,
    -10, -13, -5, 0, 0, 0, -42, -21,
    0, 0, 0, 0, 0, 0, 0, 0,
    0, -24, 0, 0, 0, -39, 0, 0,
    0, 0, 0, 0, 0, 0, 0, 0,
    0, -19, 0, 0, 0, 0, 0, 0,
    0, 0, 0, 0, 0, 0, 0, 0,
    0, 2, 0, 0, 0, 0, 0, 0,
    0, 0, 0, 0, 0, 0, 0, 0,
    0, 0, 0, 0, 0, 0, 0, 0,
    0, 0, -13, 0, 0, 0, 0, 0,
    0, 0, -9, 0, 0, 0, 0, 0,
    0, 0, -10, -22, 0, 0, 0, 0,
    0, 0, 0, 0, 0, 0, -22, 0,
    -24, 0, 0, 0, 0, 0, 0, 0,
    6, 0, 0, 0, 0, 0, 0, 0,
    0, 0, 0, 0, 0, 0, 0, 0,
    0, 0, 0, 0, 6, 0, 0, 0,
    0, 0, 0, 0, 0, 0, 0, 0,
    0, 0, 0, 0, 0, 0, 0, 0,
    0, 0, 0, 0, 0, 0, 0, 0,
    0, 0, -7, 0, 0, 0, 0, 0,
    0, 0, 0, 0, 0, 0, 0, 0,
    0, 0, 0, 0, 0, 0, 0, 0,
    0, 0, 0, 0, 0, 0, 0, 0,
    0, 0, 0, -4, 0, -10, 0, 0,
    0, 0, 0, 0, 0, 0, 0, 0,
    0, 0, 0, 0, 0, 0, 0, 0,
    0, 0, -16, 0, 0, 0, 0, 0,
    0, 0, 0, -24, 0, 0, 0, 0,
    0, 0, 0, 0, -15, 0, -16, 0,
    0, -15, 0, 0, 0, 0, 0, 0,
    0, 0, 0, 0, 0, 0, 0, 0,
    0, 0, 0, 0, 0, -3, 0, -20,
    0, 0, 0, 0, 0, 0, 0, 0,
    0, 0, 0, 0, 0, -2, 0, -12,
    0, 0, 0, 0, 0, 0, 0, 0,
    0, 0, 0, 0, 0, 0, 0, 0,
    0, 0, 0, 0, 0, 0, -3, 0,
    0, 0, 0, 0, 0, 0, 0, 0,
    0, 0, 0, 0, 0, 0, 0, 0,
    -15, 0, 0, 0, 0, 0, 0, 0,
    0, 0, 0, 0, 0, 0, 0, 0,
    0, -22, 0, 0, 0, 0, 0, 0,
    0, 0, 0, 0, 0, 0, -22, 0,
    0, 0, 0, -27, 0, -22, 0, 0,
    0, -60, 0, -7, 0, 0, -8, -28,
    -5, 9, -7, -5, -16, -44, 0, 0,
    0, 0, -76, 0, 0, -24, -30, 0,
    0, 0, 0, 0, 0, 0, 0, -68,
    0, 0, 0, 0, 0, 0, 0, 0,
    0, 0, 0, 0, 0, 0, 0, 0,
    0, 0, 0, 0, 0, 0, 0, 0,
    0, 0, -30, 0, 0, 0, 0, 0,
    0, 0, 0, 0, 0, 0, -22, 0,
    0, 0, 0, 0, 0, 0, 0, 0,
    0, 0, 0, 0, 0, 0, 0, 0,
    0, 0, 0, 0, 0, 0, 0, 0,
    0, 0, 0, -33, 0, 0, 0, 0,
    0, 0, 0, 0, 0, 0, 0, -27,
    0, 0, 0, 0, 0, 0, 0, 0,
    0, 0, 0, 0, 0, 0, 0, 0,
    0, 0, 0, 0, -35, 0, 0, 0,
    0, 0, 0, 0, -35, 0, 0, 0,
    0, 0, 0, 0, 0, 0, 0, 0,
    -46, 0, 0, 0, 0, 0, 0, 0,
    0, 0, 0, 0, 0, -21, -19, 0,
    0, 0, 0, 0, 0, 0, 0, 0,
    0, 0, 0, 0, 0, -18, -19, 0,
    0, 0, 0, 0, -3, 0, 0, 0,
    0, -16, 0, -19, 0, 0, 0, -38,
    0, -5, 0, 0, -43, -16, 0, 7,
    0, -21, 0, 0, 0, 0, 0, 0,
    0, 0, -12, -24, -30, -19, -23, 0,
    0, -16, -7, -16, -16, -34, 0, -24,
    -16, 0, -20, -27, 0, -35, 0, 0,
    0, 0, 0, 0, 0, -33, 0, 0,
    0, -22, -52, 0, -22, -27, -22, 0,
    -22, -22, 0, 0, 0, 0, -19, -38,
    0, 16, 0, 0, 0, 0, 0, 0,
    -22, 0, 0, -19, 0, 0, 0, 0,
    0, 0, 0, 0, 0, 0, 0, 0,
    0, 0, 0, 0, 0, 0, 0, 0,
    0, 0, 0, 0, 0, 0, 0, 0,
    -16, 0, 0, 0, 0, 0, 0, 0,
    0, 0, 0, 0, -16, 0, 0, 0,
    0, 0, -9, 0, 0, 0, -6, 0,
    0, 0, 0, 0, -16, 0, 0, 0,
    0, 0, 0, 0, 0, 0, 0, 0,
    0, -28, 0, 0, 0, 0, 0, 0,
    -5, 0, 0, 0, 0, -30, -11, 0,
    -16, 0, 0, 0, 0, 0, -16, 0,
    0, 0, 0, 0, 0, 0, 0, 0,
    -24, 0, 0, 0, 0, 0, 0, 0,
    0, -3, 0, 0, 0, 0, -14, 0,
    0, 0, 0, 0, 0, 0, 0, 0,
    0, 0, 0, 0, 0, 0, 0, 0,
    0, 0, -18, 0, -16, 0, 0, 0,
    0, 0, 0, 0, 0, 0, 0, -19,
    0, 0, 0, 0, -16, 0, -18, 0,
    0, -16, 0, 0, 0, 0, 0, -24,
    7, 0, 0, 0, 0, 0, 0, 0,
    0, 0, 0, 0, 0, 0, 0, 0,
    -12, -4, 0, 0, -13, 0, 0, 0,
    0, 0, 0, 0, -19, 0, 0, 0,
    0, 0, 0, 0, 0, -5, 0, 0,
    -19, 0, 0, 0, 0, 0, 0, 0,
    0, 0, 0, 0, 0, 0, 0, 0,
    -19, -24, -22, 0, 0, -24, -16, 0,
    0, 0, 0, 0, 0, -30, 0, 0,
    0, 0, 0, 0, 0, 0, 0, 0,
    0, -41, 0, 0, 0, 0, 0, 0,
    0, 0, 0, 0, 0, 0, 0, 0,
    0, 0, 0, 0, 0, 0, 0, 0,
    0, 0, 0, 0, 0, 0, -50, 0,
    0, 0, 0, 0, 0, 0, 0, 0,
    0, 0, -30, -16, 0, 0, 0, 0,
    0, 0, 0, 0, 0, 0, 0, 0,
    0, 0, 0, 0, 0, 0, 0, 0,
    0, 0, 0, 0, 0, 0, 0, -19,
    0, 0, 0, 0, 0, 0, 0, 0,
    0, 0, 0, 0, 0, 0, 0, 0,
    0, 0, 0, 0, -30, 0, 0, 0,
    -48, -46, 0, 0, 0, 0, -30, 0,
    0, 0, 0, 0, 0, 0, 0, 0,
    0, 0, 0, 0, -19, 0, 0, 0,
    0, 0, 0, -30, 0, 0, -41, 0,
    0, 0, 0, -60, 0, -33, 0, 0,
    -27, -57, -68, -22, 0, 0, 0, -46,
    0, -30, -19, 0, -27, -46, -27, 0,
    -27, 0, -19, 0, -22, -30, -41, -27,
    0, -22, -5, 0, -33, 0, 0, 0,
    0, 0, 0, 0, 0, 0, 0, 0,
    0, 0, 0, 0, 0, -33, 0, 0,
    0, 0, 0, 0, 0, 0, 0, 0,
    0, 0, -44, 0, 0, 0, 0, 0,
    0, 0, 0, 0, 0, 0, -60, -46,
    0, 0, 0, 0, 0, 0, 0, -19,
    0, 0, 0, 0, 0, 0, 0, 0,
    0, 0, 0, 0, 0, 0, 0, 0,
    0, 0, 0, 0, 0, 0, 0, -16,
    0, 0, 0, 0, 0, 0, 0, 0,
    0, 0, 0
};


/*Collect the kern class' data in one place*/
static const lv_font_fmt_txt_kern_classes_t kern_classes =
{
    .class_pair_values   = kern_class_values,
    .left_class_mapping  = kern_left_class_mapping,
    .right_class_mapping = kern_right_class_mapping,
    .left_class_cnt      = 35,
    .right_class_cnt     = 41,
};

/*--------------------
 *  ALL CUSTOM DATA
 *--------------------*/

#if LV_VERSION_CHECK(8, 0, 0)
/*Store all the custom data of the font*/
static  lv_font_fmt_txt_glyph_cache_t cache;
static const lv_font_fmt_txt_dsc_t font_dsc = {
#else
static lv_font_fmt_txt_dsc_t font_dsc = {
#endif
    .glyph_bitmap = glyph_bitmap,
    .glyph_dsc = glyph_dsc,
    .cmaps = cmaps,
    .kern_dsc = &kern_classes,
    .kern_scale = 16,
    .cmap_num = 4,
    .bpp = 4,
    .kern_classes = 1,
    .bitmap_format = 0,
#if LV_VERSION_CHECK(8, 0, 0)
    .cache = &cache
#endif
};


/*-----------------
 *  PUBLIC FONT
 *----------------*/

LV_FONT_DECLARE(avo_emoji_30);
/*Initialize a public general font descriptor*/
#if LV_VERSION_CHECK(8, 0, 0)
const lv_font_t avo_font_30 = {
#else
lv_font_t avo_font_30 = {
#endif
    .get_glyph_dsc = lv_font_get_glyph_dsc_fmt_txt,    /*Function pointer to get glyph's data*/
    .get_glyph_bitmap = lv_font_get_bitmap_fmt_txt,    /*Function pointer to get glyph's bitmap*/
    .line_height = 38,          /*The maximum line height required by the font*/
    .base_line = 7,             /*Baseline measured from the bottom of the line*/
#if !(LVGL_VERSION_MAJOR == 6 && LVGL_VERSION_MINOR == 0)
    .subpx = LV_FONT_SUBPX_NONE,
#endif
#if LV_VERSION_CHECK(7, 4, 0) || LVGL_VERSION_MAJOR >= 8
    .underline_position = -5,
    .underline_thickness = 3,
#endif
    .fallback = &avo_emoji_30,
    .dsc = &font_dsc           /*The custom font data. Will be accessed by `get_glyph_bitmap/dsc` */
};



#endif /*#if AVO_FONT_30*/

