/* Generated by tools/gen_assets.py — do not edit. */
#include "lvgl.h"

static const LV_ATTRIBUTE_MEM_ALIGN uint8_t avo_img_mark_160_map[] = {
    0x00,0x00,0x00,0x00,0x00,0x00,0x00,0x00,0x00,0x00,0x00,0x00,0x00,0x00,0x00,0x00,0x00,0x00,0x00,0x00,0x00,0x00,0x00,0x00,
    0x00,0x00,0x00,0x00,0x00,0x00,0x00,0x00,0x00,0x00,0x00,0x00,0x00,0x00,0x00,0x00,0x00,0x00,0x00,0x00,0x00,0x00,0x00,0x00,
    0x00,0x00,0x00,0x00,0x00,0x00,0x00,0x00,0x00,0x00,0x00,0x00,0x00,0x00,0x00,0x00,0x00,0x00,0x00,0x00,0x00,0x00,0x00,0x00,
    0x00,0x00,0x00,0x00,0x00,0x00,0x00,0x00,0x00,0x00,0x00,0x00,0xa0,0x02,0x00,0x00,0x00,0x00,0x00,0x00,0x00,0x00,0x00,0x00,
    0x00,0x00,0x00,0x00,0x00,0x00,0x00,0x00,0x00,0x00,0x00,0x00,0x00,0x00,0x00,0x00,0x00,0x00,0x00,0x00,0x00,0x00,0x00,0x00,
    0x00,0x00,0x00,0x00,0x00,0x00,0x00,0x00,0x00,0x00,0x00,0x00,0x00,0x00,0x00,0x00,0x00,0x00,0x00,0x00,0x00,0x00,0x00,0x00,
    0x00,0x00,0x00,0x00,0x00,0x00,0x00,0x00,0x00,0x00,0x00,0x00,0x00,0x00,0x00,0x00,0x00,0x00,0x00,0x00,0x00,0x00,0x00,0x00,
    0x00,0x00,0x00,0x00,0x00,0x00,0x00,0x00,0xa0,0x02,0x00,0x00,0x00,0x00,0x00,0x00,0x00,0x00,0x00,0x00,0x00,0x00,0x00,0x00,
    0x00,0x00,0x00,0x00,0x00,0x00,0x00,0x00,0x00,0x00,0x00,0x00,0x00,0x00,0x00,0x00,0x00,0x00,0x00,0x00,0x00,0x00,0x00,0x00,
    0x00,0x00,0x00,0x00,0x00,0x00,0x00,0x00,0x00,0x00,0x00,0x00,0x00,0x00,0x00,0x00,0x00,0x00,0x00,0x00,0x00,0x00,0x00,0x00,
    0x00,0x00,0x00,0x00,0x00,0x00,0x00,0x00,0x00,0x00,0x00,0x00,0x00,0x00,0x00,0x00,0x00,0x00,0x00,0x00,0x00,0x00,0x00,0x00,
    0x00,0x00,0x00,0x00,0x00,0x00,0x00,0x00,0x00,0x00,0x00,0x00,0x00,0x00,0x00,0x00,0x00,0x00,0x00,0x00,0x00,0x00,0x00,0x00,
    0x00,0x00,0x00,0x00,0x00,0x00,0x00,0x00,0x00,0x00,0x00,0x00,0x00,0x00,0x00,0x00,0x00,0x00,0x00,0x00,0x00,0x00,0x00,0x00,
    0x00,0x00,0x00,0x00,0x00,0x00,0x00,0x00,0x00,0x00,0x00,0x00,0x00,0x00,0x00,0x00,0x00,0x00,0x00,0x00,0x00,0x00,0x00,0x00,
    0x00,0x00,0x00,0x00,0x00,0x00,0x00,0x00,0x00,0x00,0x00,0x00,0x00,0x00,0x00,0x00,0x00,0x00,0x00,0x00,0x00,0x00,0x00,0x00,
    0x00,0x00,0x00,0x00,0x00,0x00,0x00,0x00,0x00,0x00,0x00,0x00,0x00,0x00,0x00,0x00,0x00,0x00,0x00,0x00,0x00,0x00,0x00,0x00,
    0x00,0x00,0x00,0x00,0x00,0x00,0x00,0x00,0x00,0x00,0x00,0x00,0x00,0x00,0x00,0x00,0x00,0x00,0x00,0x00,0x00,0x00,0x00,0x00,
    0x00,0x00,0x00,0x00,0x00,0x00,0x00,0x00,0x00,0x00,0x00,0x00,0x00,0x00,0x00,0x00,0x00,0x00,0x00,0x00,0x00,0x00,0x00,0x00,
    0x00,0x00,0x00,0x00,0x00,0x00,0x00,0x00,0x00,0x00,0x00,0x00,0x00,0x00,0x00,0x00,0x00,0x00,0x00,0x00,0x00,0x00,0x00,0x00,
    0x00,0x00,0x00,0x00,0x00,0x00,0x00,0x00,0x00,0x00,0x00,0x00,0x00,0x00,0x00,0x00,0x00,0x00,0x00,0x00,0x00,0x00,0x00,0x00,
    0x00,0x00,0x00,0x00,0x00,0x00,0x00,0x00,0x00,0x00,0x00,0x00,0x00,0x00,0x00,0x00,0x00,0x00,0x00,0x00,0x00,0x00,0x00,0x00,
    0x00,0x00,0x00,0x00,0x00,0x00,0x00,0x00,0x00,0x00,0x00,0x00,0x00,0x00,0x00,0x00,0x00,0x00,0x00,0x00,0x00,0x00,0x00,0x00,
    0x00,0x00,0x00,0x00,0x00,0x00,0x00,0x00,0x00,0x00,0x00,0x00,0x00,0x00,0x00,0x00,0x00,0x00,0x00,0x00,0x00,0x00,0x00,0x00,
    0x00,0x00,0x00,0x00,0x00,0x00,0x00,0x00,0x00,0x00,0x00,0x00,0x00,0x00,0x00,0x00,0x00,0x00,0x00,0x00,0x00,0x00,0x00,0x00,
    0x00,0x00,0x00,0x00,0x00,0x00,0x00,0x00,0x00,0x00,0x00,0x00,0x00,0x00,0x00,0x00,0x00,0x00,0x00,0x00,0x00,0x00,0x00,0x00,
    0x00,0x00,0x00,0x00,0x00,0x00,0xe0,0x01,0x23,0x2a,0xe0,0x19,0x00,0x00,0xa0,0x02,0x00,0x00,0x00,0x00,0x00,0x00,0x00,0x00,
    0x00,0x00,0x00,0x00,0x00,0x00,0x00,0x00,0x00,0x00,0x00,0x00,0x00,0x00,0x00,0x00,0x00,0x00,0x00,0x00,0x00,0x00,0x00,0x00,
    0x00,0x00,0x00,0x00,0x00,0x00,0x00,0x00,0x00,0x00,0x00,0x00,0x00,0x00,0x00,0x00,0x00,0x00,0x00,0x00,0x00,0x00,0x00,0x00,
    0x00,0x00,0x00,0x00,0x00,0x00,0x00,0x00,0x00,0x00,0x00,0x00,0x00,0x00,0x00,0x00,0x00,0x00,0x00,0x00,0x00,0x00,0xa0,0x02,
    0x00,0x00,0xe0,0x19,0x23,0x2a,0xe0,0x01,0x00,0x00,0x00,0x00,0x00,0x00,0x00,0x00,0x00,0x00,0x00,0x00,0x00,0x00,0x00,0x00,
    0x00,0x00,0x00,0x00,0x00,0x00,0x00,0x00,0x00,0x00,0x00,0x00,0x00,0x00,0x00,0x00,0x00,0x00,0x00,0x00,0x00,0x00,0x00,0x00,
    0x00,0x00,0x00,0x00,0x00,0x00,0x00,0x00,0x00,0x00,0x00,0x00,0x00,0x00,0x00,0x00,0x00,0x00,0x00,0x00,0x00,0x00,0x00,0x00,
    0x00,0x00,0x00,0x00,0x00,0x00,0x00,0x00,0x00,0x00,0x00,0x00,0x00,0x00,0x00,0x00,0x00,0x00,0x00,0x00,0x00,0x00,0x00,0x00,
    0x00,0x00,0x00,0x00,0x00,0x00,0x00,0x00,0x00,0x00,0x00,0x00,0x00,0x00,0x00,0x00,0x00,0x00,0x00,0x00,0x00,0x00,0x00,0x00,
    0x00,0x00,0x00,0x00,0x00,0x00,0x00,0x00,0x00,0x00,0x00,0x00,0x00,0x00,0x00,0x00,0x00,0x00,0x00,0x00,0x00,0x00,0x00,0x00,
    0x00,0x00,0x00,0x00,0x00,0x00,0x00,0x00,0x00,0x00,0x00,0x00,0x00,0x00,0x00,0x00,0x00,0x00,0x00,0x00,0x00,0x00,0x00,0x00,
    0x00,0x00,0x00,0x00,0x63,0x32,0x23,0x2a,0x43,0x2a,0x23,0x2a,0x00,0x00,0xe0,0x39,0x00,0x00,0x00,0x00,0x00,0x00,0x00,0x00,
    0x00,0x00,0x00,0x00,0x00,0x00,0x00,0x00,0x00,0x00,0x00,0x00,0x00,0x00,0x00,0x00,0x00,0x00,0x00,0x00,0x00,0x00,0x00,0x00,
    0x00,0x00,0x00,0x00,0x00,0x00,0x00,0x00,0x00,0x00,0x00,0x00,0x00,0x00,0x00,0x00,0x00,0x00,0x00,0x00,0x00,0x00,0x00,0x00,
    0x00,0x00,0x00,0x00,0x00,0x00,0x00,0x00,0x00,0x00,0x00,0x00,0x00,0x00,0x00,0x00,0x00,0x00,0xe0,0x39,0x00,0x00,0x23,0x2a,
    0x43,0x2a,0x23,0x2a,0x63,0x32,0x00,0x00,0x00,0x00,0x00,0x00,0x00,0x00,0x00,0x00,0x00,0x00,0x00,0x00,0x00,0x00,0x00,0x00,
    0x00,0x00,0x00,0x00,0x00,0x00,0x00,0x00,0x00,0x00,0x00,0x00,0x00,0x00,0x00,0x00,0x00,0x00,0x00,0x00,0x00,0x00,0x00,0x00,
    0x00,0x00,0x00,0x00,0x00,0x00,0x00,0x00,0x00,0x00,0x00,0x00,0x00,0x00,0x00,0x00,0x00,0x00,0x00,0x00,0x00,0x00,0x00,0x00,
    0x00,0x00,0x00,0x00,0x00,0x00,0x00,0x00,0x00,0x00,0x00,0x00,0x00,0x00,0x00,0x00,0x00,0x00,0x00,0x00,0x00,0x00,0x00,0x00,
    0x00,0x00,0x00,0x00,0x00,0x00,0x00,0x00,0x00,0x00,0x00,0x00,0x00,0x00,0x00,0x00,0x00,0x00,0x00,0x00,0x00,0x00,0x00,0x00,
    0x00,0x00,0x00,0x00,0x00,0x00,0x00,0x00,0x00,0x00,0x00,0x00,0x00,0x00,0x00,0x00,0x00,0x00,0x00,0x00,0x00,0x00,0x00,0x00,
    0x00,0x00,0x00,0x00,0x00,0x00,0x00,0x00,0x00,0x00,0x00,0x00,0x00,0x00,0x00,0x00,0x00,0x00,0x00,0x00,0x00,0x00,0xe0,0x7b,
    0x00,0x00,0x23,0x2a,0x23,0x2a,0x43,0x2a,0x43,0x2a,0x03,0x2a,0x00,0x00,0x80,0x31,0x00,0x00,0x00,0x00,0x00,0x00,0x00,0x00,
    0x00,0x00,0x00,0x00,0x00,0x00,0x00,0x00,0x00,0x00,0x00,0x00,0x00,0x00,0x00,0x00,0x00,0x00,0x00,0x00,0x00,0x00,0x00,0x00,
    0x00,0x00,0x00,0x00,0x00,0x00,0x00,0x00,0x00,0x00,0x00,0x00,0x00,0x00,0x00,0x00,0x00,0x00,0x00,0x00,0x00,0x00,0x00,0x00,
    0x00,0x00,0x00,0x00,0x00,0x00,0x00,0x00,0x00,0x00,0x00,0x00,0x00,0x00,0x80,0x31,0x00,0x00,0x03,0x2a,0x43,0x2a,0x43,0x2a,
    0x23,0x2a,0x23,0x2a,0x00,0x00,0xe0,0x7b,0x00,0x00,0x00,0x00,0x00,0x00,0x00,0x00,0x00,0x00,0x00,0x00,0x00,0x00,0x00,0x00,
    0x00,0x00,0x00,0x00,0x00,0x00,0x00,0x00,0x00,0x00,0x00,0x00,0x00,0x00,0x00,0x00,0x00,0x00,0x00,0x00,0x00,0x00,0x00,0x00,
    0x00,0x00,0x00,0x00,0x00,0x00,0x00,0x00,0x00,0x00,0x00,0x00,0x00,0x00,0x00,0x00,0x00,0x00,0x00,0x00,0x00,0x00,0x00,0x00,
    0x00,0x00,0x00,0x00,0x00,0x00,0x00,0x00,0x00,0x00,0x00,0x00,0x00,0x00,0x00,0x00,0x00,0x00,0x00,0x00,0x00,0x00,0x00,0x00,
    0x00,0x00,0x00,0x00,0x00,0x00,0x00,0x00,0x00,0x00,0x00,0x00,0x00,0x00,0x00,0x00,0x00,0x00,0x00,0x00,0x00,0x00,0x00,0x00,
    0x00,0x00,0x00,0x00,0x00,0x00,0x00,0x00,0x00,0x00,0x00,0x00,0x00,0x00,0x00,0x00,0x00,0x00,0x00,0x00,0x00,0x00,0x00,0x00,
    0x00,0x00,0x00,0x00,0x00,0x00,0x00,0x00,0x00,0x00,0x00,0x00,0x00,0x00,0x00,0x00,0x00,0x00,0x00,0x00,0xa0,0x52,0x00,0x00,
    0x23,0x2a,0x43,0x2a,0x23,0x2a,0x43,0x2a,0x23,0x2a,0x23,0x2a,0x00,0x00,0xe0,0x03,0x00,0x00,0x00,0x00,0x00,0x00,0x00,0x00,
    0x00,0x00,0x00,0x00,0x00,0x00,0x00,0x00,0x00,0x00,0x00,0x00,0x00,0x00,0x00,0x00,0x00,0x00,0x00,0x00,0x00,0x00,0x00,0x00,
    0x00,0x00,0x00,0x00,0x00,0x00,0x00,0x00,0x00,0x00,0x00,0x00,0x00,0x00,0x00,0x00,0x00,0x00,0x00,0x00,0x00,0x00,0x00,0x00,
    0x00,0x00,0x00,0x00,0x00,0x00,0x00,0x00,0x00,0x00,0xe0,0x03,0x00,0x00,0x23,0x2a,0x23,0x2a,0x43,0x2a,0x23,0x2a,0x43,0x2a,
    0x23,0x2a,0x00,0x00,0xa0,0x52,0x00,0x00,0x00,0x00,0x00,0x00,0x00,0x00,0x00,0x00,0x00,0x00,0x00,0x00,0x00,0x00,0x00,0x00,
    0x00,0x00,0x00,0x00,0x00,0x00,0x00,0x00,0x00,0x00,0x00,0x00,0x00,0x00,0x00,0x00,0x00,0x00,0x00,0x00,0x00,0x00,0x00,0x00,
    0x00,0x00,0x00,0x00,0x00,0x00,0x00,0x00,0x00,0x00,0x00,0x00,0x00,0x00,0x00,0x00,0x00,0x00,0x00,0x00,0x00,0x00,0x00,0x00,
    0x00,0x00,0x00,0x00,0x00,0x00,0x00,0x00,0x00,0x00,0x00,0x00,0x00,0x00,0x00,0x00,0x00,0x00,0x00,0x00,0x00,0x00,0x00,0x00,
    0x00,0x00,0x00,0x00,0x00,0x00,0x00,0x00,0x00,0x00,0x00,0x00,0x00,0x00,0x00,0x00,0x00,0x00,0x00,0x00,0x00,0x00,0x00,0x00,
    0x00,0x00,0x00,0x00,0x00,0x00,0x00,0x00,0x00,0x00,0x00,0x00,0x00,0x00,0x00,0x00,0x00,0x00,0x00,0x00,0x00,0x00,0x00,0x00,
    0x00,0x00,0x00,0x00,0x00,0x00,0x00,0x00,0x00,0x00,0x00,0x00,0x00,0x00,0x00,0x00,0x00,0x00,0xe0,0x39,0x00,0x00,0x23,0x2a,
    0x43,0x2a,0x23,0x2a,0x23,0x2a,0x23,0x2a,0x43,0x2a,0x23,0x2a,0x00,0x00,0x00,0x00,0xe0,0x03,0x00,0x00,0x00,0x00,0x00,0x00,
    0x00,0x00,0x00,0x00,0x00,0x00,0x00,0x00,0x00,0x00,0x00,0x00,0x00,0x00,0x00,0x00,0x00,0x00,0x00,0x00,0x00,0x00,0x00,0x00,
    0x00,0x00,0x00,0x00,0x00,0x00,0x00,0x00,0x00,0x00,0x00,0x00,0x00,0x00,0x00,0x00,0x00,0x00,0x00,0x00,0x00,0x00,0x00,0x00,
    0x00,0x00,0x00,0x00,0xe0,0x03,0x00,0x00,0x00,0x00,0x23,0x2a,0x43,0x2a,0x23,0x2a,0x23,0x2a,0x23,0x2a,0x43,0x2a,0x23,0x2a,
    0x00,0x00,0xe0,0x39,0x00,0x00,0x00,0x00,0x00,0x00,0x00,0x00,0x00,0x00,0x00,0x00,0x00,0x00,0x00,0x00,0x00,0x00,0x00,0x00,
    0x00,0x00,0x00,0x00,0x00,0x00,0x00,0x00,0x00,0x00,0x00,0x00,0x00,0x00,0x00,0x00,0x00,0x00,0x00,0x00,0x00,0x00,0x00,0x00,
    0x00,0x00,0x00,0x00,0x00,0x00,0x00,0x00,0x00,0x00,0x00,0x00,0x00,0x00,0x00,0x00,0x00,0x00,0x00,0x00,0x00,0x00,0x00,0x00,
    0x00,0x00,0x00,0x00,0x00,0x00,0x00,0x00,0x00,0x00,0x00,0x00,0x00,0x00,0x00,0x00,0x00,0x00,0x00,0x00,0x00,0x00,0x00,0x00,
    0x00,0x00,0x00,0x00,0x00,0x00,0x00,0x00,0x00,0x00,0x00,0x00,0x00,0x00,0x00,0x00,0x00,0x00,0x00,0x00,0x00,0x00,0x00,0x00,
    0x00,0x00,0x00,0x00,0x00,0x00,0x00,0x00,0x00,0x00,0x00,0x00,0x00,0x00,0x00,0x00,0x00,0x00,0x00,0x00,0x00,0x00,0x00,0x00,
    0x00,0x00,0x00,0x00,0x00,0x00,0x00,0x00,0x00,0x00,0x00,0x00,0x00,0x00,0x00,0x00,0xa0,0x52,0x00,0x00,0x23,0x2a,0x43,0x2a,
    0x23,0x2a,0x23,0x2a,0x23,0x2a,0x23,0x2a,0x63,0x2a,0x23,0x2a,0xc2,0x21,0x00,0x00,0xa0,0x52,0x00,0x00,0x00,0x00,0x00,0x00,
    0x00,0x00,0x00,0x00,0x00,0x00,0x00,0x00,0x00,0x00,0x00,0x00,0x00,0x00,0x00,0x00,0x00,0x00,0x00,0x00,0x00,0x00,0x00,0x00,
    0x00,0x00,0x00,0x00,0x00,0x00,0x00,0x00,0x00,0x00,0x00,0x00,0x00,0x00,0x00,0x00,0x00,0x00,0x00,0x00,0x00,0x00,0x00,0x00,
    0xa0,0x52,0x00,0x00,0xc2,0x21,0x23,0x2a,0x63,0x2a,0x23,0x2a,0x23,0x2a,0x23,0x2a,0x23,0x2a,0x43,0x2a,0x23,0x2a,0x00,0x00,
    0xa0,0x52,0x00,0x00,0x00,0x00,0x00,0x00,0x00,0x00,0x00,0x00,0x00,0x00,0x00,0x00,0x00,0x00,0x00,0x00,0x00,0x00,0x00,0x00,
    0x00,0x00,0x00,0x00,0x00,0x00,0x00,0x00,0x00,0x00,0x00,0x00,0x00,0x00,0x00,0x00,0x00,0x00,0x00,0x00,0x00,0x00,0x00,0x00,
    0x00,0x00,0x00,0x00,0x00,0x00,0x00,0x00,0x00,0x00,0x00,0x00,0x00,0x00,0x00,0x00,0x00,0x00,0x00,0x00,0x00,0x00,0x00,0x00,
    0x00,0x00,0x00,0x00,0x00,0x00,0x00,0x00,0x00,0x00,0x00,0x00,0x00,0x00,0x00,0x00,0x00,0x00,0x00,0x00,0x00,0x00,0x00,0x00,
    0x00,0x00,0x00,0x00,0x00,0x00,0x00,0x00,0x00,0x00,0x00,0x00,0x00,0x00,0x00,0x00,0x00,0x00,0x00,0x00,0x00,0x00,0x00,0x00,
    0x00,0x00,0x00,0x00,0x00,0x00,0x00,0x00,0x00,0x00,0x00,0x00,0x00,0x00,0x00,0x00,0x00,0x00,0x00,0x00,0x00,0x00,0x00,0x00,
    0x00,0x00,0x00,0x00,0x00,0x00,0x00,0x00,0x00,0x00,0x00,0x00,0x00,0x00,0xe0,0x07,0x86,0x31,0x23,0x2a,0x43,0x2a,0x23,0x2a,
    0x23,0x2a,0x23,0x2a,0x23,0x2a,0x23,0x2a,0x43,0x2a,0x23,0x2a,0x23,0x2a,0x00,0x00,0xe0,0x39,0x00,0x00,0x00,0x00,0x00,0x00,
    0x00,0x00,0x00,0x00,0x00,0x00,0x00,0x00,0x00,0x00,0x00,0x00,0x00,0x00,0x00,0x00,0x00,0x00,0x00,0x00,0x00,0x00,0x00,0x00,
    0x00,0x00,0x00,0x00,0x00,0x00,0x00,0x00,0x00,0x00,0x00,0x00,0x00,0x00,0x00,0x00,0x00,0x00,0x00,0x00,0xe0,0x39,0x00,0x00,
    0x23,0x2a,0x23,0x2a,0x43,0x2a,0x23,0x2a,0x23,0x2a,0x23,0x2a,0x23,0x2a,0x23,0x2a,0x43,0x2a,0x23,0x2a,0x86,0x31,0xe0,0x07,
    0x00,0x00,0x00,0x00,0x00,0x00,0x00,0x00,0x00,0x00,0x00,0x00,0x00,0x00,0x00,0x00,0x00,0x00,0x00,0x00,0x00,0x00,0x00,0x00,
    0x00,0x00,0x00,0x00,0x00,0x00,0x00,0x00,0x00,0x00,0x00,0x00,0x00,0x00,0x00,0x00,0x00,0x00,0x00,0x00,0x00,0x00,0x00,0x00,
    0x00,0x00,0x00,0x00,0x00,0x00,0x00,0x00,0x00,0x00,0x00,0x00,0x00,0x00,0x00,0x00,0x00,0x00,0x00,0x00,0x00,0x00,0x00,0x00,
    0x00,0x00,0x00,0x00,0x00,0x00,0x00,0x00,0x00,0x00,0x00,0x00,0x00,0x00,0x00,0x00,0x00,0x00,0x00,0x00,0x00,0x00,0x00,0x00,
    0x00,0x00,0x00,0x00,0x00,0x00,0x00,0x00,0x00,0x00,0x00,0x00,0x00,0x00,0x00,0x00,0x00,0x00,0x00,0x00,0x00,0x00,0x00,0x00,
    0x00,0x00,0x00,0x00,0x00,0x00,0x00,0x00,0x00,0x00,0x00,0x00,0x00,0x00,0x00,0x00,0x00,0x00,0x00,0x00,0x00,0x00,0x00,0x00,
    0x00,0x00,0x00,0x00,0x00,0x00,0x00,0x00,0x00,0x00,0x00,0x00,0x00,0x00,0x63,0x2a,0x23,0x2a,0x23,0x2a,0x23,0x2a,0x23,0x2a,
    0x23,0x2a,0x23,0x2a,0x23,0x2a,0x23,0x2a,0x43,0x2a,0x43,0x2a,0x23,0x2a,0x00,0x00,0x80,0x31,0x00,0x00,0x00,0x00,0x00,0x00,
    0x00,0x00,0x00,0x00,0x00,0x00,0x00,0x00,0x00,0x00,0x00,0x00,0x00,0x00,0x00,0x00,0x00,0x00,0x00,0x00,0x00,0x00,0x00,0x00,
    0x00,0x00,0x00,0x00,0x00,0x00,0x00,0x00,0x00,0x00,0x00,0x00,0x00,0x00,0x00,0x00,0x80,0x31,0x00,0x00,0x23,0x2a,0x43,0x2a,
    0x43,0x2a,0x23,0x2a,0x23,0x2a,0x23,0x2a,0x23,0x2a,0x23,0x2a,0x23,0x2a,0x23,0x2a,0x23,0x2a,0x63,0x2a,0x00,0x00,0x00,0x00,
    0x00,0x00,0x00,0x00,0x00,0x00,0x00,0x00,0x00,0x00,0x00,0x00,0x00,0x00,0x00,0x00,0x00,0x00,0x00,0x00,0x00,0x00,0x00,0x00,
    0x00,0x00,0x00,0x00,0x00,0x00,0x00,0x00,0x00,0x00,0x00,0x00,0x00,0x00,0x00,0x00,0x00,0x00,0x00,0x00,0x00,0x00,0x00,0x00,
    0x00,0x00,0x00,0x00,0x00,0x00,0x00,0x00,0x00,0x00,0x00,0x00,0x00,0x00,0x00,0x00,0x00,0x00,0x00,0x00,0x00,0x00,0x00,0x00,
    0x00,0x00,0x00,0x00,0x00,0x00,0x00,0x00,0x00,0x00,0x00,0x00,0x00,0x00,0x00,0x00,0x00,0x00,0x00,0x00,0x00,0x00,0x00,0x00,
    0x00,0x00,0x00,0x00,0x00,0x00,0x00,0x00,0x00,0x00,0x00,0x00,0x00,0x00,0x00,0x00,0x00,0x00,0x00,0x00,0x00,0x00,0x00,0x00,
    0x00,0x00,0x00,0x00,0x00,0x00,0x00,0x00,0x00,0x00,0x00,0x00,0x00,0x00,0x00,0x00,0x00,0x00,0x00,0x00,0x00,0x00,0x00,0x00,
    0x00,0x00,0x00,0x00,0x00,0x00,0x00,0x00,0xe0,0x7b,0x00,0x00,0x43,0x2a,0x43,0x2a,0x23,0x2a,0x23,0x2a,0x23,0x2a,0x23,0x2a,
    0x23,0x2a,0x23,0x2a,0x23,0x2a,0x23,0x2a,0x43,0x2a,0x43,0x2a,0x23,0x2a,0x00,0x00,0xa0,0x52,0x00,0x00,0x00,0x00,0x00,0x00,
    0x00,0x00,0xa0,0x02,0xe0,0x39,0xa0,0x02,0x00,0x00,0x00,0x00,0x00,0x00,0x00,0x00,0x00,0x00,0x00,0x00,0x00,0x00,0xa0,0x02,
    0xe0,0x39,0xa0,0x02,0x00,0x00,0x00,0x00,0x00,0x00,0x00,0x00,0xa0,0x52,0x00,0x00,0x23,0x2a,0x43,0x2a,0x43,0x2a,0x23,0x2a,
    0x23,0x2a,0x23,0x2a,0x23,0x2a,0x23,0x2a,0x23,0x2a,0x23,0x2a,0x23,0x2a,0x43,0x2a,0x43,0x2a,0x00,0x00,0xe0,0x7b,0x00,0x00,
    0x00,0x00,0x00,0x00,0x00,0x00,0x00,0x00,0x00,0x00,0x00,0x00,0x00,0x00,0x00,0x00,0x00,0x00,0x00,0x00,0x00,0x00,0x00,0x00,
    0x00,0x00,0x00,0x00,0x00,0x00,0x00,0x00,0x00,0x00,0x00,0x00,0x00,0x00,0x00,0x00,0x00,0x00,0x00,0x00,0x00,0x00,0x00,0x00,
    0x00,0x00,0x00,0x00,0x00,0x00,0x00,0x00,0x00,0x00,0x00,0x00,0x00,0x00,0x00,0x00,0x00,0x00,0x00,0x00,0x00,0x00,0x00,0x00,
    0x00,0x00,0x00,0x00,0x00,0x00,0x00,0x00,0x00,0x00,0x00,0x00,0x00,0x00,0x00,0x00,0x00,0x00,0x00,0x00,0x00,0x00,0x00,0x00,
    0x00,0x00,0x00,0x00,0x00,0x00,0x00,0x00,0x00,0x00,0x00,0x00,0x00,0x00,0x00,0x00,0x00,0x00,0x00,0x00,0x00,0x00,0x00,0x00,
    0x00,0x00,0x00,0x00,0x00,0x00,0x00,0x00,0x00,0x00,0x00,0x00,0x00,0x00,0x00,0x00,0x00,0x00,0x00,0x00,0x00,0x00,0x00,0x00,
    0x00,0x00,0x00,0x00,0x00,0x00,0xa0,0x52,0x00,0x00,0x23,0x2a,0x43,0x2a,0x23,0x2a,0x23,0x2a,0x23,0x2a,0x23,0x2a,0x23,0x2a,
    0x23,0x2a,0x23,0x2a,0x23,0x2a,0x23,0x2a,0x23,0x2a,0x43,0x2a,0x23,0x2a,0x00,0x00,0x00,0x00,0xa0,0x52,0xa0,0x52,0x00,0x00,
    0x00,0x00,0x00,0x00,0x00,0x00,0xa3,0x3a,0x63,0x2a,0xe3,0x29,0x43,0x2a,0xe3,0x29,0x63,0x2a,0xa3,0x3a,0x00,0x00,0x00,0x00,
    0x00,0x00,0x00,0x00,0xa0,0x52,0xa0,0x52,0x00,0x00,0x00,0x00,0x23,0x2a,0x43,0x2a,0x23,0x2a,0x23,0x2a,0x23,0x2a,0x23,0x2a,
    0x23,0x2a,0x23,0x2a,0x23,0x2a,0x23,0x2a,0x23,0x2a,0x23,0x2a,0x43,0x2a,0x23,0x2a,0x00,0x00,0xa0,0x52,0x00,0x00,0x00,0x00,
    0x00,0x00,0x00,0x00,0x00,0x00,0x00,0x00,0x00,0x00,0x00,0x00,0x00,0x00,0x00,0x00,0x00,0x00,0x00,0x00,0x00,0x00,0x00,0x00,
    0x00,0x00,0x00,0x00,0x00,0x00,0x00,0x00,0x00,0x00,0x00,0x00,0x00,0x00,0x00,0x00,0x00,0x00,0x00,0x00,0x00,0x00,0x00,0x00,
    0x00,0x00,0x00,0x00,0x00,0x00,0x00,0x00,0x00,0x00,0x00,0x00,0x00,0x00,0x00,0x00,0x00,0x00,0x00,0x00,0x00,0x00,0x00,0x00,
    0x00,0x00,0x00,0x00,0x00,0x00,0x00,0x00,0x00,0x00,0x00,0x00,0x00,0x00,0x00,0x00,0x00,0x00,0x00,0x00,0x00,0x00,0x00,0x00,
    0x00,0x00,0x00,0x00,0x00,0x00,0x00,0x00,0x00,0x00,0x00,0x00,0x00,0x00,0x00,0x00,0x00,0x00,0x00,0x00,0x00,0x00,0x00,0x00,
    0x00,0x00,0x00,0x00,0x00,0x00,0x00,0x00,0x00,0x00,0x00,0x00,0x00,0x00,0x00,0x00,0x00,0x00,0x00,0x00,0x00,0x00,0x00,0x00,
    0x00,0x00,0x00,0x00,0xe0,0x39,0x00,0x00,0x23,0x2a,0x43,0x2a,0x23,0x2a,0x23,0x2a,0x23,0x2a,0x23,0x2a,0x23,0x2a,0x23,0x2a,
    0x23,0x2a,0x23,0x2a,0x23,0x2a,0x23,0x2a,0x23,0x2a,0x63,0x2a,0x23,0x2a,0x62,0x22,0x00,0x00,0x00,0x00,0x63,0x32,0x43,0x2a,
    0x23,0x2a,0x23,0x2a,0x23,0x2a,0x23,0x2a,0x23,0x2a,0x23,0x2a,0x23,0x2a,0x23,0x2a,0x23,0x2a,0x23,0x2a,0x23,0x2a,0x43,0x2a,
    0x63,0x32,0x00,0x00,0x00,0x00,0x62,0x22,0x23,0x2a,0x63,0x2a,0x23,0x2a,0x23,0x2a,0x23,0x2a,0x23,0x2a,0x23,0x2a,0x23,0x2a,
    0x23,0x2a,0x23,0x2a,0x23,0x2a,0x23,0x2a,0x23,0x2a,0x43,0x2a,0x23,0x2a,0x00,0x00,0xe0,0x39,0x00,0x00,0x00,0x00,0x00,0x00,
    0x00,0x00,0x00,0x00,0x00,0x00,0x00,0x00,0x00,0x00,0x00,0x00,0x00,0x00,0x00,0x00,0x00,0x00,0x00,0x00,0x00,0x00,0x00,0x00,
    0x00,0x00,0x00,0x00,0x00,0x00,0x00,0x00,0x00,0x00,0x00,0x00,0x00,0x00,0x00,0x00,0x00,0x00,0x00,0x00,0x00,0x00,0x00,0x00,
    0x00,0x00,0x00,0x00,0x00,0x00,0x00,0x00,0x00,0x00,0x00,0x00,0x00,0x00,0x00,0x00,0x00,0x00,0x00,0x00,0x00,0x00,0x00,0x00,
    0x00,0x00,0x00,0x00,0x00,0x00,0x00,0x00,0x00,0x00,0x00,0x00,0x00,0x00,0x00,0x00,0x00,0x00,0x00,0x00,0x00,0x00,0x00,0x00,
    0x00,0x00,0x00,0x00,0x00,0x00,0x00,0x00,0x00,0x00,0x00,0x00,0x00,0x00,0x00,0x00,0x00,0x00,0x00,0x00,0x00,0x00,0x00,0x00,
    0x00,0x00,0x00,0x00,0x00,0x00,0x00,0x00,0x00,0x00,0x00,0x00,0x00,0x00,0x00,0x00,0x00,0x00,0x00,0x00,0x00,0x00,0x00,0x00,
    0x00,0x00,0xe0,0x03,0x00,0x00,0x23,0x2a,0x43,0x2a,0x23,0x2a,0x23,0x2a,0x23,0x2a,0x23,0x2a,0x23,0x2a,0x23,0x2a,0x23,0x2a,
    0x23,0x2a,0x23,0x2a,0x23,0x2a,0x23,0x2a,0x23,0x2a,0x63,0x2a,0x23,0x2a,0x23,0x2a,0x23,0x2a,0x43,0x2a,0x23,0x2a,0x43,0x2a,
    0x43,0x2a,0x43,0x2a,0x23,0x2a,0x23,0x2a,0x23,0x2a,0x23,0x2a,0x23,0x2a,0x43,0x2a,0x43,0x2a,0x43,0x2a,0x23,0x2a,0x43,0x2a,
    0x23,0x2a,0x23,0x2a,0x23,0x2a,0x63,0x2a,0x23,0x2a,0x23,0x2a,0x23,0x2a,0x23,0x2a,0x23,0x2a,0x23,0x2a,0x23,0x2a,0x23,0x2a,
    0x23,0x2a,0x23,0x2a,0x23,0x2a,0x23,0x2a,0x43,0x2a,0x23,0x2a,0x00,0x00,0xe0,0x03,0x00,0x00,0x00,0x00,0x00,0x00,0x00,0x00,
    0x00,0x00,0x00,0x00,0x00,0x00,0x00,0x00,0x00,0x00,0x00,0x00,0x00,0x00,0x00,0x00,0x00,0x00,0x00,0x00,0x00,0x00,0x00,0x00,
    0x00,0x00,0x00,0x00,0x00,0x00,0x00,0x00,0x00,0x00,0x00,0x00,0x00,0x00,0x00,0x00,0x00,0x00,0x00,0x00,0x00,0x00,0x00,0x00,
    0x00,0x00,0x00,0x00,0x00,0x00,0x00,0x00,0x00,0x00,0x00,0x00,0x00,0x00,0x00,0x00,0x00,0x00,0x00,0x00,0x00,0x00,0x00,0x00,
    0x00,0x00,0x00,0x00,0x00,0x00,0x00,0x00,0x00,0x00,0x00,0x00,0x00,0x00,0x00,0x00,0x00,0x00,0x00,0x00,0x00,0x00,0x00,0x00,
    0x00,0x00,0x00,0x00,0x00,0x00,0x00,0x00,0x00,0x00,0x00,0x00,0x00,0x00,0x00,0x00,0x00,0x00,0x00,0x00,0x00,0x00,0x00,0x00,
    0x00,0x00,0x00,0x00,0x00,0x00,0x00,0x00,0x00,0x00,0x00,0x00,0x00,0x00,0x00,0x00,0x00,0x00,0x00,0x00,0x00,0x00,0x00,0x00,
    0xe0,0x07,0xe3,0x19,0x23,0x2a,0x43,0x2a,0x23,0x2a,0x23,0x2a,0x23,0x2a,0x23,0x2a,0x23,0x2a,0x23,0x2a,0x23,0x2a,0x23,0x2a,
    0x23,0x2a,0x23,0x2a,0x23,0x2a,0x23,0x2a,0x23,0x2a,0x43,0x2a,0x23,0x2a,0x43,0x2a,0x43,0x2a,0x23,0x2a,0x23,0x2a,0x23,0x2a,
    0x23,0x2a,0x23,0x2a,0x23,0x2a,0x23,0x2a,0x23,0x2a,0x23,0x2a,0x23,0x2a,0x23,0x2a,0x23,0x2a,0x23,0x2a,0x43,0x2a,0x43,0x2a,
    0x23,0x2a,0x43,0x2a,0x23,0x2a,0x23,0x2a,0x23,0x2a,0x23,0x2a,0x23,0x2a,0x23,0x2a,0x23,0x2a,0x23,0x2a,0x23,0x2a,0x23,0x2a,
    0x23,0x2a,0x23,0x2a,0x23,0x2a,0x43,0x2a,0x23,0x2a,0xe3,0x19,0xe0,0x07,0x00,0x00,0x00,0x00,0x00,0x00,0x00,0x00,0x00,0x00,
    0x00,0x00,0x00,0x00,0x00,0x00,0x00,0x00,0x00,0x00,0x00,0x00,0x00,0x00,0x00,0x00,0x00,0x00,0x00,0x00,0x00,0x00,0x00,0x00,
    0x00,0x00,0x00,0x00,0x00,0x00,0x00,0x00,0x00,0x00,0x00,0x00,0x00,0x00,0x00,0x00,0x00,0x00,0x00,0x00,0x00,0x00,0x00,0x00,
    0x00,0x00,0x00,0x00,0x00,0x00,0x00,0x00,0x00,0x00,0x00,0x00,0x00,0x00,0x00,0x00,0x00,0x00,0x00,0x00,0x00,0x00,0x00,0x00,
    0x00,0x00,0x00,0x00,0x00,0x00,0x00,0x00,0x00,0x00,0x00,0x00,0x00,0x00,0x00,0x00,0x00,0x00,0x00,0x00,0x00,0x00,0x00,0x00,
    0x00,0x00,0x00,0x00,0x00,0x00,0x00,0x00,0x00,0x00,0x00,0x00,0x00,0x00,0x00,0x00,0x00,0x00,0x00,0x00,0x00,0x00,0x00,0x00,
    0x00,0x00,0x00,0x00,0x00,0x00,0x00,0x00,0x00,0x00,0x00,0x00,0x00,0x00,0x00,0x00,0x00,0x00,0x00,0x00,0x00,0x00,0x00,0x00,
    0x84,0x2a,0x23,0x2a,0x23,0x2a,0x23,0x2a,0x23,0x2a,0x23,0x2a,0x23,0x2a,0x23,0x2a,0x23,0x2a,0x23,0x2a,0x23,0x2a,0x23,0x2a,
    0x23,0x2a,0x23,0x2a,0x23,0x2a,0x23,0x2a,0x23,0x2a,0x23,0x2a,0x23,0x2a,0x23,0x2a,0x23,0x2a,0x23,0x2a,0x23,0x2a,0x23,0x2a,
    0x23,0x2a,0x23,0x2a,0x23,0x2a,0x23,0x2a,0x23,0x2a,0x23,0x2a,0x23,0x2a,0x23,0x2a,0x23,0x2a,0x23,0x2a,0x23,0x2a,0x23,0x2a,
    0x23,0x2a,0x23,0x2a,0x23,0x2a,0x23,0x2a,0x23,0x2a,0x23,0x2a,0x23,0x2a,0x23,0x2a,0x23,0x2a,0x23,0x2a,0x23,0x2a,0x23,0x2a,
    0x23,0x2a,0x23,0x2a,0x23,0x2a,0x23,0x2a,0x84,0x2a,0x00,0x00,0x00,0x00,0x00,0x00,0x00,0x00,0x00,0x00,0x00,0x00,0x00,0x00,
    0x00,0x00,0x00,0x00,0x00,0x00,0x00,0x00,0x00,0x00,0x00,0x00,0x00,0x00,0x00,0x00,0x00,0x00,0x00,0x00,0x00,0x00,0x00,0x00,
    0x00,0x00,0x00,0x00,0x00,0x00,0x00,0x00,0x00,0x00,0x00,0x00,0x00,0x00,0x00,0x00,0x00,0x00,0x00,0x00,0x00,0x00,0x00,0x00,
    0x00,0x00,0x00,0x00,0x00,0x00,0x00,0x00,0x00,0x00,0x00,0x00,0x00,0x00,0x00,0x00,0x00,0x00,0x00,0x00,0x00,0x00,0x00,0x00,
    0x00,0x00,0x00,0x00,0x00,0x00,0x00,0x00,0x00,0x00,0x00,0x00,0x00,0x00,0x00,0x00,0x00,0x00,0x00,0x00,0x00,0x00,0x00,0x00,
    0x00,0x00,0x00,0x00,0x00,0x00,0x00,0x00,0x00,0x00,0x00,0x00,0x00,0x00,0x00,0x00,0x00,0x00,0x00,0x00,0x00,0x00,0x00,0x00,
    0x00,0x00,0x00,0x00,0x00,0x00,0x00,0x00,0x00,0x00,0x00,0x00,0x00,0x00,0x00,0x00,0x00,0x00,0xa0,0x52,0x00,0x00,0x23,0x2a,
    0x43,0x2a,0x23,0x2a,0x23,0x2a,0x23,0x2a,0x23,0x2a,0x23,0x2a,0x23,0x2a,0x23,0x2a,0x23,0x2a,0x23,0x2a,0x23,0x2a,0x23,0x2a,
    0x23,0x2a,0x23,0x2a,0x23,0x2a,0x23,0x2a,0x23,0x2a,0x23,0x2a,0x23,0x2a,0x23,0x2a,0x23,0x2a,0x23,0x2a,0x23,0x2a,0x23,0x2a,
    0x23,0x2a,0x23,0x2a,0x23,0x2a,0x23,0x2a,0x23,0x2a,0x23,0x2a,0x23,0x2a,0x23,0x2a,0x23,0x2a,0x23,0x2a,0x23,0x2a,0x23,0x2a,
    0x23,0x2a,0x23,0x2a,0x23,0x2a,0x23,0x2a,0x23,0x2a,0x23,0x2a,0x23,0x2a,0x23,0x2a,0x23,0x2a,0x23,0x2a,0x23,0x2a,0x23,0x2a,
    0x23,0x2a,0x23,0x2a,0x43,0x2a,0x23,0x2a,0x00,0x00,0xa0,0x52,0x00,0x00,0x00,0x00,0x00,0x00,0x00,0x00,0x00,0x00,0x00,0x00,
    0x00,0x00,0x00,0x00,0x00,0x00,0x00,0x00,0x00,0x00,0x00,0x00,0x00,0x00,0x00,0x00,0x00,0x00,0x00,0x00,0x00,0x00,0x00,0x00,
    0x00,0x00,0x00,0x00,0x00,0x00,0x00,0x00,0x00,0x00,0x00,0x00,0x00,0x00,0x00,0x00,0x00,0x00,0x00,0x00,0x00,0x00,0x00,0x00,
    0x00,0x00,0x00,0x00,0x00,0x00,0x00,0x00,0x00,0x00,0x00,0x00,0x00,0x00,0x00,0x00,0x00,0x00,0x00,0x00,0x00,0x00,0x00,0x00,
    0x00,0x00,0x00,0x00,0x00,0x00,0x00,0x00,0x00,0x00,0x00,0x00,0x00,0x00,0x00,0x00,0x00,0x00,0x00,0x00,0x00,0x00,0x00,0x00,
    0x00,0x00,0x00,0x00,0x00,0x00,0x00,0x00,0x00,0x00,0x00,0x00,0x00,0x00,0x00,0x00,0x00,0x00,0x00,0x00,0x00,0x00,0x00,0x00,
    0x00,0x00,0x00,0x00,0x00,0x00,0x00,0x00,0x00,0x00,0x00,0x00,0x00,0x00,0x00,0x00,0xe0,0x39,0x00,0x00,0x23,0x2a,0x43,0x2a,
    0x23,0x2a,0x23,0x2a,0x23,0x2a,0x23,0x2a,0x23,0x2a,0x23,0x2a,0x23,0x2a,0x23,0x2a,0x23,0x2a,0x23,0x2a,0x23,0x2a,0x23,0x2a,
    0x23,0x2a,0x23,0x2a,0x23,0x2a,0x23,0x2a,0x23,0x2a,0x23,0x2a,0x23,0x2a,0x23,0x2a,0x23,0x2a,0x23,0x2a,0x23,0x2a,0x23,0x2a,
    0x23,0x2a,0x23,0x2a,0x23,0x2a,0x23,0x2a,0x23,0x2a,0x23,0x2a,0x23,0x2a,0x23,0x2a,0x23,0x2a,0x23,0x2a,0x23,0x2a,0x23,0x2a,
    0x23,0x2a,0x23,0x2a,0x23,0x2a,0x23,0x2a,0x23,0x2a,0x23,0x2a,0x23,0x2a,0x23,0x2a,0x23,0x2a,0x23,0x2a,0x23,0x2a,0x23,0x2a,
    0x23,0x2a,0x43,0x2a,0x23,0x2a,0x00,0x00,0xe0,0x39,0x00,0x00,0x00,0x00,0x00,0x00,0x00,0x00,0x00,0x00,0x00,0x00,0x00,0x00,
    0x00,0x00,0x00,0x00,0x00,0x00,0x00,0x00,0x00,0x00,0x00,0x00,0x00,0x00,0x00,0x00,0x00,0x00,0x00,0x00,0x00,0x00,0x00,0x00,
    0x00,0x00,0x00,0x00,0x00,0x00,0x00,0x00,0x00,0x00,0x00,0x00,0x00,0x00,0x00,0x00,0x00,0x00,0x00,0x00,0x00,0x00,0x00,0x00,
    0x00,0x00,0x00,0x00,0x00,0x00,0x00,0x00,0x00,0x00,0x00,0x00,0x00,0x00,0x00,0x00,0x00,0x00,0x00,0x00,0x00,0x00,0x00,0x00,
    0x00,0x00,0x00,0x00,0x00,0x00,0x00,0x00,0x00,0x00,0x00,0x00,0x00,0x00,0x00,0x00,0x00,0x00,0x00,0x00,0x00,0x00,0x00,0x00,
    0x00,0x00,0x00,0x00,0x00,0x00,0x00,0x00,0x00,0x00,0x00,0x00,0x00,0x00,0x00,0x00,0x00,0x00,0x00,0x00,0x00,0x00,0x00,0x00,
    0x00,0x00,0x00,0x00,0x00,0x00,0x00,0x00,0x00,0x00,0x00,0x00,0x00,0x00,0xe0,0x39,0x00,0x00,0x23,0x2a,0x43,0x2a,0x23,0x2a,
    0x23,0x2a,0x23,0x2a,0x23,0x2a,0x23,0x2a,0x23,0x2a,0x23,0x2a,0x23,0x2a,0x23,0x2a,0x23,0x2a,0x23,0x2a,0x23,0x2a,0x23,0x2a,
    0x23,0x2a,0x23,0x2a,0x23,0x2a,0x23,0x2a,0x23,0x2a,0x23,0x2a,0x23,0x2a,0x43,0x2a,0x23,0x2a,0x23,0x2a,0x23,0x2a,0x23,0x2a,
    0x23,0x2a,0x23,0x2a,0x23,0x2a,0x43,0x2a,0x23,0x2a,0x23,0x2a,0x23,0x2a,0x23,0x2a,0x23,0x2a,0x23,0x2a,0x23,0x2a,0x23,0x2a,
    0x23,0x2a,0x23,0x2a,0x23,0x2a,0x23,0x2a,0x23,0x2a,0x23,0x2a,0x23,0x2a,0x23,0x2a,0x23,0x2a,0x23,0x2a,0x23,0x2a,0x23,0x2a,
    0x43,0x2a,0x23,0x2a,0x00,0x00,0xe0,0x39,0x00,0x00,0x00,0x00,0x00,0x00,0x00,0x00,0x00,0x00,0x00,0x00,0x00,0x00,0x00,0x00,
    0x00,0x00,0x00,0x00,0x00,0x00,0x00,0x00,0x00,0x00,0x00,0x00,0x00,0x00,0x00,0x00,0x00,0x00,0x00,0x00,0x00,0x00,0x00,0x00,
    0x00,0x00,0x00,0x00,0x00,0x00,0x00,0x00,0x00,0x00,0x00,0x00,0x00,0x00,0x00,0x00,0x00,0x00,0x00,0x00,0x00,0x00,0x00,0x00,
    0x00,0x00,0x00,0x00,0x00,0x00,0x00,0x00,0x00,0x00,0x00,0x00,0x00,0x00,0x00,0x00,0x00,0x00,0x00,0x00,0x00,0x00,0x00,0x00,
    0x00,0x00,0x00,0x00,0x00,0x00,0x00,0x00,0x00,0x00,0x00,0x00,0x00,0x00,0x00,0x00,0x00,0x00,0x00,0x00,0x00,0x00,0x00,0x00,
    0x00,0x00,0x00,0x00,0x00,0x00,0x00,0x00,0x00,0x00,0x00,0x00,0x00,0x00,0x00,0x00,0x00,0x00,0x00,0x00,0x00,0x00,0x00,0x00,
    0x00,0x00,0x00,0x00,0x00,0x00,0x00,0x00,0x00,0x00,0x00,0x00,0xe0,0x03,0x00,0x00,0x23,0x2a,0x43,0x2a,0x23,0x2a,0x23,0x2a,
    0x23,0x2a,0x23,0x2a,0x23,0x2a,0x23,0x2a,0x23,0x2a,0x23,0x2a,0x23,0x2a,0x23,0x2a,0x23,0x2a,0x23,0x2a,0x23,0x2a,0x23,0x2a,
    0x23,0x2a,0x23,0x2a,0x23,0x2a,0x23,0x2a,0x23,0x2a,0x03,0x22,0xe3,0x21,0x23,0x2a,0x63,0x32,0x63,0x32,0x63,0x32,0x63,0x32,
    0x63,0x32,0x23,0x2a,0xe3,0x21,0x03,0x22,0x23,0x2a,0x23,0x2a,0x23,0x2a,0x23,0x2a,0x23,0x2a,0x23,0x2a,0x23,0x2a,0x23,0x2a,
    0x23,0x2a,0x23,0x2a,0x23,0x2a,0x23,0x2a,0x23,0x2a,0x23,0x2a,0x23,0x2a,0x23,0x2a,0x23,0x2a,0x23,0x2a,0x23,0x2a,0x43,0x2a,
    0x23,0x2a,0x00,0x00,0xe0,0x03,0x00,0x00,0x00,0x00,0x00,0x00,0x00,0x00,0x00,0x00,0x00,0x00,0x00,0x00,0x00,0x00,0x00,0x00,
    0x00,0x00,0x00,0x00,0x00,0x00,0x00,0x00,0x00,0x00,0x00,0x00,0x00,0x00,0x00,0x00,0x00,0x00,0x00,0x00,0x00,0x00,0x00,0x00,
    0x00,0x00,0x00,0x00,0x00,0x00,0x00,0x00,0x00,0x00,0x00,0x00,0x00,0x00,0x00,0x00,0x00,0x00,0x00,0x00,0x00,0x00,0x00,0x00,
    0x00,0x00,0x00,0x00,0x00,0x00,0x00,0x00,0x00,0x00,0x00,0x00,0x00,0x00,0x00,0x00,0x00,0x00,0x00,0x00,0x00,0x00,0x00,0x00,
    0x00,0x00,0x00,0x00,0x00,0x00,0x00,0x00,0x00,0x00,0x00,0x00,0x00,0x00,0x00,0x00,0x00,0x00,0x00,0x00,0x00,0x00,0x00,0x00,
    0x00,0x00,0x00,0x00,0x00,0x00,0x00,0x00,0x00,0x00,0x00,0x00,0x00,0x00,0x00,0x00,0x00,0x00,0x00,0x00,0x00,0x00,0x00,0x00,
    0x00,0x00,0x00,0x00,0x00,0x00,0x00,0x00,0x00,0x00,0x00,0x00,0x63,0x32,0x23,0x2a,0x43,0x2a,0x23,0x2a,0x23,0x2a,0x23,0x2a,
    0x23,0x2a,0x23,0x2a,0x23,0x2a,0x23,0x2a,0x23,0x2a,0x23,0x2a,0x23,0x2a,0x23,0x2a,0x23,0x2a,0x23,0x2a,0x23,0x2a,0x23,0x2a,
    0x23,0x2a,0x03,0x22,0x03,0x2a,0x63,0x32,0x24,0x43,0x26,0x5c,0xe7,0x6c,0x68,0x75,0x68,0x75,0x68,0x75,0x68,0x75,0x68,0x75,
    0xe7,0x6c,0x26,0x5c,0x24,0x43,0x63,0x32,0x03,0x2a,0x03,0x22,0x23,0x2a,0x23,0x2a,0x23,0x2a,0x23,0x2a,0x23,0x2a,0x23,0x2a,
    0x23,0x2a,0x23,0x2a,0x23,0x2a,0x23,0x2a,0x23,0x2a,0x23,0x2a,0x23,0x2a,0x23,0x2a,0x23,0x2a,0x23,0x2a,0x43,0x2a,0x23,0x2a,
    0x63,0x32,0x00,0x00,0x00,0x00,0x00,0x00,0x00,0x00,0x00,0x00,0x00,0x00,0x00,0x00,0x00,0x00,0x00,0x00,0x00,0x00,0x00,0x00,
    0x00,0x00,0x00,0x00,0x00,0x00,0x00,0x00,0x00,0x00,0x00,0x00,0x00,0x00,0x00,0x00,0x00,0x00,0x00,0x00,0x00,0x00,0x00,0x00,
    0x00,0x00,0x00,0x00,0x00,0x00,0x00,0x00,0x00,0x00,0x00,0x00,0x00,0x00,0x00,0x00,0x00,0x00,0x00,0x00,0x00,0x00,0x00,0x00,
    0x00,0x00,0x00,0x00,0x00,0x00,0x00,0x00,0x00,0x00,0x00,0x00,0x00,0x00,0x00,0x00,0x00,0x00,0x00,0x00,0x00,0x00,0x00,0x00,
    0x00,0x00,0x00,0x00,0x00,0x00,0x00,0x00,0x00,0x00,0x00,0x00,0x00,0x00,0x00,0x00,0x00,0x00,0x00,0x00,0x00,0x00,0x00,0x00,
    0x00,0x00,0x00,0x00,0x00,0x00,0x00,0x00,0x00,0x00,0x00,0x00,0x00,0x00,0x00,0x00,0x00,0x00,0x00,0x00,0x00,0x00,0x00,0x00,
    0x00,0x00,0x00,0x00,0x00,0x00,0x00,0x00,0x00,0x00,0x43,0x2a,0x23,0x2a,0x23,0x2a,0x23,0x2a,0x23,0x2a,0x23,0x2a,0x23,0x2a,
    0x23,0x2a,0x23,0x2a,0x23,0x2a,0x23,0x2a,0x23,0x2a,0x23,0x2a,0x23,0x2a,0x23,0x2a,0x23,0x2a,0x43,0x2a,0x03,0x2a,0x03,0x22,
    0x24,0x43,0xc7,0x6c,0x48,0x75,0xc8,0x85,0xc8,0x85,0xc8,0x7d,0xa8,0x7d,0xa8,0x7d,0xa8,0x7d,0xa8,0x7d,0xa8,0x7d,0xc8,0x7d,
    0xc8,0x85,0xc8,0x85,0x48,0x75,0xc7,0x6c,0x24,0x43,0x03,0x22,0x03,0x2a,0x43,0x2a,0x23,0x2a,0x23,0x2a,0x23,0x2a,0x23,0x2a,
    0x23,0x2a,0x23,0x2a,0x23,0x2a,0x23,0x2a,0x23,0x2a,0x23,0x2a,0x23,0x2a,0x23,0x2a,0x23,0x2a,0x23,0x2a,0x23,0x2a,0x43,0x2a,
    0x00,0x00,0x00,0x00,0x00,0x00,0x00,0x00,0x00,0x00,0x00,0x00,0x00,0x00,0x00,0x00,0x00,0x00,0x00,0x00,0x00,0x00,0x00,0x00,
    0x00,0x00,0x00,0x00,0x00,0x00,0x00,0x00,0x00,0x00,0x00,0x00,0x00,0x00,0x00,0x00,0x00,0x00,0x00,0x00,0x00,0x00,0x00,0x00,
    0x00,0x00,0x00,0x00,0x00,0x00,0x00,0x00,0x00,0x00,0x00,0x00,0x00,0x00,0x00,0x00,0x00,0x00,0x00,0x00,0x00,0x00,0x00,0x00,
    0x00,0x00,0x00,0x00,0x00,0x00,0x00,0x00,0x00,0x00,0x00,0x00,0x00,0x00,0x00,0x00,0x00,0x00,0x00,0x00,0x00,0x00,0x00,0x00,
    0x00,0x00,0x00,0x00,0x00,0x00,0x00,0x00,0x00,0x00,0x00,0x00,0x00,0x00,0x00,0x00,0x00,0x00,0x00,0x00,0x00,0x00,0x00,0x00,
    0x00,0x00,0x00,0x00,0x00,0x00,0x00,0x00,0x00,0x00,0x00,0x00,0x00,0x00,0x00,0x00,0x00,0x00,0x00,0x00,0x00,0x00,0x00,0x00,
    0x00,0x00,0x00,0x00,0xa0,0x52,0x00,0x00,0x23,0x2a,0x43,0x2a,0x23,0x2a,0x23,0x2a,0x23,0x2a,0x23,0x2a,0x23,0x2a,0x23,0x2a,
    0x23,0x2a,0x23,0x2a,0x23,0x2a,0x23,0x2a,0x23,0x2a,0x23,0x2a,0x43,0x2a,0x03,0x2a,0xe3,0x21,0xa4,0x32,0xa7,0x64,0xc8,0x85,
    0xc8,0x85,0xa8,0x7d,0x88,0x7d,0x88,0x7d,0x88,0x7d,0x88,0x7d,0x88,0x7d,0x88,0x7d,0x88,0x7d,0x88,0x7d,0x88,0x7d,0x88,0x7d,
    0x88,0x7d,0xa8,0x7d,0xc8,0x85,0xc8,0x85,0xa7,0x64,0xa4,0x32,0xe3,0x21,0x03,0x2a,0x43,0x2a,0x23,0x2a,0x23,0x2a,0x23,0x2a,
    0x23,0x2a,0x23,0x2a,0x23,0x2a,0x23,0x2a,0x23,0x2a,0x23,0x2a,0x23,0x2a,0x23,0x2a,0x23,0x2a,0x43,0x2a,0x23,0x2a,0x00,0x00,
    0xa0,0x52,0x00,0x00,0x00,0x00,0x00,0x00,0x00,0x00,0x00,0x00,0x00,0x00,0x00,0x00,0x00,0x00,0x00,0x00,0x00,0x00,0x00,0x00,
    0x00,0x00,0x00,0x00,0x00,0x00,0x00,0x00,0x00,0x00,0x00,0x00,0x00,0x00,0x00,0x00,0x00,0x00,0x00,0x00,0x00,0x00,0x00,0x00,
    0x00,0x00,0x00,0x00,0x00,0x00,0x00,0x00,0x00,0x00,0x00,0x00,0x00,0x00,0x00,0x00,0x00,0x00,0x00,0x00,0x00,0x00,0x00,0x00,
    0x00,0x00,0x00,0x00,0x00,0x00,0x00,0x00,0x00,0x00,0x00,0x00,0x00,0x00,0x00,0x00,0x00,0x00,0x00,0x00,0x00,0x00,0x00,0x00,
    0x00,0x00,0x00,0x00,0x00,0x00,0x00,0x00,0x00,0x00,0x00,0x00,0x00,0x00,0x00,0x00,0x00,0x00,0x00,0x00,0x00,0x00,0x00,0x00,
    0x00,0x00,0x00,0x00,0x00,0x00,0x00,0x00,0x00,0x00,0x00,0x00,0x00,0x00,0x00,0x00,0x00,0x00,0x00,0x00,0x00,0x00,0x00,0x00,
    0x00,0x00,0xe0,0x39,0x00,0x00,0x23,0x2a,0x43,0x2a,0x23,0x2a,0x23,0x2a,0x23,0x2a,0x23,0x2a,0x23,0x2a,0x23,0x2a,0x23,0x2a,
    0x23,0x2a,0x23,0x2a,0x23,0x2a,0x23,0x2a,0x23,0x2a,0xe3,0x21,0xa4,0x32,0x46,0x5c,0x88,0x7d,0xc8,0x85,0x88,0x7d,0x88,0x7d,
    0x88,0x7d,0x88,0x7d,0x88,0x7d,0x88,0x7d,0x88,0x7d,0xa8,0x7d,0xa8,0x7d,0xa8,0x7d,0x88,0x7d,0x88,0x7d,0x88,0x7d,0x88,0x7d,
    0x88,0x7d,0x88,0x7d,0x88,0x7d,0xc8,0x85,0x88,0x7d,0x46,0x5c,0xa4,0x32,0xe3,0x21,0x23,0x2a,0x23,0x2a,0x23,0x2a,0x23,0x2a,
    0x23,0x2a,0x23,0x2a,0x23,0x2a,0x23,0x2a,0x23,0x2a,0x23,0x2a,0x23,0x2a,0x23,0x2a,0x43,0x2a,0x23,0x2a,0x00,0x00,0xe0,0x39,
    0x00,0x00,0x00,0x00,0x00,0x00,0x00,0x00,0x00,0x00,0x00,0x00,0x00,0x00,0x00,0x00,0x00,0x00,0x00,0x00,0x00,0x00,0x00,0x00,
    0x00,0x00,0x00,0x00,0x00,0x00,0x00,0x00,0x00,0x00,0x00,0x00,0x00,0x00,0x00,0x00,0x00,0x00,0x00,0x00,0x00,0x00,0x00,0x00,
    0x00,0x00,0x00,0x00,0x00,0x00,0x00,0x00,0x00,0x00,0x00,0x00,0x00,0x00,0x00,0x00,0x00,0x00,0x00,0x00,0x00,0x00,0x00,0x00,
    0x00,0x00,0x00,0x00,0x00,0x00,0x00,0x00,0x00,0x00,0x00,0x00,0x00,0x00,0x00,0x00,0x00,0x00,0x00,0x00,0x00,0x00,0x00,0x00,
    0x00,0x00,0x00,0x00,0x00,0x00,0x00,0x00,0x00,0x00,0x00,0x00,0x00,0x00,0x00,0x00,0x00,0x00,0x00,0x00,0x00,0x00,0x00,0x00,
    0x00,0x00,0x00,0x00,0x00,0x00,0x00,0x00,0x00,0x00,0x00,0x00,0x00,0x00,0x00,0x00,0x00,0x00,0x00,0x00,0x00,0x00,0x00,0x00,
    0xa0,0x02,0x00,0x00,0x23,0x2a,0x43,0x2a,0x23,0x2a,0x23,0x2a,0x23,0x2a,0x23,0x2a,0x23,0x2a,0x23,0x2a,0x23,0x2a,0x23,0x2a,
    0x23,0x2a,0x43,0x2a,0x23,0x2a,0x03,0x22,0xa5,0x4b,0x88,0x7d,0xc8,0x85,0x88,0x7d,0x88,0x7d,0x88,0x7d,0x88,0x7d,0x88,0x7d,
    0xa8,0x7d,0xa8,0x7d,0x88,0x7d,0x87,0x7d,0x87,0x75,0x87,0x75,0x87,0x75,0x87,0x7d,0x88,0x7d,0xa8,0x7d,0xa8,0x7d,0x88,0x7d,
    0x88,0x7d,0x88,0x7d,0x88,0x7d,0x88,0x7d,0xc8,0x85,0x88,0x7d,0xa5,0x4b,0x03,0x22,0x23,0x2a,0x43,0x2a,0x23,0x2a,0x23,0x2a,
    0x23,0x2a,0x23,0x2a,0x23,0x2a,0x23,0x2a,0x23,0x2a,0x23,0x2a,0x23,0x2a,0x43,0x2a,0x23,0x2a,0x00,0x00,0xa0,0x02,0x00,0x00,
    0x00,0x00,0x00,0x00,0x00,0x00,0x00,0x00,0x00,0x00,0x00,0x00,0x00,0x00,0x00,0x00,0x00,0x00,0x00,0x00,0x00,0x00,0x00,0x00,
    0x00,0x00,0x00,0x00,0x00,0x00,0x00,0x00,0x00,0x00,0x00,0x00,0x00,0x00,0x00,0x00,0x00,0x00,0x00,0x00,0x00,0x00,0x00,0x00,
    0x00,0x00,0x00,0x00,0x00,0x00,0x00,0x00,0x00,0x00,0x00,0x00,0x00,0x00,0x00,0x00,0x00,0x00,0x00,0x00,0x00,0x00,0x00,0x00,
    0x00,0x00,0x00,0x00,0x00,0x00,0x00,0x00,0x00,0x00,0x00,0x00,0x00,0x00,0x00,0x00,0x00,0x00,0x00,0x00,0x00,0x00,0x00,0x00,
    0x00,0x00,0x00,0x00,0x00,0x00,0x00,0x00,0x00,0x00,0x00,0x00,0x00,0x00,0x00,0x00,0x00,0x00,0x00,0x00,0x00,0x00,0x00,0x00,
    0x00,0x00,0x00,0x00,0x00,0x00,0x00,0x00,0x00,0x00,0x00,0x00,0x00,0x00,0x00,0x00,0x00,0x00,0x00,0x00,0x00,0x00,0xe0,0x03,
    0xe0,0x03,0x23,0x2a,0x43,0x2a,0x23,0x2a,0x23,0x2a,0x23,0x2a,0x23,0x2a,0x23,0x2a,0x23,0x2a,0x23,0x2a,0x23,0x2a,0x43,0x2a,
    0x03,0x22,0x43,0x2a,0x86,0x64,0xe8,0x85,0xa8,0x7d,0x88,0x7d,0x88,0x7d,0x88,0x7d,0xa8,0x7d,0x88,0x7d,0x87,0x7d,0x67,0x75,
    0x87,0x75,0xa8,0x85,0xc9,0x8d,0x0b,0x9e,0x0b,0x96,0x0b,0x9e,0xc9,0x8d,0xa8,0x85,0x87,0x75,0x67,0x75,0x87,0x7d,0x88,0x7d,
    0xa8,0x7d,0x88,0x7d,0x88,0x7d,0x88,0x7d,0xa8,0x7d,0xe8,0x85,0x86,0x64,0x43,0x2a,0x03,0x22,0x43,0x2a,0x23,0x2a,0x23,0x2a,
    0x23,0x2a,0x23,0x2a,0x23,0x2a,0x23,0x2a,0x23,0x2a,0x23,0x2a,0x43,0x2a,0x23,0x2a,0xe0,0x03,0xe0,0x03,0x00,0x00,0x00,0x00,
    0x00,0x00,0x00,0x00,0x00,0x00,0x00,0x00,0x00,0x00,0x00,0x00,0x00,0x00,0x00,0x00,0x00,0x00,0x00,0x00,0x00,0x00,0x00,0x00,
    0x00,0x00,0x00,0x00,0x00,0x00,0x00,0x00,0x00,0x00,0x00,0x00,0x00,0x00,0x00,0x00,0x00,0x00,0x00,0x00,0x00,0x00,0x00,0x00,
    0x00,0x00,0x00,0x00,0x00,0x00,0x00,0x00,0x00,0x00,0x00,0x00,0x00,0x00,0x00,0x00,0x00,0x00,0x00,0x00,0x00,0x00,0x00,0x00,
    0x00,0x00,0x00,0x00,0x00,0x00,0x00,0x00,0x00,0x00,0x00,0x00,0x00,0x00,0x00,0x00,0x00,0x00,0x00,0x00,0x00,0x00,0x00,0x00,
    0x00,0x00,0x00,0x00,0x00,0x00,0x00,0x00,0x00,0x00,0x00,0x00,0x00,0x00,0x00,0x00,0x00,0x00,0x00,0x00,0x00,0x00,0x00,0x00,
    0x00,0x00,0x00,0x00,0x00,0x00,0x00,0x00,0x00,0x00,0x00,0x00,0x00,0x00,0x00,0x00,0x00,0x00,0x00,0x00,0x00,0x00,0x64,0x22,
    0x23,0x2a,0x23,0x2a,0x23,0x2a,0x23,0x2a,0x23,0x2a,0x23,0x2a,0x23,0x2a,0x23,0x2a,0x23,0x2a,0x43,0x2a,0xe3,0x21,0xc4,0x3a,
    0x27,0x75,0xc8,0x85,0x88,0x7d,0x88,0x7d,0x88,0x7d,0xa8,0x7d,0x88,0x7d,0x87,0x75,0x87,0x7d,0xea,0x8d,0x4d,0xa6,0xf1,0xc6,
    0x54,0xdf,0x74,0xe7,0x96,0xef,0x96,0xef,0x96,0xef,0x74,0xe7,0x54,0xdf,0xf1,0xc6,0x4d,0xa6,0xea,0x8d,0x87,0x7d,0x87,0x75,
    0x88,0x7d,0xa8,0x7d,0x88,0x7d,0x88,0x7d,0x88,0x7d,0xc8,0x85,0x27,0x75,0xc4,0x3a,0xe3,0x21,0x43,0x2a,0x23,0x2a,0x23,0x2a,
    0x23,0x2a,0x23,0x2a,0x23,0x2a,0x23,0x2a,0x23,0x2a,0x23,0x2a,0x23,0x2a,0x64,0x22,0x00,0x00,0x00,0x00,0x00,0x00,0x00,0x00,
    0x00,0x00,0x00,0x00,0x00,0x00,0x00,0x00,0x00,0x00,0x00,0x00,0x00,0x00,0x00,0x00,0x00,0x00,0x00,0x00,0x00,0x00,0x00,0x00,
    0x00,0x00,0x00,0x00,0x00,0x00,0x00,0x00,0x00,0x00,0x00,0x00,0x00,0x00,0x00,0x00,0x00,0x00,0x00,0x00,0x00,0x00,0x00,0x00,
    0x00,0x00,0x00,0x00,0x00,0x00,0x00,0x00,0x00,0x00,0x00,0x00,0x00,0x00,0x00,0x00,0x00,0x00,0x00,0x00,0x00,0x00,0x00,0x00,
    0x00,0x00,0x00,0x00,0x00,0x00,0x00,0x00,0x00,0x00,0x00,0x00,0x00,0x00,0x00,0x00,0x00,0x00,0x00,0x00,0x00,0x00,0x00,0x00,
    0x00,0x00,0x00,0x00,0x00,0x00,0x00,0x00,0x00,0x00,0x00,0x00,0x00,0x00,0x00,0x00,0x00,0x00,0x00,0x00,0x00,0x00,0x00,0x00,
    0x00,0x00,0x00,0x00,0x00,0x00,0x00,0x00,0x00,0x00,0x00,0x00,0x00,0x00,0x00,0x00,0xe0,0x03,0x00,0x00,0x23,0x2a,0x23,0x2a,
    0x23,0x2a,0x23,0x2a,0x23,0x2a,0x23,0x2a,0x23,0x2a,0x23,0x2a,0x23,0x2a,0x43,0x2a,0xe3,0x21,0xc4,0x3a,0x88,0x7d,0xc8,0x85,
    0x88,0x7d,0x88,0x7d,0x88,0x7d,0xa8,0x7d,0x87,0x7d,0x88,0x7d,0x0b,0x96,0xd0,0xc6,0x75,0xe7,0x96,0xef,0x96,0xef,0x75,0xe7,
    0x75,0xe7,0x75,0xe7,0x75,0xe7,0x75,0xe7,0x75,0xe7,0x75,0xe7,0x96,0xef,0x96,0xef,0x75,0xe7,0xd0,0xc6,0x0b,0x96,0x88,0x7d,
    0x87,0x7d,0xa8,0x7d,0x88,0x7d,0x88,0x7d,0x88,0x7d,0xc8,0x85,0x88,0x7d,0xc4,0x3a,0xe3,0x21,0x43,0x2a,0x23,0x2a,0x23,0x2a,
    0x23,0x2a,0x23,0x2a,0x23,0x2a,0x23,0x2a,0x23,0x2a,0x23,0x2a,0x23,0x2a,0x00,0x00,0xe0,0x03,0x00,0x00,0x00,0x00,0x00,0x00,
    0x00,0x00,0x00,0x00,0x00,0x00,0x00,0x00,0x00,0x00,0x00,0x00,0x00,0x00,0x00,0x00,0x00,0x00,0x00,0x00,0x00,0x00,0x00,0x00,
    0x00,0x00,0x00,0x00,0x00,0x00,0x00,0x00,0x00,0x00,0x00,0x00,0x00,0x00,0x00,0x00,0x00,0x00,0x00,0x00,0x00,0x00,0x00,0x00,
    0x00,0x00,0x00,0x00,0x00,0x00,0x00,0x00,0x00,0x00,0x00,0x00,0x00,0x00,0x00,0x00,0x00,0x00,0x00,0x00,0x00,0x00,0x00,0x00,
    0x00,0x00,0x00,0x00,0x00,0x00,0x00,0x00,0x00,0x00,0x00,0x00,0x00,0x00,0x00,0x00,0x00,0x00,0x00,0x00,0x00,0x00,0x00,0x00,
    0x00,0x00,0x00,0x00,0x00,0x00,0x00,0x00,0x00,0x00,0x00,0x00,0x00,0x00,0x00,0x00,0x00,0x00,0x00,0x00,0x00,0x00,0x00,0x00,
    0x00,0x00,0x00,0x00,0x00,0x00,0x00,0x00,0x00,0x00,0x00,0x00,0x00,0x00,0xa0,0x52,0x00,0x00,0x23,0x2a,0x43,0x2a,0x23,0x2a,
    0x23,0x2a,0x23,0x2a,0x23,0x2a,0x23,0x2a,0x23,0x2a,0x43,0x2a,0xe3,0x21,0x45,0x43,0x68,0x7d,0xa8,0x7d,0x88,0x7d,0x88,0x7d,
    0xa8,0x7d,0x88,0x7d,0x67,0x75,0xc9,0x8d,0xf2,0xce,0x96,0xef,0x96,0xef,0x75,0xe7,0x75,0xe7,0x75,0xe7,0x75,0xe7,0x75,0xe7,
    0x75,0xe7,0x75,0xe7,0x75,0xe7,0x75,0xe7,0x75,0xe7,0x75,0xe7,0x75,0xe7,0x75,0xe7,0x96,0xef,0x96,0xef,0xf2,0xce,0xc9,0x8d,
    0x67,0x75,0x88,0x7d,0xa8,0x7d,0x88,0x7d,0x88,0x7d,0xa8,0x7d,0x68,0x7d,0x45,0x43,0xe3,0x21,0x43,0x2a,0x23,0x2a,0x23,0x2a,
    0x23,0x2a,0x23,0x2a,0x23,0x2a,0x23,0x2a,0x43,0x2a,0x23,0x2a,0x00,0x00,0xa0,0x52,0x00,0x00,0x00,0x00,0x00,0x00,0x00,0x00,
    0x00,0x00,0x00,0x00,0x00,0x00,0x00,0x00,0x00,0x00,0x00,0x00,0x00,0x00,0x00,0x00,0x00,0x00,0x00,0x00,0x00,0x00,0x00,0x00,
    0x00,0x00,0x00,0x00,0x00,0x00,0x00,0x00,0x00,0x00,0x00,0x00,0x00,0x00,0x00,0x00,0x00,0x00,0x00,0x00,0x00,0x00,0x00,0x00,
    0x00,0x00,0x00,0x00,0x00,0x00,0x00,0x00,0x00,0x00,0x00,0x00,0x00,0x00,0x00,0x00,0x00,0x00,0x00,0x00,0x00,0x00,0x00,0x00,
    0x00,0x00,0x00,0x00,0x00,0x00,0x00,0x00,0x00,0x00,0x00,0x00,0x00,0x00,0x00,0x00,0x00,0x00,0x00,0x00,0x00,0x00,0x00,0x00,
    0x00,0x00,0x00,0x00,0x00,0x00,0x00,0x00,0x00,0x00,0x00,0x00,0x00,0x00,0x00,0x00,0x00,0x00,0x00,0x00,0x00,0x00,0x00,0x00,
    0x00,0x00,0x00,0x00,0x00,0x00,0x00,0x00,0x00,0x00,0x00,0x00,0xe0,0x39,0x00,0x00,0x23,0x2a,0x43,0x2a,0x23,0x2a,0x23,0x2a,
    0x23,0x2a,0x23,0x2a,0x23,0x2a,0x43,0x2a,0xe3,0x21,0x85,0x4b,0xc8,0x85,0xa8,0x7d,0x88,0x7d,0x88,0x7d,0xa8,0x7d,0x87,0x7d,
    0xa8,0x7d,0x8e,0xb6,0x75,0xe7,0x96,0xef,0x75,0xe7,0x75,0xe7,0x75,0xe7,0x75,0xe7,0x75,0xe7,0x75,0xe7,0x75,0xe7,0x75,0xe7,
    0x75,0xe7,0x75,0xe7,0x75,0xe7,0x75,0xe7,0x75,0xe7,0x75,0xe7,0x75,0xe7,0x75,0xe7,0x75,0xe7,0x96,0xef,0x75,0xe7,0x8e,0xb6,
    0xa8,0x7d,0x87,0x7d,0xa8,0x7d,0x88,0x7d,0x88,0x7d,0xa8,0x7d,0xc8,0x85,0x85,0x4b,0xe3,0x21,0x43,0x2a,0x23,0x2a,0x23,0x2a,
    0x23,0x2a,0x23,0x2a,0x23,0x2a,0x43,0x2a,0x23,0x2a,0x00,0x00,0xe0,0x39,0x00,0x00,0x00,0x00,0x00,0x00,0x00,0x00,0x00,0x00,
    0x00,0x00,0x00,0x00,0x00,0x00,0x00,0x00,0x00,0x00,0x00,0x00,0x00,0x00,0x00,0x00,0x00,0x00,0x00,0x00,0x00,0x00,0x00,0x00,
    0x00,0x00,0x00,0x00,0x00,0x00,0x00,0x00,0x00,0x00,0x00,0x00,0x00,0x00,0x00,0x00,0x00,0x00,0x00,0x00,0x00,0x00,0x00,0x00,
    0x00,0x00,0x00,0x00,0x00,0x00,0x00,0x00,0x00,0x00,0x00,0x00,0x00,0x00,0x00,0x00,0x00,0x00,0x00,0x00,0x00,0x00,0x00,0x00,
    0x00,0x00,0x00,0x00,0x00,0x00,0x00,0x00,0x00,0x00,0x00,0x00,0x00,0x00,0x00,0x00,0x00,0x00,0x00,0x00,0x00,0x00,0x00,0x00,
    0x00,0x00,0x00,0x00,0x00,0x00,0x00,0x00,0x00,0x00,0x00,0x00,0x00,0x00,0x00,0x00,0x00,0x00,0x00,0x00,0x00,0x00,0x00,0x00,
    0x00,0x00,0x00,0x00,0x00,0x00,0x00,0x00,0x00,0x00,0xa0,0x02,0x00,0x00,0x23,0x2a,0x43,0x2a,0x23,0x2a,0x23,0x2a,0x23,0x2a,
    0x23,0x2a,0x43,0x2a,0xe3,0x21,0x85,0x4b,0xc8,0x85,0x88,0x7d,0x88,0x7d,0x88,0x7d,0xa8,0x7d,0x67,0x75,0xa9,0x85,0x12,0xd7,
    0xb6,0xef,0x75,0xe7,0x75,0xe7,0x75,0xe7,0x75,0xe7,0x75,0xe7,0x75,0xe7,0x75,0xe7,0x75,0xe7,0x75,0xe7,0x75,0xe7,0x75,0xe7,
    0x75,0xe7,0x75,0xe7,0x75,0xe7,0x75,0xe7,0x75,0xe7,0x75,0xe7,0x75,0xe7,0x75,0xe7,0x75,0xe7,0x75,0xe7,0xb6,0xef,0x12,0xd7,
    0xa9,0x85,0x67,0x75,0xa8,0x7d,0x88,0x7d,0x88,0x7d,0x88,0x7d,0xc8,0x85,0x85,0x4b,0xe3,0x21,0x43,0x2a,0x23,0x2a,0x23,0x2a,
    0x23,0x2a,0x23,0x2a,0x43,0x2a,0x23,0x2a,0x00,0x00,0xa0,0x02,0x00,0x00,0x00,0x00,0x00,0x00,0x00,0x00,0x00,0x00,0x00,0x00,
    0x00,0x00,0x00,0x00,0x00,0x00,0x00,0x00,0x00,0x00,0x00,0x00,0x00,0x00,0x00,0x00,0x00,0x00,0x00,0x00,0x00,0x00,0x00,0x00,
    0x00,0x00,0x00,0x00,0x00,0x00,0x00,0x00,0x00,0x00,0x00,0x00,0x00,0x00,0x00,0x00,0x00,0x00,0x00,0x00,0x00,0x00,0x00,0x00,
    0x00,0x00,0x00,0x00,0x00,0x00,0x00,0x00,0x00,0x00,0x00,0x00,0x00,0x00,0x00,0x00,0x00,0x00,0x00,0x00,0x00,0x00,0x00,0x00,
    0x00,0x00,0x00,0x00,0x00,0x00,0x00,0x00,0x00,0x00,0x00,0x00,0x00,0x00,0x00,0x00,0x00,0x00,0x00,0x00,0x00,0x00,0x00,0x00,
    0x00,0x00,0x00,0x00,0x00,0x00,0x00,0x00,0x00,0x00,0x00,0x00,0x00,0x00,0x00,0x00,0x00,0x00,0x00,0x00,0x00,0x00,0x00,0x00,
    0x00,0x00,0x00,0x00,0x00,0x00,0xe0,0x7b,0x00,0x00,0x03,0x2a,0x43,0x2a,0x23,0x2a,0x23,0x2a,0x23,0x2a,0x23,0x2a,0x43,0x2a,
    0xe3,0x21,0x65,0x4b,0xc8,0x85,0x88,0x7d,0x88,0x7d,0x88,0x7d,0xa8,0x7d,0x67,0x75,0x2c,0x9e,0x54,0xdf,0x96,0xef,0x75,0xe7,
    0x75,0xe7,0x75,0xe7,0x75,0xe7,0x75,0xe7,0x75,0xe7,0x75,0xe7,0x75,0xe7,0x75,0xe7,0x75,0xe7,0x75,0xe7,0x75,0xe7,0x75,0xe7,
    0x75,0xe7,0x75,0xe7,0x75,0xe7,0x75,0xe7,0x75,0xe7,0x75,0xe7,0x75,0xe7,0x75,0xe7,0x75,0xe7,0x75,0xe7,0x96,0xef,0x54,0xdf,
    0x2c,0x9e,0x67,0x75,0xa8,0x7d,0x88,0x7d,0x88,0x7d,0x88,0x7d,0xc8,0x85,0x65,0x4b,0xe3,0x21,0x43,0x2a,0x23,0x2a,0x23,0x2a,
    0x23,0x2a,0x23,0x2a,0x43,0x2a,0x03,0x2a,0x00,0x00,0xe0,0x7b,0x00,0x00,0x00,0x00,0x00,0x00,0x00,0x00,0x00,0x00,0x00,0x00,
    0x00,0x00,0x00,0x00,0x00,0x00,0x00,0x00,0x00,0x00,0x00,0x00,0x00,0x00,0x00,0x00,0x00,0x00,0x00,0x00,0x00,0x00,0x00,0x00,
    0x00,0x00,0x00,0x00,0x00,0x00,0x00,0x00,0x00,0x00,0x00,0x00,0x00,0x00,0x00,0x00,0x00,0x00,0x00,0x00,0x00,0x00,0x00,0x00,
    0x00,0x00,0x00,0x00,0x00,0x00,0x00,0x00,0x00,0x00,0x00,0x00,0x00,0x00,0x00,0x00,0x00,0x00,0x00,0x00,0x00,0x00,0x00,0x00,
    0x00,0x00,0x00,0x00,0x00,0x00,0x00,0x00,0x00,0x00,0x00,0x00,0x00,0x00,0x00,0x00,0x00,0x00,0x00,0x00,0x00,0x00,0x00,0x00,
    0x00,0x00,0x00,0x00,0x00,0x00,0x00,0x00,0x00,0x00,0x00,0x00,0x00,0x00,0x00,0x00,0x00,0x00,0x00,0x00,0x00,0x00,0x00,0x00,
    0x00,0x00,0x00,0x00,0xa0,0x52,0xe0,0x03,0x23,0x2a,0x43,0x2a,0x23,0x2a,0x23,0x2a,0x23,0x2a,0x43,0x2a,0x03,0x22,0xc4,0x3a,
    0x88,0x7d,0xa8,0x7d,0x88,0x7d,0x88,0x7d,0xa8,0x7d,0x67,0x75,0x4d,0xa6,0x96,0xef,0x75,0xe7,0x75,0xe7,0x75,0xe7,0x75,0xe7,
    0x75,0xe7,0x75,0xe7,0x75,0xe7,0x75,0xe7,0x75,0xe7,0x75,0xe7,0x75,0xe7,0x75,0xe7,0x75,0xe7,0x75,0xe7,0x75,0xe7,0x75,0xe7,
    0x75,0xe7,0x75,0xe7,0x75,0xe7,0x75,0xe7,0x75,0xe7,0x75,0xe7,0x75,0xe7,0x75,0xe7,0x75,0xe7,0x75,0xe7,0x75,0xe7,0x96,0xef,
    0x4d,0xa6,0x67,0x75,0xa8,0x7d,0x88,0x7d,0x88,0x7d,0xa8,0x7d,0x88,0x7d,0xc4,0x3a,0x03,0x22,0x43,0x2a,0x23,0x2a,0x23,0x2a,
    0x23,0x2a,0x43,0x2a,0x23,0x2a,0xe0,0x03,0xa0,0x52,0x00,0x00,0x00,0x00,0x00,0x00,0x00,0x00,0x00,0x00,0x00,0x00,0x00,0x00,
    0x00,0x00,0x00,0x00,0x00,0x00,0x00,0x00,0x00,0x00,0x00,0x00,0x00,0x00,0x00,0x00,0x00,0x00,0x00,0x00,0x00,0x00,0x00,0x00,
    0x00,0x00,0x00,0x00,0x00,0x00,0x00,0x00,0x00,0x00,0x00,0x00,0x00,0x00,0x00,0x00,0x00,0x00,0x00,0x00,0x00,0x00,0x00,0x00,
    0x00,0x00,0x00,0x00,0x00,0x00,0x00,0x00,0x00,0x00,0x00,0x00,0x00,0x00,0x00,0x00,0x00,0x00,0x00,0x00,0x00,0x00,0x00,0x00,
    0x00,0x00,0x00,0x00,0x00,0x00,0x00,0x00,0x00,0x00,0x00,0x00,0x00,0x00,0x00,0x00,0x00,0x00,0x00,0x00,0x00,0x00,0x00,0x00,
    0x00,0x00,0x00,0x00,0x00,0x00,0x00,0x00,0x00,0x00,0x00,0x00,0x00,0x00,0x00,0x00,0x00,0x00,0x00,0x00,0x00,0x00,0x00,0x00,
    0xa0,0x52,0x00,0x00,0x23,0x2a,0x43,0x2a,0x23,0x2a,0x23,0x2a,0x23,0x2a,0x23,0x2a,0x03,0x2a,0xc4,0x3a,0x88,0x7d,0xa8,0x7d,
    0x88,0x7d,0x88,0x7d,0xa8,0x7d,0x67,0x75,0x4d,0xa6,0x96,0xef,0x75,0xe7,0x75,0xe7,0x75,0xe7,0x75,0xe7,0x75,0xe7,0x75,0xe7,
    0x75,0xe7,0x75,0xe7,0x75,0xe7,0x75,0xe7,0x75,0xe7,0x75,0xe7,0x75,0xe7,0x75,0xe7,0x75,0xe7,0x75,0xe7,0x75,0xe7,0x75,0xe7,
    0x75,0xe7,0x75,0xe7,0x75,0xe7,0x75,0xe7,0x75,0xe7,0x75,0xe7,0x75,0xe7,0x75,0xe7,0x75,0xe7,0x75,0xe7,0x75,0xe7,0x96,0xef,
    0x4d,0xa6,0x67,0x75,0xa8,0x7d,0x88,0x7d,0x88,0x7d,0xa8,0x7d,0x88,0x7d,0xc4,0x3a,0x03,0x2a,0x23,0x2a,0x23,0x2a,0x23,0x2a,
    0x23,0x2a,0x43,0x2a,0x23,0x2a,0x00,0x00,0xa0,0x52,0x00,0x00,0x00,0x00,0x00,0x00,0x00,0x00,0x00,0x00,0x00,0x00,0x00,0x00,
    0x00,0x00,0x00,0x00,0x00,0x00,0x00,0x00,0x00,0x00,0x00,0x00,0x00,0x00,0x00,0x00,0x00,0x00,0x00,0x00,0x00,0x00,0x00,0x00,
    0x00,0x00,0x00,0x00,0x00,0x00,0x00,0x00,0x00,0x00,0x00,0x00,0x00,0x00,0x00,0x00,0x00,0x00,0x00,0x00,0x00,0x00,0x00,0x00,
    0x00,0x00,0x00,0x00,0x00,0x00,0x00,0x00,0x00,0x00,0x00,0x00,0x00,0x00,0x00,0x00,0x00,0x00,0x00,0x00,0x00,0x00,0x00,0x00,
    0x00,0x00,0x00,0x00,0x00,0x00,0x00,0x00,0x00,0x00,0x00,0x00,0x00,0x00,0x00,0x00,0x00,0x00,0x00,0x00,0x00,0x00,0x00,0x00,
    0x00,0x00,0x00,0x00,0x00,0x00,0x00,0x00,0x00,0x00,0x00,0x00,0x00,0x00,0x00,0x00,0x00,0x00,0x00,0x00,0xa0,0x52,0x00,0x00,
    0x23,0x2a,0x43,0x2a,0x23,0x2a,0x23,0x2a,0x23,0x2a,0x23,0x2a,0x23,0x2a,0x03,0x22,0xc7,0x6c,0xc8,0x85,0x88,0x7d,0x88,0x7d,
    0x88,0x7d,0x87,0x7d,0x8e,0xb6,0x95,0xef,0x75,0xe7,0x75,0xe7,0x75,0xe7,0x75,0xe7,0x75,0xe7,0x75,0xe7,0x75,0xe7,0x75,0xe7,
    0x75,0xe7,0x75,0xe7,0x75,0xe7,0x75,0xe7,0x75,0xe7,0x75,0xe7,0x75,0xe7,0x75,0xe7,0x75,0xe7,0x75,0xe7,0x75,0xe7,0x75,0xe7,
    0x75,0xe7,0x75,0xe7,0x75,0xe7,0x75,0xe7,0x75,0xe7,0x75,0xe7,0x75,0xe7,0x75,0xe7,0x75,0xe7,0x75,0xe7,0x75,0xe7,0x95,0xef,
    0x8e,0xb6,0x87,0x7d,0x88,0x7d,0x88,0x7d,0x88,0x7d,0xc8,0x85,0xc7,0x6c,0x03,0x22,0x23,0x2a,0x23,0x2a,0x23,0x2a,0x23,0x2a,
    0x23,0x2a,0x43,0x2a,0x23,0x2a,0x00,0x00,0xa0,0x52,0x00,0x00,0x00,0x00,0x00,0x00,0x00,0x00,0x00,0x00,0x00,0x00,0x00,0x00,
    0x00,0x00,0x00,0x00,0x00,0x00,0x00,0x00,0x00,0x00,0x00,0x00,0x00,0x00,0x00,0x00,0x00,0x00,0x00,0x00,0x00,0x00,0x00,0x00,
    0x00,0x00,0x00,0x00,0x00,0x00,0x00,0x00,0x00,0x00,0x00,0x00,0x00,0x00,0x00,0x00,0x00,0x00,0x00,0x00,0x00,0x00,0x00,0x00,
    0x00,0x00,0x00,0x00,0x00,0x00,0x00,0x00,0x00,0x00,0x00,0x00,0x00,0x00,0x00,0x00,0x00,0x00,0x00,0x00,0x00,0x00,0x00,0x00,
    0x00,0x00,0x00,0x00,0x00,0x00,0x00,0x00,0x00,0x00,0x00,0x00,0x00,0x00,0x00,0x00,0x00,0x00,0x00,0x00,0x00,0x00,0x00,0x00,
    0x00,0x00,0x00,0x00,0x00,0x00,0x00,0x00,0x00,0x00,0x00,0x00,0x00,0x00,0x00,0x00,0xe0,0x7b,0xe0,0x03,0x23,0x2a,0x43,0x2a,
    0x23,0x2a,0x23,0x2a,0x23,0x2a,0x23,0x2a,0x23,0x2a,0x03,0x2a,0x46,0x5c,0xc8,0x85,0x88,0x7d,0x88,0x7d,0xa8,0x7d,0x67,0x75,
    0xb0,0xbe,0xb6,0xef,0x75,0xe7,0x75,0xe7,0x75,0xe7,0x75,0xe7,0x75,0xe7,0x75,0xe7,0x75,0xe7,0x75,0xe7,0x75,0xe7,0x75,0xe7,
    0x75,0xe7,0x75,0xe7,0x75,0xe7,0x75,0xe7,0x75,0xe7,0x75,0xe7,0x75,0xe7,0x75,0xe7,0x75,0xe7,0x75,0xe7,0x75,0xe7,0x75,0xe7,
    0x75,0xe7,0x75,0xe7,0x75,0xe7,0x75,0xe7,0x75,0xe7,0x75,0xe7,0x75,0xe7,0x75,0xe7,0x75,0xe7,0x75,0xe7,0x75,0xe7,0xb6,0xef,
    0xb0,0xbe,0x67,0x75,0xa8,0x7d,0x88,0x7d,0x88,0x7d,0xc8,0x85,0x46,0x5c,0x03,0x2a,0x23,0x2a,0x23,0x2a,0x23,0x2a,0x23,0x2a,
    0x23,0x2a,0x43,0x2a,0x23,0x2a,0xe0,0x03,0xe0,0x7b,0x00,0x00,0x00,0x00,0x00,0x00,0x00,0x00,0x00,0x00,0x00,0x00,0x00,0x00,
    0x00,0x00,0x00,0x00,0x00,0x00,0x00,0x00,0x00,0x00,0x00,0x00,0x00,0x00,0x00,0x00,0x00,0x00,0x00,0x00,0x00,0x00,0x00,0x00,
    0x00,0x00,0x00,0x00,0x00,0x00,0x00,0x00,0x00,0x00,0x00,0x00,0x00,0x00,0x00,0x00,0x00,0x00,0x00,0x00,0x00,0x00,0x00,0x00,
    0x00,0x00,0x00,0x00,0x00,0x00,0x00,0x00,0x00,0x00,0x00,0x00,0x00,0x00,0x00,0x00,0x00,0x00,0x00,0x00,0x00,0x00,0x00,0x00,
    0x00,0x00,0x00,0x00,0x00,0x00,0x00,0x00,0x00,0x00,0x00,0x00,0x00,0x00,0x00,0x00,0x00,0x00,0x00,0x00,0x00,0x00,0x00,0x00,
    0x00,0x00,0x00,0x00,0x00,0x00,0x00,0x00,0x00,0x00,0x00,0x00,0x00,0x00,0xe0,0x39,0x00,0x00,0x23,0x2a,0x43,0x2a,0x23,0x2a,
    0x23,0x2a,0x23,0x2a,0x43,0x2a,0xe3,0x21,0x65,0x4b,0xe8,0x85,0x88,0x7d,0x88,0x7d,0xa8,0x7d,0x67,0x75,0x4d,0xa6,0x96,0xef,
    0x75,0xe7,0x75,0xe7,0x75,0xe7,0x75,0xe7,0x75,0xe7,0x75,0xe7,0x75,0xe7,0x75,0xe7,0x75,0xe7,0x75,0xe7,0x75,0xe7,0x75,0xe7,
    0x75,0xe7,0x75,0xe7,0x75,0xe7,0x75,0xe7,0x75,0xe7,0x75,0xe7,0x75,0xe7,0x75,0xe7,0x75,0xe7,0x75,0xe7,0x75,0xe7,0x75,0xe7,
    0x75,0xe7,0x75,0xe7,0x75,0xe7,0x75,0xe7,0x75,0xe7,0x75,0xe7,0x75,0xe7,0x75,0xe7,0x75,0xe7,0x75,0xe7,0x75,0xe7,0x96,0xef,
    0x4d,0xa6,0x67,0x75,0xa8,0x7d,0x88,0x7d,0x88,0x7d,0xe8,0x85,0x65,0x4b,0xe3,0x21,0x43,0x2a,0x23,0x2a,0x23,0x2a,0x23,0x2a,
    0x43,0x2a,0x23,0x2a,0x00,0x00,0xe0,0x39,0x00,0x00,0x00,0x00,0x00,0x00,0x00,0x00,0x00,0x00,0x00,0x00,0x00,0x00,0x00,0x00,
    0x00,0x00,0x00,0x00,0x00,0x00,0x00,0x00,0x00,0x00,0x00,0x00,0x00,0x00,0x00,0x00,0x00,0x00,0x00,0x00,0x00,0x00,0x00,0x00,
    0x00,0x00,0x00,0x00,0x00,0x00,0x00,0x00,0x00,0x00,0x00,0x00,0x00,0x00,0x00,0x00,0x00,0x00,0x00,0x00,0x00,0x00,0x00,0x00,
    0x00,0x00,0x00,0x00,0x00,0x00,0x00,0x00,0x00,0x00,0x00,0x00,0x00,0x00,0x00,0x00,0x00,0x00,0x00,0x00,0x00,0x00,0x00,0x00,
    0x00,0x00,0x00,0x00,0x00,0x00,0x00,0x00,0x00,0x00,0x00,0x00,0x00,0x00,0x00,0x00,0x00,0x00,0x00,0x00,0x00,0x00,0x00,0x00,
    0x00,0x00,0x00,0x00,0x00,0x00,0x00,0x00,0x00,0x00,0xa0,0x52,0x00,0x00,0x43,0x2a,0x23,0x2a,0x23,0x2a,0x23,0x2a,0x23,0x2a,
    0x23,0x2a,0x03,0x2a,0xc4,0x3a,0x68,0x7d,0xa8,0x7d,0x88,0x7d,0xa8,0x7d,0x87,0x75,0xea,0x95,0x75,0xe7,0x75,0xe7,0x75,0xe7,
    0x75,0xe7,0x75,0xe7,0x75,0xe7,0x75,0xe7,0x75,0xe7,0x75,0xe7,0x75,0xe7,0x75,0xe7,0x75,0xe7,0x75,0xe7,0x75,0xe7,0x75,0xe7,
    0x75,0xe7,0x75,0xe7,0x75,0xe7,0x75,0xe7,0x75,0xe7,0x75,0xe7,0x75,0xe7,0x75,0xe7,0x75,0xe7,0x75,0xe7,0x75,0xe7,0x75,0xe7,
    0x75,0xe7,0x75,0xe7,0x75,0xe7,0x75,0xe7,0x75,0xe7,0x75,0xe7,0x75,0xe7,0x75,0xe7,0x75,0xe7,0x75,0xe7,0x75,0xe7,0x75,0xe7,
    0xea,0x95,0x87,0x75,0xa8,0x7d,0x88,0x7d,0xa8,0x7d,0x68,0x7d,0xc4,0x3a,0x03,0x2a,0x23,0x2a,0x23,0x2a,0x23,0x2a,0x23,0x2a,
    0x23,0x2a,0x43,0x2a,0x00,0x00,0xa0,0x52,0x00,0x00,0x00,0x00,0x00,0x00,0x00,0x00,0x00,0x00,0x00,0x00,0x00,0x00,0x00,0x00,
    0x00,0x00,0x00,0x00,0x00,0x00,0x00,0x00,0x00,0x00,0x00,0x00,0x00,0x00,0x00,0x00,0x00,0x00,0x00,0x00,0x00,0x00,0x00,0x00,
    0x00,0x00,0x00,0x00,0x00,0x00,0x00,0x00,0x00,0x00,0x00,0x00,0x00,0x00,0x00,0x00,0x00,0x00,0x00,0x00,0x00,0x00,0x00,0x00,
    0x00,0x00,0x00,0x00,0x00,0x00,0x00,0x00,0x00,0x00,0x00,0x00,0x00,0x00,0x00,0x00,0x00,0x00,0x00,0x00,0x00,0x00,0x00,0x00,
    0x00,0x00,0x00,0x00,0x00,0x00,0x00,0x00,0x00,0x00,0x00,0x00,0x00,0x00,0x00,0x00,0x00,0x00,0x00,0x00,0x00,0x00,0x00,0x00,
    0x00,0x00,0x00,0x00,0x00,0x00,0x00,0x00,0xa0,0x02,0x26,0x33,0x23,0x2a,0x43,0x2a,0x23,0x2a,0x23,0x2a,0x23,0x2a,0x23,0x2a,
    0x43,0x2a,0x68,0x75,0xa8,0x7d,0x88,0x7d,0xa8,0x7d,0x87,0x75,0xea,0x8d,0x75,0xe7,0x75,0xe7,0x75,0xe7,0x75,0xe7,0x75,0xe7,
    0x75,0xe7,0x75,0xe7,0x75,0xe7,0x75,0xe7,0x75,0xe7,0x75,0xe7,0x75,0xe7,0x75,0xe7,0x75,0xe7,0x75,0xe7,0x75,0xe7,0x75,0xe7,
    0x75,0xe7,0x75,0xe7,0x75,0xe7,0x75,0xe7,0x75,0xe7,0x75,0xe7,0x75,0xe7,0x75,0xe7,0x75,0xe7,0x75,0xe7,0x75,0xe7,0x75,0xe7,
    0x75,0xe7,0x75,0xe7,0x75,0xe7,0x75,0xe7,0x75,0xe7,0x75,0xe7,0x75,0xe7,0x75,0xe7,0x75,0xe7,0x75,0xe7,0x75,0xe7,0x75,0xe7,
    0xea,0x8d,0x87,0x75,0xa8,0x7d,0x88,0x7d,0xa8,0x7d,0x68,0x75,0x43,0x2a,0x23,0x2a,0x23,0x2a,0x23,0x2a,0x23,0x2a,0x43,0x2a,
    0x23,0x2a,0x26,0x33,0xa0,0x02,0x00,0x00,0x00,0x00,0x00,0x00,0x00,0x00,0x00,0x00,0x00,0x00,0x00,0x00,0x00,0x00,0x00,0x00,
    0x00,0x00,0x00,0x00,0x00,0x00,0x00,0x00,0x00,0x00,0x00,0x00,0x00,0x00,0x00,0x00,0x00,0x00,0x00,0x00,0x00,0x00,0x00,0x00,
    0x00,0x00,0x00,0x00,0x00,0x00,0x00,0x00,0x00,0x00,0x00,0x00,0x00,0x00,0x00,0x00,0x00,0x00,0x00,0x00,0x00,0x00,0x00,0x00,
    0x00,0x00,0x00,0x00,0x00,0x00,0x00,0x00,0x00,0x00,0x00,0x00,0x00,0x00,0x00,0x00,0x00,0x00,0x00,0x00,0x00,0x00,0x00,0x00,
    0x00,0x00,0x00,0x00,0x00,0x00,0x00,0x00,0x00,0x00,0x00,0x00,0x00,0x00,0x00,0x00,0x00,0x00,0x00,0x00,0x00,0x00,0x00,0x00,
    0x00,0x00,0x00,0x00,0xa0,0x52,0x00,0x00,0x23,0x2a,0x43,0x2a,0x23,0x2a,0x23,0x2a,0x23,0x2a,0x23,0x2a,0xe3,0x21,0x46,0x5c,
    0xc8,0x85,0x88,0x7d,0xa8,0x7d,0x88,0x7d,0x88,0x7d,0x33,0xd7,0x96,0xef,0x75,0xe7,0x75,0xe7,0x75,0xe7,0x75,0xe7,0x75,0xe7,
    0x75,0xe7,0x75,0xe7,0x75,0xe7,0x75,0xe7,0x75,0xe7,0x75,0xe7,0x75,0xe7,0x75,0xe7,0x75,0xe7,0x75,0xe7,0x75,0xe7,0x75,0xe7,
    0x75,0xe7,0x75,0xe7,0x75,0xe7,0x75,0xe7,0x75,0xe7,0x75,0xe7,0x75,0xe7,0x75,0xe7,0x75,0xe7,0x75,0xe7,0x75,0xe7,0x75,0xe7,
    0x75,0xe7,0x75,0xe7,0x75,0xe7,0x75,0xe7,0x75,0xe7,0x75,0xe7,0x75,0xe7,0x75,0xe7,0x75,0xe7,0x75,0xe7,0x96,0xef,0x33,0xd7,
    0x88,0x7d,0x88,0x7d,0xa8,0x7d,0x88,0x7d,0xc8,0x85,0x46,0x5c,0xe3,0x21,0x23,0x2a,0x23,0x2a,0x23,0x2a,0x23,0x2a,0x43,0x2a,
    0x23,0x2a,0x00,0x00,0xa0,0x52,0x00,0x00,0x00,0x00,0x00,0x00,0x00,0x00,0x00,0x00,0x00,0x00,0x00,0x00,0x00,0x00,0x00,0x00,
    0x00,0x00,0x00,0x00,0x00,0x00,0x00,0x00,0x00,0x00,0x00,0x00,0x00,0x00,0x00,0x00,0x00,0x00,0x00,0x00,0x00,0x00,0x00,0x00,
    0x00,0x00,0x00,0x00,0x00,0x00,0x00,0x00,0x00,0x00,0x00,0x00,0x00,0x00,0x00,0x00,0x00,0x00,0x00,0x00,0x00,0x00,0x00,0x00,
    0x00,0x00,0x00,0x00,0x00,0x00,0x00,0x00,0x00,0x00,0x00,0x00,0x00,0x00,0x00,0x00,0x00,0x00,0x00,0x00,0x00,0x00,0x00,0x00,
    0x00,0x00,0x00,0x00,0x00,0x00,0x00,0x00,0x00,0x00,0x00,0x00,0x00,0x00,0x00,0x00,0x00,0x00,0x00,0x00,0x00,0x00,0x00,0x00,
    0xe0,0x7b,0x00,0x00,0x23,0x2a,0x23,0x2a,0x23,0x2a,0x23,0x2a,0x23,0x2a,0x23,0x2a,0x03,0x22,0x85,0x4b,0xc8,0x85,0x88,0x7d,
    0x88,0x7d,0xa8,0x7d,0x67,0x75,0xd0,0xbe,0x96,0xef,0x75,0xe7,0x75,0xe7,0x75,0xe7,0x75,0xe7,0x75,0xe7,0x75,0xe7,0x75,0xe7,
    0x75,0xe7,0x75,0xe7,0x75,0xe7,0x75,0xe7,0x75,0xe7,0x75,0xe7,0x75,0xe7,0x75,0xe7,0x75,0xe7,0x75,0xe7,0x75,0xe7,0x75,0xe7,
    0x75,0xe7,0x75,0xe7,0x75,0xe7,0x75,0xe7,0x75,0xe7,0x75,0xe7,0x75,0xe7,0x75,0xe7,0x75,0xe7,0x75,0xe7,0x75,0xe7,0x75,0xe7,
    0x75,0xe7,0x75,0xe7,0x75,0xe7,0x75,0xe7,0x75,0xe7,0x75,0xe7,0x75,0xe7,0x75,0xe7,0x75,0xe7,0x75,0xe7,0x96,0xef,0xd0,0xbe,
    0x67,0x75,0xa8,0x7d,0x88,0x7d,0x88,0x7d,0xc8,0x85,0x85,0x4b,0x03,0x22,0x23,0x2a,0x23,0x2a,0x23,0x2a,0x23,0x2a,0x23,0x2a,
    0x23,0x2a,0x00,0x00,0xe0,0x7b,0x00,0x00,0x00,0x00,0x00,0x00,0x00,0x00,0x00,0x00,0x00,0x00,0x00,0x00,0x00,0x00,0x00,0x00,
    0x00,0x00,0x00,0x00,0x00,0x00,0x00,0x00,0x00,0x00,0x00,0x00,0x00,0x00,0x00,0x00,0x00,0x00,0x00,0x00,0x00,0x00,0x00,0x00,
    0x00,0x00,0x00,0x00,0x00,0x00,0x00,0x00,0x00,0x00,0x00,0x00,0x00,0x00,0x00,0x00,0x00,0x00,0x00,0x00,0x00,0x00,0x00,0x00,
    0x00,0x00,0x00,0x00,0x00,0x00,0x00,0x00,0x00,0x00,0x00,0x00,0x00,0x00,0x00,0x00,0x00,0x00,0x00,0x00,0x00,0x00,0x00,0x00,
    0x00,0x00,0x00,0x00,0x00,0x00,0x00,0x00,0x00,0x00,0x00,0x00,0x00,0x00,0x00,0x00,0x00,0x00,0x00,0x00,0x00,0x00,0xa0,0x52,
    0x00,0x00,0x23,0x2a,0x43,0x2a,0x23,0x2a,0x23,0x2a,0x23,0x2a,0x23,0x2a,0x63,0x32,0x68,0x7d,0xa8,0x7d,0x88,0x7d,0xa8,0x7d,
    0x67,0x75,0x4d,0xa6,0x96,0xef,0x75,0xe7,0x75,0xe7,0x75,0xe7,0x75,0xe7,0x75,0xe7,0x75,0xe7,0x75,0xe7,0x75,0xe7,0x75,0xe7,
    0x75,0xe7,0x75,0xe7,0x75,0xe7,0x75,0xe7,0x75,0xe7,0x75,0xe7,0x75,0xe7,0x75,0xe7,0x75,0xe7,0x75,0xe7,0x75,0xe7,0x75,0xe7,
    0x75,0xe7,0x75,0xe7,0x75,0xe7,0x75,0xe7,0x75,0xe7,0x75,0xe7,0x75,0xe7,0x75,0xe7,0x75,0xe7,0x75,0xe7,0x75,0xe7,0x75,0xe7,
    0x75,0xe7,0x75,0xe7,0x75,0xe7,0x75,0xe7,0x75,0xe7,0x75,0xe7,0x75,0xe7,0x75,0xe7,0x75,0xe7,0x75,0xe7,0x96,0xef,0x4d,0xa6,
    0x67,0x75,0xa8,0x7d,0x88,0x7d,0xa8,0x7d,0x68,0x7d,0x63,0x32,0x23,0x2a,0x23,0x2a,0x23,0x2a,0x23,0x2a,0x43,0x2a,0x23,0x2a,
    0x00,0x00,0xa0,0x52,0x00,0x00,0x00,0x00,0x00,0x00,0x00,0x00,0x00,0x00,0x00,0x00,0x00,0x00,0x00,0x00,0x00,0x00,0x00,0x00,
    0x00,0x00,0x00,0x00,0x00,0x00,0x00,0x00,0x00,0x00,0x00,0x00,0x00,0x00,0x00,0x00,0x00,0x00,0x00,0x00,0x00,0x00,0x00,0x00,
    0x00,0x00,0x00,0x00,0x00,0x00,0x00,0x00,0x00,0x00,0x00,0x00,0x00,0x00,0x00,0x00,0x00,0x00,0x00,0x00,0x00,0x00,0x00,0x00,
    0x00,0x00,0x00,0x00,0x00,0x00,0x00,0x00,0x00,0x00,0x00,0x00,0x00,0x00,0x00,0x00,0x00,0x00,0x00,0x00,0x00,0x00,0x00,0x00,
    0x00,0x00,0x00,0x00,0x00,0x00,0x00,0x00,0x00,0x00,0x00,0x00,0x00,0x00,0x00,0x00,0x00,0x00,0xa0,0x52,0x00,0x00,0x23,0x2a,
    0x43,0x2a,0x23,0x2a,0x23,0x2a,0x23,0x2a,0x43,0x2a,0xe3,0x21,0xe5,0x53,0xc8,0x85,0x88,0x7d,0xa8,0x7d,0x87,0x75,0xea,0x8d,
    0x75,0xe7,0x75,0xe7,0x75,0xe7,0x75,0xe7,0x75,0xe7,0x75,0xe7,0x75,0xe7,0x75,0xe7,0x75,0xe7,0x75,0xe7,0x75,0xe7,0x75,0xe7,
    0x75,0xe7,0x75,0xe7,0x75,0xe7,0x75,0xe7,0x75,0xe7,0x75,0xe7,0x75,0xe7,0x75,0xe7,0x75,0xe7,0x75,0xe7,0x75,0xe7,0x75,0xe7,
    0x75,0xe7,0x75,0xe7,0x75,0xe7,0x75,0xe7,0x75,0xe7,0x75,0xe7,0x75,0xe7,0x75,0xe7,0x75,0xe7,0x75,0xe7,0x75,0xe7,0x75,0xe7,
    0x75,0xe7,0x75,0xe7,0x75,0xe7,0x75,0xe7,0x75,0xe7,0x75,0xe7,0x75,0xe7,0x75,0xe7,0x75,0xe7,0x75,0xe7,0x75,0xe7,0xea,0x8d,
    0x87,0x75,0xa8,0x7d,0x88,0x7d,0xc8,0x85,0xe5,0x53,0xe3,0x21,0x43,0x2a,0x23,0x2a,0x23,0x2a,0x23,0x2a,0x43,0x2a,0x23,0x2a,
    0x00,0x00,0xa0,0x52,0x00,0x00,0x00,0x00,0x00,0x00,0x00,0x00,0x00,0x00,0x00,0x00,0x00,0x00,0x00,0x00,0x00,0x00,0x00,0x00,
    0x00,0x00,0x00,0x00,0x00,0x00,0x00,0x00,0x00,0x00,0x00,0x00,0x00,0x00,0x00,0x00,0x00,0x00,0x00,0x00,0x00,0x00,0x00,0x00,
    0x00,0x00,0x00,0x00,0x00,0x00,0x00,0x00,0x00,0x00,0x00,0x00,0x00,0x00,0x00,0x00,0x00,0x00,0x00,0x00,0x00,0x00,0x00,0x00,
    0x00,0x00,0x00,0x00,0x00,0x00,0x00,0x00,0x00,0x00,0x00,0x00,0x00,0x00,0x00,0x00,0x00,0x00,0x00,0x00,0x00,0x00,0x00,0x00,
    0x00,0x00,0x00,0x00,0x00,0x00,0x00,0x00,0x00,0x00,0x00,0x00,0x00,0x00,0x00,0x00,0xe0,0x03,0xa5,0x2a,0x23,0x2a,0x43,0x2a,
    0x23,0x2a,0x23,0x2a,0x23,0x2a,0x03,0x22,0xc4,0x3a,0x88,0x7d,0xa8,0x7d,0x88,0x7d,0x88,0x7d,0xa8,0x85,0x53,0xdf,0x95,0xef,
    0x75,0xe7,0x75,0xe7,0x75,0xe7,0x75,0xe7,0x75,0xe7,0x75,0xe7,0x75,0xe7,0x75,0xe7,0x75,0xe7,0x75,0xe7,0x75,0xe7,0x75,0xe7,
    0x75,0xe7,0x75,0xe7,0x75,0xe7,0x75,0xe7,0x75,0xe7,0x75,0xe7,0x75,0xe7,0x75,0xe7,0x75,0xe7,0x75,0xe7,0x75,0xe7,0x75,0xe7,
    0x75,0xe7,0x75,0xe7,0x75,0xe7,0x75,0xe7,0x75,0xe7,0x75,0xe7,0x75,0xe7,0x75,0xe7,0x75,0xe7,0x75,0xe7,0x75,0xe7,0x75,0xe7,
    0x75,0xe7,0x75,0xe7,0x75,0xe7,0x75,0xe7,0x75,0xe7,0x75,0xe7,0x75,0xe7,0x75,0xe7,0x75,0xe7,0x95,0xef,0x53,0xdf,0xa8,0x85,
    0x88,0x7d,0x88,0x7d,0xa8,0x7d,0x88,0x7d,0xc4,0x3a,0x03,0x22,0x23,0x2a,0x23,0x2a,0x23,0x2a,0x43,0x2a,0x23,0x2a,0xa5,0x2a,
    0xe0,0x03,0x00,0x00,0x00,0x00,0x00,0x00,0x00,0x00,0x00,0x00,0x00,0x00,0x00,0x00,0x00,0x00,0x00,0x00,0x00,0x00,0x00,0x00,
    0x00,0x00,0x00,0x00,0x00,0x00,0x00,0x00,0x00,0x00,0x00,0x00,0x00,0x00,0x00,0x00,0x00,0x00,0x00,0x00,0x00,0x00,0x00,0x00,
    0x00,0x00,0x00,0x00,0x00,0x00,0x00,0x00,0x00,0x00,0x00,0x00,0x00,0x00,0x00,0x00,0x00,0x00,0x00,0x00,0x00,0x00,0x00,0x00,
    0x00,0x00,0x00,0x00,0x00,0x00,0x00,0x00,0x00,0x00,0x00,0x00,0x00,0x00,0x00,0x00,0x00,0x00,0x00,0x00,0x00,0x00,0x00,0x00,
    0x00,0x00,0x00,0x00,0x00,0x00,0x00,0x00,0x00,0x00,0x00,0x00,0xa0,0x52,0x00,0x00,0x23,0x2a,0x43,0x2a,0x23,0x2a,0x23,0x2a,
    0x23,0x2a,0x23,0x2a,0x43,0x2a,0x07,0x6d,0xc8,0x85,0x88,0x7d,0xa8,0x7d,0x87,0x7d,0xd1,0xc6,0x96,0xef,0x75,0xe7,0x75,0xe7,
    0x75,0xe7,0x75,0xe7,0x75,0xe7,0x75,0xe7,0x75,0xe7,0x75,0xe7,0x75,0xe7,0x75,0xe7,0x75,0xe7,0x75,0xe7,0x75,0xe7,0x75,0xe7,
    0x75,0xe7,0x75,0xe7,0x75,0xe7,0x75,0xe7,0x75,0xe7,0x75,0xe7,0x75,0xe7,0x75,0xe7,0x75,0xe7,0x75,0xe7,0x75,0xe7,0x75,0xe7,
    0x75,0xe7,0x75,0xe7,0x75,0xe7,0x75,0xe7,0x75,0xe7,0x75,0xe7,0x75,0xe7,0x75,0xe7,0x75,0xe7,0x75,0xe7,0x75,0xe7,0x75,0xe7,
    0x75,0xe7,0x75,0xe7,0x75,0xe7,0x75,0xe7,0x75,0xe7,0x75,0xe7,0x75,0xe7,0x75,0xe7,0x75,0xe7,0x96,0xef,0xd1,0xc6,0x87,0x7d,
    0xa8,0x7d,0x88,0x7d,0xc8,0x85,0x07,0x6d,0x43,0x2a,0x23,0x2a,0x23,0x2a,0x23,0x2a,0x23,0x2a,0x43,0x2a,0x23,0x2a,0x00,0x00,
    0xa0,0x52,0x00,0x00,0x00,0x00,0x00,0x00,0x00,0x00,0x00,0x00,0x00,0x00,0x00,0x00,0x00,0x00,0x00,0x00,0x00,0x00,0x00,0x00,
    0x00,0x00,0x00,0x00,0x00,0x00,0x00,0x00,0x00,0x00,0x00,0x00,0x00,0x00,0x00,0x00,0x00,0x00,0x00,0x00,0x00,0x00,0x00,0x00,
    0x00,0x00,0x00,0x00,0x00,0x00,0x00,0x00,0x00,0x00,0x00,0x00,0x00,0x00,0x00,0x00,0x00,0x00,0x00,0x00,0x00,0x00,0x00,0x00,
    0x00,0x00,0x00,0x00,0x00,0x00,0x00,0x00,0x00,0x00,0x00,0x00,0x00,0x00,0x00,0x00,0x00,0x00,0x00,0x00,0x00,0x00,0x00,0x00,
    0x00,0x00,0x00,0x00,0x00,0x00,0x00,0x00,0x00,0x00,0x00,0x00,0x83,0x2a,0x23,0x2a,0x23,0x2a,0x23,0x2a,0x23,0x2a,0x43,0x2a,
    0xe3,0x21,0xe5,0x53,0xe8,0x85,0x88,0x7d,0xa8,0x7d,0x67,0x75,0x4d,0xa6,0x96,0xef,0x75,0xe7,0x75,0xe7,0x75,0xe7,0x75,0xe7,
    0x75,0xe7,0x75,0xe7,0x75,0xe7,0x75,0xe7,0x75,0xe7,0x75,0xe7,0x75,0xe7,0x75,0xe7,0x75,0xe7,0x75,0xe7,0x75,0xe7,0x75,0xe7,
    0x75,0xe7,0x75,0xe7,0x75,0xe7,0x75,0xe7,0x75,0xe7,0x75,0xe7,0x75,0xe7,0x75,0xe7,0x75,0xe7,0x75,0xe7,0x75,0xe7,0x75,0xe7,
    0x75,0xe7,0x75,0xe7,0x75,0xe7,0x75,0xe7,0x75,0xe7,0x75,0xe7,0x75,0xe7,0x75,0xe7,0x75,0xe7,0x75,0xe7,0x75,0xe7,0x75,0xe7,
    0x75,0xe7,0x75,0xe7,0x75,0xe7,0x75,0xe7,0x75,0xe7,0x75,0xe7,0x75,0xe7,0x75,0xe7,0x75,0xe7,0x96,0xef,0x4d,0xa6,0x67,0x75,
    0xa8,0x7d,0x88,0x7d,0xe8,0x85,0xe5,0x53,0xe3,0x21,0x43,0x2a,0x23,0x2a,0x23,0x2a,0x23,0x2a,0x23,0x2a,0x83,0x2a,0x00,0x00,
    0x00,0x00,0x00,0x00,0x00,0x00,0x00,0x00,0x00,0x00,0x00,0x00,0x00,0x00,0x00,0x00,0x00,0x00,0x00,0x00,0x00,0x00,0x00,0x00,
    0x00,0x00,0x00,0x00,0x00,0x00,0x00,0x00,0x00,0x00,0x00,0x00,0x00,0x00,0x00,0x00,0x00,0x00,0x00,0x00,0x00,0x00,0x00,0x00,
    0x00,0x00,0x00,0x00,0x00,0x00,0x00,0x00,0x00,0x00,0x00,0x00,0x00,0x00,0x00,0x00,0x00,0x00,0x00,0x00,0x00,0x00,0x00,0x00,
    0x00,0x00,0x00,0x00,0x00,0x00,0x00,0x00,0x00,0x00,0x00,0x00,0x00,0x00,0x00,0x00,0x00,0x00,0x00,0x00,0x00,0x00,0x00,0x00,
    0x00,0x00,0x00,0x00,0x00,0x00,0xa0,0x52,0x00,0x00,0x23,0x2a,0x43,0x2a,0x23,0x2a,0x23,0x2a,0x23,0x2a,0x23,0x2a,0x63,0x32,
    0x68,0x75,0xa8,0x7d,0x88,0x7d,0x88,0x7d,0xa9,0x85,0x54,0xdf,0x75,0xe7,0x75,0xe7,0x75,0xe7,0x75,0xe7,0x75,0xe7,0x75,0xe7,
    0x75,0xe7,0x75,0xe7,0x75,0xe7,0x75,0xe7,0x75,0xe7,0x75,0xe7,0x75,0xe7,0x75,0xe7,0x75,0xe7,0x75,0xe7,0x75,0xe7,0x75,0xe7,
    0x75,0xe7,0x75,0xe7,0x75,0xe7,0x75,0xe7,0x75,0xe7,0x75,0xe7,0x75,0xe7,0x75,0xe7,0x75,0xe7,0x75,0xe7,0x75,0xe7,0x75,0xe7,
    0x75,0xe7,0x75,0xe7,0x75,0xe7,0x75,0xe7,0x75,0xe7,0x75,0xe7,0x75,0xe7,0x75,0xe7,0x75,0xe7,0x75,0xe7,0x75,0xe7,0x75,0xe7,
    0x75,0xe7,0x75,0xe7,0x75,0xe7,0x75,0xe7,0x75,0xe7,0x75,0xe7,0x75,0xe7,0x75,0xe7,0x75,0xe7,0x54,0xdf,0xa9,0x85,0x88,0x7d,
    0x88,0x7d,0xa8,0x7d,0x68,0x75,0x63,0x32,0x23,0x2a,0x23,0x2a,0x23,0x2a,0x23,0x2a,0x43,0x2a,0x23,0x2a,0x00,0x00,0xa0,0x52,
    0x00,0x00,0x00,0x00,0x00,0x00,0x00,0x00,0x00,0x00,0x00,0x00,0x00,0x00,0x00,0x00,0x00,0x00,0x00,0x00,0x00,0x00,0x00,0x00,
    0x00,0x00,0x00,0x00,0x00,0x00,0x00,0x00,0x00,0x00,0x00,0x00,0x00,0x00,0x00,0x00,0x00,0x00,0x00,0x00,0x00,0x00,0x00,0x00,
    0x00,0x00,0x00,0x00,0x00,0x00,0x00,0x00,0x00,0x00,0x00,0x00,0x00,0x00,0x00,0x00,0x00,0x00,0x00,0x00,0x00,0x00,0x00,0x00,
    0x00,0x00,0x00,0x00,0x00,0x00,0x00,0x00,0x00,0x00,0x00,0x00,0x00,0x00,0x00,0x00,0x00,0x00,0x00,0x00,0x00,0x00,0x00,0x00,
    0x00,0x00,0x00,0x00,0x00,0x00,0x83,0x2a,0x23,0x2a,0x23,0x2a,0x23,0x2a,0x23,0x2a,0x43,0x2a,0xe3,0x21,0xe5,0x53,0xc8,0x85,
    0x88,0x7d,0xa8,0x7d,0x67,0x75,0xaf,0xbe,0x96,0xef,0x75,0xe7,0x75,0xe7,0x75,0xe7,0x75,0xe7,0x75,0xe7,0x75,0xe7,0x75,0xe7,
    0x75,0xe7,0x75,0xe7,0x75,0xe7,0x75,0xe7,0x75,0xe7,0x75,0xe7,0x75,0xe7,0x75,0xe7,0x75,0xe7,0x75,0xe7,0x75,0xe7,0x75,0xe7,
    0x75,0xe7,0x75,0xe7,0x75,0xe7,0x75,0xe7,0x75,0xe7,0x75,0xe7,0x75,0xe7,0x75,0xe7,0x75,0xe7,0x75,0xe7,0x75,0xe7,0x75,0xe7,
    0x75,0xe7,0x75,0xe7,0x75,0xe7,0x75,0xe7,0x75,0xe7,0x75,0xe7,0x75,0xe7,0x75,0xe7,0x75,0xe7,0x75,0xe7,0x75,0xe7,0x75,0xe7,
    0x75,0xe7,0x75,0xe7,0x75,0xe7,0x75,0xe7,0x75,0xe7,0x75,0xe7,0x75,0xe7,0x75,0xe7,0x96,0xef,0xaf,0xbe,0x67,0x75,0xa8,0x7d,
    0x88,0x7d,0xc8,0x85,0xe5,0x53,0xe3,0x21,0x43,0x2a,0x23,0x2a,0x23,0x2a,0x23,0x2a,0x23,0x2a,0x83,0x2a,0x00,0x00,0x00,0x00,
    0x00,0x00,0x00,0x00,0x00,0x00,0x00,0x00,0x00,0x00,0x00,0x00,0x00,0x00,0x00,0x00,0x00,0x00,0x00,0x00,0x00,0x00,0x00,0x00,
    0x00,0x00,0x00,0x00,0x00,0x00,0x00,0x00,0x00,0x00,0x00,0x00,0x00,0x00,0x00,0x00,0x00,0x00,0x00,0x00,0x00,0x00,0x00,0x00,
    0x00,0x00,0x00,0x00,0x00,0x00,0x00,0x00,0x00,0x00,0x00,0x00,0x00,0x00,0x00,0x00,0x00,0x00,0x00,0x00,0x00,0x00,0x00,0x00,
    0x00,0x00,0x00,0x00,0x00,0x00,0x00,0x00,0x00,0x00,0x00,0x00,0x00,0x00,0x00,0x00,0x00,0x00,0x00,0x00,0x00,0x00,0x00,0x00,
    0xa0,0x52,0x00,0x00,0x23,0x2a,0x43,0x2a,0x23,0x2a,0x23,0x2a,0x23,0x2a,0x23,0x2a,0x63,0x32,0x68,0x75,0xa8,0x7d,0x88,0x7d,
    0x87,0x75,0xea,0x95,0x75,0xe7,0x75,0xe7,0x75,0xe7,0x75,0xe7,0x75,0xe7,0x75,0xe7,0x75,0xe7,0x75,0xe7,0x75,0xe7,0x75,0xe7,
    0x75,0xe7,0x75,0xe7,0x75,0xe7,0x75,0xe7,0x75,0xe7,0x75,0xe7,0x75,0xe7,0x75,0xe7,0x75,0xe7,0x75,0xe7,0x75,0xe7,0x75,0xe7,
    0x75,0xe7,0x75,0xe7,0x75,0xe7,0x75,0xe7,0x75,0xe7,0x75,0xe7,0x75,0xe7,0x75,0xe7,0x75,0xe7,0x75,0xe7,0x75,0xe7,0x75,0xe7,
    0x75,0xe7,0x75,0xe7,0x75,0xe7,0x75,0xe7,0x75,0xe7,0x75,0xe7,0x75,0xe7,0x75,0xe7,0x75,0xe7,0x75,0xe7,0x75,0xe7,0x75,0xe7,
    0x75,0xe7,0x75,0xe7,0x75,0xe7,0x75,0xe7,0x75,0xe7,0x75,0xe7,0x75,0xe7,0x75,0xe7,0x75,0xe7,0xea,0x95,0x87,0x75,0x88,0x7d,
    0xa8,0x7d,0x68,0x75,0x63,0x32,0x23,0x2a,0x23,0x2a,0x23,0x2a,0x23,0x2a,0x43,0x2a,0x23,0x2a,0x00,0x00,0xa0,0x52,0x00,0x00,
    0x00,0x00,0x00,0x00,0x00,0x00,0x00,0x00,0x00,0x00,0x00,0x00,0x00,0x00,0x00,0x00,0x00,0x00,0x00,0x00,0x00,0x00,0x00,0x00,
    0x00,0x00,0x00,0x00,0x00,0x00,0x00,0x00,0x00,0x00,0x00,0x00,0x00,0x00,0x00,0x00,0x00,0x00,0x00,0x00,0x00,0x00,0x00,0x00,
    0x00,0x00,0x00,0x00,0x00,0x00,0x00,0x00,0x00,0x00,0x00,0x00,0x00,0x00,0x00,0x00,0x00,0x00,0x00,0x00,0x00,0x00,0x00,0x00,
    0x00,0x00,0x00,0x00,0x00,0x00,0x00,0x00,0x00,0x00,0x00,0x00,0x00,0x00,0x00,0x00,0x00,0x00,0x00,0x00,0x00,0x00,0x00,0x00,
    0x83,0x2a,0x23,0x2a,0x23,0x2a,0x23,0x2a,0x23,0x2a,0x43,0x2a,0xe3,0x21,0x46,0x5c,0xc8,0x85,0x88,0x7d,0xa8,0x7d,0x87,0x7d,
    0x12,0xcf,0x96,0xef,0x75,0xe7,0x75,0xe7,0x75,0xe7,0x75,0xe7,0x75,0xe7,0x75,0xe7,0x75,0xe7,0x75,0xe7,0x75,0xe7,0x75,0xe7,
    0x75,0xe7,0x75,0xe7,0x75,0xe7,0x75,0xe7,0x75,0xe7,0x75,0xe7,0x75,0xe7,0x75,0xe7,0x75,0xe7,0x75,0xe7,0x75,0xe7,0x75,0xe7,
    0x75,0xe7,0x75,0xe7,0x75,0xe7,0x75,0xe7,0x75,0xe7,0x75,0xe7,0x75,0xe7,0x75,0xe7,0x75,0xe7,0x75,0xe7,0x75,0xe7,0x75,0xe7,
    0x75,0xe7,0x75,0xe7,0x75,0xe7,0x75,0xe7,0x75,0xe7,0x75,0xe7,0x75,0xe7,0x75,0xe7,0x75,0xe7,0x75,0xe7,0x75,0xe7,0x75,0xe7,
    0x75,0xe7,0x75,0xe7,0x75,0xe7,0x75,0xe7,0x75,0xe7,0x75,0xe7,0x75,0xe7,0x96,0xef,0x12,0xcf,0x87,0x7d,0xa8,0x7d,0x88,0x7d,
    0xc8,0x85,0x46,0x5c,0xe3,0x21,0x43,0x2a,0x23,0x2a,0x23,0x2a,0x23,0x2a,0x23,0x2a,0x83,0x2a,0x00,0x00,0x00,0x00,0x00,0x00,
    0x00,0x00,0x00,0x00,0x00,0x00,0x00,0x00,0x00,0x00,0x00,0x00,0x00,0x00,0x00,0x00,0x00,0x00,0x00,0x00,0x00,0x00,0x00,0x00,
    0x00,0x00,0x00,0x00,0x00,0x00,0x00,0x00,0x00,0x00,0x00,0x00,0x00,0x00,0x00,0x00,0x00,0x00,0x00,0x00,0x00,0x00,0x00,0x00,
    0x00,0x00,0x00,0x00,0x00,0x00,0x00,0x00,0x00,0x00,0x00,0x00,0x00,0x00,0x00,0x00,0x00,0x00,0x00,0x00,0x00,0x00,0x00,0x00,
    0x00,0x00,0x00,0x00,0x00,0x00,0x00,0x00,0x00,0x00,0x00,0x00,0x00,0x00,0x00,0x00,0x00,0x00,0xa0,0x52,0x00,0x00,0x23,0x2a,
    0x43,0x2a,0x23,0x2a,0x23,0x2a,0x23,0x2a,0x03,0x22,0x04,0x43,0xa8,0x7d,0x88,0x7d,0xa8,0x7d,0x67,0x75,0x4d,0xa6,0x96,0xef,
    0x75,0xe7,0x75,0xe7,0x75,0xe7,0x75,0xe7,0x75,0xe7,0x75,0xe7,0x75,0xe7,0x75,0xe7,0x75,0xe7,0x75,0xe7,0x75,0xe7,0x75,0xe7,
    0x75,0xe7,0x75,0xe7,0x75,0xe7,0x75,0xe7,0x75,0xe7,0x75,0xe7,0x75,0xe7,0x75,0xe7,0x75,0xe7,0x75,0xe7,0x75,0xe7,0x75,0xe7,
    0x75,0xe7,0x75,0xe7,0x75,0xe7,0x75,0xe7,0x75,0xe7,0x75,0xe7,0x75,0xe7,0x75,0xe7,0x75,0xe7,0x75,0xe7,0x75,0xe7,0x75,0xe7,
    0x75,0xe7,0x75,0xe7,0x75,0xe7,0x75,0xe7,0x75,0xe7,0x75,0xe7,0x75,0xe7,0x75,0xe7,0x75,0xe7,0x75,0xe7,0x75,0xe7,0x75,0xe7,
    0x75,0xe7,0x75,0xe7,0x75,0xe7,0x75,0xe7,0x75,0xe7,0x75,0xe7,0x75,0xe7,0x96,0xef,0x4d,0xa6,0x67,0x75,0xa8,0x7d,0x88,0x7d,
    0xa8,0x7d,0x04,0x43,0x03,0x22,0x23,0x2a,0x23,0x2a,0x23,0x2a,0x43,0x2a,0x23,0x2a,0x00,0x00,0xa0,0x52,0x00,0x00,0x00,0x00,
    0x00,0x00,0x00,0x00,0x00,0x00,0x00,0x00,0x00,0x00,0x00,0x00,0x00,0x00,0x00,0x00,0x00,0x00,0x00,0x00,0x00,0x00,0x00,0x00,
    0x00,0x00,0x00,0x00,0x00,0x00,0x00,0x00,0x00,0x00,0x00,0x00,0x00,0x00,0x00,0x00,0x00,0x00,0x00,0x00,0x00,0x00,0x00,0x00,
    0x00,0x00,0x00,0x00,0x00,0x00,0x00,0x00,0x00,0x00,0x00,0x00,0x00,0x00,0x00,0x00,0x00,0x00,0x00,0x00,0x00,0x00,0x00,0x00,
    0x00,0x00,0x00,0x00,0x00,0x00,0x00,0x00,0x00,0x00,0x00,0x00,0x00,0x00,0x00,0x00,0x00,0x00,0x83,0x2a,0x23,0x2a,0x23,0x2a,
    0x23,0x2a,0x23,0x2a,0x23,0x2a,0x23,0x2a,0x07,0x75,0xc8,0x7d,0x88,0x7d,0x88,0x7d,0xa9,0x85,0x54,0xdf,0x75,0xe7,0x75,0xe7,
    0x75,0xe7,0x75,0xe7,0x75,0xe7,0x75,0xe7,0x75,0xe7,0x75,0xe7,0x75,0xe7,0x75,0xe7,0x75,0xe7,0x75,0xe7,0x75,0xe7,0x75,0xe7,
    0x75,0xe7,0x75,0xe7,0x75,0xe7,0x75,0xe7,0x75,0xe7,0x75,0xe7,0x75,0xe7,0x75,0xe7,0x75,0xe7,0x75,0xe7,0x75,0xe7,0x75,0xe7,
    0x75,0xe7,0x75,0xe7,0x75,0xe7,0x75,0xe7,0x75,0xe7,0x75,0xe7,0x75,0xe7,0x75,0xe7,0x75,0xe7,0x75,0xe7,0x75,0xe7,0x75,0xe7,
    0x75,0xe7,0x75,0xe7,0x75,0xe7,0x75,0xe7,0x75,0xe7,0x75,0xe7,0x75,0xe7,0x75,0xe7,0x75,0xe7,0x75,0xe7,0x75,0xe7,0x75,0xe7,
    0x75,0xe7,0x75,0xe7,0x75,0xe7,0x75,0xe7,0x75,0xe7,0x75,0xe7,0x75,0xe7,0x54,0xdf,0xa9,0x85,0x88,0x7d,0x88,0x7d,0xc8,0x7d,
    0x07,0x75,0x23,0x2a,0x23,0x2a,0x23,0x2a,0x23,0x2a,0x23,0x2a,0x23,0x2a,0x83,0x2a,0x00,0x00,0x00,0x00,0x00,0x00,0x00,0x00,
    0x00,0x00,0x00,0x00,0x00,0x00,0x00,0x00,0x00,0x00,0x00,0x00,0x00,0x00,0x00,0x00,0x00,0x00,0x00,0x00,0x00,0x00,0x00,0x00,
    0x00,0x00,0x00,0x00,0x00,0x00,0x00,0x00,0x00,0x00,0x00,0x00,0x00,0x00,0x00,0x00,0x00,0x00,0x00,0x00,0x00,0x00,0x00,0x00,
    0x00,0x00,0x00,0x00,0x00,0x00,0x00,0x00,0x00,0x00,0x00,0x00,0x00,0x00,0x00,0x00,0x00,0x00,0x00,0x00,0x00,0x00,0x00,0x00,
    0x00,0x00,0x00,0x00,0x00,0x00,0x00,0x00,0x00,0x00,0x00,0x00,0xa0,0x52,0x00,0x00,0x23,0x2a,0x43,0x2a,0x23,0x2a,0x23,0x2a,
    0x43,0x2a,0xe3,0x21,0x65,0x4b,0xc8,0x85,0x88,0x7d,0xa8,0x7d,0x67,0x75,0xaf,0xbe,0x96,0xef,0x75,0xe7,0x75,0xe7,0x75,0xe7,
    0x75,0xe7,0x75,0xe7,0x75,0xe7,0x75,0xe7,0x75,0xe7,0x75,0xe7,0x75,0xe7,0x75,0xe7,0x75,0xe7,0x75,0xe7,0x75,0xe7,0x75,0xe7,
    0x75,0xe7,0x75,0xe7,0x75,0xe7,0x75,0xe7,0x75,0xe7,0x75,0xe7,0x75,0xe7,0x75,0xe7,0x75,0xe7,0x75,0xe7,0x75,0xe7,0x75,0xe7,
    0x75,0xe7,0x75,0xe7,0x75,0xe7,0x75,0xe7,0x75,0xe7,0x75,0xe7,0x75,0xe7,0x75,0xe7,0x75,0xe7,0x75,0xe7,0x75,0xe7,0x75,0xe7,
    0x75,0xe7,0x75,0xe7,0x75,0xe7,0x75,0xe7,0x75,0xe7,0x75,0xe7,0x75,0xe7,0x75,0xe7,0x75,0xe7,0x75,0xe7,0x75,0xe7,0x75,0xe7,
    0x75,0xe7,0x75,0xe7,0x75,0xe7,0x75,0xe7,0x75,0xe7,0x75,0xe7,0x96,0xef,0xaf,0xbe,0x67,0x75,0xa8,0x7d,0x88,0x7d,0xc8,0x85,
    0x65,0x4b,0xe3,0x21,0x43,0x2a,0x23,0x2a,0x23,0x2a,0x43,0x2a,0x23,0x2a,0x00,0x00,0xa0,0x52,0x00,0x00,0x00,0x00,0x00,0x00,
    0x00,0x00,0x00,0x00,0x00,0x00,0x00,0x00,0x00,0x00,0x00,0x00,0x00,0x00,0x00,0x00,0x00,0x00,0x00,0x00,0x00,0x00,0x00,0x00,
    0x00,0x00,0x00,0x00,0x00,0x00,0x00,0x00,0x00,0x00,0x00,0x00,0x00,0x00,0x00,0x00,0x00,0x00,0x00,0x00,0x00,0x00,0x00,0x00,
    0x00,0x00,0x00,0x00,0x00,0x00,0x00,0x00,0x00,0x00,0x00,0x00,0x00,0x00,0x00,0x00,0x00,0x00,0x00,0x00,0x00,0x00,0x00,0x00,
    0x00,0x00,0x00,0x00,0x00,0x00,0x00,0x00,0x00,0x00,0x00,0x00,0x22,0x2a,0x23,0x2a,0x23,0x2a,0x23,0x2a,0x23,0x2a,0x23,0x2a,
    0x23,0x2a,0x07,0x75,0xa8,0x7d,0x88,0x7d,0x87,0x7d,0xea,0x8d,0x75,0xe7,0x75,0xe7,0x75,0xe7,0x75,0xe7,0x75,0xe7,0x75,0xe7,
    0x75,0xe7,0x75,0xe7,0x75,0xe7,0x75,0xe7,0x75,0xe7,0x75,0xe7,0x75,0xe7,0x75,0xe7,0x75,0xe7,0x75,0xe7,0x75,0xe7,0x75,0xe7,
    0x75,0xe7,0x75,0xe7,0x75,0xe7,0x75,0xe7,0x75,0xe7,0x75,0xe7,0x75,0xe7,0x75,0xe7,0x75,0xe7,0x75,0xe7,0x75,0xe7,0x75,0xe7,
    0x75,0xe7,0x75,0xe7,0x75,0xe7,0x75,0xe7,0x75,0xe7,0x75,0xe7,0x75,0xe7,0x75,0xe7,0x75,0xe7,0x75,0xe7,0x75,0xe7,0x75,0xe7,
    0x75,0xe7,0x75,0xe7,0x75,0xe7,0x75,0xe7,0x75,0xe7,0x75,0xe7,0x75,0xe7,0x75,0xe7,0x75,0xe7,0x75,0xe7,0x75,0xe7,0x75,0xe7,
    0x75,0xe7,0x75,0xe7,0x75,0xe7,0x75,0xe7,0x75,0xe7,0x75,0xe7,0x75,0xe7,0xea,0x8d,0x87,0x7d,0x88,0x7d,0xa8,0x7d,0x07,0x75,
    0x23,0x2a,0x23,0x2a,0x23,0x2a,0x23,0x2a,0x23,0x2a,0x23,0x2a,0x22,0x2a,0x00,0x00,0x00,0x00,0x00,0x00,0x00,0x00,0x00,0x00,
    0x00,0x00,0x00,0x00,0x00,0x00,0x00,0x00,0x00,0x00,0x00,0x00,0x00,0x00,0x00,0x00,0x00,0x00,0x00,0x00,0x00,0x00,0x00,0x00,
    0x00,0x00,0x00,0x00,0x00,0x00,0x00,0x00,0x00,0x00,0x00,0x00,0x00,0x00,0x00,0x00,0x00,0x00,0x00,0x00,0x00,0x00,0x00,0x00,
    0x00,0x00,0x00,0x00,0x00,0x00,0x00,0x00,0x00,0x00,0x00,0x00,0x00,0x00,0x00,0x00,0x00,0x00,0x00,0x00,0x00,0x00,0x00,0x00,
    0x00,0x00,0x00,0x00,0x00,0x00,0xa0,0x52,0x00,0x00,0x23,0x2a,0x43,0x2a,0x23,0x2a,0x23,0x2a,0x43,0x2a,0xe3,0x21,0x65,0x4b,
    0xc8,0x85,0x88,0x7d,0xa8,0x7d,0x67,0x75,0xaf,0xb6,0x96,0xef,0x75,0xe7,0x75,0xe7,0x75,0xe7,0x75,0xe7,0x75,0xe7,0x75,0xe7,
    0x75,0xe7,0x75,0xe7,0x75,0xe7,0x75,0xe7,0x75,0xe7,0x75,0xe7,0x75,0xe7,0x75,0xe7,0x75,0xe7,0x75,0xe7,0x75,0xe7,0x75,0xe7,
    0x75,0xe7,0x75,0xe7,0x75,0xe7,0x75,0xe7,0x75,0xe7,0x75,0xe7,0x75,0xe7,0x75,0xe7,0x75,0xe7,0x75,0xe7,0x75,0xe7,0x75,0xe7,
    0x75,0xe7,0x75,0xe7,0x75,0xe7,0x75,0xe7,0x75,0xe7,0x75,0xe7,0x75,0xe7,0x75,0xe7,0x75,0xe7,0x75,0xe7,0x75,0xe7,0x75,0xe7,
    0x75,0xe7,0x75,0xe7,0x75,0xe7,0x75,0xe7,0x75,0xe7,0x75,0xe7,0x75,0xe7,0x75,0xe7,0x75,0xe7,0x75,0xe7,0x75,0xe7,0x75,0xe7,
    0x75,0xe7,0x75,0xe7,0x75,0xe7,0x75,0xe7,0x75,0xe7,0x96,0xef,0xaf,0xb6,0x67,0x75,0xa8,0x7d,0x88,0x7d,0xc8,0x85,0x65,0x4b,
    0xe3,0x21,0x43,0x2a,0x23,0x2a,0x23,0x2a,0x43,0x2a,0x23,0x2a,0x00,0x00,0xa0,0x52,0x00,0x00,0x00,0x00,0x00,0x00,0x00,0x00,
    0x00,0x00,0x00,0x00,0x00,0x00,0x00,0x00,0x00,0x00,0x00,0x00,0x00,0x00,0x00,0x00,0x00,0x00,0x00,0x00,0x00,0x00,0x00,0x00,
    0x00,0x00,0x00,0x00,0x00,0x00,0x00,0x00,0x00,0x00,0x00,0x00,0x00,0x00,0x00,0x00,0x00,0x00,0x00,0x00,0x00,0x00,0x00,0x00,
    0x00,0x00,0x00,0x00,0x00,0x00,0x00,0x00,0x00,0x00,0x00,0x00,0x00,0x00,0x00,0x00,0x00,0x00,0x00,0x00,0x00,0x00,0x00,0x00,
    0x00,0x00,0x00,0x00,0xe0,0x03,0x00,0x00,0x23,0x2a,0x43,0x2a,0x23,0x2a,0x23,0x2a,0x23,0x2a,0x23,0x2a,0x07,0x75,0xa8,0x7d,
    0x88,0x7d,0x88,0x7d,0xa9,0x85,0x54,0xdf,0x75,0xe7,0x75,0xe7,0x75,0xe7,0x75,0xe7,0x75,0xe7,0x75,0xe7,0x75,0xe7,0x75,0xe7,
    0x75,0xe7,0x75,0xe7,0x75,0xe7,0x75,0xe7,0x75,0xe7,0x75,0xe7,0x75,0xe7,0x75,0xe7,0x75,0xe7,0x75,0xe7,0x75,0xe7,0x75,0xe7,
    0x75,0xe7,0x75,0xe7,0x75,0xe7,0x75,0xe7,0x75,0xe7,0x75,0xe7,0x75,0xe7,0x75,0xe7,0x75,0xe7,0x75,0xe7,0x75,0xe7,0x75,0xe7,
    0x75,0xe7,0x75,0xe7,0x75,0xe7,0x75,0xe7,0x75,0xe7,0x75,0xe7,0x75,0xe7,0x75,0xe7,0x75,0xe7,0x75,0xe7,0x75,0xe7,0x75,0xe7,
    0x75,0xe7,0x75,0xe7,0x75,0xe7,0x75,0xe7,0x75,0xe7,0x75,0xe7,0x75,0xe7,0x75,0xe7,0x75,0xe7,0x75,0xe7,0x75,0xe7,0x75,0xe7,
    0x75,0xe7,0x75,0xe7,0x75,0xe7,0x75,0xe7,0x75,0xe7,0x54,0xdf,0xa9,0x85,0x88,0x7d,0x88,0x7d,0xa8,0x7d,0x07,0x75,0x23,0x2a,
    0x23,0x2a,0x23,0x2a,0x23,0x2a,0x43,0x2a,0x23,0x2a,0x00,0x00,0xe0,0x03,0x00,0x00,0x00,0x00,0x00,0x00,0x00,0x00,0x00,0x00,
    0x00,0x00,0x00,0x00,0x00,0x00,0x00,0x00,0x00,0x00,0x00,0x00,0x00,0x00,0x00,0x00,0x00,0x00,0x00,0x00,0x00,0x00,0x00,0x00,
    0x00,0x00,0x00,0x00,0x00,0x00,0x00,0x00,0x00,0x00,0x00,0x00,0x00,0x00,0x00,0x00,0x00,0x00,0x00,0x00,0x00,0x00,0x00,0x00,
    0x00,0x00,0x00,0x00,0x00,0x00,0x00,0x00,0x00,0x00,0x00,0x00,0x00,0x00,0x00,0x00,0x00,0x00,0x00,0x00,0x00,0x00,0x00,0x00,
    0xa0,0x52,0x00,0x00,0x23,0x2a,0x43,0x2a,0x23,0x2a,0x23,0x2a,0x23,0x2a,0xe3,0x21,0x65,0x4b,0xc8,0x85,0x88,0x7d,0xa8,0x7d,
    0x67,0x75,0x8e,0xb6,0x96,0xef,0x75,0xe7,0x75,0xe7,0x75,0xe7,0x75,0xe7,0x75,0xe7,0x75,0xe7,0x75,0xe7,0x75,0xe7,0x75,0xe7,
    0x75,0xe7,0x75,0xe7,0x75,0xe7,0x75,0xe7,0x75,0xe7,0x75,0xe7,0x75,0xe7,0x75,0xe7,0x75,0xe7,0x75,0xe7,0x75,0xe7,0x75,0xe7,
    0x75,0xe7,0x75,0xe7,0x75,0xe7,0x75,0xe7,0x75,0xe7,0x75,0xe7,0x75,0xe7,0x75,0xe7,0x75,0xe7,0x75,0xe7,0x75,0xe7,0x75,0xe7,
    0x75,0xe7,0x75,0xe7,0x75,0xe7,0x75,0xe7,0x75,0xe7,0x75,0xe7,0x75,0xe7,0x75,0xe7,0x75,0xe7,0x75,0xe7,0x75,0xe7,0x75,0xe7,
    0x75,0xe7,0x75,0xe7,0x75,0xe7,0x75,0xe7,0x75,0xe7,0x75,0xe7,0x75,0xe7,0x75,0xe7,0x75,0xe7,0x75,0xe7,0x75,0xe7,0x75,0xe7,
    0x75,0xe7,0x75,0xe7,0x75,0xe7,0x75,0xe7,0x96,0xef,0x8e,0xb6,0x67,0x75,0xa8,0x7d,0x88,0x7d,0xc8,0x85,0x65,0x4b,0xe3,0x21,
    0x23,0x2a,0x23,0x2a,0x23,0x2a,0x43,0x2a,0x23,0x2a,0x00,0x00,0xa0,0x52,0x00,0x00,0x00,0x00,0x00,0x00,0x00,0x00,0x00,0x00,
    0x00,0x00,0x00,0x00,0x00,0x00,0x00,0x00,0x00,0x00,0x00,0x00,0x00,0x00,0x00,0x00,0x00,0x00,0x00,0x00,0x00,0x00,0x00,0x00,
    0x00,0x00,0x00,0x00,0x00,0x00,0x00,0x00,0x00,0x00,0x00,0x00,0x00,0x00,0x00,0x00,0x00,0x00,0x00,0x00,0x00,0x00,0x00,0x00,
    0x00,0x00,0x00,0x00,0x00,0x00,0x00,0x00,0x00,0x00,0x00,0x00,0x00,0x00,0x00,0x00,0x00,0x00,0x00,0x00,0x00,0x00,0xa0,0x52,
    0x00,0x00,0x23,0x2a,0x43,0x2a,0x23,0x2a,0x23,0x2a,0x43,0x2a,0xe3,0x21,0x46,0x5c,0xc8,0x85,0x88,0x7d,0x88,0x7d,0xa9,0x85,
    0x54,0xdf,0x75,0xe7,0x75,0xe7,0x75,0xe7,0x75,0xe7,0x75,0xe7,0x75,0xe7,0x75,0xe7,0x75,0xe7,0x75,0xe7,0x75,0xe7,0x75,0xe7,
    0x75,0xe7,0x75,0xe7,0x75,0xe7,0x75,0xe7,0x75,0xe7,0x75,0xe7,0x75,0xe7,0x75,0xe7,0x75,0xe7,0x75,0xe7,0x75,0xe7,0x75,0xe7,
    0x75,0xe7,0x75,0xe7,0x75,0xe7,0x75,0xe7,0x75,0xe7,0x75,0xe7,0x75,0xe7,0x75,0xe7,0x75,0xe7,0x75,0xe7,0x75,0xe7,0x75,0xe7,
    0x75,0xe7,0x75,0xe7,0x75,0xe7,0x75,0xe7,0x75,0xe7,0x75,0xe7,0x75,0xe7,0x75,0xe7,0x75,0xe7,0x75,0xe7,0x75,0xe7,0x75,0xe7,
    0x75,0xe7,0x75,0xe7,0x75,0xe7,0x75,0xe7,0x75,0xe7,0x75,0xe7,0x75,0xe7,0x75,0xe7,0x75,0xe7,0x75,0xe7,0x75,0xe7,0x75,0xe7,
    0x75,0xe7,0x75,0xe7,0x75,0xe7,0x75,0xe7,0x54,0xdf,0xa9,0x85,0x88,0x7d,0x88,0x7d,0xc8,0x85,0x46,0x5c,0xe3,0x21,0x43,0x2a,
    0x23,0x2a,0x23,0x2a,0x43,0x2a,0x23,0x2a,0x00,0x00,0xa0,0x52,0x00,0x00,0x00,0x00,0x00,0x00,0x00,0x00,0x00,0x00,0x00,0x00,
    0x00,0x00,0x00,0x00,0x00,0x00,0x00,0x00,0x00,0x00,0x00,0x00,0x00,0x00,0x00,0x00,0x00,0x00,0x00,0x00,0x00,0x00,0x00,0x00,
    0x00,0x00,0x00,0x00,0x00,0x00,0x00,0x00,0x00,0x00,0x00,0x00,0x00,0x00,0x00,0x00,0x00,0x00,0x00,0x00,0x00,0x00,0x00,0x00,
    0x00,0x00,0x00,0x00,0x00,0x00,0x00,0x00,0x00,0x00,0x00,0x00,0x00,0x00,0x00,0x00,0x00,0x00,0x00,0x78,0x00,0x00,0x43,0x2a,
    0x23,0x2a,0x23,0x2a,0x23,0x2a,0x23,0x2a,0x23,0x2a,0x63,0x32,0x47,0x75,0xa8,0x7d,0xa8,0x7d,0x67,0x75,0x8e,0xb6,0x96,0xef,
    0x75,0xe7,0x75,0xe7,0x75,0xe7,0x75,0xe7,0x75,0xe7,0x75,0xe7,0x75,0xe7,0x75,0xe7,0x75,0xe7,0x75,0xe7,0x75,0xe7,0x75,0xe7,
    0x75,0xe7,0x75,0xe7,0x75,0xe7,0x75,0xe7,0x75,0xe7,0x75,0xe7,0x75,0xe7,0x75,0xe7,0x75,0xe7,0x75,0xe7,0x75,0xe7,0x75,0xe7,
    0x75,0xe7,0x75,0xe7,0x75,0xe7,0x75,0xe7,0x75,0xe7,0x75,0xe7,0x75,0xe7,0x75,0xe7,0x75,0xe7,0x75,0xe7,0x75,0xe7,0x75,0xe7,
    0x75,0xe7,0x75,0xe7,0x75,0xe7,0x75,0xe7,0x75,0xe7,0x75,0xe7,0x75,0xe7,0x75,0xe7,0x75,0xe7,0x75,0xe7,0x75,0xe7,0x75,0xe7,
    0x75,0xe7,0x75,0xe7,0x75,0xe7,0x75,0xe7,0x75,0xe7,0x75,0xe7,0x75,0xe7,0x75,0xe7,0x75,0xe7,0x75,0xe7,0x75,0xe7,0x75,0xe7,
    0x75,0xe7,0x75,0xe7,0x75,0xe7,0x96,0xef,0x8e,0xb6,0x67,0x75,0xa8,0x7d,0xa8,0x7d,0x47,0x75,0x63,0x32,0x23,0x2a,0x23,0x2a,
    0x23,0x2a,0x23,0x2a,0x23,0x2a,0x43,0x2a,0x00,0x00,0x00,0x78,0x00,0x00,0x00,0x00,0x00,0x00,0x00,0x00,0x00,0x00,0x00,0x00,
    0x00,0x00,0x00,0x00,0x00,0x00,0x00,0x00,0x00,0x00,0x00,0x00,0x00,0x00,0x00,0x00,0x00,0x00,0x00,0x00,0x00,0x00,0x00,0x00,
    0x00,0x00,0x00,0x00,0x00,0x00,0x00,0x00,0x00,0x00,0x00,0x00,0x00,0x00,0x00,0x00,0x00,0x00,0x00,0x00,0x00,0x00,0x00,0x00,
    0x00,0x00,0x00,0x00,0x00,0x00,0x00,0x00,0x00,0x00,0x00,0x00,0x00,0x00,0x00,0x00,0xa0,0x52,0x00,0x00,0x23,0x2a,0x43,0x2a,
    0x23,0x2a,0x23,0x2a,0x43,0x2a,0xe3,0x21,0xe5,0x53,0xc8,0x85,0x88,0x7d,0x88,0x7d,0xa9,0x85,0x54,0xdf,0x75,0xe7,0x75,0xe7,
    0x75,0xe7,0x75,0xe7,0x75,0xe7,0x75,0xe7,0x75,0xe7,0x75,0xe7,0x75,0xe7,0x75,0xe7,0x75,0xe7,0x75,0xe7,0x75,0xe7,0x75,0xe7,
    0x75,0xe7,0x75,0xe7,0x75,0xe7,0x75,0xe7,0x75,0xe7,0x75,0xe7,0x75,0xe7,0x75,0xe7,0x75,0xe7,0x75,0xe7,0x75,0xe7,0x75,0xe7,
    0x75,0xe7,0x75,0xe7,0x75,0xe7,0x75,0xe7,0x75,0xe7,0x75,0xe7,0x75,0xe7,0x75,0xe7,0x75,0xe7,0x75,0xe7,0x75,0xe7,0x75,0xe7,
    0x75,0xe7,0x75,0xe7,0x75,0xe7,0x75,0xe7,0x75,0xe7,0x75,0xe7,0x75,0xe7,0x75,0xe7,0x75,0xe7,0x75,0xe7,0x75,0xe7,0x75,0xe7,
    0x75,0xe7,0x75,0xe7,0x75,0xe7,0x75,0xe7,0x75,0xe7,0x75,0xe7,0x75,0xe7,0x75,0xe7,0x75,0xe7,0x75,0xe7,0x75,0xe7,0x75,0xe7,
    0x75,0xe7,0x75,0xe7,0x75,0xe7,0x54,0xdf,0xa9,0x85,0x88,0x7d,0x88,0x7d,0xc8,0x85,0xe5,0x53,0xe3,0x21,0x43,0x2a,0x23,0x2a,
    0x23,0x2a,0x43,0x2a,0x23,0x2a,0x00,0x00,0xa0,0x52,0x00,0x00,0x00,0x00,0x00,0x00,0x00,0x00,0x00,0x00,0x00,0x00,0x00,0x00,
    0x00,0x00,0x00,0x00,0x00,0x00,0x00,0x00,0x00,0x00,0x00,0x00,0x00,0x00,0x00,0x00,0x00,0x00,0x00,0x00,0x00,0x00,0x00,0x00,
    0x00,0x00,0x00,0x00,0x00,0x00,0x00,0x00,0x00,0x00,0x00,0x00,0x00,0x00,0x00,0x00,0x00,0x00,0x00,0x00,0x00,0x00,0x00,0x00,
    0x00,0x00,0x00,0x00,0x00,0x00,0x00,0x00,0x00,0x00,0x00,0x00,0x00,0x00,0x00,0x00,0x22,0x2a,0x23,0x2a,0x43,0x2a,0x23,0x2a,
    0x23,0x2a,0x23,0x2a,0x63,0x32,0x68,0x75,0xa8,0x7d,0xa8,0x7d,0x67,0x75,0x6e,0xae,0x96,0xef,0x75,0xe7,0x75,0xe7,0x75,0xe7,
    0x75,0xe7,0x75,0xe7,0x75,0xe7,0x75,0xe7,0x75,0xe7,0x75,0xe7,0x75,0xe7,0x75,0xe7,0x75,0xe7,0x75,0xe7,0x75,0xe7,0x75,0xe7,
    0x75,0xe7,0x75,0xe7,0x75,0xe7,0x75,0xe7,0x75,0xe7,0x75,0xe7,0x75,0xe7,0x75,0xe7,0x75,0xe7,0x75,0xe7,0x75,0xe7,0x75,0xe7,
    0x75,0xe7,0x75,0xe7,0x75,0xe7,0x75,0xe7,0x75,0xe7,0x75,0xe7,0x75,0xe7,0x75,0xe7,0x75,0xe7,0x75,0xe7,0x75,0xe7,0x75,0xe7,
    0x75,0xe7,0x75,0xe7,0x75,0xe7,0x75,0xe7,0x75,0xe7,0x75,0xe7,0x75,0xe7,0x75,0xe7,0x75,0xe7,0x75,0xe7,0x75,0xe7,0x75,0xe7,
    0x75,0xe7,0x75,0xe7,0x75,0xe7,0x75,0xe7,0x75,0xe7,0x75,0xe7,0x75,0xe7,0x75,0xe7,0x75,0xe7,0x75,0xe7,0x75,0xe7,0x75,0xe7,
    0x75,0xe7,0x75,0xe7,0x96,0xef,0x6e,0xae,0x67,0x75,0xa8,0x7d,0xa8,0x7d,0x68,0x75,0x63,0x32,0x23,0x2a,0x23,0x2a,0x23,0x2a,
    0x43,0x2a,0x23,0x2a,0x22,0x2a,0x00,0x00,0x00,0x00,0x00,0x00,0x00,0x00,0x00,0x00,0x00,0x00,0x00,0x00,0x00,0x00,0x00,0x00,
    0x00,0x00,0x00,0x00,0x00,0x00,0x00,0x00,0x00,0x00,0x00,0x00,0x00,0x00,0x00,0x00,0x00,0x00,0x00,0x00,0x00,0x00,0x00,0x00,
    0x00,0x00,0x00,0x00,0x00,0x00,0x00,0x00,0x00,0x00,0x00,0x00,0x00,0x00,0x00,0x00,0x00,0x00,0x00,0x00,0x00,0x00,0x00,0x00,
    0x00,0x00,0x00,0x00,0x00,0x00,0x00,0x00,0x00,0x00,0xa0,0x52,0x00,0x00,0x23,0x2a,0x43,0x2a,0x23,0x2a,0x23,0x2a,0x43,0x2a,
    0xe3,0x21,0xe5,0x53,0xc8,0x85,0x88,0x7d,0x88,0x7d,0x88,0x7d,0x33,0xd7,0x95,0xef,0x75,0xe7,0x75,0xe7,0x75,0xe7,0x75,0xe7,
    0x75,0xe7,0x75,0xe7,0x75,0xe7,0x75,0xe7,0x75,0xe7,0x75,0xe7,0x75,0xe7,0x75,0xe7,0x75,0xe7,0x75,0xe7,0x75,0xe7,0x75,0xe7,
    0x75,0xe7,0x75,0xe7,0x75,0xe7,0x75,0xe7,0x75,0xe7,0x75,0xe7,0x75,0xe7,0x75,0xe7,0x75,0xe7,0x75,0xe7,0x75,0xe7,0x75,0xe7,
    0x75,0xe7,0x75,0xe7,0x75,0xe7,0x75,0xe7,0x75,0xe7,0x75,0xe7,0x75,0xe7,0x75,0xe7,0x75,0xe7,0x75,0xe7,0x75,0xe7,0x75,0xe7,
    0x75,0xe7,0x75,0xe7,0x75,0xe7,0x75,0xe7,0x75,0xe7,0x75,0xe7,0x75,0xe7,0x75,0xe7,0x75,0xe7,0x75,0xe7,0x75,0xe7,0x75,0xe7,
    0x75,0xe7,0x75,0xe7,0x75,0xe7,0x75,0xe7,0x75,0xe7,0x75,0xe7,0x75,0xe7,0x75,0xe7,0x75,0xe7,0x75,0xe7,0x75,0xe7,0x75,0xe7,
    0x75,0xe7,0x95,0xef,0x33,0xd7,0x88,0x7d,0x88,0x7d,0x88,0x7d,0xc8,0x85,0xe5,0x53,0xe3,0x21,0x43,0x2a,0x23,0x2a,0x23,0x2a,
    0x43,0x2a,0x23,0x2a,0x00,0x00,0xa0,0x52,0x00,0x00,0x00,0x00,0x00,0x00,0x00,0x00,0x00,0x00,0x00,0x00,0x00,0x00,0x00,0x00,
    0x00,0x00,0x00,0x00,0x00,0x00,0x00,0x00,0x00,0x00,0x00,0x00,0x00,0x00,0x00,0x00,0x00,0x00,0x00,0x00,0x00,0x00,0x00,0x00,
    0x00,0x00,0x00,0x00,0x00,0x00,0x00,0x00,0x00,0x00,0x00,0x00,0x00,0x00,0x00,0x00,0x00,0x00,0x00,0x00,0x00,0x00,0x00,0x00,
    0x00,0x00,0x00,0x00,0x00,0x00,0x00,0x00,0xe0,0x03,0xa0,0x52,0x23,0x2a,0x43,0x2a,0x23,0x2a,0x23,0x2a,0x23,0x2a,0x43,0x2a,
    0x47,0x75,0xa8,0x7d,0x88,0x7d,0x87,0x75,0x4d,0xa6,0x96,0xef,0x75,0xe7,0x75,0xe7,0x75,0xe7,0x75,0xe7,0x75,0xe7,0x75,0xe7,
    0x75,0xe7,0x75,0xe7,0x75,0xe7,0x75,0xe7,0x75,0xe7,0x75,0xe7,0x75,0xe7,0x75,0xe7,0x75,0xe7,0x75,0xe7,0x75,0xe7,0x75,0xe7,
    0x75,0xe7,0x75,0xe7,0x75,0xe7,0x75,0xe7,0x75,0xe7,0x75,0xe7,0x75,0xe7,0x75,0xe7,0x75,0xe7,0x75,0xe7,0x75,0xe7,0x75,0xe7,
    0x75,0xe7,0x75,0xe7,0x75,0xe7,0x75,0xe7,0x75,0xe7,0x75,0xe7,0x75,0xe7,0x75,0xe7,0x75,0xe7,0x75,0xe7,0x75,0xe7,0x75,0xe7,
    0x75,0xe7,0x75,0xe7,0x75,0xe7,0x75,0xe7,0x75,0xe7,0x75,0xe7,0x75,0xe7,0x75,0xe7,0x75,0xe7,0x75,0xe7,0x75,0xe7,0x75,0xe7,
    0x75,0xe7,0x75,0xe7,0x75,0xe7,0x75,0xe7,0x75,0xe7,0x75,0xe7,0x75,0xe7,0x75,0xe7,0x75,0xe7,0x75,0xe7,0x75,0xe7,0x75,0xe7,
    0x75,0xe7,0x96,0xef,0x4d,0xa6,0x87,0x75,0x88,0x7d,0xa8,0x7d,0x47,0x75,0x43,0x2a,0x23,0x2a,0x23,0x2a,0x23,0x2a,0x43,0x2a,
    0x23,0x2a,0xa0,0x52,0xe0,0x03,0x00,0x00,0x00,0x00,0x00,0x00,0x00,0x00,0x00,0x00,0x00,0x00,0x00,0x00,0x00,0x00,0x00,0x00,
    0x00,0x00,0x00,0x00,0x00,0x00,0x00,0x00,0x00,0x00,0x00,0x00,0x00,0x00,0x00,0x00,0x00,0x00,0x00,0x00,0x00,0x00,0x00,0x00,
    0x00,0x00,0x00,0x00,0x00,0x00,0x00,0x00,0x00,0x00,0x00,0x00,0x00,0x00,0x00,0x00,0x00,0x00,0x00,0x00,0x00,0x00,0x00,0x00,
    0x00,0x00,0x00,0x00,0x00,0x00,0x00,0x00,0x63,0x32,0x23,0x2a,0x23,0x2a,0x23,0x2a,0x23,0x2a,0x03,0x22,0x24,0x43,0xc8,0x85,
    0x88,0x7d,0xa8,0x7d,0x67,0x75,0xf1,0xc6,0x96,0xef,0x75,0xe7,0x75,0xe7,0x75,0xe7,0x75,0xe7,0x75,0xe7,0x75,0xe7,0x75,0xe7,
    0x75,0xe7,0x75,0xe7,0x75,0xe7,0x75,0xe7,0x75,0xe7,0x75,0xe7,0x75,0xe7,0x75,0xe7,0x75,0xe7,0x75,0xe7,0x75,0xe7,0x75,0xe7,
    0x75,0xe7,0x75,0xe7,0x75,0xe7,0x75,0xe7,0x75,0xe7,0x75,0xe7,0x75,0xe7,0x75,0xe7,0x75,0xe7,0x75,0xe7,0x75,0xe7,0x75,0xe7,
    0x75,0xe7,0x75,0xe7,0x75,0xe7,0x75,0xe7,0x75,0xe7,0x75,0xe7,0x75,0xe7,0x75,0xe7,0x75,0xe7,0x75,0xe7,0x75,0xe7,0x75,0xe7,
    0x75,0xe7,0x75,0xe7,0x75,0xe7,0x75,0xe7,0x75,0xe7,0x75,0xe7,0x75,0xe7,0x75,0xe7,0x75,0xe7,0x75,0xe7,0x75,0xe7,0x75,0xe7,
    0x75,0xe7,0x75,0xe7,0x75,0xe7,0x75,0xe7,0x75,0xe7,0x75,0xe7,0x75,0xe7,0x75,0xe7,0x75,0xe7,0x75,0xe7,0x75,0xe7,0x75,0xe7,
    0x96,0xef,0xf1,0xc6,0x67,0x75,0xa8,0x7d,0x88,0x7d,0xc8,0x85,0x24,0x43,0x03,0x22,0x23,0x2a,0x23,0x2a,0x23,0x2a,0x23,0x2a,
    0x63,0x32,0x00,0x00,0x00,0x00,0x00,0x00,0x00,0x00,0x00,0x00,0x00,0x00,0x00,0x00,0x00,0x00,0x00,0x00,0x00,0x00,0x00,0x00,
    0x00,0x00,0x00,0x00,0x00,0x00,0x00,0x00,0x00,0x00,0x00,0x00,0x00,0x00,0x00,0x00,0x00,0x00,0x00,0x00,0x00,0x00,0x00,0x00,
    0x00,0x00,0x00,0x00,0x00,0x00,0x00,0x00,0x00,0x00,0x00,0x00,0x00,0x00,0x00,0x00,0x00,0x00,0x00,0x00,0x00,0x00,0x00,0x00,
    0x00,0x00,0xe0,0x39,0x00,0x00,0x23,0x2a,0x43,0x2a,0x23,0x2a,0x23,0x2a,0x43,0x2a,0xe3,0x21,0x66,0x5c,0xc8,0x85,0x88,0x7d,
    0x87,0x7d,0xea,0x8d,0x75,0xe7,0x75,0xe7,0x75,0xe7,0x75,0xe7,0x75,0xe7,0x75,0xe7,0x75,0xe7,0x75,0xe7,0x75,0xe7,0x75,0xe7,
    0x75,0xe7,0x75,0xe7,0x75,0xe7,0x75,0xe7,0x75,0xe7,0x75,0xe7,0x75,0xe7,0x75,0xe7,0x75,0xe7,0x75,0xe7,0x75,0xe7,0x75,0xe7,
    0x75,0xe7,0x75,0xe7,0x75,0xe7,0x75,0xe7,0x75,0xe7,0x75,0xe7,0x75,0xe7,0x75,0xe7,0x75,0xe7,0x75,0xe7,0x75,0xe7,0x75,0xe7,
    0x75,0xe7,0x75,0xe7,0x75,0xe7,0x75,0xe7,0x75,0xe7,0x75,0xe7,0x75,0xe7,0x75,0xe7,0x75,0xe7,0x75,0xe7,0x75,0xe7,0x75,0xe7,
    0x75,0xe7,0x75,0xe7,0x75,0xe7,0x75,0xe7,0x75,0xe7,0x75,0xe7,0x75,0xe7,0x75,0xe7,0x75,0xe7,0x75,0xe7,0x75,0xe7,0x75,0xe7,
    0x75,0xe7,0x75,0xe7,0x75,0xe7,0x75,0xe7,0x75,0xe7,0x75,0xe7,0x75,0xe7,0x75,0xe7,0x75,0xe7,0x75,0xe7,0x75,0xe7,0x75,0xe7,
    0x75,0xe7,0xea,0x8d,0x87,0x7d,0x88,0x7d,0xc8,0x85,0x66,0x5c,0xe3,0x21,0x43,0x2a,0x23,0x2a,0x23,0x2a,0x43,0x2a,0x23,0x2a,
    0x00,0x00,0xe0,0x39,0x00,0x00,0x00,0x00,0x00,0x00,0x00,0x00,0x00,0x00,0x00,0x00,0x00,0x00,0x00,0x00,0x00,0x00,0x00,0x00,
    0x00,0x00,0x00,0x00,0x00,0x00,0x00,0x00,0x00,0x00,0x00,0x00,0x00,0x00,0x00,0x00,0x00,0x00,0x00,0x00,0x00,0x00,0x00,0x00,
    0x00,0x00,0x00,0x00,0x00,0x00,0x00,0x00,0x00,0x00,0x00,0x00,0x00,0x00,0x00,0x00,0x00,0x00,0x00,0x00,0x00,0x00,0x00,0x00,
    0xe0,0x03,0x00,0x00,0x23,0x2a,0x43,0x2a,0x23,0x2a,0x23,0x2a,0x03,0x2a,0xa4,0x32,0x88,0x7d,0xa8,0x7d,0xa8,0x7d,0x67,0x75,
    0xb0,0xbe,0x96,0xef,0x75,0xe7,0x75,0xe7,0x75,0xe7,0x75,0xe7,0x75,0xe7,0x75,0xe7,0x75,0xe7,0x75,0xe7,0x75,0xe7,0x75,0xe7,
    0x75,0xe7,0x75,0xe7,0x75,0xe7,0x75,0xe7,0x75,0xe7,0x75,0xe7,0x75,0xe7,0x75,0xe7,0x75,0xe7,0x75,0xe7,0x75,0xe7,0x75,0xe7,
    0x75,0xe7,0x75,0xe7,0x75,0xe7,0x75,0xe7,0x75,0xe7,0x75,0xe7,0x75,0xe7,0x75,0xe7,0x75,0xe7,0x75,0xe7,0x75,0xe7,0x75,0xe7,
    0x75,0xe7,0x75,0xe7,0x75,0xe7,0x75,0xe7,0x75,0xe7,0x75,0xe7,0x75,0xe7,0x75,0xe7,0x75,0xe7,0x75,0xe7,0x75,0xe7,0x75,0xe7,
    0x75,0xe7,0x75,0xe7,0x75,0xe7,0x75,0xe7,0x75,0xe7,0x75,0xe7,0x75,0xe7,0x75,0xe7,0x75,0xe7,0x75,0xe7,0x75,0xe7,0x75,0xe7,
    0x75,0xe7,0x75,0xe7,0x75,0xe7,0x75,0xe7,0x75,0xe7,0x75,0xe7,0x75,0xe7,0x75,0xe7,0x75,0xe7,0x75,0xe7,0x75,0xe7,0x96,0xef,
    0xb0,0xbe,0x67,0x75,0xa8,0x7d,0xa8,0x7d,0x88,0x7d,0xa4,0x32,0x03,0x2a,0x23,0x2a,0x23,0x2a,0x43,0x2a,0x23,0x2a,0x00,0x00,
    0xe0,0x03,0x00,0x00,0x00,0x00,0x00,0x00,0x00,0x00,0x00,0x00,0x00,0x00,0x00,0x00,0x00,0x00,0x00,0x00,0x00,0x00,0x00,0x00,
    0x00,0x00,0x00,0x00,0x00,0x00,0x00,0x00,0x00,0x00,0x00,0x00,0x00,0x00,0x00,0x00,0x00,0x00,0x00,0x00,0x00,0x00,0x00,0x00,
    0x00,0x00,0x00,0x00,0x00,0x00,0x00,0x00,0x00,0x00,0x00,0x00,0x00,0x00,0x00,0x00,0x00,0x00,0x00,0x00,0x00,0x78,0x00,0x00,
    0x43,0x2a,0x23,0x2a,0x23,0x2a,0x23,0x2a,0x43,0x2a,0xe3,0x21,0xa5,0x4b,0xc8,0x85,0x88,0x7d,0x88,0x7d,0xa8,0x85,0x54,0xdf,
    0x75,0xe7,0x75,0xe7,0x75,0xe7,0x75,0xe7,0x75,0xe7,0x75,0xe7,0x75,0xe7,0x75,0xe7,0x75,0xe7,0x75,0xe7,0x75,0xe7,0x75,0xe7,
    0x75,0xe7,0x75,0xe7,0x75,0xe7,0x75,0xe7,0x75,0xe7,0x75,0xe7,0x75,0xe7,0x75,0xe7,0x75,0xe7,0x75,0xe7,0x75,0xe7,0x75,0xe7,
    0x75,0xe7,0x75,0xe7,0x75,0xe7,0x75,0xe7,0x75,0xe7,0x75,0xe7,0x75,0xe7,0x75,0xe7,0x75,0xe7,0x75,0xe7,0x75,0xe7,0x75,0xe7,
    0x75,0xe7,0x75,0xe7,0x75,0xe7,0x75,0xe7,0x75,0xe7,0x75,0xe7,0x75,0xe7,0x75,0xe7,0x75,0xe7,0x75,0xe7,0x75,0xe7,0x75,0xe7,
    0x75,0xe7,0x75,0xe7,0x75,0xe7,0x75,0xe7,0x75,0xe7,0x75,0xe7,0x75,0xe7,0x75,0xe7,0x75,0xe7,0x75,0xe7,0x75,0xe7,0x75,0xe7,
    0x75,0xe7,0x75,0xe7,0x75,0xe7,0x75,0xe7,0x75,0xe7,0x75,0xe7,0x75,0xe7,0x75,0xe7,0x75,0xe7,0x75,0xe7,0x75,0xe7,0x54,0xdf,
    0xa8,0x85,0x88,0x7d,0x88,0x7d,0xc8,0x85,0xa5,0x4b,0xe3,0x21,0x43,0x2a,0x23,0x2a,0x23,0x2a,0x23,0x2a,0x43,0x2a,0x00,0x00,
    0x00,0x78,0x00,0x00,0x00,0x00,0x00,0x00,0x00,0x00,0x00,0x00,0x00,0x00,0x00,0x00,0x00,0x00,0x00,0x00,0x00,0x00,0x00,0x00,
    0x00,0x00,0x00,0x00,0x00,0x00,0x00,0x00,0x00,0x00,0x00,0x00,0x00,0x00,0x00,0x00,0x00,0x00,0x00,0x00,0x00,0x00,0x00,0x00,
    0x00,0x00,0x00,0x00,0x00,0x00,0x00,0x00,0x00,0x00,0x00,0x00,0x00,0x00,0x00,0x00,0x00,0x00,0xa0,0x52,0x00,0x00,0x23,0x2a,
    0x43,0x2a,0x23,0x2a,0x23,0x2a,0x23,0x2a,0xe3,0x21,0x86,0x64,0xc8,0x85,0x88,0x7d,0x87,0x75,0x2c,0x9e,0x96,0xef,0x75,0xe7,
    0x75,0xe7,0x75,0xe7,0x75,0xe7,0x75,0xe7,0x75,0xe7,0x75,0xe7,0x75,0xe7,0x75,0xe7,0x75,0xe7,0x75,0xe7,0x75,0xe7,0x75,0xe7,
    0x75,0xe7,0x75,0xe7,0x75,0xe7,0x75,0xe7,0x75,0xe7,0x75,0xe7,0x75,0xe7,0x75,0xe7,0x75,0xe7,0x75,0xe7,0x75,0xe7,0x75,0xe7,
    0x75,0xe7,0x75,0xe7,0x75,0xe7,0x75,0xe7,0x75,0xe7,0x75,0xe7,0x75,0xe7,0x75,0xe7,0x75,0xe7,0x75,0xe7,0x75,0xe7,0x75,0xe7,
    0x75,0xe7,0x75,0xe7,0x75,0xe7,0x75,0xe7,0x75,0xe7,0x75,0xe7,0x75,0xe7,0x75,0xe7,0x75,0xe7,0x75,0xe7,0x75,0xe7,0x75,0xe7,
    0x75,0xe7,0x75,0xe7,0x75,0xe7,0x75,0xe7,0x75,0xe7,0x75,0xe7,0x75,0xe7,0x75,0xe7,0x75,0xe7,0x75,0xe7,0x75,0xe7,0x75,0xe7,
    0x75,0xe7,0x75,0xe7,0x75,0xe7,0x75,0xe7,0x75,0xe7,0x75,0xe7,0x75,0xe7,0x75,0xe7,0x75,0xe7,0x75,0xe7,0x96,0xef,0x2c,0x9e,
    0x87,0x75,0x88,0x7d,0xc8,0x85,0x86,0x64,0xe3,0x21,0x23,0x2a,0x23,0x2a,0x23,0x2a,0x43,0x2a,0x23,0x2a,0x00,0x00,0xa0,0x52,
    0x00,0x00,0x00,0x00,0x00,0x00,0x00,0x00,0x00,0x00,0x00,0x00,0x00,0x00,0x00,0x00,0x00,0x00,0x00,0x00,0x00,0x00,0x00,0x00,
    0x00,0x00,0x00,0x00,0x00,0x00,0x00,0x00,0x00,0x00,0x00,0x00,0x00,0x00,0x00,0x00,0x00,0x00,0x00,0x00,0x00,0x00,0x00,0x00,
    0x00,0x00,0x00,0x00,0x00,0x00,0x00,0x00,0x00,0x00,0x00,0x00,0x00,0x00,0x00,0x00,0x00,0x00,0xa5,0x2a,0x23,0x2a,0x43,0x2a,
    0x23,0x2a,0x23,0x2a,0x03,0x2a,0xa4,0x3a,0x88,0x7d,0x88,0x7d,0xa8,0x7d,0x67,0x75,0xd0,0xbe,0x96,0xef,0x75,0xe7,0x75,0xe7,
    0x75,0xe7,0x75,0xe7,0x75,0xe7,0x75,0xe7,0x75,0xe7,0x75,0xe7,0x75,0xe7,0x75,0xe7,0x75,0xe7,0x75,0xe7,0x75,0xe7,0x75,0xe7,
    0x75,0xe7,0x75,0xe7,0x75,0xe7,0x75,0xe7,0x75,0xe7,0x75,0xe7,0x75,0xe7,0x75,0xe7,0x75,0xe7,0x75,0xe7,0x75,0xe7,0x75,0xe7,
    0x75,0xe7,0x75,0xe7,0x75,0xe7,0x75,0xe7,0x75,0xe7,0x75,0xe7,0x75,0xe7,0x75,0xe7,0x75,0xe7,0x75,0xe7,0x75,0xe7,0x75,0xe7,
    0x75,0xe7,0x75,0xe7,0x75,0xe7,0x75,0xe7,0x75,0xe7,0x75,0xe7,0x75,0xe7,0x75,0xe7,0x75,0xe7,0x75,0xe7,0x75,0xe7,0x75,0xe7,
    0x75,0xe7,0x75,0xe7,0x75,0xe7,0x75,0xe7,0x75,0xe7,0x75,0xe7,0x75,0xe7,0x75,0xe7,0x75,0xe7,0x75,0xe7,0x75,0xe7,0x75,0xe7,
    0x75,0xe7,0x75,0xe7,0x75,0xe7,0x75,0xe7,0x75,0xe7,0x75,0xe7,0x75,0xe7,0x75,0xe7,0x75,0xe7,0x96,0xef,0xd0,0xbe,0x67,0x75,
    0xa8,0x7d,0x88,0x7d,0x88,0x7d,0xa4,0x3a,0x03,0x2a,0x23,0x2a,0x23,0x2a,0x43,0x2a,0x23,0x2a,0xa5,0x2a,0x00,0x00,0x00,0x00,
    0x00,0x00,0x00,0x00,0x00,0x00,0x00,0x00,0x00,0x00,0x00,0x00,0x00,0x00,0x00,0x00,0x00,0x00,0x00,0x00,0x00,0x00,0x00,0x00,
    0x00,0x00,0x00,0x00,0x00,0x00,0x00,0x00,0x00,0x00,0x00,0x00,0x00,0x00,0x00,0x00,0x00,0x00,0x00,0x00,0x00,0x00,0x00,0x00,
    0x00,0x00,0x00,0x00,0x00,0x00,0x00,0x00,0x00,0x00,0x00,0x00,0x00,0x00,0x00,0x00,0x23,0x2a,0x23,0x2a,0x23,0x2a,0x23,0x2a,
    0x43,0x2a,0xe3,0x21,0x46,0x5c,0xc8,0x85,0x88,0x7d,0x87,0x7d,0xea,0x8d,0x75,0xe7,0x75,0xe7,0x75,0xe7,0x75,0xe7,0x75,0xe7,
    0x75,0xe7,0x75,0xe7,0x75,0xe7,0x75,0xe7,0x75,0xe7,0x75,0xe7,0x75,0xe7,0x75,0xe7,0x75,0xe7,0x75,0xe7,0x75,0xe7,0x75,0xe7,
    0x75,0xe7,0x75,0xe7,0x75,0xe7,0x75,0xe7,0x75,0xe7,0x75,0xe7,0x75,0xe7,0x75,0xe7,0x75,0xe7,0x75,0xe7,0x75,0xe7,0x75,0xe7,
    0x75,0xe7,0x75,0xe7,0x75,0xe7,0x75,0xe7,0x75,0xe7,0x75,0xe7,0x75,0xe7,0x75,0xe7,0x75,0xe7,0x75,0xe7,0x75,0xe7,0x75,0xe7,
    0x75,0xe7,0x75,0xe7,0x75,0xe7,0x75,0xe7,0x75,0xe7,0x75,0xe7,0x75,0xe7,0x75,0xe7,0x75,0xe7,0x75,0xe7,0x75,0xe7,0x75,0xe7,
    0x75,0xe7,0x75,0xe7,0x75,0xe7,0x75,0xe7,0x75,0xe7,0x75,0xe7,0x75,0xe7,0x75,0xe7,0x75,0xe7,0x75,0xe7,0x75,0xe7,0x75,0xe7,
    0x75,0xe7,0x75,0xe7,0x75,0xe7,0x75,0xe7,0x75,0xe7,0x75,0xe7,0x75,0xe7,0x75,0xe7,0x75,0xe7,0x75,0xe7,0xea,0x8d,0x87,0x7d,
    0x88,0x7d,0xc8,0x85,0x46,0x5c,0xe3,0x21,0x43,0x2a,0x23,0x2a,0x23,0x2a,0x23,0x2a,0x23,0x2a,0x00,0x00,0x00,0x00,0x00,0x00,
    0x00,0x00,0x00,0x00,0x00,0x00,0x00,0x00,0x00,0x00,0x00,0x00,0x00,0x00,0x00,0x00,0x00,0x00,0x00,0x00,0x00,0x00,0x00,0x00,
    0x00,0x00,0x00,0x00,0x00,0x00,0x00,0x00,0x00,0x00,0x00,0x00,0x00,0x00,0x00,0x00,0x00,0x00,0x00,0x00,0x00,0x00,0x00,0x00,
    0x00,0x00,0x00,0x00,0x00,0x00,0x00,0x00,0x00,0x00,0xe0,0x39,0x00,0x00,0x23,0x2a,0x43,0x2a,0x23,0x2a,0x23,0x2a,0x23,0x2a,
    0x23,0x2a,0x07,0x75,0xa8,0x7d,0x88,0x7d,0x67,0x75,0xaf,0xb6,0x96,0xef,0x75,0xe7,0x75,0xe7,0x75,0xe7,0x75,0xe7,0x75,0xe7,
    0x75,0xe7,0x75,0xe7,0x75,0xe7,0x75,0xe7,0x75,0xe7,0x75,0xe7,0x75,0xe7,0x75,0xe7,0x75,0xe7,0x75,0xe7,0x75,0xe7,0x75,0xe7,
    0x75,0xe7,0x75,0xe7,0x75,0xe7,0x75,0xe7,0x75,0xe7,0x75,0xe7,0x75,0xe7,0x75,0xe7,0x75,0xe7,0x75,0xe7,0x75,0xe7,0x75,0xe7,
    0x75,0xe7,0x75,0xe7,0x75,0xe7,0x75,0xe7,0x75,0xe7,0x75,0xe7,0x75,0xe7,0x75,0xe7,0x75,0xe7,0x75,0xe7,0x75,0xe7,0x75,0xe7,
    0x75,0xe7,0x75,0xe7,0x75,0xe7,0x75,0xe7,0x75,0xe7,0x75,0xe7,0x75,0xe7,0x75,0xe7,0x75,0xe7,0x75,0xe7,0x75,0xe7,0x75,0xe7,
    0x75,0xe7,0x75,0xe7,0x75,0xe7,0x75,0xe7,0x75,0xe7,0x75,0xe7,0x75,0xe7,0x75,0xe7,0x75,0xe7,0x75,0xe7,0x75,0xe7,0x75,0xe7,
    0x75,0xe7,0x75,0xe7,0x75,0xe7,0x75,0xe7,0x75,0xe7,0x75,0xe7,0x75,0xe7,0x75,0xe7,0x96,0xef,0xaf,0xb6,0x67,0x75,0x88,0x7d,
    0xa8,0x7d,0x07,0x75,0x23,0x2a,0x23,0x2a,0x23,0x2a,0x23,0x2a,0x43,0x2a,0x23,0x2a,0x00,0x00,0xe0,0x39,0x00,0x00,0x00,0x00,
    0x00,0x00,0x00,0x00,0x00,0x00,0x00,0x00,0x00,0x00,0x00,0x00,0x00,0x00,0x00,0x00,0x00,0x00,0x00,0x00,0x00,0x00,0x00,0x00,
    0x00,0x00,0x00,0x00,0x00,0x00,0x00,0x00,0x00,0x00,0x00,0x00,0x00,0x00,0x00,0x00,0x00,0x00,0x00,0x00,0x00,0x00,0x00,0x00,
    0x00,0x00,0x00,0x00,0x00,0x00,0x00,0x00,0xa0,0x02,0x00,0x00,0x23,0x2a,0x43,0x2a,0x23,0x2a,0x23,0x2a,0x03,0x2a,0xe4,0x3a,
    0xa8,0x7d,0x88,0x7d,0x88,0x7d,0x88,0x7d,0x33,0xd7,0x95,0xef,0x75,0xe7,0x75,0xe7,0x75,0xe7,0x75,0xe7,0x75,0xe7,0x75,0xe7,
    0x75,0xe7,0x75,0xe7,0x75,0xe7,0x75,0xe7,0x75,0xe7,0x75,0xe7,0x75,0xe7,0x75,0xe7,0x75,0xe7,0x75,0xe7,0x75,0xe7,0x75,0xe7,
    0x75,0xe7,0x75,0xe7,0x75,0xe7,0x75,0xe7,0x75,0xe7,0x75,0xe7,0x75,0xe7,0x75,0xe7,0x75,0xe7,0x75,0xe7,0x75,0xe7,0x75,0xe7,
    0x75,0xe7,0x75,0xe7,0x75,0xe7,0x75,0xe7,0x75,0xe7,0x75,0xe7,0x75,0xe7,0x75,0xe7,0x75,0xe7,0x75,0xe7,0x75,0xe7,0x75,0xe7,
    0x75,0xe7,0x75,0xe7,0x75,0xe7,0x75,0xe7,0x75,0xe7,0x75,0xe7,0x75,0xe7,0x75,0xe7,0x75,0xe7,0x75,0xe7,0x75,0xe7,0x75,0xe7,
    0x75,0xe7,0x75,0xe7,0x75,0xe7,0x75,0xe7,0x75,0xe7,0x75,0xe7,0x75,0xe7,0x75,0xe7,0x75,0xe7,0x75,0xe7,0x75,0xe7,0x75,0xe7,
    0x75,0xe7,0x75,0xe7,0x75,0xe7,0x75,0xe7,0x75,0xe7,0x75,0xe7,0x75,0xe7,0x95,0xef,0x33,0xd7,0x88,0x7d,0x88,0x7d,0x88,0x7d,
    0xa8,0x7d,0xe4,0x3a,0x03,0x2a,0x23,0x2a,0x23,0x2a,0x43,0x2a,0x23,0x2a,0x00,0x00,0xa0,0x02,0x00,0x00,0x00,0x00,0x00,0x00,
    0x00,0x00,0x00,0x00,0x00,0x00,0x00,0x00,0x00,0x00,0x00,0x00,0x00,0x00,0x00,0x00,0x00,0x00,0x00,0x00,0x00,0x00,0x00,0x00,
    0x00,0x00,0x00,0x00,0x00,0x00,0x00,0x00,0x00,0x00,0x00,0x00,0x00,0x00,0x00,0x00,0x00,0x00,0x00,0x00,0x00,0x00,0x00,0x00,
    0x00,0x00,0x00,0x00,0x00,0x00,0x00,0x00,0x22,0x2a,0x23,0x2a,0x43,0x2a,0x23,0x2a,0x43,0x2a,0xe3,0x21,0xc5,0x53,0xc8,0x85,
    0x88,0x7d,0x87,0x7d,0xea,0x8d,0x75,0xe7,0x75,0xe7,0x75,0xe7,0x75,0xe7,0x75,0xe7,0x75,0xe7,0x75,0xe7,0x75,0xe7,0x75,0xe7,
    0x75,0xe7,0x75,0xe7,0x75,0xe7,0x75,0xe7,0x75,0xe7,0x75,0xe7,0x75,0xe7,0x75,0xe7,0x75,0xe7,0x75,0xe7,0x75,0xe7,0x75,0xe7,
    0x75,0xe7,0x75,0xe7,0x75,0xe7,0x75,0xe7,0x75,0xe7,0x75,0xe7,0x75,0xe7,0x75,0xe7,0x75,0xe7,0x75,0xe7,0x75,0xe7,0x75,0xe7,
    0x75,0xe7,0x75,0xe7,0x75,0xe7,0x75,0xe7,0x75,0xe7,0x75,0xe7,0x75,0xe7,0x75,0xe7,0x75,0xe7,0x75,0xe7,0x75,0xe7,0x75,0xe7,
    0x75,0xe7,0x75,0xe7,0x75,0xe7,0x75,0xe7,0x75,0xe7,0x75,0xe7,0x75,0xe7,0x75,0xe7,0x75,0xe7,0x75,0xe7,0x75,0xe7,0x75,0xe7,
    0x75,0xe7,0x75,0xe7,0x75,0xe7,0x75,0xe7,0x75,0xe7,0x75,0xe7,0x75,0xe7,0x75,0xe7,0x75,0xe7,0x75,0xe7,0x75,0xe7,0x75,0xe7,
    0x75,0xe7,0x75,0xe7,0x75,0xe7,0x75,0xe7,0x75,0xe7,0x75,0xe7,0x75,0xe7,0x75,0xe7,0xea,0x8d,0x87,0x7d,0x88,0x7d,0xc8,0x85,
    0xc5,0x53,0xe3,0x21,0x43,0x2a,0x23,0x2a,0x43,0x2a,0x23,0x2a,0x22,0x2a,0x00,0x00,0x00,0x00,0x00,0x00,0x00,0x00,0x00,0x00,
    0x00,0x00,0x00,0x00,0x00,0x00,0x00,0x00,0x00,0x00,0x00,0x00,0x00,0x00,0x00,0x00,0x00,0x00,0x00,0x00,0x00,0x00,0x00,0x00,
    0x00,0x00,0x00,0x00,0x00,0x00,0x00,0x00,0x00,0x00,0x00,0x00,0x00,0x00,0x00,0x00,0x00,0x00,0x00,0x00,0x00,0x00,0x00,0x00,
    0x00,0x00,0xa0,0x52,0x00,0x00,0x43,0x2a,0x43,0x2a,0x23,0x2a,0x23,0x2a,0x23,0x2a,0x03,0x22,0xa7,0x64,0xc8,0x85,0x88,0x7d,
    0x67,0x75,0x6e,0xae,0x96,0xef,0x75,0xe7,0x75,0xe7,0x75,0xe7,0x75,0xe7,0x75,0xe7,0x75,0xe7,0x75,0xe7,0x75,0xe7,0x75,0xe7,
    0x75,0xe7,0x75,0xe7,0x75,0xe7,0x75,0xe7,0x75,0xe7,0x75,0xe7,0x75,0xe7,0x75,0xe7,0x75,0xe7,0x75,0xe7,0x75,0xe7,0x75,0xe7,
    0x75,0xe7,0x75,0xe7,0x75,0xe7,0x75,0xe7,0x75,0xe7,0x75,0xe7,0x75,0xe7,0x75,0xe7,0x75,0xe7,0x75,0xe7,0x75,0xe7,0x75,0xe7,
    0x75,0xe7,0x75,0xe7,0x75,0xe7,0x75,0xe7,0x75,0xe7,0x75,0xe7,0x75,0xe7,0x75,0xe7,0x75,0xe7,0x75,0xe7,0x75,0xe7,0x75,0xe7,
    0x75,0xe7,0x75,0xe7,0x75,0xe7,0x75,0xe7,0x75,0xe7,0x75,0xe7,0x75,0xe7,0x75,0xe7,0x75,0xe7,0x75,0xe7,0x75,0xe7,0x75,0xe7,
    0x75,0xe7,0x75,0xe7,0x75,0xe7,0x75,0xe7,0x75,0xe7,0x75,0xe7,0x75,0xe7,0x75,0xe7,0x75,0xe7,0x75,0xe7,0x75,0xe7,0x75,0xe7,
    0x75,0xe7,0x75,0xe7,0x75,0xe7,0x75,0xe7,0x75,0xe7,0x75,0xe7,0x96,0xef,0x6e,0xae,0x67,0x75,0x88,0x7d,0xc8,0x85,0xa7,0x64,
    0x03,0x22,0x23,0x2a,0x23,0x2a,0x23,0x2a,0x43,0x2a,0x43,0x2a,0x00,0x00,0xa0,0x52,0x00,0x00,0x00,0x00,0x00,0x00,0x00,0x00,
    0x00,0x00,0x00,0x00,0x00,0x00,0x00,0x00,0x00,0x00,0x00,0x00,0x00,0x00,0x00,0x00,0x00,0x00,0x00,0x00,0x00,0x00,0x00,0x00,
    0x00,0x00,0x00,0x00,0x00,0x00,0x00,0x00,0x00,0x00,0x00,0x00,0x00,0x00,0x00,0x00,0x00,0x00,0x00,0x00,0x00,0x00,0x00,0x00,
    0xa0,0x52,0xe0,0x03,0x23,0x2a,0x43,0x2a,0x23,0x2a,0x23,0x2a,0x03,0x2a,0x83,0x32,0x68,0x7d,0xa8,0x7d,0x88,0x7d,0x87,0x7d,
    0x12,0xcf,0x96,0xef,0x75,0xe7,0x75,0xe7,0x75,0xe7,0x75,0xe7,0x75,0xe7,0x75,0xe7,0x75,0xe7,0x75,0xe7,0x75,0xe7,0x75,0xe7,
    0x75,0xe7,0x75,0xe7,0x75,0xe7,0x75,0xe7,0x75,0xe7,0x75,0xe7,0x75,0xe7,0x75,0xe7,0x75,0xe7,0x75,0xe7,0x75,0xe7,0x75,0xe7,
    0x75,0xe7,0x75,0xe7,0x75,0xe7,0x75,0xe7,0x75,0xe7,0x75,0xe7,0x75,0xe7,0x75,0xe7,0x75,0xe7,0x75,0xe7,0x75,0xe7,0x75,0xe7,
    0x75,0xe7,0x75,0xe7,0x75,0xe7,0x75,0xe7,0x75,0xe7,0x75,0xe7,0x75,0xe7,0x75,0xe7,0x75,0xe7,0x75,0xe7,0x75,0xe7,0x75,0xe7,
    0x75,0xe7,0x75,0xe7,0x75,0xe7,0x75,0xe7,0x75,0xe7,0x75,0xe7,0x75,0xe7,0x75,0xe7,0x75,0xe7,0x75,0xe7,0x75,0xe7,0x75,0xe7,
    0x75,0xe7,0x75,0xe7,0x75,0xe7,0x75,0xe7,0x75,0xe7,0x75,0xe7,0x75,0xe7,0x75,0xe7,0x75,0xe7,0x75,0xe7,0x75,0xe7,0x75,0xe7,
    0x75,0xe7,0x75,0xe7,0x75,0xe7,0x75,0xe7,0x75,0xe7,0x96,0xef,0x12,0xcf,0x87,0x7d,0x88,0x7d,0xa8,0x7d,0x68,0x7d,0x83,0x32,
    0x03,0x2a,0x23,0x2a,0x23,0x2a,0x43,0x2a,0x23,0x2a,0xe0,0x03,0xa0,0x52,0x00,0x00,0x00,0x00,0x00,0x00,0x00,0x00,0x00,0x00,
    0x00,0x00,0x00,0x00,0x00,0x00,0x00,0x00,0x00,0x00,0x00,0x00,0x00,0x00,0x00,0x00,0x00,0x00,0x00,0x00,0x00,0x00,0x00,0x00,
    0x00,0x00,0x00,0x00,0x00,0x00,0x00,0x00,0x00,0x00,0x00,0x00,0x00,0x00,0x00,0x00,0x00,0x00,0x00,0x00,0x00,0x00,0x00,0x00,
    0x64,0x22,0x23,0x2a,0x23,0x2a,0x23,0x2a,0x43,0x2a,0xe3,0x21,0x85,0x4b,0xc8,0x85,0x88,0x7d,0x87,0x7d,0xea,0x8d,0x75,0xe7,
    0x75,0xe7,0x75,0xe7,0x75,0xe7,0x75,0xe7,0x75,0xe7,0x75,0xe7,0x75,0xe7,0x75,0xe7,0x75,0xe7,0x75,0xe7,0x75,0xe7,0x75,0xe7,
    0x75,0xe7,0x75,0xe7,0x75,0xe7,0x75,0xe7,0x75,0xe7,0x75,0xe7,0x75,0xe7,0x75,0xe7,0x75,0xe7,0x75,0xe7,0x75,0xe7,0x75,0xe7,
    0x75,0xe7,0x75,0xe7,0x75,0xe7,0x75,0xe7,0x75,0xe7,0x75,0xe7,0x75,0xe7,0x75,0xe7,0x75,0xe7,0x75,0xe7,0x75,0xe7,0x75,0xe7,
    0x55,0xe7,0x55,0xe7,0x55,0xe7,0x55,0xe7,0x55,0xe7,0x75,0xe7,0x75,0xe7,0x75,0xe7,0x75,0xe7,0x75,0xe7,0x75,0xe7,0x75,0xe7,
    0x75,0xe7,0x75,0xe7,0x75,0xe7,0x75,0xe7,0x75,0xe7,0x75,0xe7,0x75,0xe7,0x75,0xe7,0x75,0xe7,0x75,0xe7,0x75,0xe7,0x75,0xe7,
    0x75,0xe7,0x75,0xe7,0x75,0xe7,0x75,0xe7,0x75,0xe7,0x75,0xe7,0x75,0xe7,0x75,0xe7,0x75,0xe7,0x75,0xe7,0x75,0xe7,0x75,0xe7,
    0x75,0xe7,0x75,0xe7,0x75,0xe7,0x75,0xe7,0x75,0xe7,0x75,0xe7,0xea,0x8d,0x87,0x7d,0x88,0x7d,0xc8,0x85,0x85,0x4b,0xe3,0x21,
    0x43,0x2a,0x23,0x2a,0x23,0x2a,0x23,0x2a,0x64,0x22,0x00,0x00,0x00,0x00,0x00,0x00,0x00,0x00,0x00,0x00,0x00,0x00,0x00,0x00,
    0x00,0x00,0x00,0x00,0x00,0x00,0x00,0x00,0x00,0x00,0x00,0x00,0x00,0x00,0x00,0x00,0x00,0x00,0x00,0x00,0x00,0x00,0x00,0x00,
    0x00,0x00,0x00,0x00,0x00,0x00,0x00,0x00,0x00,0x00,0x00,0x00,0x00,0x00,0x00,0x00,0x00,0x00,0xe0,0x03,0x00,0x00,0x23,0x2a,
    0x23,0x2a,0x23,0x2a,0x23,0x2a,0x43,0x2a,0xe3,0x21,0x86,0x64,0xc8,0x85,0x88,0x7d,0x87,0x75,0x2c,0x9e,0x96,0xef,0x75,0xe7,
    0x75,0xe7,0x75,0xe7,0x75,0xe7,0x75,0xe7,0x75,0xe7,0x75,0xe7,0x75,0xe7,0x75,0xe7,0x75,0xe7,0x75,0xe7,0x75,0xe7,0x75,0xe7,
    0x75,0xe7,0x75,0xe7,0x75,0xe7,0x75,0xe7,0x75,0xe7,0x75,0xe7,0x75,0xe7,0x75,0xe7,0x75,0xe7,0x75,0xe7,0x75,0xe7,0x75,0xe7,
    0x75,0xe7,0x75,0xe7,0x75,0xe7,0x75,0xe7,0x75,0xe7,0x75,0xe7,0x55,0xe7,0x75,0xe7,0x95,0xe7,0xb6,0xef,0xb6,0xef,0xd6,0xef,
    0xd6,0xef,0xd6,0xef,0xd6,0xef,0xd6,0xef,0xb6,0xef,0xb6,0xef,0x95,0xe7,0x75,0xe7,0x55,0xe7,0x75,0xe7,0x75,0xe7,0x75,0xe7,
    0x75,0xe7,0x75,0xe7,0x75,0xe7,0x75,0xe7,0x75,0xe7,0x75,0xe7,0x75,0xe7,0x75,0xe7,0x75,0xe7,0x75,0xe7,0x75,0xe7,0x75,0xe7,
    0x75,0xe7,0x75,0xe7,0x75,0xe7,0x75,0xe7,0x75,0xe7,0x75,0xe7,0x75,0xe7,0x75,0xe7,0x75,0xe7,0x75,0xe7,0x75,0xe7,0x75,0xe7,
    0x75,0xe7,0x75,0xe7,0x75,0xe7,0x75,0xe7,0x96,0xef,0x2c,0x9e,0x87,0x75,0x88,0x7d,0xc8,0x85,0x86,0x64,0xe3,0x21,0x43,0x2a,
    0x23,0x2a,0x23,0x2a,0x23,0x2a,0x23,0x2a,0x00,0x00,0xe0,0x03,0x00,0x00,0x00,0x00,0x00,0x00,0x00,0x00,0x00,0x00,0x00,0x00,
    0x00,0x00,0x00,0x00,0x00,0x00,0x00,0x00,0x00,0x00,0x00,0x00,0x00,0x00,0x00,0x00,0x00,0x00,0x00,0x00,0x00,0x00,0x00,0x00,
    0x00,0x00,0x00,0x00,0x00,0x00,0x00,0x00,0x00,0x00,0x00,0x00,0x00,0x00,0x00,0x00,0xa0,0x52,0x00,0x00,0x23,0x2a,0x43,0x2a,
    0x23,0x2a,0x23,0x2a,0x23,0x2a,0x43,0x2a,0x47,0x75,0xa8,0x7d,0xa8,0x7d,0x67,0x75,0x8f,0xb6,0x96,0xef,0x75,0xe7,0x75,0xe7,
    0x75,0xe7,0x75,0xe7,0x75,0xe7,0x75,0xe7,0x75,0xe7,0x75,0xe7,0x75,0xe7,0x75,0xe7,0x75,0xe7,0x75,0xe7,0x75,0xe7,0x75,0xe7,
    0x75,0xe7,0x75,0xe7,0x75,0xe7,0x75,0xe7,0x75,0xe7,0x75,0xe7,0x75,0xe7,0x75,0xe7,0x75,0xe7,0x75,0xe7,0x75,0xe7,0x75,0xe7,
    0x75,0xe7,0x75,0xe7,0x55,0xe7,0x75,0xe7,0xb6,0xef,0xd6,0xef,0xb6,0xef,0x34,0xdf,0x72,0xce,0x10,0xc6,0xed,0xb4,0xcd,0xac,
    0xed,0xac,0xcd,0xac,0xed,0xb4,0x10,0xc6,0x72,0xce,0x34,0xdf,0xb6,0xef,0xd6,0xef,0xb6,0xef,0x75,0xe7,0x55,0xe7,0x75,0xe7,
    0x75,0xe7,0x75,0xe7,0x75,0xe7,0x75,0xe7,0x75,0xe7,0x75,0xe7,0x75,0xe7,0x75,0xe7,0x75,0xe7,0x75,0xe7,0x75,0xe7,0x75,0xe7,
    0x75,0xe7,0x75,0xe7,0x75,0xe7,0x75,0xe7,0x75,0xe7,0x75,0xe7,0x75,0xe7,0x75,0xe7,0x75,0xe7,0x75,0xe7,0x75,0xe7,0x75,0xe7,
    0x75,0xe7,0x75,0xe7,0x75,0xe7,0x96,0xef,0x8f,0xb6,0x67,0x75,0xa8,0x7d,0xa8,0x7d,0x47,0x75,0x43,0x2a,0x23,0x2a,0x23,0x2a,
    0x23,0x2a,0x43,0x2a,0x23,0x2a,0x00,0x00,0xa0,0x52,0x00,0x00,0x00,0x00,0x00,0x00,0x00,0x00,0x00,0x00,0x00,0x00,0x00,0x00,
    0x00,0x00,0x00,0x00,0x00,0x00,0x00,0x00,0x00,0x00,0x00,0x00,0x00,0x00,0x00,0x00,0x00,0x00,0x00,0x00,0x00,0x00,0x00,0x00,
    0x00,0x00,0x00,0x00,0x00,0x00,0x00,0x00,0x00,0x00,0x00,0x00,0x00,0x00,0xe0,0x39,0x00,0x00,0x23,0x2a,0x43,0x2a,0x23,0x2a,
    0x23,0x2a,0x03,0x22,0x04,0x43,0xc8,0x85,0x88,0x7d,0xa8,0x7d,0x87,0x7d,0x12,0xcf,0x96,0xef,0x75,0xe7,0x75,0xe7,0x75,0xe7,
    0x75,0xe7,0x75,0xe7,0x75,0xe7,0x75,0xe7,0x75,0xe7,0x75,0xe7,0x75,0xe7,0x75,0xe7,0x75,0xe7,0x75,0xe7,0x75,0xe7,0x75,0xe7,
    0x75,0xe7,0x75,0xe7,0x75,0xe7,0x75,0xe7,0x75,0xe7,0x75,0xe7,0x75,0xe7,0x75,0xe7,0x75,0xe7,0x75,0xe7,0x75,0xe7,0x55,0xe7,
    0x95,0xe7,0xd6,0xef,0x95,0xef,0x51,0xce,0xcd,0xac,0xa9,0x93,0xa6,0x82,0x24,0x7a,0x04,0x72,0xe4,0x71,0xe3,0x71,0xe3,0x71,
    0xe3,0x71,0xe4,0x71,0x04,0x72,0x24,0x7a,0xa6,0x82,0xa9,0x93,0xcd,0xac,0x51,0xce,0x95,0xef,0xd6,0xef,0x95,0xe7,0x55,0xe7,
    0x75,0xe7,0x75,0xe7,0x75,0xe7,0x75,0xe7,0x75,0xe7,0x75,0xe7,0x75,0xe7,0x75,0xe7,0x75,0xe7,0x75,0xe7,0x75,0xe7,0x75,0xe7,
    0x75,0xe7,0x75,0xe7,0x75,0xe7,0x75,0xe7,0x75,0xe7,0x75,0xe7,0x75,0xe7,0x75,0xe7,0x75,0xe7,0x75,0xe7,0x75,0xe7,0x75,0xe7,
    0x75,0xe7,0x75,0xe7,0x96,0xef,0x12,0xcf,0x87,0x7d,0xa8,0x7d,0x88,0x7d,0xc8,0x85,0x04,0x43,0x03,0x22,0x23,0x2a,0x23,0x2a,
    0x43,0x2a,0x23,0x2a,0x00,0x00,0xe0,0x39,0x00,0x00,0x00,0x00,0x00,0x00,0x00,0x00,0x00,0x00,0x00,0x00,0x00,0x00,0x00,0x00,
    0x00,0x00,0x00,0x00,0x00,0x00,0x00,0x00,0x00,0x00,0x00,0x00,0x00,0x00,0x00,0x00,0x00,0x00,0x00,0x00,0x00,0x00,0x00,0x00,
    0x00,0x00,0x00,0x00,0x00,0x00,0x00,0x00,0x00,0x00,0x00,0x00,0xe0,0x07,0xe0,0x03,0x23,0x2a,0x43,0x2a,0x23,0x2a,0x43,0x2a,
    0xe3,0x21,0xc5,0x53,0xc8,0x85,0x88,0x7d,0x87,0x7d,0xea,0x8d,0x75,0xe7,0x75,0xe7,0x75,0xe7,0x75,0xe7,0x75,0xe7,0x75,0xe7,
    0x75,0xe7,0x75,0xe7,0x75,0xe7,0x75,0xe7,0x75,0xe7,0x75,0xe7,0x75,0xe7,0x75,0xe7,0x75,0xe7,0x75,0xe7,0x75,0xe7,0x75,0xe7,
    0x75,0xe7,0x75,0xe7,0x75,0xe7,0x75,0xe7,0x75,0xe7,0x75,0xe7,0x75,0xe7,0x75,0xe7,0x75,0xe7,0x75,0xe7,0xd6,0xef,0x14,0xdf,
    0x6e,0xbd,0x68,0x93,0x24,0x72,0xe3,0x71,0x04,0x72,0x24,0x7a,0x45,0x7a,0x65,0x7a,0x65,0x7a,0x65,0x7a,0x65,0x7a,0x65,0x7a,
    0x65,0x7a,0x65,0x7a,0x45,0x7a,0x24,0x7a,0x04,0x72,0xe3,0x71,0x24,0x72,0x68,0x93,0x6e,0xbd,0x14,0xdf,0xd6,0xef,0x75,0xe7,
    0x75,0xe7,0x75,0xe7,0x75,0xe7,0x75,0xe7,0x75,0xe7,0x75,0xe7,0x75,0xe7,0x75,0xe7,0x75,0xe7,0x75,0xe7,0x75,0xe7,0x75,0xe7,
    0x75,0xe7,0x75,0xe7,0x75,0xe7,0x75,0xe7,0x75,0xe7,0x75,0xe7,0x75,0xe7,0x75,0xe7,0x75,0xe7,0x75,0xe7,0x75,0xe7,0x75,0xe7,
    0x75,0xe7,0x75,0xe7,0x75,0xe7,0xea,0x8d,0x87,0x7d,0x88,0x7d,0xc8,0x85,0xc5,0x53,0xe3,0x21,0x43,0x2a,0x23,0x2a,0x43,0x2a,
    0x23,0x2a,0xe0,0x03,0xe0,0x07,0x00,0x00,0x00,0x00,0x00,0x00,0x00,0x00,0x00,0x00,0x00,0x00,0x00,0x00,0x00,0x00,0x00,0x00,
    0x00,0x00,0x00,0x00,0x00,0x00,0x00,0x00,0x00,0x00,0x00,0x00,0x00,0x00,0x00,0x00,0x00,0x00,0x00,0x00,0x00,0x00,0x00,0x00,
    0x00,0x00,0x00,0x00,0x00,0x00,0x00,0x00,0x00,0x00,0x00,0x00,0x43,0x2a,0x23,0x2a,0x23,0x2a,0x23,0x2a,0x23,0x2a,0x03,0x22,
    0x66,0x64,0xc8,0x85,0x88,0x7d,0x67,0x75,0x6e,0xae,0x96,0xef,0x75,0xe7,0x75,0xe7,0x75,0xe7,0x75,0xe7,0x75,0xe7,0x75,0xe7,
    0x75,0xe7,0x75,0xe7,0x75,0xe7,0x75,0xe7,0x75,0xe7,0x75,0xe7,0x75,0xe7,0x75,0xe7,0x75,0xe7,0x75,0xe7,0x75,0xe7,0x75,0xe7,
    0x75,0xe7,0x75,0xe7,0x75,0xe7,0x75,0xe7,0x75,0xe7,0x75,0xe7,0x55,0xe7,0xb6,0xef,0x95,0xe7,0x4e,0xb5,0xa6,0x82,0xe4,0x71,
    0x04,0x72,0x45,0x7a,0x65,0x7a,0x65,0x7a,0x45,0x7a,0x45,0x7a,0x45,0x7a,0x45,0x7a,0x45,0x7a,0x45,0x7a,0x45,0x7a,0x45,0x7a,
    0x45,0x7a,0x45,0x7a,0x45,0x7a,0x65,0x7a,0x65,0x7a,0x45,0x7a,0x04,0x72,0xe4,0x71,0xa6,0x82,0x4e,0xb5,0x95,0xe7,0xb6,0xef,
    0x55,0xe7,0x75,0xe7,0x75,0xe7,0x75,0xe7,0x75,0xe7,0x75,0xe7,0x75,0xe7,0x75,0xe7,0x75,0xe7,0x75,0xe7,0x75,0xe7,0x75,0xe7,
    0x75,0xe7,0x75,0xe7,0x75,0xe7,0x75,0xe7,0x75,0xe7,0x75,0xe7,0x75,0xe7,0x75,0xe7,0x75,0xe7,0x75,0xe7,0x75,0xe7,0x75,0xe7,
    0x75,0xe7,0x96,0xef,0x6e,0xae,0x67,0x75,0x88,0x7d,0xc8,0x85,0x66,0x64,0x03,0x22,0x23,0x2a,0x23,0x2a,0x23,0x2a,0x23,0x2a,
    0x43,0x2a,0x00,0x00,0x00,0x00,0x00,0x00,0x00,0x00,0x00,0x00,0x00,0x00,0x00,0x00,0x00,0x00,0x00,0x00,0x00,0x00,0x00,0x00,
    0x00,0x00,0x00,0x00,0x00,0x00,0x00,0x00,0x00,0x00,0x00,0x00,0x00,0x00,0x00,0x00,0x00,0x00,0x00,0x00,0x00,0x00,0x00,0x00,
    0x00,0x00,0x00,0x00,0x00,0x00,0xa0,0x52,0x00,0x00,0x23,0x2a,0x43,0x2a,0x23,0x2a,0x23,0x2a,0x23,0x2a,0x23,0x2a,0x07,0x6d,
    0xa8,0x7d,0x88,0x7d,0x67,0x75,0xd0,0xbe,0x96,0xef,0x75,0xe7,0x75,0xe7,0x75,0xe7,0x75,0xe7,0x75,0xe7,0x75,0xe7,0x75,0xe7,
    0x75,0xe7,0x75,0xe7,0x75,0xe7,0x75,0xe7,0x75,0xe7,0x75,0xe7,0x75,0xe7,0x75,0xe7,0x75,0xe7,0x75,0xe7,0x75,0xe7,0x75,0xe7,
    0x75,0xe7,0x75,0xe7,0x75,0xe7,0x75,0xe7,0x75,0xe7,0xd6,0xef,0x11,0xce,0x07,0x8b,0x04,0x72,0x24,0x7a,0x65,0x7a,0x65,0x7a,
    0x45,0x7a,0x45,0x7a,0x45,0x7a,0x45,0x7a,0x45,0x7a,0x45,0x7a,0x45,0x7a,0x45,0x7a,0x45,0x7a,0x45,0x7a,0x45,0x7a,0x45,0x7a,
    0x45,0x7a,0x45,0x7a,0x45,0x7a,0x45,0x7a,0x45,0x7a,0x65,0x7a,0x65,0x7a,0x24,0x7a,0x04,0x72,0x07,0x8b,0x11,0xce,0xd6,0xef,
    0x75,0xe7,0x75,0xe7,0x75,0xe7,0x75,0xe7,0x75,0xe7,0x75,0xe7,0x75,0xe7,0x75,0xe7,0x75,0xe7,0x75,0xe7,0x75,0xe7,0x75,0xe7,
    0x75,0xe7,0x75,0xe7,0x75,0xe7,0x75,0xe7,0x75,0xe7,0x75,0xe7,0x75,0xe7,0x75,0xe7,0x75,0xe7,0x75,0xe7,0x75,0xe7,0x75,0xe7,
    0x96,0xef,0xd0,0xbe,0x67,0x75,0x88,0x7d,0xa8,0x7d,0x07,0x6d,0x23,0x2a,0x23,0x2a,0x23,0x2a,0x23,0x2a,0x43,0x2a,0x23,0x2a,
    0x00,0x00,0xa0,0x52,0x00,0x00,0x00,0x00,0x00,0x00,0x00,0x00,0x00,0x00,0x00,0x00,0x00,0x00,0x00,0x00,0x00,0x00,0x00,0x00,
    0x00,0x00,0x00,0x00,0x00,0x00,0x00,0x00,0x00,0x00,0x00,0x00,0x00,0x00,0x00,0x00,0x00,0x00,0x00,0x00,0x00,0x00,0x00,0x00,
    0x00,0x00,0x00,0x00,0xe0,0x39,0x00,0x00,0x23,0x2a,0x43,0x2a,0x23,0x2a,0x23,0x2a,0x03,0x2a,0xa4,0x3a,0x88,0x7d,0x88,0x7d,
    0x88,0x7d,0x87,0x7d,0x12,0xcf,0x96,0xef,0x75,0xe7,0x75,0xe7,0x75,0xe7,0x75,0xe7,0x75,0xe7,0x75,0xe7,0x75,0xe7,0x75,0xe7,
    0x75,0xe7,0x75,0xe7,0x75,0xe7,0x75,0xe7,0x75,0xe7,0x75,0xe7,0x75,0xe7,0x75,0xe7,0x75,0xe7,0x75,0xe7,0x75,0xe7,0x75,0xe7,
    0x75,0xe7,0x75,0xe7,0x95,0xe7,0x95,0xe7,0x8c,0xac,0x04,0x72,0x24,0x72,0x65,0x7a,0x45,0x7a,0x45,0x7a,0x45,0x7a,0x45,0x7a,
    0x45,0x7a,0x45,0x7a,0x45,0x7a,0x45,0x7a,0x45,0x7a,0x45,0x7a,0x45,0x7a,0x45,0x7a,0x45,0x7a,0x45,0x7a,0x45,0x7a,0x45,0x7a,
    0x45,0x7a,0x45,0x7a,0x45,0x7a,0x45,0x7a,0x45,0x7a,0x45,0x7a,0x45,0x7a,0x65,0x7a,0x24,0x72,0x04,0x72,0x8c,0xac,0x95,0xe7,
    0x95,0xe7,0x75,0xe7,0x75,0xe7,0x75,0xe7,0x75,0xe7,0x75,0xe7,0x75,0xe7,0x75,0xe7,0x75,0xe7,0x75,0xe7,0x75,0xe7,0x75,0xe7,
    0x75,0xe7,0x75,0xe7,0x75,0xe7,0x75,0xe7,0x75,0xe7,0x75,0xe7,0x75,0xe7,0x75,0xe7,0x75,0xe7,0x75,0xe7,0x75,0xe7,0x96,0xef,
    0x12,0xcf,0x87,0x7d,0x88,0x7d,0x88,0x7d,0x88,0x7d,0xa4,0x3a,0x03,0x2a,0x23,0x2a,0x23,0x2a,0x43,0x2a,0x23,0x2a,0x00,0x00,
    0xe0,0x39,0x00,0x00,0x00,0x00,0x00,0x00,0x00,0x00,0x00,0x00,0x00,0x00,0x00,0x00,0x00,0x00,0x00,0x00,0x00,0x00,0x00,0x00,
    0x00,0x00,0x00,0x00,0x00,0x00,0x00,0x00,0x00,0x00,0x00,0x00,0x00,0x00,0x00,0x00,0x00,0x00,0x00,0x00,0x00,0x00,0x00,0x00,
    0x00,0x00,0xa0,0x02,0x00,0x00,0x23,0x2a,0x43,0x2a,0x23,0x2a,0x23,0x2a,0xe3,0x21,0x45,0x43,0xc8,0x85,0x88,0x7d,0x87,0x7d,
    0xea,0x8d,0x75,0xe7,0x75,0xe7,0x75,0xe7,0x75,0xe7,0x75,0xe7,0x75,0xe7,0x75,0xe7,0x75,0xe7,0x75,0xe7,0x75,0xe7,0x75,0xe7,
    0x75,0xe7,0x75,0xe7,0x75,0xe7,0x75,0xe7,0x75,0xe7,0x75,0xe7,0x75,0xe7,0x75,0xe7,0x75,0xe7,0x75,0xe7,0x75,0xe7,0x75,0xe7,
    0xb6,0xef,0x54,0xe7,0x68,0x93,0xe3,0x71,0x45,0x7a,0x65,0x7a,0x45,0x7a,0x45,0x7a,0x45,0x7a,0x45,0x7a,0x45,0x7a,0x45,0x7a,
    0x45,0x7a,0x45,0x7a,0x45,0x7a,0x45,0x7a,0x45,0x7a,0x45,0x7a,0x45,0x7a,0x45,0x7a,0x45,0x7a,0x45,0x7a,0x45,0x7a,0x45,0x7a,
    0x45,0x7a,0x45,0x7a,0x45,0x7a,0x45,0x7a,0x45,0x7a,0x45,0x7a,0x45,0x7a,0x65,0x7a,0x45,0x7a,0xe3,0x71,0x68,0x93,0x54,0xe7,
    0xb6,0xef,0x75,0xe7,0x75,0xe7,0x75,0xe7,0x75,0xe7,0x75,0xe7,0x75,0xe7,0x75,0xe7,0x75,0xe7,0x75,0xe7,0x75,0xe7,0x75,0xe7,
    0x75,0xe7,0x75,0xe7,0x75,0xe7,0x75,0xe7,0x75,0xe7,0x75,0xe7,0x75,0xe7,0x75,0xe7,0x75,0xe7,0x75,0xe7,0x75,0xe7,0x75,0xe7,
    0xea,0x8d,0x87,0x7d,0x88,0x7d,0xc8,0x85,0x45,0x43,0xe3,0x21,0x23,0x2a,0x23,0x2a,0x43,0x2a,0x23,0x2a,0x00,0x00,0xa0,0x02,
    0x00,0x00,0x00,0x00,0x00,0x00,0x00,0x00,0x00,0x00,0x00,0x00,0x00,0x00,0x00,0x00,0x00,0x00,0x00,0x00,0x00,0x00,0x00,0x00,
    0x00,0x00,0x00,0x00,0x00,0x00,0x00,0x00,0x00,0x00,0x00,0x00,0x00,0x00,0x00,0x00,0x00,0x00,0x00,0x00,0x00,0x00,0x00,0x00,
    0xe0,0x07,0xe3,0x19,0x23,0x2a,0x43,0x2a,0x23,0x2a,0x43,0x2a,0xe3,0x21,0xe5,0x53,0xc8,0x85,0x88,0x7d,0x87,0x75,0x2c,0x9e,
    0x96,0xef,0x75,0xe7,0x75,0xe7,0x75,0xe7,0x75,0xe7,0x75,0xe7,0x75,0xe7,0x75,0xe7,0x75,0xe7,0x75,0xe7,0x75,0xe7,0x75,0xe7,
    0x75,0xe7,0x75,0xe7,0x75,0xe7,0x75,0xe7,0x75,0xe7,0x75,0xe7,0x75,0xe7,0x75,0xe7,0x75,0xe7,0x75,0xe7,0x95,0xe7,0x34,0xdf,
    0x48,0x8b,0xe4,0x71,0x65,0x7a,0x45,0x7a,0x45,0x7a,0x45,0x7a,0x45,0x7a,0x45,0x7a,0x45,0x7a,0x45,0x7a,0x45,0x7a,0x45,0x7a,
    0x45,0x7a,0x45,0x7a,0x45,0x7a,0x45,0x7a,0x45,0x7a,0x45,0x7a,0x45,0x7a,0x45,0x7a,0x45,0x7a,0x45,0x7a,0x45,0x7a,0x45,0x7a,
    0x45,0x7a,0x45,0x7a,0x45,0x7a,0x45,0x7a,0x45,0x7a,0x45,0x7a,0x45,0x7a,0x45,0x7a,0x65,0x7a,0xe4,0x71,0x48,0x8b,0x34,0xdf,
    0x95,0xe7,0x75,0xe7,0x75,0xe7,0x75,0xe7,0x75,0xe7,0x75,0xe7,0x75,0xe7,0x75,0xe7,0x75,0xe7,0x75,0xe7,0x75,0xe7,0x75,0xe7,
    0x75,0xe7,0x75,0xe7,0x75,0xe7,0x75,0xe7,0x75,0xe7,0x75,0xe7,0x75,0xe7,0x75,0xe7,0x75,0xe7,0x75,0xe7,0x96,0xef,0x2c,0x9e,
    0x87,0x75,0x88,0x7d,0xc8,0x85,0xe5,0x53,0xe3,0x21,0x43,0x2a,0x23,0x2a,0x43,0x2a,0x23,0x2a,0xe3,0x19,0xe0,0x07,0x00,0x00,
    0x00,0x00,0x00,0x00,0x00,0x00,0x00,0x00,0x00,0x00,0x00,0x00,0x00,0x00,0x00,0x00,0x00,0x00,0x00,0x00,0x00,0x00,0x00,0x00,
    0x00,0x00,0x00,0x00,0x00,0x00,0x00,0x00,0x00,0x00,0x00,0x00,0x00,0x00,0x00,0x00,0x00,0x00,0x00,0x00,0x00,0x00,0x00,0x00,
    0x24,0x2a,0x23,0x2a,0x23,0x2a,0x23,0x2a,0x43,0x2a,0xe3,0x21,0x46,0x5c,0xc8,0x85,0x88,0x7d,0x67,0x75,0x8e,0xb6,0x96,0xef,
    0x75,0xe7,0x75,0xe7,0x75,0xe7,0x75,0xe7,0x75,0xe7,0x75,0xe7,0x75,0xe7,0x75,0xe7,0x75,0xe7,0x75,0xe7,0x75,0xe7,0x75,0xe7,
    0x75,0xe7,0x75,0xe7,0x75,0xe7,0x75,0xe7,0x75,0xe7,0x75,0xe7,0x75,0xe7,0x55,0xe7,0xb6,0xef,0xf3,0xde,0xa6,0x82,0x04,0x72,
    0x65,0x7a,0x45,0x7a,0x65,0x7a,0x85,0x82,0x85,0x82,0x85,0x82,0x45,0x7a,0x44,0x7a,0x45,0x7a,0x45,0x7a,0x45,0x7a,0x45,0x7a,
    0x45,0x7a,0x45,0x7a,0x45,0x7a,0x45,0x7a,0x45,0x7a,0x45,0x7a,0x45,0x7a,0x45,0x7a,0x45,0x7a,0x45,0x7a,0x45,0x7a,0x45,0x7a,
    0x45,0x7a,0x45,0x7a,0x45,0x7a,0x45,0x7a,0x45,0x7a,0x45,0x7a,0x45,0x7a,0x45,0x7a,0x65,0x7a,0x04,0x72,0xa6,0x82,0xf3,0xde,
    0xb6,0xef,0x55,0xe7,0x75,0xe7,0x75,0xe7,0x75,0xe7,0x75,0xe7,0x75,0xe7,0x75,0xe7,0x75,0xe7,0x75,0xe7,0x75,0xe7,0x75,0xe7,
    0x75,0xe7,0x75,0xe7,0x75,0xe7,0x75,0xe7,0x75,0xe7,0x75,0xe7,0x75,0xe7,0x75,0xe7,0x75,0xe7,0x96,0xef,0x8e,0xb6,0x67,0x75,
    0x88,0x7d,0xc8,0x85,0x46,0x5c,0xe3,0x21,0x43,0x2a,0x23,0x2a,0x23,0x2a,0x23,0x2a,0x24,0x2a,0x00,0x00,0x00,0x00,0x00,0x00,
    0x00,0x00,0x00,0x00,0x00,0x00,0x00,0x00,0x00,0x00,0x00,0x00,0x00,0x00,0x00,0x00,0x00,0x00,0x00,0x00,0x00,0x00,0x00,0x00,
    0x00,0x00,0x00,0x00,0x00,0x00,0x00,0x00,0x00,0x00,0x00,0x00,0x00,0x00,0x00,0x00,0x00,0x00,0xa0,0x52,0x00,0x00,0x23,0x2a,
    0x43,0x2a,0x23,0x2a,0x23,0x2a,0x23,0x2a,0x03,0x2a,0xe7,0x6c,0xc8,0x7d,0x88,0x7d,0x87,0x75,0xd1,0xc6,0x96,0xef,0x75,0xe7,
    0x75,0xe7,0x75,0xe7,0x75,0xe7,0x75,0xe7,0x75,0xe7,0x75,0xe7,0x75,0xe7,0x75,0xe7,0x75,0xe7,0x75,0xe7,0x75,0xe7,0x75,0xe7,
    0x75,0xe7,0x75,0xe7,0x75,0xe7,0x75,0xe7,0x75,0xe7,0x75,0xe7,0x95,0xe7,0x54,0xe7,0x48,0x8b,0x04,0x72,0x65,0x7a,0x65,0x82,
    0xe7,0x92,0x27,0x9b,0x28,0x9b,0x28,0x9b,0x28,0x9b,0x07,0x9b,0xc6,0x8a,0x65,0x7a,0x45,0x7a,0x45,0x7a,0x45,0x7a,0x45,0x7a,
    0x45,0x7a,0x45,0x7a,0x45,0x7a,0x45,0x7a,0x45,0x7a,0x45,0x7a,0x45,0x7a,0x45,0x7a,0x45,0x7a,0x45,0x7a,0x45,0x7a,0x45,0x7a,
    0x45,0x7a,0x45,0x7a,0x45,0x7a,0x45,0x7a,0x45,0x7a,0x45,0x7a,0x45,0x7a,0x45,0x7a,0x65,0x7a,0x04,0x72,0x48,0x8b,0x54,0xe7,
    0x95,0xe7,0x75,0xe7,0x75,0xe7,0x75,0xe7,0x75,0xe7,0x75,0xe7,0x75,0xe7,0x75,0xe7,0x75,0xe7,0x75,0xe7,0x75,0xe7,0x75,0xe7,
    0x75,0xe7,0x75,0xe7,0x75,0xe7,0x75,0xe7,0x75,0xe7,0x75,0xe7,0x75,0xe7,0x75,0xe7,0x96,0xef,0xd1,0xc6,0x87,0x75,0x88,0x7d,
    0xc8,0x7d,0xe7,0x6c,0x03,0x2a,0x23,0x2a,0x23,0x2a,0x23,0x2a,0x43,0x2a,0x23,0x2a,0x00,0x00,0xa0,0x52,0x00,0x00,0x00,0x00,
    0x00,0x00,0x00,0x00,0x00,0x00,0x00,0x00,0x00,0x00,0x00,0x00,0x00,0x00,0x00,0x00,0x00,0x00,0x00,0x00,0x00,0x00,0x00,0x00,
    0x00,0x00,0x00,0x00,0x00,0x00,0x00,0x00,0x00,0x00,0x00,0x00,0x00,0x00,0x00,0x00,0xa0,0x52,0x00,0x00,0x23,0x2a,0x43,0x2a,
    0x23,0x2a,0x23,0x2a,0x03,0x2a,0x84,0x32,0x88,0x7d,0xa8,0x7d,0x88,0x7d,0x87,0x7d,0x12,0xcf,0x96,0xef,0x75,0xe7,0x75,0xe7,
    0x75,0xe7,0x75,0xe7,0x75,0xe7,0x75,0xe7,0x75,0xe7,0x75,0xe7,0x75,0xe7,0x75,0xe7,0x75,0xe7,0x75,0xe7,0x75,0xe7,0x75,0xe7,
    0x75,0xe7,0x75,0xe7,0x75,0xe7,0x75,0xe7,0x75,0xe7,0x95,0xe7,0x68,0x93,0xe4,0x71,0x45,0x7a,0xa6,0x82,0x28,0x9b,0x48,0x9b,
    0x27,0x9b,0x27,0x9b,0x27,0x9b,0x27,0x9b,0x28,0x9b,0x48,0x9b,0x27,0x9b,0x65,0x82,0x45,0x7a,0x45,0x7a,0x45,0x7a,0x45,0x7a,
    0x45,0x7a,0x45,0x7a,0x45,0x7a,0x45,0x7a,0x45,0x7a,0x45,0x7a,0x45,0x7a,0x45,0x7a,0x45,0x7a,0x45,0x7a,0x45,0x7a,0x45,0x7a,
    0x45,0x7a,0x45,0x7a,0x45,0x7a,0x45,0x7a,0x45,0x7a,0x45,0x7a,0x45,0x7a,0x45,0x7a,0x65,0x7a,0xe4,0x71,0x68,0x93,0x95,0xe7,
    0x75,0xe7,0x75,0xe7,0x75,0xe7,0x75,0xe7,0x75,0xe7,0x75,0xe7,0x75,0xe7,0x75,0xe7,0x75,0xe7,0x75,0xe7,0x75,0xe7,0x75,0xe7,
    0x75,0xe7,0x75,0xe7,0x75,0xe7,0x75,0xe7,0x75,0xe7,0x75,0xe7,0x75,0xe7,0x96,0xef,0x12,0xcf,0x87,0x7d,0x88,0x7d,0xa8,0x7d,
    0x88,0x7d,0x84,0x32,0x03,0x2a,0x23,0x2a,0x23,0x2a,0x43,0x2a,0x23,0x2a,0x00,0x00,0xa0,0x52,0x00,0x00,0x00,0x00,0x00,0x00,
    0x00,0x00,0x00,0x00,0x00,0x00,0x00,0x00,0x00,0x00,0x00,0x00,0x00,0x00,0x00,0x00,0x00,0x00,0x00,0x00,0x00,0x00,0x00,0x00,
    0x00,0x00,0x00,0x00,0x00,0x00,0x00,0x00,0x00,0x00,0x00,0x00,0x00,0x00,0xe0,0x39,0x00,0x00,0x23,0x2a,0x43,0x2a,0x23,0x2a,
    0x23,0x2a,0x03,0x22,0x24,0x43,0xc8,0x85,0x88,0x7d,0x88,0x7d,0xa8,0x85,0x54,0xdf,0x75,0xe7,0x75,0xe7,0x75,0xe7,0x75,0xe7,
    0x75,0xe7,0x75,0xe7,0x75,0xe7,0x75,0xe7,0x75,0xe7,0x75,0xe7,0x75,0xe7,0x75,0xe7,0x75,0xe7,0x75,0xe7,0x75,0xe7,0x75,0xe7,
    0x75,0xe7,0x75,0xe7,0x55,0xe7,0xd6,0xef,0x8c,0xac,0xe3,0x71,0x65,0x7a,0xa6,0x82,0x48,0x9b,0x27,0x9b,0x27,0x9b,0x27,0x9b,
    0x27,0x9b,0x27,0x9b,0x27,0x9b,0x27,0x9b,0x27,0x9b,0x28,0x9b,0x27,0x9b,0x65,0x82,0x45,0x7a,0x45,0x7a,0x45,0x7a,0x45,0x7a,
    0x45,0x7a,0x45,0x7a,0x45,0x7a,0x45,0x7a,0x45,0x7a,0x45,0x7a,0x45,0x7a,0x45,0x7a,0x45,0x7a,0x45,0x7a,0x45,0x7a,0x45,0x7a,
    0x45,0x7a,0x45,0x7a,0x45,0x7a,0x45,0x7a,0x45,0x7a,0x45,0x7a,0x45,0x7a,0x45,0x7a,0x65,0x7a,0xe3,0x71,0x8c,0xac,0xd6,0xef,
    0x55,0xe7,0x75,0xe7,0x75,0xe7,0x75,0xe7,0x75,0xe7,0x75,0xe7,0x75,0xe7,0x75,0xe7,0x75,0xe7,0x75,0xe7,0x75,0xe7,0x75,0xe7,
    0x75,0xe7,0x75,0xe7,0x75,0xe7,0x75,0xe7,0x75,0xe7,0x75,0xe7,0x75,0xe7,0x54,0xdf,0xa8,0x85,0x88,0x7d,0x88,0x7d,0xc8,0x85,
    0x24,0x43,0x03,0x22,0x23,0x2a,0x23,0x2a,0x43,0x2a,0x23,0x2a,0x00,0x00,0xe0,0x39,0x00,0x00,0x00,0x00,0x00,0x00,0x00,0x00,
    0x00,0x00,0x00,0x00,0x00,0x00,0x00,0x00,0x00,0x00,0x00,0x00,0x00,0x00,0x00,0x00,0x00,0x00,0x00,0x00,0x00,0x00,0x00,0x00,
    0x00,0x00,0x00,0x00,0x00,0x00,0x00,0x00,0x00,0x00,0x00,0x00,0xa0,0x52,0x00,0x00,0x23,0x2a,0x43,0x2a,0x23,0x2a,0x43,0x2a,
    0xe3,0x21,0xc5,0x53,0xc8,0x85,0x88,0x7d,0x87,0x7d,0xea,0x8d,0x75,0xe7,0x75,0xe7,0x75,0xe7,0x75,0xe7,0x75,0xe7,0x75,0xe7,
    0x75,0xe7,0x75,0xe7,0x75,0xe7,0x75,0xe7,0x75,0xe7,0x75,0xe7,0x75,0xe7,0x75,0xe7,0x75,0xe7,0x75,0xe7,0x75,0xe7,0x75,0xe7,
    0x55,0xe7,0xd6,0xef,0x11,0xce,0x04,0x72,0x45,0x7a,0x85,0x82,0x28,0x9b,0x27,0x9b,0x27,0x9b,0x27,0x9b,0x27,0x9b,0x27,0x9b,
    0x27,0x9b,0x27,0x9b,0x27,0x9b,0x27,0x9b,0x27,0x9b,0x28,0x9b,0x07,0x93,0x45,0x7a,0x45,0x7a,0x45,0x7a,0x45,0x7a,0x45,0x7a,
    0x45,0x7a,0x45,0x7a,0x45,0x7a,0x45,0x7a,0x45,0x7a,0x45,0x7a,0x45,0x7a,0x45,0x7a,0x45,0x7a,0x45,0x7a,0x45,0x7a,0x45,0x7a,
    0x45,0x7a,0x45,0x7a,0x45,0x7a,0x45,0x7a,0x45,0x7a,0x45,0x7a,0x45,0x7a,0x45,0x7a,0x45,0x7a,0x04,0x72,0x11,0xce,0xd6,0xef,
    0x55,0xe7,0x75,0xe7,0x75,0xe7,0x75,0xe7,0x75,0xe7,0x75,0xe7,0x75,0xe7,0x75,0xe7,0x75,0xe7,0x75,0xe7,0x75,0xe7,0x75,0xe7,
    0x75,0xe7,0x75,0xe7,0x75,0xe7,0x75,0xe7,0x75,0xe7,0x75,0xe7,0x75,0xe7,0xea,0x8d,0x87,0x7d,0x88,0x7d,0xc8,0x85,0xc5,0x53,
    0xe3,0x21,0x43,0x2a,0x23,0x2a,0x43,0x2a,0x23,0x2a,0x00,0x00,0xa0,0x52,0x00,0x00,0x00,0x00,0x00,0x00,0x00,0x00,0x00,0x00,
    0x00,0x00,0x00,0x00,0x00,0x00,0x00,0x00,0x00,0x00,0x00,0x00,0x00,0x00,0x00,0x00,0x00,0x00,0x00,0x00,0x00,0x00,0x00,0x00,
    0x00,0x00,0x00,0x00,0x00,0x00,0x00,0x00,0x00,0x00,0xe0,0x03,0x00,0x00,0x23,0x2a,0x43,0x2a,0x23,0x2a,0x43,0x2a,0xe3,0x21,
    0xe5,0x53,0xc8,0x85,0x88,0x7d,0x87,0x75,0x0b,0x96,0x96,0xef,0x75,0xe7,0x75,0xe7,0x75,0xe7,0x75,0xe7,0x75,0xe7,0x75,0xe7,
    0x75,0xe7,0x75,0xe7,0x75,0xe7,0x75,0xe7,0x75,0xe7,0x75,0xe7,0x75,0xe7,0x75,0xe7,0x75,0xe7,0x75,0xe7,0x75,0xe7,0x75,0xe7,
    0x54,0xe7,0xe7,0x82,0x24,0x72,0x45,0x7a,0xe6,0x92,0x48,0x9b,0x27,0x9b,0x27,0x9b,0x27,0x9b,0x27,0x9b,0x27,0x9b,0x27,0x9b,
    0x27,0x9b,0x27,0x9b,0x27,0x9b,0x27,0x9b,0x27,0x9b,0x48,0x9b,0xa6,0x82,0x44,0x7a,0x45,0x7a,0x45,0x7a,0x45,0x7a,0x45,0x7a,
    0x45,0x7a,0x45,0x7a,0x45,0x7a,0x45,0x7a,0x45,0x7a,0x45,0x7a,0x45,0x7a,0x45,0x7a,0x45,0x7a,0x45,0x7a,0x45,0x7a,0x45,0x7a,
    0x45,0x7a,0x45,0x7a,0x45,0x7a,0x45,0x7a,0x45,0x7a,0x45,0x7a,0x45,0x7a,0x65,0x7a,0x24,0x72,0xe7,0x82,0x54,0xe7,0x75,0xe7,
    0x75,0xe7,0x75,0xe7,0x75,0xe7,0x75,0xe7,0x75,0xe7,0x75,0xe7,0x75,0xe7,0x75,0xe7,0x75,0xe7,0x75,0xe7,0x75,0xe7,0x75,0xe7,
    0x75,0xe7,0x75,0xe7,0x75,0xe7,0x75,0xe7,0x75,0xe7,0x96,0xef,0x0b,0x96,0x87,0x75,0x88,0x7d,0xc8,0x85,0xe5,0x53,0xe3,0x21,
    0x43,0x2a,0x23,0x2a,0x43,0x2a,0x23,0x2a,0x00,0x00,0xe0,0x03,0x00,0x00,0x00,0x00,0x00,0x00,0x00,0x00,0x00,0x00,0x00,0x00,
    0x00,0x00,0x00,0x00,0x00,0x00,0x00,0x00,0x00,0x00,0x00,0x00,0x00,0x00,0x00,0x00,0x00,0x00,0x00,0x00,0x00,0x00,0x00,0x00,
    0x00,0x00,0x00,0x00,0x00,0x00,0x00,0x00,0xe0,0x03,0x26,0x33,0x23,0x2a,0x43,0x2a,0x23,0x2a,0x43,0x2a,0xe3,0x21,0xc5,0x53,
    0xc8,0x85,0x88,0x7d,0x67,0x75,0x6e,0xae,0x96,0xef,0x75,0xe7,0x75,0xe7,0x75,0xe7,0x75,0xe7,0x75,0xe7,0x75,0xe7,0x75,0xe7,
    0x75,0xe7,0x75,0xe7,0x75,0xe7,0x75,0xe7,0x75,0xe7,0x75,0xe7,0x75,0xe7,0x75,0xe7,0x75,0xe7,0x55,0xe7,0xf6,0xef,0xed,0xac,
    0xe3,0x71,0x65,0x7a,0x65,0x7a,0x27,0x9b,0x27,0x9b,0x27,0x9b,0x27,0x9b,0x27,0x9b,0x27,0x9b,0x27,0x9b,0x27,0x9b,0x27,0x9b,
    0x27,0x9b,0x27,0x9b,0x27,0x9b,0x27,0x9b,0x48,0x9b,0xe7,0x92,0x45,0x7a,0x45,0x7a,0x45,0x7a,0x45,0x7a,0x45,0x7a,0x45,0x7a,
    0x45,0x7a,0x45,0x7a,0x45,0x7a,0x45,0x7a,0x45,0x7a,0x45,0x7a,0x45,0x7a,0x45,0x7a,0x45,0x7a,0x45,0x7a,0x45,0x7a,0x45,0x7a,
    0x45,0x7a,0x45,0x7a,0x45,0x7a,0x45,0x7a,0x45,0x7a,0x45,0x7a,0x45,0x7a,0x65,0x7a,0xe3,0x71,0xed,0xac,0xf6,0xef,0x55,0xe7,
    0x75,0xe7,0x75,0xe7,0x75,0xe7,0x75,0xe7,0x75,0xe7,0x75,0xe7,0x75,0xe7,0x75,0xe7,0x75,0xe7,0x75,0xe7,0x75,0xe7,0x75,0xe7,
    0x75,0xe7,0x75,0xe7,0x75,0xe7,0x75,0xe7,0x96,0xef,0x6e,0xae,0x67,0x75,0x88,0x7d,0xc8,0x85,0xc5,0x53,0xe3,0x21,0x43,0x2a,
    0x23,0x2a,0x43,0x2a,0x23,0x2a,0x26,0x33,0xe0,0x03,0x00,0x00,0x00,0x00,0x00,0x00,0x00,0x00,0x00,0x00,0x00,0x00,0x00,0x00,
    0x00,0x00,0x00,0x00,0x00,0x00,0x00,0x00,0x00,0x00,0x00,0x00,0x00,0x00,0x00,0x00,0x00,0x00,0x00,0x00,0x00,0x00,0x00,0x00,
    0x00,0x00,0x00,0x00,0x00,0x00,0x00,0x00,0x44,0x32,0x23,0x2a,0x23,0x2a,0x23,0x2a,0x23,0x2a,0x03,0x22,0x46,0x5c,0xc8,0x85,
    0x88,0x7d,0x67,0x75,0x8f,0xb6,0x96,0xef,0x75,0xe7,0x75,0xe7,0x75,0xe7,0x75,0xe7,0x75,0xe7,0x75,0xe7,0x75,0xe7,0x75,0xe7,
    0x75,0xe7,0x75,0xe7,0x75,0xe7,0x75,0xe7,0x75,0xe7,0x75,0xe7,0x75,0xe7,0x75,0xe7,0x95,0xe7,0xb3,0xd6,0x85,0x7a,0x45,0x7a,
    0x45,0x7a,0x85,0x82,0x28,0x9b,0x27,0x9b,0x27,0x9b,0x27,0x9b,0x27,0x9b,0x27,0x9b,0x27,0x9b,0x27,0x9b,0x27,0x9b,0x27,0x9b,
    0x27,0x9b,0x27,0x9b,0x27,0x9b,0x27,0x9b,0x27,0x9b,0x65,0x7a,0x45,0x7a,0x45,0x7a,0x45,0x7a,0x45,0x7a,0x45,0x7a,0x45,0x7a,
    0x45,0x7a,0x45,0x7a,0x45,0x7a,0x45,0x7a,0x45,0x7a,0x45,0x7a,0x45,0x7a,0x45,0x7a,0x45,0x7a,0x45,0x7a,0x45,0x7a,0x45,0x7a,
    0x45,0x7a,0x45,0x7a,0x45,0x7a,0x45,0x7a,0x45,0x7a,0x45,0x7a,0x45,0x7a,0x45,0x7a,0x85,0x7a,0xb3,0xd6,0x95,0xe7,0x75,0xe7,
    0x75,0xe7,0x75,0xe7,0x75,0xe7,0x75,0xe7,0x75,0xe7,0x75,0xe7,0x75,0xe7,0x75,0xe7,0x75,0xe7,0x75,0xe7,0x75,0xe7,0x75,0xe7,
    0x75,0xe7,0x75,0xe7,0x75,0xe7,0x96,0xef,0x8f,0xb6,0x67,0x75,0x88,0x7d,0xc8,0x85,0x46,0x5c,0x03,0x22,0x23,0x2a,0x23,0x2a,
    0x23,0x2a,0x23,0x2a,0x44,0x32,0x00,0x00,0x00,0x00,0x00,0x00,0x00,0x00,0x00,0x00,0x00,0x00,0x00,0x00,0x00,0x00,0x00,0x00,
    0x00,0x00,0x00,0x00,0x00,0x00,0x00,0x00,0x00,0x00,0x00,0x00,0x00,0x00,0x00,0x00,0x00,0x00,0x00,0x00,0x00,0x00,0x00,0x00,
    0x00,0x00,0xe0,0x7b,0x00,0x00,0x23,0x2a,0x23,0x2a,0x23,0x2a,0x23,0x2a,0x23,0x2a,0x03,0x22,0xc7,0x6c,0xc8,0x85,0x88,0x7d,
    0x67,0x75,0x8e,0xae,0x96,0xef,0x75,0xe7,0x75,0xe7,0x75,0xe7,0x75,0xe7,0x75,0xe7,0x75,0xe7,0x75,0xe7,0x75,0xe7,0x75,0xe7,
    0x75,0xe7,0x75,0xe7,0x75,0xe7,0x75,0xe7,0x75,0xe7,0x75,0xe7,0x55,0xe7,0xd6,0xef,0x8c,0xac,0xe3,0x71,0x65,0x7a,0x45,0x7a,
    0x85,0x82,0x28,0x9b,0x27,0x9b,0x27,0x9b,0x27,0x9b,0x27,0x9b,0x27,0x9b,0x27,0x9b,0x27,0x9b,0x27,0x9b,0x27,0x9b,0x27,0x9b,
    0x27,0x9b,0x27,0x9b,0x27,0x9b,0x27,0x9b,0x65,0x7a,0x45,0x7a,0x45,0x7a,0x45,0x7a,0x45,0x7a,0x45,0x7a,0x45,0x7a,0x45,0x7a,
    0x45,0x7a,0x45,0x7a,0x45,0x7a,0x45,0x7a,0x45,0x7a,0x45,0x7a,0x45,0x7a,0x45,0x7a,0x45,0x7a,0x45,0x7a,0x45,0x7a,0x45,0x7a,
    0x45,0x7a,0x45,0x7a,0x45,0x7a,0x45,0x7a,0x45,0x7a,0x45,0x7a,0x65,0x7a,0xe3,0x71,0x8c,0xac,0xd6,0xef,0x55,0xe7,0x75,0xe7,
    0x75,0xe7,0x75,0xe7,0x75,0xe7,0x75,0xe7,0x75,0xe7,0x75,0xe7,0x75,0xe7,0x75,0xe7,0x75,0xe7,0x75,0xe7,0x75,0xe7,0x75,0xe7,
    0x75,0xe7,0x75,0xe7,0x96,0xef,0x8e,0xae,0x67,0x75,0x88,0x7d,0xc8,0x85,0xc7,0x6c,0x03,0x22,0x23,0x2a,0x23,0x2a,0x23,0x2a,
    0x23,0x2a,0x23,0x2a,0x00,0x00,0xe0,0x7b,0x00,0x00,0x00,0x00,0x00,0x00,0x00,0x00,0x00,0x00,0x00,0x00,0x00,0x00,0x00,0x00,
    0x00,0x00,0x00,0x00,0x00,0x00,0x00,0x00,0x00,0x00,0x00,0x00,0x00,0x00,0x00,0x00,0x00,0x00,0x00,0x00,0x00,0x00,0x00,0x00,
    0xa0,0x52,0x00,0x00,0x23,0x2a,0x43,0x2a,0x23,0x2a,0x23,0x2a,0x23,0x2a,0x43,0x2a,0x27,0x75,0xa8,0x7d,0x88,0x7d,0x87,0x75,
    0xd0,0xbe,0x96,0xef,0x75,0xe7,0x75,0xe7,0x75,0xe7,0x75,0xe7,0x75,0xe7,0x75,0xe7,0x75,0xe7,0x75,0xe7,0x75,0xe7,0x75,0xe7,
    0x75,0xe7,0x75,0xe7,0x75,0xe7,0x75,0xe7,0x75,0xe7,0x95,0xe7,0x14,0xdf,0xa6,0x82,0x24,0x7a,0x45,0x7a,0x45,0x7a,0x85,0x82,
    0x28,0x9b,0x27,0x9b,0x27,0x9b,0x27,0x9b,0x27,0x9b,0x27,0x9b,0x27,0x9b,0x27,0x9b,0x27,0x9b,0x27,0x9b,0x27,0x9b,0x27,0x9b,
    0x27,0x9b,0x27,0x9b,0x07,0x9b,0x45,0x7a,0x45,0x7a,0x45,0x7a,0x45,0x7a,0x45,0x7a,0x45,0x7a,0x45,0x7a,0x45,0x7a,0x45,0x7a,
    0x45,0x7a,0x45,0x7a,0x45,0x7a,0x45,0x7a,0x45,0x7a,0x45,0x7a,0x45,0x7a,0x45,0x7a,0x45,0x7a,0x45,0x7a,0x45,0x7a,0x45,0x7a,
    0x45,0x7a,0x45,0x7a,0x45,0x7a,0x45,0x7a,0x45,0x7a,0x45,0x7a,0x24,0x7a,0xa6,0x82,0x14,0xdf,0x95,0xe7,0x75,0xe7,0x75,0xe7,
    0x75,0xe7,0x75,0xe7,0x75,0xe7,0x75,0xe7,0x75,0xe7,0x75,0xe7,0x75,0xe7,0x75,0xe7,0x75,0xe7,0x75,0xe7,0x75,0xe7,0x75,0xe7,
    0x75,0xe7,0x96,0xef,0xd0,0xbe,0x87,0x75,0x88,0x7d,0xa8,0x7d,0x27,0x75,0x43,0x2a,0x23,0x2a,0x23,0x2a,0x23,0x2a,0x43,0x2a,
    0x23,0x2a,0x00,0x00,0xa0,0x52,0x00,0x00,0x00,0x00,0x00,0x00,0x00,0x00,0x00,0x00,0x00,0x00,0x00,0x00,0x00,0x00,0x00,0x00,
    0x00,0x00,0x00,0x00,0x00,0x00,0x00,0x00,0x00,0x00,0x00,0x00,0x00,0x00,0x00,0x00,0x00,0x00,0x00,0x00,0x00,0x00,0xa0,0x52,
    0x00,0x00,0x23,0x2a,0x43,0x2a,0x23,0x2a,0x23,0x2a,0x23,0x2a,0x63,0x32,0x68,0x7d,0xa8,0x7d,0x88,0x7d,0x87,0x75,0x12,0xcf,
    0x96,0xef,0x75,0xe7,0x75,0xe7,0x75,0xe7,0x75,0xe7,0x75,0xe7,0x75,0xe7,0x75,0xe7,0x75,0xe7,0x75,0xe7,0x75,0xe7,0x75,0xe7,
    0x75,0xe7,0x75,0xe7,0x75,0xe7,0x55,0xe7,0xd6,0xef,0x6e,0xbd,0xe3,0x71,0x65,0x7a,0x45,0x7a,0x45,0x7a,0x45,0x7a,0x07,0x9b,
    0x27,0x9b,0x27,0x9b,0x27,0x9b,0x27,0x9b,0x27,0x9b,0x27,0x9b,0x27,0x9b,0x27,0x9b,0x27,0x9b,0x27,0x9b,0x27,0x9b,0x27,0x9b,
    0x48,0x9b,0xe7,0x92,0x45,0x7a,0x45,0x7a,0x45,0x7a,0x45,0x7a,0x45,0x7a,0x45,0x7a,0x45,0x7a,0x45,0x7a,0x45,0x7a,0x45,0x7a,
    0x45,0x7a,0x45,0x7a,0x45,0x7a,0x45,0x7a,0x45,0x7a,0x45,0x7a,0x45,0x7a,0x45,0x7a,0x45,0x7a,0x45,0x7a,0x45,0x7a,0x45,0x7a,
    0x45,0x7a,0x45,0x7a,0x45,0x7a,0x45,0x7a,0x45,0x7a,0x65,0x7a,0xe3,0x71,0x6e,0xbd,0xd6,0xef,0x55,0xe7,0x75,0xe7,0x75,0xe7,
    0x75,0xe7,0x75,0xe7,0x75,0xe7,0x75,0xe7,0x75,0xe7,0x75,0xe7,0x75,0xe7,0x75,0xe7,0x75,0xe7,0x75,0xe7,0x75,0xe7,0x75,0xe7,
    0x96,0xef,0x12,0xcf,0x87,0x75,0x88,0x7d,0xa8,0x7d,0x68,0x7d,0x63,0x32,0x23,0x2a,0x23,0x2a,0x23,0x2a,0x43,0x2a,0x23,0x2a,
    0x00,0x00,0xa0,0x52,0x00,0x00,0x00,0x00,0x00,0x00,0x00,0x00,0x00,0x00,0x00,0x00,0x00,0x00,0x00,0x00,0x00,0x00,0x00,0x00,
    0x00,0x00,0x00,0x00,0x00,0x00,0x00,0x00,0x00,0x00,0x00,0x00,0x00,0x00,0x00,0x00,0x00,0x00,0x00,0x00,0xa0,0x52,0x00,0x00,
    0x23,0x2a,0x43,0x2a,0x23,0x2a,0x23,0x2a,0x23,0x2a,0x43,0x2a,0x48,0x75,0xa8,0x7d,0x88,0x7d,0x67,0x75,0xf1,0xc6,0x96,0xef,
    0x75,0xe7,0x75,0xe7,0x75,0xe7,0x75,0xe7,0x75,0xe7,0x75,0xe7,0x75,0xe7,0x75,0xe7,0x75,0xe7,0x75,0xe7,0x75,0xe7,0x75,0xe7,
    0x75,0xe7,0x75,0xe7,0x75,0xe7,0x95,0xe7,0x68,0x93,0x04,0x72,0x65,0x7a,0x45,0x7a,0x45,0x7a,0x44,0x7a,0xc6,0x8a,0x48,0x9b,
    0x27,0x9b,0x27,0x9b,0x27,0x9b,0x27,0x9b,0x27,0x9b,0x27,0x9b,0x27,0x9b,0x27,0x9b,0x27,0x9b,0x27,0x9b,0x27,0x9b,0x48,0x9b,
    0x86,0x82,0x45,0x7a,0x45,0x7a,0x45,0x7a,0x45,0x7a,0x45,0x7a,0x45,0x7a,0x45,0x7a,0x45,0x7a,0x45,0x7a,0x45,0x7a,0x45,0x7a,
    0x45,0x7a,0x45,0x7a,0x45,0x7a,0x45,0x7a,0x45,0x7a,0x45,0x7a,0x45,0x7a,0x45,0x7a,0x45,0x7a,0x45,0x7a,0x45,0x7a,0x45,0x7a,
    0x45,0x7a,0x45,0x7a,0x45,0x7a,0x45,0x7a,0x65,0x7a,0x04,0x72,0x68,0x93,0x95,0xe7,0x75,0xe7,0x75,0xe7,0x75,0xe7,0x75,0xe7,
    0x75,0xe7,0x75,0xe7,0x75,0xe7,0x75,0xe7,0x75,0xe7,0x75,0xe7,0x75,0xe7,0x75,0xe7,0x75,0xe7,0x75,0xe7,0x75,0xe7,0x96,0xef,
    0xf1,0xc6,0x67,0x75,0x88,0x7d,0xa8,0x7d,0x48,0x75,0x43,0x2a,0x23,0x2a,0x23,0x2a,0x23,0x2a,0x43,0x2a,0x23,0x2a,0x00,0x00,
    0xa0,0x52,0x00,0x00,0x00,0x00,0x00,0x00,0x00,0x00,0x00,0x00,0x00,0x00,0x00,0x00,0x00,0x00,0x00,0x00,0x00,0x00,0x00,0x00,
    0x00,0x00,0x00,0x00,0x00,0x00,0x00,0x00,0x00,0x00,0x00,0x00,0x00,0x00,0x00,0x00,0x00,0x00,0xe0,0x39,0x00,0x00,0x23,0x2a,
    0x43,0x2a,0x23,0x2a,0x23,0x2a,0x03,0x2a,0xc4,0x3a,0x88,0x7d,0xa8,0x7d,0x88,0x7d,0xa8,0x7d,0x33,0xd7,0x95,0xef,0x75,0xe7,
    0x75,0xe7,0x75,0xe7,0x75,0xe7,0x75,0xe7,0x75,0xe7,0x75,0xe7,0x75,0xe7,0x75,0xe7,0x75,0xe7,0x75,0xe7,0x75,0xe7,0x75,0xe7,
    0x75,0xe7,0xb5,0xef,0xb3,0xd6,0x45,0x7a,0x45,0x7a,0x45,0x7a,0x45,0x7a,0x45,0x7a,0x45,0x7a,0x65,0x7a,0x27,0x9b,0x28,0x9b,
    0x27,0x9b,0x27,0x9b,0x27,0x9b,0x27,0x9b,0x27,0x9b,0x27,0x9b,0x27,0x9b,0x27,0x9b,0x27,0x9b,0x48,0x9b,0xe7,0x92,0x45,0x7a,
    0x45,0x7a,0x45,0x7a,0x45,0x7a,0x45,0x7a,0x45,0x7a,0x45,0x7a,0x45,0x7a,0x45,0x7a,0x45,0x7a,0x45,0x7a,0x45,0x7a,0x45,0x7a,
    0x45,0x7a,0x45,0x7a,0x45,0x7a,0x45,0x7a,0x45,0x7a,0x45,0x7a,0x45,0x7a,0x45,0x7a,0x45,0x7a,0x45,0x7a,0x45,0x7a,0x45,0x7a,
    0x45,0x7a,0x45,0x7a,0x45,0x7a,0x45,0x7a,0x45,0x7a,0x45,0x7a,0xb3,0xd6,0xb5,0xef,0x75,0xe7,0x75,0xe7,0x75,0xe7,0x75,0xe7,
    0x75,0xe7,0x75,0xe7,0x75,0xe7,0x75,0xe7,0x75,0xe7,0x75,0xe7,0x75,0xe7,0x75,0xe7,0x75,0xe7,0x75,0xe7,0x95,0xef,0x33,0xd7,
    0xa8,0x7d,0x88,0x7d,0xa8,0x7d,0x88,0x7d,0xc4,0x3a,0x03,0x2a,0x23,0x2a,0x23,0x2a,0x43,0x2a,0x23,0x2a,0x00,0x00,0xe0,0x39,
    0x00,0x00,0x00,0x00,0x00,0x00,0x00,0x00,0x00,0x00,0x00,0x00,0x00,0x00,0x00,0x00,0x00,0x00,0x00,0x00,0x00,0x00,0x00,0x00,
    0x00,0x00,0x00,0x00,0x00,0x00,0x00,0x00,0x00,0x00,0x00,0x00,0x00,0x00,0x00,0x00,0xe0,0x39,0x00,0x00,0x23,0x2a,0x43,0x2a,
    0x23,0x2a,0x23,0x2a,0x03,0x22,0x24,0x43,0xc8,0x85,0x88,0x7d,0x88,0x7d,0xc9,0x85,0x54,0xdf,0x75,0xe7,0x75,0xe7,0x75,0xe7,
    0x75,0xe7,0x75,0xe7,0x75,0xe7,0x75,0xe7,0x75,0xe7,0x75,0xe7,0x75,0xe7,0x75,0xe7,0x75,0xe7,0x75,0xe7,0x75,0xe7,0x55,0xe7,
    0xd6,0xef,0x8f,0xbd,0xe4,0x71,0x65,0x7a,0x45,0x7a,0x45,0x7a,0x45,0x7a,0x45,0x7a,0x45,0x7a,0x65,0x82,0x27,0x9b,0x28,0x9b,
    0x27,0x9b,0x27,0x9b,0x27,0x9b,0x27,0x9b,0x27,0x9b,0x27,0x9b,0x27,0x9b,0x48,0x9b,0x07,0x93,0x45,0x7a,0x45,0x7a,0x45,0x7a,
    0x45,0x7a,0x45,0x7a,0x45,0x7a,0x45,0x7a,0x45,0x7a,0x45,0x7a,0x45,0x7a,0x45,0x7a,0x45,0x7a,0x45,0x7a,0x45,0x7a,0x45,0x7a,
    0x45,0x7a,0x45,0x7a,0x45,0x7a,0x45,0x7a,0x45,0x7a,0x45,0x7a,0x45,0x7a,0x45,0x7a,0x45,0x7a,0x45,0x7a,0x45,0x7a,0x45,0x7a,
    0x45,0x7a,0x45,0x7a,0x45,0x7a,0x65,0x7a,0xe4,0x71,0x8f,0xbd,0xd6,0xef,0x55,0xe7,0x75,0xe7,0x75,0xe7,0x75,0xe7,0x75,0xe7,
    0x75,0xe7,0x75,0xe7,0x75,0xe7,0x75,0xe7,0x75,0xe7,0x75,0xe7,0x75,0xe7,0x75,0xe7,0x75,0xe7,0x75,0xe7,0x54,0xdf,0xc9,0x85,
    0x88,0x7d,0x88,0x7d,0xc8,0x85,0x24,0x43,0x03,0x22,0x23,0x2a,0x23,0x2a,0x43,0x2a,0x23,0x2a,0x00,0x00,0xe0,0x39,0x00,0x00,
    0x00,0x00,0x00,0x00,0x00,0x00,0x00,0x00,0x00,0x00,0x00,0x00,0x00,0x00,0x00,0x00,0x00,0x00,0x00,0x00,0x00,0x00,0x00,0x00,
    0x00,0x00,0x00,0x00,0x00,0x00,0x00,0x00,0x00,0x00,0x00,0x00,0x00,0x00,0xe0,0x39,0x00,0x00,0x23,0x2a,0x43,0x2a,0x23,0x2a,
    0x23,0x2a,0x03,0x22,0x04,0x43,0xc8,0x85,0x88,0x7d,0x88,0x7d,0xa9,0x85,0x54,0xdf,0x75,0xe7,0x75,0xe7,0x75,0xe7,0x75,0xe7,
    0x75,0xe7,0x75,0xe7,0x75,0xe7,0x75,0xe7,0x75,0xe7,0x75,0xe7,0x75,0xe7,0x75,0xe7,0x75,0xe7,0x75,0xe7,0x55,0xe7,0xd6,0xef,
    0x4b,0xa4,0xe4,0x71,0x65,0x7a,0x45,0x7a,0x45,0x7a,0x45,0x7a,0x45,0x7a,0x45,0x7a,0x45,0x7a,0x65,0x82,0x07,0x93,0x48,0x9b,
    0x48,0x9b,0x27,0x9b,0x27,0x9b,0x28,0x9b,0x48,0x9b,0x48,0x9b,0xe7,0x92,0x45,0x7a,0x45,0x7a,0x45,0x7a,0x45,0x7a,0x45,0x7a,
    0x45,0x7a,0x45,0x7a,0x45,0x7a,0x45,0x7a,0x45,0x7a,0x45,0x7a,0x45,0x7a,0x45,0x7a,0x45,0x7a,0x45,0x7a,0x45,0x7a,0x45,0x7a,
    0x45,0x7a,0x45,0x7a,0x45,0x7a,0x45,0x7a,0x45,0x7a,0x45,0x7a,0x45,0x7a,0x45,0x7a,0x45,0x7a,0x45,0x7a,0x45,0x7a,0x45,0x7a,
    0x45,0x7a,0x45,0x7a,0x65,0x7a,0xe4,0x71,0x4b,0xa4,0xd6,0xef,0x55,0xe7,0x75,0xe7,0x75,0xe7,0x75,0xe7,0x75,0xe7,0x75,0xe7,
    0x75,0xe7,0x75,0xe7,0x75,0xe7,0x75,0xe7,0x75,0xe7,0x75,0xe7,0x75,0xe7,0x75,0xe7,0x75,0xe7,0x54,0xdf,0xa9,0x85,0x88,0x7d,
    0x88,0x7d,0xc8,0x85,0x04,0x43,0x03,0x22,0x23,0x2a,0x23,0x2a,0x43,0x2a,0x23,0x2a,0x00,0x00,0xe0,0x39,0x00,0x00,0x00,0x00,
    0x00,0x00,0x00,0x00,0x00,0x00,0x00,0x00,0x00,0x00,0x00,0x00,0x00,0x00,0x00,0x00,0x00,0x00,0x00,0x00,0x00,0x00,0x00,0x00,
    0x00,0x00,0x00,0x00,0x00,0x00,0x00,0x00,0x00,0x00,0x00,0x00,0xe0,0x39,0x00,0x00,0x23,0x2a,0x43,0x2a,0x23,0x2a,0x23,0x2a,
    0x03,0x22,0x04,0x43,0xc8,0x85,0x88,0x7d,0x88,0x7d,0xa9,0x85,0x54,0xdf,0x75,0xe7,0x75,0xe7,0x75,0xe7,0x75,0xe7,0x75,0xe7,
    0x75,0xe7,0x75,0xe7,0x75,0xe7,0x75,0xe7,0x75,0xe7,0x75,0xe7,0x75,0xe7,0x75,0xe7,0x75,0xe7,0x75,0xe7,0x75,0xe7,0x07,0x8b,
    0x24,0x72,0x45,0x7a,0x45,0x7a,0x45,0x7a,0x45,0x7a,0x45,0x7a,0x45,0x7a,0x45,0x7a,0x45,0x7a,0x45,0x7a,0xa6,0x82,0xe7,0x92,
    0x27,0x9b,0x27,0x9b,0x07,0x9b,0xe7,0x92,0x86,0x82,0x45,0x7a,0x45,0x7a,0x45,0x7a,0x45,0x7a,0x45,0x7a,0x45,0x7a,0x45,0x7a,
    0x45,0x7a,0x45,0x7a,0x45,0x7a,0x45,0x7a,0x45,0x7a,0x45,0x7a,0x45,0x7a,0x45,0x7a,0x45,0x7a,0x45,0x7a,0x45,0x7a,0x45,0x7a,
    0x45,0x7a,0x45,0x7a,0x45,0x7a,0x45,0x7a,0x45,0x7a,0x45,0x7a,0x45,0x7a,0x45,0x7a,0x45,0x7a,0x45,0x7a,0x45,0x7a,0x45,0x7a,
    0x45,0x7a,0x45,0x7a,0x24,0x72,0x07,0x8b,0x75,0xe7,0x75,0xe7,0x75,0xe7,0x75,0xe7,0x75,0xe7,0x75,0xe7,0x75,0xe7,0x75,0xe7,
    0x75,0xe7,0x75,0xe7,0x75,0xe7,0x75,0xe7,0x75,0xe7,0x75,0xe7,0x75,0xe7,0x75,0xe7,0x54,0xdf,0xa9,0x85,0x88,0x7d,0x88,0x7d,
    0xc8,0x85,0x04,0x43,0x03,0x22,0x23,0x2a,0x23,0x2a,0x43,0x2a,0x23,0x2a,0x00,0x00,0xe0,0x39,0x00,0x00,0x00,0x00,0x00,0x00,
    0x00,0x00,0x00,0x00,0x00,0x00,0x00,0x00,0x00,0x00,0x00,0x00,0x00,0x00,0x00,0x00,0x00,0x00,0x00,0x00,0x00,0x00,0x00,0x00,
    0x00,0x00,0x00,0x00,0x00,0x00,0x00,0x00,0x00,0x00,0xe0,0x39,0x00,0x00,0x23,0x2a,0x43,0x2a,0x23,0x2a,0x23,0x2a,0x03,0x22,
    0x04,0x43,0xc8,0x85,0x88,0x7d,0x88,0x7d,0xa9,0x85,0x54,0xdf,0x75,0xe7,0x75,0xe7,0x75,0xe7,0x75,0xe7,0x75,0xe7,0x75,0xe7,
    0x75,0xe7,0x75,0xe7,0x75,0xe7,0x75,0xe7,0x75,0xe7,0x75,0xe7,0x75,0xe7,0x75,0xe7,0x95,0xe7,0x14,0xdf,0x85,0x7a,0x45,0x7a,
    0x45,0x7a,0x45,0x7a,0x45,0x7a,0x45,0x7a,0x45,0x7a,0x45,0x7a,0x45,0x7a,0x45,0x7a,0x45,0x7a,0x45,0x7a,0x45,0x7a,0x65,0x7a,
    0x65,0x7a,0x45,0x7a,0x45,0x7a,0x45,0x7a,0x45,0x7a,0x45,0x7a,0x45,0x7a,0x45,0x7a,0x45,0x7a,0x45,0x7a,0x45,0x7a,0x45,0x7a,
    0x45,0x7a,0x45,0x7a,0x45,0x7a,0x45,0x7a,0x45,0x7a,0x45,0x7a,0x45,0x7a,0x45,0x7a,0x45,0x7a,0x45,0x7a,0x45,0x7a,0x45,0x7a,
    0x45,0x7a,0x45,0x7a,0x45,0x7a,0x45,0x7a,0x45,0x7a,0x45,0x7a,0x45,0x7a,0x45,0x7a,0x45,0x7a,0x45,0x7a,0x45,0x7a,0x45,0x7a,
    0x45,0x7a,0x45,0x7a,0x85,0x7a,0x14,0xdf,0x95,0xe7,0x75,0xe7,0x75,0xe7,0x75,0xe7,0x75,0xe7,0x75,0xe7,0x75,0xe7,0x75,0xe7,
    0x75,0xe7,0x75,0xe7,0x75,0xe7,0x75,0xe7,0x75,0xe7,0x75,0xe7,0x75,0xe7,0x54,0xdf,0xa9,0x85,0x88,0x7d,0x88,0x7d,0xc8,0x85,
    0x04,0x43,0x03,0x22,0x23,0x2a,0x23,0x2a,0x43,0x2a,0x23,0x2a,0x00,0x00,0xe0,0x39,0x00,0x00,0x00,0x00,0x00,0x00,0x00,0x00,
    0x00,0x00,0x00,0x00,0x00,0x00,0x00,0x00,0x00,0x00,0x00,0x00,0x00,0x00,0x00,0x00,0x00,0x00,0x00,0x00,0x00,0x00,0x00,0x00,
    0x00,0x00,0x00,0x00,0x00,0x00,0x00,0x00,0xe0,0x39,0x00,0x00,0x23,0x2a,0x43,0x2a,0x23,0x2a,0x23,0x2a,0x03,0x22,0x04,0x43,
    0xc8,0x85,0x88,0x7d,0x88,0x7d,0xc9,0x85,0x54,0xdf,0x75,0xe7,0x75,0xe7,0x75,0xe7,0x75,0xe7,0x75,0xe7,0x75,0xe7,0x75,0xe7,
    0x75,0xe7,0x75,0xe7,0x75,0xe7,0x75,0xe7,0x75,0xe7,0x75,0xe7,0x75,0xe7,0xb6,0xef,0x31,0xce,0x24,0x72,0x65,0x7a,0x45,0x7a,
    0x45,0x7a,0x45,0x7a,0x45,0x7a,0x45,0x7a,0x45,0x7a,0x45,0x7a,0x45,0x7a,0x45,0x7a,0x45,0x7a,0x45,0x7a,0x45,0x7a,0x45,0x7a,
    0x45,0x7a,0x45,0x7a,0x45,0x7a,0x45,0x7a,0x45,0x7a,0x45,0x7a,0x45,0x7a,0x45,0x7a,0x45,0x7a,0x45,0x7a,0x45,0x7a,0x45,0x7a,
    0x45,0x7a,0x45,0x7a,0x45,0x7a,0x45,0x7a,0x45,0x7a,0x45,0x7a,0x45,0x7a,0x45,0x7a,0x45,0x7a,0x45,0x7a,0x45,0x7a,0x45,0x7a,
    0x45,0x7a,0x45,0x7a,0x45,0x7a,0x45,0x7a,0x45,0x7a,0x45,0x7a,0x45,0x7a,0x45,0x7a,0x45,0x7a,0x45,0x7a,0x45,0x7a,0x45,0x7a,
    0x65,0x7a,0x24,0x72,0x31,0xce,0xb6,0xef,0x75,0xe7,0x75,0xe7,0x75,0xe7,0x75,0xe7,0x75,0xe7,0x75,0xe7,0x75,0xe7,0x75,0xe7,
    0x75,0xe7,0x75,0xe7,0x75,0xe7,0x75,0xe7,0x75,0xe7,0x75,0xe7,0x54,0xdf,0xc9,0x85,0x88,0x7d,0x88,0x7d,0xc8,0x85,0x04,0x43,
    0x03,0x22,0x23,0x2a,0x23,0x2a,0x43,0x2a,0x23,0x2a,0x00,0x00,0xe0,0x39,0x00,0x00,0x00,0x00,0x00,0x00,0x00,0x00,0x00,0x00,
    0x00,0x00,0x00,0x00,0x00,0x00,0x00,0x00,0x00,0x00,0x00,0x00,0x00,0x00,0x00,0x00,0x00,0x00,0x00,0x00,0x00,0x00,0x00,0x00,
    0x00,0x00,0x00,0x00,0x00,0x00,0xe0,0x39,0x00,0x00,0x23,0x2a,0x43,0x2a,0x23,0x2a,0x23,0x2a,0x03,0x22,0x04,0x43,0xc8,0x85,
    0x88,0x7d,0x88,0x7d,0xa8,0x7d,0x33,0xd7,0x95,0xef,0x75,0xe7,0x75,0xe7,0x75,0xe7,0x75,0xe7,0x75,0xe7,0x75,0xe7,0x75,0xe7,
    0x75,0xe7,0x75,0xe7,0x75,0xe7,0x75,0xe7,0x75,0xe7,0x75,0xe7,0xb6,0xef,0x11,0xc6,0x04,0x72,0x65,0x7a,0x45,0x7a,0x45,0x7a,
    0x45,0x7a,0x45,0x7a,0x45,0x7a,0x45,0x7a,0x45,0x7a,0x45,0x7a,0x45,0x7a,0x45,0x7a,0x45,0x7a,0x45,0x7a,0x45,0x7a,0x45,0x7a,
    0x45,0x7a,0x45,0x7a,0x45,0x7a,0x45,0x7a,0x45,0x7a,0x45,0x7a,0x45,0x7a,0x45,0x7a,0x45,0x7a,0x45,0x7a,0x45,0x7a,0x45,0x7a,
    0x45,0x7a,0x45,0x7a,0x45,0x7a,0x45,0x7a,0x45,0x7a,0x45,0x7a,0x45,0x7a,0x45,0x7a,0x45,0x7a,0x45,0x7a,0x45,0x7a,0x45,0x7a,
    0x45,0x7a,0x45,0x7a,0x45,0x7a,0x45,0x7a,0x45,0x7a,0x45,0x7a,0x45,0x7a,0x45,0x7a,0x45,0x7a,0x45,0x7a,0x45,0x7a,0x65,0x7a,
    0x04,0x72,0x11,0xc6,0xb6,0xef,0x75,0xe7,0x75,0xe7,0x75,0xe7,0x75,0xe7,0x75,0xe7,0x75,0xe7,0x75,0xe7,0x75,0xe7,0x75,0xe7,
    0x75,0xe7,0x75,0xe7,0x75,0xe7,0x75,0xe7,0x95,0xef,0x33,0xd7,0xa8,0x7d,0x88,0x7d,0x88,0x7d,0xc8,0x85,0x04,0x43,0x03,0x22,
    0x23,0x2a,0x23,0x2a,0x43,0x2a,0x23,0x2a,0x00,0x00,0xe0,0x39,0x00,0x00,0x00,0x00,0x00,0x00,0x00,0x00,0x00,0x00,0x00,0x00,
    0x00,0x00,0x00,0x00,0x00,0x00,0x00,0x00,0x00,0x00,0x00,0x00,0x00,0x00,0x00,0x00,0x00,0x00,0x00,0x00,0x00,0x00,0x00,0x00,
    0x00,0x00,0x00,0x00,0xe0,0x39,0x00,0x00,0x23,0x2a,0x43,0x2a,0x23,0x2a,0x23,0x2a,0x03,0x2a,0x84,0x32,0x68,0x7d,0xa8,0x7d,
    0x88,0x7d,0x67,0x75,0xf1,0xc6,0x96,0xef,0x75,0xe7,0x75,0xe7,0x75,0xe7,0x75,0xe7,0x75,0xe7,0x75,0xe7,0x75,0xe7,0x75,0xe7,
    0x75,0xe7,0x75,0xe7,0x75,0xe7,0x75,0xe7,0x55,0xe7,0xd6,0xef,0xed,0xb4,0xe3,0x71,0x65,0x7a,0x45,0x7a,0x45,0x7a,0x45,0x7a,
    0x45,0x7a,0x45,0x7a,0x45,0x7a,0x45,0x7a,0x45,0x7a,0x45,0x7a,0x45,0x7a,0x45,0x7a,0x45,0x7a,0x45,0x7a,0x45,0x7a,0x45,0x7a,
    0x45,0x7a,0x45,0x7a,0x45,0x7a,0x45,0x7a,0x45,0x7a,0x45,0x7a,0x45,0x7a,0x45,0x7a,0x45,0x7a,0x45,0x7a,0x45,0x7a,0x45,0x7a,
    0x45,0x7a,0x45,0x7a,0x45,0x7a,0x45,0x7a,0x45,0x7a,0x45,0x7a,0x45,0x7a,0x45,0x7a,0x45,0x7a,0x45,0x7a,0x45,0x7a,0x45,0x7a,
    0x45,0x7a,0x45,0x7a,0x45,0x7a,0x45,0x7a,0x45,0x7a,0x45,0x7a,0x45,0x7a,0x45,0x7a,0x45,0x7a,0x45,0x7a,0x65,0x7a,0xe3,0x71,
    0xed,0xb4,0xd6,0xef,0x55,0xe7,0x75,0xe7,0x75,0xe7,0x75,0xe7,0x75,0xe7,0x75,0xe7,0x75,0xe7,0x75,0xe7,0x75,0xe7,0x75,0xe7,
    0x75,0xe7,0x75,0xe7,0x75,0xe7,0x96,0xef,0xf1,0xc6,0x67,0x75,0x88,0x7d,0xa8,0x7d,0x68,0x7d,0x84,0x32,0x03,0x2a,0x23,0x2a,
    0x23,0x2a,0x43,0x2a,0x23,0x2a,0x00,0x00,0xe0,0x39,0x00,0x00,0x00,0x00,0x00,0x00,0x00,0x00,0x00,0x00,0x00,0x00,0x00,0x00,
    0x00,0x00,0x00,0x00,0x00,0x00,0x00,0x00,0x00,0x00,0x00,0x00,0x00,0x00,0x00,0x00,0x00,0x00,0x00,0x00,0x00,0x00,0x00,0x00,
    0x00,0x00,0xa0,0x52,0x00,0x00,0x23,0x2a,0x43,0x2a,0x23,0x2a,0x23,0x2a,0x23,0x2a,0x63,0x2a,0x48,0x75,0xa8,0x7d,0x88,0x7d,
    0x87,0x75,0xf2,0xce,0x96,0xef,0x75,0xe7,0x75,0xe7,0x75,0xe7,0x75,0xe7,0x75,0xe7,0x75,0xe7,0x75,0xe7,0x75,0xe7,0x75,0xe7,
    0x75,0xe7,0x75,0xe7,0x75,0xe7,0x55,0xe7,0xd6,0xef,0xcd,0xac,0xe3,0x71,0x65,0x7a,0x45,0x7a,0x45,0x7a,0x45,0x7a,0x45,0x7a,
    0x45,0x7a,0x45,0x7a,0x45,0x7a,0x45,0x7a,0x45,0x7a,0x45,0x7a,0x45,0x7a,0x45,0x7a,0x45,0x7a,0x45,0x7a,0x45,0x7a,0x45,0x7a,
    0x45,0x7a,0x45,0x7a,0x45,0x7a,0x45,0x7a,0x45,0x7a,0x45,0x7a,0x45,0x7a,0x45,0x7a,0x45,0x7a,0x45,0x7a,0x45,0x7a,0x45,0x7a,
    0x45,0x7a,0x45,0x7a,0x45,0x7a,0x45,0x7a,0x45,0x7a,0x45,0x7a,0x45,0x7a,0x45,0x7a,0x45,0x7a,0x45,0x7a,0x45,0x7a,0x45,0x7a,
    0x45,0x7a,0x45,0x7a,0x45,0x7a,0x45,0x7a,0x45,0x7a,0x45,0x7a,0x45,0x7a,0x45,0x7a,0x45,0x7a,0x65,0x7a,0xe3,0x71,0xcd,0xac,
    0xd6,0xef,0x55,0xe7,0x75,0xe7,0x75,0xe7,0x75,0xe7,0x75,0xe7,0x75,0xe7,0x75,0xe7,0x75,0xe7,0x75,0xe7,0x75,0xe7,0x75,0xe7,
    0x75,0xe7,0x75,0xe7,0x96,0xef,0xf2,0xce,0x87,0x75,0x88,0x7d,0xa8,0x7d,0x48,0x75,0x63,0x2a,0x23,0x2a,0x23,0x2a,0x23,0x2a,
    0x43,0x2a,0x23,0x2a,0x00,0x00,0xa0,0x52,0x00,0x00,0x00,0x00,0x00,0x00,0x00,0x00,0x00,0x00,0x00,0x00,0x00,0x00,0x00,0x00,
    0x00,0x00,0x00,0x00,0x00,0x00,0x00,0x00,0x00,0x00,0x00,0x00,0x00,0x00,0x00,0x00,0x00,0x00,0x00,0x00,0x00,0x00,0x00,0x00,
    0xa0,0x52,0x00,0x00,0x23,0x2a,0x43,0x2a,0x23,0x2a,0x23,0x2a,0x23,0x2a,0x63,0x32,0x68,0x7d,0xa8,0x7d,0x88,0x7d,0x87,0x75,
    0xf2,0xce,0x96,0xef,0x75,0xe7,0x75,0xe7,0x75,0xe7,0x75,0xe7,0x75,0xe7,0x75,0xe7,0x75,0xe7,0x75,0xe7,0x75,0xe7,0x75,0xe7,
    0x75,0xe7,0x75,0xe7,0x55,0xe7,0xd6,0xef,0xed,0xac,0xe3,0x71,0x65,0x7a,0x45,0x7a,0x45,0x7a,0x45,0x7a,0x45,0x7a,0x45,0x7a,
    0x45,0x7a,0x45,0x7a,0x45,0x7a,0x45,0x7a,0x45,0x7a,0x45,0x7a,0x45,0x7a,0x45,0x7a,0x45,0x7a,0x45,0x7a,0x45,0x7a,0x45,0x7a,
    0x45,0x7a,0x45,0x7a,0x45,0x7a,0x45,0x7a,0x45,0x7a,0x45,0x7a,0x45,0x7a,0x45,0x7a,0x45,0x7a,0x45,0x7a,0x45,0x7a,0x45,0x7a,
    0x45,0x7a,0x45,0x7a,0x45,0x7a,0x45,0x7a,0x45,0x7a,0x45,0x7a,0x45,0x7a,0x45,0x7a,0x45,0x7a,0x45,0x7a,0x45,0x7a,0x45,0x7a,
    0x45,0x7a,0x45,0x7a,0x45,0x7a,0x45,0x7a,0x45,0x7a,0x45,0x7a,0x45,0x7a,0x45,0x7a,0x65,0x7a,0xe3,0x71,0xed,0xac,0xd6,0xef,
    0x55,0xe7,0x75,0xe7,0x75,0xe7,0x75,0xe7,0x75,0xe7,0x75,0xe7,0x75,0xe7,0x75,0xe7,0x75,0xe7,0x75,0xe7,0x75,0xe7,0x75,0xe7,
    0x75,0xe7,0x96,0xef,0xf2,0xce,0x87,0x75,0x88,0x7d,0xa8,0x7d,0x68,0x7d,0x63,0x32,0x23,0x2a,0x23,0x2a,0x23,0x2a,0x43,0x2a,
    0x23,0x2a,0x00,0x00,0xa0,0x52,0x00,0x00,0x00,0x00,0x00,0x00,0x00,0x00,0x00,0x00,0x00,0x00,0x00,0x00,0x00,0x00,0x00,0x00,
    0x00,0x00,0x00,0x00,0x00,0x00,0x00,0x00,0x00,0x00,0x00,0x00,0x00,0x00,0x00,0x00,0x00,0x00,0x00,0x00,0x00,0x00,0xa0,0x52,
    0x00,0x00,0x43,0x2a,0x43,0x2a,0x23,0x2a,0x23,0x2a,0x23,0x2a,0x43,0x2a,0x27,0x75,0xa8,0x7d,0x88,0x7d,0x87,0x75,0xf2,0xce,
    0x96,0xef,0x75,0xe7,0x75,0xe7,0x75,0xe7,0x75,0xe7,0x75,0xe7,0x75,0xe7,0x75,0xe7,0x75,0xe7,0x75,0xe7,0x75,0xe7,0x75,0xe7,
    0x75,0xe7,0x55,0xe7,0xd6,0xef,0xed,0xac,0xe3,0x71,0x65,0x7a,0x45,0x7a,0x45,0x7a,0x45,0x7a,0x45,0x7a,0x45,0x7a,0x45,0x7a,
    0x45,0x7a,0x45,0x7a,0x45,0x7a,0x45,0x7a,0x45,0x7a,0x45,0x7a,0x45,0x7a,0x45,0x7a,0x45,0x7a,0x45,0x7a,0x45,0x7a,0x45,0x7a,
    0x45,0x7a,0x45,0x7a,0x45,0x7a,0x45,0x7a,0x45,0x7a,0x45,0x7a,0x45,0x7a,0x45,0x7a,0x45,0x7a,0x45,0x7a,0x45,0x7a,0x45,0x7a,
    0x45,0x7a,0x45,0x7a,0x45,0x7a,0x45,0x7a,0x45,0x7a,0x45,0x7a,0x45,0x7a,0x45,0x7a,0x45,0x7a,0x45,0x7a,0x45,0x7a,0x45,0x7a,
    0x45,0x7a,0x45,0x7a,0x45,0x7a,0x45,0x7a,0x45,0x7a,0x45,0x7a,0x45,0x7a,0x65,0x7a,0xe3,0x71,0xed,0xac,0xd6,0xef,0x55,0xe7,
    0x75,0xe7,0x75,0xe7,0x75,0xe7,0x75,0xe7,0x75,0xe7,0x75,0xe7,0x75,0xe7,0x75,0xe7,0x75,0xe7,0x75,0xe7,0x75,0xe7,0x75,0xe7,
    0x96,0xef,0xf2,0xce,0x87,0x75,0x88,0x7d,0xa8,0x7d,0x27,0x75,0x43,0x2a,0x23,0x2a,0x23,0x2a,0x23,0x2a,0x43,0x2a,0x43,0x2a,
    0x00,0x00,0xa0,0x52,0x00,0x00,0x00,0x00,0x00,0x00,0x00,0x00,0x00,0x00,0x00,0x00,0x00,0x00,0x00,0x00,0x00,0x00,0x00,0x00,
    0x00,0x00,0x00,0x00,0x00,0x00,0x00,0x00,0x00,0x00,0x00,0x00,0x00,0x00,0x00,0x00,0x00,0x00,0x00,0x00,0x00,0x00,0x00,0x00,
    0x23,0x2a,0x23,0x2a,0x23,0x2a,0x23,0x2a,0x23,0x2a,0x03,0x22,0xa7,0x64,0xc8,0x85,0x88,0x7d,0x67,0x75,0xaf,0xbe,0x96,0xef,
    0x75,0xe7,0x75,0xe7,0x75,0xe7,0x75,0xe7,0x75,0xe7,0x75,0xe7,0x75,0xe7,0x75,0xe7,0x75,0xe7,0x75,0xe7,0x75,0xe7,0x75,0xe7,
    0x55,0xe7,0xd6,0xef,0xcd,0xac,0xe3,0x71,0x65,0x7a,0x45,0x7a,0x45,0x7a,0x45,0x7a,0x45,0x7a,0x45,0x7a,0x45,0x7a,0x45,0x7a,
    0x45,0x7a,0x45,0x7a,0x45,0x7a,0x45,0x7a,0x45,0x7a,0x45,0x7a,0x45,0x7a,0x45,0x7a,0x45,0x7a,0x45,0x7a,0x45,0x7a,0x45,0x7a,
    0x45,0x7a,0x45,0x7a,0x45,0x7a,0x45,0x7a,0x45,0x7a,0x45,0x7a,0x45,0x7a,0x45,0x7a,0x45,0x7a,0x45,0x7a,0x45,0x7a,0x45,0x7a,
    0x45,0x7a,0x45,0x7a,0x45,0x7a,0x45,0x7a,0x45,0x7a,0x45,0x7a,0x45,0x7a,0x45,0x7a,0x45,0x7a,0x45,0x7a,0x45,0x7a,0x45,0x7a,
    0x45,0x7a,0x45,0x7a,0x45,0x7a,0x45,0x7a,0x45,0x7a,0x45,0x7a,0x65,0x7a,0xe3,0x71,0xcd,0xac,0xd6,0xef,0x55,0xe7,0x75,0xe7,
    0x75,0xe7,0x75,0xe7,0x75,0xe7,0x75,0xe7,0x75,0xe7,0x75,0xe7,0x75,0xe7,0x75,0xe7,0x75,0xe7,0x75,0xe7,0x75,0xe7,0x96,0xef,
    0xaf,0xbe,0x67,0x75,0x88,0x7d,0xc8,0x85,0xa7,0x64,0x03,0x22,0x23,0x2a,0x23,0x2a,0x23,0x2a,0x23,0x2a,0x23,0x2a,0x00,0x00,
    0x00,0x00,0x00,0x00,0x00,0x00,0x00,0x00,0x00,0x00,0x00,0x00,0x00,0x00,0x00,0x00,0x00,0x00,0x00,0x00,0x00,0x00,0x00,0x00,
    0x00,0x00,0x00,0x00,0x00,0x00,0x00,0x00,0x00,0x00,0x00,0x00,0x00,0x00,0x00,0x00,0x00,0x00,0x00,0x00,0x00,0x00,0xa4,0x32,
    0x23,0x2a,0x23,0x2a,0x23,0x2a,0x23,0x2a,0x03,0x22,0xc7,0x64,0xc8,0x85,0x88,0x7d,0x67,0x75,0x6d,0xae,0x96,0xef,0x75,0xe7,
    0x75,0xe7,0x75,0xe7,0x75,0xe7,0x75,0xe7,0x75,0xe7,0x75,0xe7,0x75,0xe7,0x75,0xe7,0x75,0xe7,0x75,0xe7,0x75,0xe7,0x75,0xe7,
    0xd6,0xef,0x8f,0xbd,0x04,0x72,0x65,0x7a,0x45,0x7a,0x45,0x7a,0x45,0x7a,0x45,0x7a,0x45,0x7a,0x45,0x7a,0x45,0x7a,0x45,0x7a,
    0x45,0x7a,0x45,0x7a,0x45,0x7a,0x45,0x7a,0x45,0x7a,0x45,0x7a,0x45,0x7a,0x45,0x7a,0x45,0x7a,0x45,0x7a,0x45,0x7a,0x45,0x7a,
    0x45,0x7a,0x45,0x7a,0x45,0x7a,0x45,0x7a,0x45,0x7a,0x45,0x7a,0x45,0x7a,0x45,0x7a,0x45,0x7a,0x45,0x7a,0x45,0x7a,0x45,0x7a,
    0x45,0x7a,0x45,0x7a,0x45,0x7a,0x45,0x7a,0x45,0x7a,0x45,0x7a,0x45,0x7a,0x45,0x7a,0x45,0x7a,0x45,0x7a,0x45,0x7a,0x45,0x7a,
    0x45,0x7a,0x45,0x7a,0x45,0x7a,0x45,0x7a,0x45,0x7a,0x65,0x7a,0x04,0x72,0x8f,0xbd,0xd6,0xef,0x75,0xe7,0x75,0xe7,0x75,0xe7,
    0x75,0xe7,0x75,0xe7,0x75,0xe7,0x75,0xe7,0x75,0xe7,0x75,0xe7,0x75,0xe7,0x75,0xe7,0x75,0xe7,0x75,0xe7,0x96,0xef,0x6d,0xae,
    0x67,0x75,0x88,0x7d,0xc8,0x85,0xc7,0x64,0x03,0x22,0x23,0x2a,0x23,0x2a,0x23,0x2a,0x23,0x2a,0xa4,0x32,0x00,0x00,0x00,0x00,
    0x00,0x00,0x00,0x00,0x00,0x00,0x00,0x00,0x00,0x00,0x00,0x00,0x00,0x00,0x00,0x00,0x00,0x00,0x00,0x00,0x00,0x00,0x00,0x00,
    0x00,0x00,0x00,0x00,0x00,0x00,0x00,0x00,0x00,0x00,0x00,0x00,0x00,0x00,0x00,0x00,0x00,0x00,0xe0,0x07,0x86,0x31,0x23,0x2a,
    0x43,0x2a,0x23,0x2a,0x23,0x2a,0x03,0x22,0xa6,0x64,0xc8,0x85,0x88,0x7d,0x87,0x75,0x0b,0x96,0x96,0xef,0x75,0xe7,0x75,0xe7,
    0x75,0xe7,0x75,0xe7,0x75,0xe7,0x75,0xe7,0x75,0xe7,0x75,0xe7,0x75,0xe7,0x75,0xe7,0x75,0xe7,0x75,0xe7,0x75,0xe7,0xb6,0xef,
    0x31,0xce,0x04,0x72,0x65,0x7a,0x45,0x7a,0x45,0x7a,0x45,0x7a,0x45,0x7a,0x45,0x7a,0x45,0x7a,0x45,0x7a,0x45,0x7a,0x45,0x7a,
    0x45,0x7a,0x45,0x7a,0x45,0x7a,0x45,0x7a,0x45,0x7a,0x45,0x7a,0x45,0x7a,0x45,0x7a,0x45,0x7a,0x45,0x7a,0x45,0x7a,0x45,0x7a,
    0x45,0x7a,0x45,0x7a,0x45,0x7a,0x45,0x7a,0x45,0x7a,0x45,0x7a,0x45,0x7a,0x45,0x7a,0x45,0x7a,0x45,0x7a,0x45,0x7a,0x45,0x7a,
    0x45,0x7a,0x45,0x7a,0x45,0x7a,0x45,0x7a,0x45,0x7a,0x45,0x7a,0x45,0x7a,0x45,0x7a,0x45,0x7a,0x45,0x7a,0x45,0x7a,0x45,0x7a,
    0x45,0x7a,0x45,0x7a,0x45,0x7a,0x45,0x7a,0x65,0x7a,0x04,0x72,0x31,0xce,0xb6,0xef,0x75,0xe7,0x75,0xe7,0x75,0xe7,0x75,0xe7,
    0x75,0xe7,0x75,0xe7,0x75,0xe7,0x75,0xe7,0x75,0xe7,0x75,0xe7,0x75,0xe7,0x75,0xe7,0x75,0xe7,0x96,0xef,0x0b,0x96,0x87,0x75,
    0x88,0x7d,0xc8,0x85,0xa6,0x64,0x03,0x22,0x23,0x2a,0x23,0x2a,0x43,0x2a,0x23,0x2a,0x86,0x31,0xe0,0x07,0x00,0x00,0x00,0x00,
    0x00,0x00,0x00,0x00,0x00,0x00,0x00,0x00,0x00,0x00,0x00,0x00,0x00,0x00,0x00,0x00,0x00,0x00,0x00,0x00,0x00,0x00,0x00,0x00,
    0x00,0x00,0x00,0x00,0x00,0x00,0x00,0x00,0x00,0x00,0x00,0x00,0x00,0x00,0x00,0x00,0xe0,0x03,0x00,0x00,0x23,0x2a,0x43,0x2a,
    0x23,0x2a,0x43,0x2a,0xe3,0x21,0x06,0x54,0xc8,0x85,0x88,0x7d,0x87,0x7d,0xc9,0x8d,0x75,0xe7,0x75,0xe7,0x75,0xe7,0x75,0xe7,
    0x75,0xe7,0x75,0xe7,0x75,0xe7,0x75,0xe7,0x75,0xe7,0x75,0xe7,0x75,0xe7,0x75,0xe7,0x75,0xe7,0x75,0xe7,0xb6,0xef,0x92,0xd6,
    0x65,0x7a,0x45,0x7a,0x45,0x7a,0x45,0x7a,0x45,0x7a,0x45,0x7a,0x45,0x7a,0x45,0x7a,0x45,0x7a,0x45,0x7a,0x45,0x7a,0x45,0x7a,
    0x45,0x7a,0x45,0x7a,0x45,0x7a,0x45,0x7a,0x45,0x7a,0x45,0x7a,0x45,0x7a,0x45,0x7a,0x45,0x7a,0x45,0x7a,0x45,0x7a,0x45,0x7a,
    0x45,0x7a,0x45,0x7a,0x45,0x7a,0x45,0x7a,0x45,0x7a,0x45,0x7a,0x45,0x7a,0x45,0x7a,0x45,0x7a,0x45,0x7a,0x45,0x7a,0x45,0x7a,
    0x45,0x7a,0x45,0x7a,0x45,0x7a,0x45,0x7a,0x45,0x7a,0x45,0x7a,0x45,0x7a,0x45,0x7a,0x45,0x7a,0x45,0x7a,0x45,0x7a,0x45,0x7a,
    0x45,0x7a,0x45,0x7a,0x45,0x7a,0x45,0x7a,0x65,0x7a,0x92,0xd6,0xb6,0xef,0x75,0xe7,0x75,0xe7,0x75,0xe7,0x75,0xe7,0x75,0xe7,
    0x75,0xe7,0x75,0xe7,0x75,0xe7,0x75,0xe7,0x75,0xe7,0x75,0xe7,0x75,0xe7,0x75,0xe7,0x75,0xe7,0xc9,0x8d,0x87,0x7d,0x88,0x7d,
    0xc8,0x85,0x06,0x54,0xe3,0x21,0x43,0x2a,0x23,0x2a,0x43,0x2a,0x23,0x2a,0x00,0x00,0xe0,0x03,0x00,0x00,0x00,0x00,0x00,0x00,
    0x00,0x00,0x00,0x00,0x00,0x00,0x00,0x00,0x00,0x00,0x00,0x00,0x00,0x00,0x00,0x00,0x00,0x00,0x00,0x00,0x00,0x00,0x00,0x00,
    0x00,0x00,0x00,0x00,0x00,0x00,0x00,0x00,0x00,0x00,0x00,0x00,0x00,0x00,0xe0,0x39,0x00,0x00,0x23,0x2a,0x43,0x2a,0x23,0x2a,
    0x43,0x2a,0xe3,0x21,0x85,0x4b,0xc8,0x85,0x88,0x7d,0x88,0x7d,0xa8,0x7d,0x33,0xdf,0x95,0xe7,0x75,0xe7,0x75,0xe7,0x75,0xe7,
    0x75,0xe7,0x75,0xe7,0x75,0xe7,0x75,0xe7,0x75,0xe7,0x75,0xe7,0x75,0xe7,0x75,0xe7,0x75,0xe7,0x95,0xe7,0x34,0xdf,0xc6,0x82,
    0x24,0x7a,0x45,0x7a,0x45,0x7a,0x45,0x7a,0x45,0x7a,0x45,0x7a,0x45,0x7a,0x45,0x7a,0x45,0x7a,0x45,0x7a,0x45,0x7a,0x45,0x7a,
    0x45,0x7a,0x45,0x7a,0x45,0x7a,0x45,0x7a,0x45,0x7a,0x45,0x7a,0x45,0x7a,0x45,0x7a,0x45,0x7a,0x45,0x7a,0x45,0x7a,0x45,0x7a,
    0x45,0x7a,0x45,0x7a,0x45,0x7a,0x45,0x7a,0x45,0x7a,0x45,0x7a,0x45,0x7a,0x45,0x7a,0x45,0x7a,0x45,0x7a,0x45,0x7a,0x45,0x7a,
    0x45,0x7a,0x45,0x7a,0x45,0x7a,0x45,0x7a,0x45,0x7a,0x45,0x7a,0x45,0x7a,0x45,0x7a,0x45,0x7a,0x45,0x7a,0x45,0x7a,0x45,0x7a,
    0x45,0x7a,0x45,0x7a,0x24,0x7a,0xc6,0x82,0x34,0xdf,0x95,0xe7,0x75,0xe7,0x75,0xe7,0x75,0xe7,0x75,0xe7,0x75,0xe7,0x75,0xe7,
    0x75,0xe7,0x75,0xe7,0x75,0xe7,0x75,0xe7,0x75,0xe7,0x75,0xe7,0x95,0xe7,0x33,0xdf,0xa8,0x7d,0x88,0x7d,0x88,0x7d,0xc8,0x85,
    0x85,0x4b,0xe3,0x21,0x43,0x2a,0x23,0x2a,0x43,0x2a,0x23,0x2a,0x00,0x00,0xe0,0x39,0x00,0x00,0x00,0x00,0x00,0x00,0x00,0x00,
    0x00,0x00,0x00,0x00,0x00,0x00,0x00,0x00,0x00,0x00,0x00,0x00,0x00,0x00,0x00,0x00,0x00,0x00,0x00,0x00,0x00,0x00,0x00,0x00,
    0x00,0x00,0x00,0x00,0x00,0x00,0x00,0x00,0x00,0x00,0x00,0x00,0xe0,0x39,0x00,0x00,0x23,0x2a,0x43,0x2a,0x23,0x2a,0x23,0x2a,
    0x03,0x2a,0xe4,0x3a,0xa8,0x7d,0x88,0x7d,0xa8,0x7d,0x87,0x75,0xf1,0xc6,0x96,0xef,0x75,0xe7,0x75,0xe7,0x75,0xe7,0x75,0xe7,
    0x75,0xe7,0x75,0xe7,0x75,0xe7,0x75,0xe7,0x75,0xe7,0x75,0xe7,0x75,0xe7,0x75,0xe7,0x75,0xe7,0xb6,0xef,0xa9,0x93,0x04,0x72,
    0x65,0x7a,0x45,0x7a,0x45,0x7a,0x45,0x7a,0x45,0x7a,0x45,0x7a,0x45,0x7a,0x45,0x7a,0x45,0x7a,0x45,0x7a,0x45,0x7a,0x45,0x7a,
    0x45,0x7a,0x45,0x7a,0x45,0x7a,0x45,0x7a,0x45,0x7a,0x45,0x7a,0x45,0x7a,0x45,0x7a,0x45,0x7a,0x45,0x7a,0x45,0x7a,0x45,0x7a,
    0x45,0x7a,0x45,0x7a,0x45,0x7a,0x45,0x7a,0x45,0x7a,0x45,0x7a,0x45,0x7a,0x45,0x7a,0x45,0x7a,0x45,0x7a,0x45,0x7a,0x45,0x7a,
    0x45,0x7a,0x45,0x7a,0x45,0x7a,0x45,0x7a,0x45,0x7a,0x45,0x7a,0x45,0x7a,0x45,0x7a,0x45,0x7a,0x45,0x7a,0x45,0x7a,0x45,0x7a,
    0x65,0x7a,0x04,0x72,0xa9,0x93,0xb6,0xef,0x75,0xe7,0x75,0xe7,0x75,0xe7,0x75,0xe7,0x75,0xe7,0x75,0xe7,0x75,0xe7,0x75,0xe7,
    0x75,0xe7,0x75,0xe7,0x75,0xe7,0x75,0xe7,0x75,0xe7,0x96,0xef,0xf1,0xc6,0x87,0x75,0xa8,0x7d,0x88,0x7d,0xa8,0x7d,0xe4,0x3a,
    0x03,0x2a,0x23,0x2a,0x23,0x2a,0x43,0x2a,0x23,0x2a,0x00,0x00,0xe0,0x39,0x00,0x00,0x00,0x00,0x00,0x00,0x00,0x00,0x00,0x00,
    0x00,0x00,0x00,0x00,0x00,0x00,0x00,0x00,0x00,0x00,0x00,0x00,0x00,0x00,0x00,0x00,0x00,0x00,0x00,0x00,0x00,0x00,0x00,0x00,
    0x00,0x00,0x00,0x00,0x00,0x00,0x00,0x00,0x00,0x00,0xa0,0x52,0x00,0x00,0x23,0x2a,0x43,0x2a,0x23,0x2a,0x23,0x2a,0x23,0x2a,
    0x23,0x2a,0x07,0x75,0xa8,0x7d,0x88,0x7d,0x67,0x75,0x8f,0xb6,0x96,0xef,0x75,0xe7,0x75,0xe7,0x75,0xe7,0x75,0xe7,0x75,0xe7,
    0x75,0xe7,0x75,0xe7,0x75,0xe7,0x75,0xe7,0x75,0xe7,0x75,0xe7,0x75,0xe7,0x55,0xe7,0xd6,0xef,0xed,0xac,0xe3,0x71,0x65,0x7a,
    0x45,0x7a,0x45,0x7a,0x45,0x7a,0x45,0x7a,0x45,0x7a,0x45,0x7a,0x45,0x7a,0x45,0x7a,0x45,0x7a,0x45,0x7a,0x45,0x7a,0x45,0x7a,
    0x45,0x7a,0x45,0x7a,0x45,0x7a,0x45,0x7a,0x45,0x7a,0x45,0x7a,0x45,0x7a,0x45,0x7a,0x45,0x7a,0x45,0x7a,0x45,0x7a,0x45,0x7a,
    0x45,0x7a,0x45,0x7a,0x45,0x7a,0x45,0x7a,0x45,0x7a,0x45,0x7a,0x45,0x7a,0x45,0x7a,0x45,0x7a,0x45,0x7a,0x45,0x7a,0x45,0x7a,
    0x45,0x7a,0x45,0x7a,0x45,0x7a,0x45,0x7a,0x45,0x7a,0x45,0x7a,0x45,0x7a,0x45,0x7a,0x45,0x7a,0x45,0x7a,0x45,0x7a,0x65,0x7a,
    0xe3,0x71,0xed,0xac,0xd6,0xef,0x55,0xe7,0x75,0xe7,0x75,0xe7,0x75,0xe7,0x75,0xe7,0x75,0xe7,0x75,0xe7,0x75,0xe7,0x75,0xe7,
    0x75,0xe7,0x75,0xe7,0x75,0xe7,0x75,0xe7,0x96,0xef,0x8f,0xb6,0x67,0x75,0x88,0x7d,0xa8,0x7d,0x07,0x75,0x23,0x2a,0x23,0x2a,
    0x23,0x2a,0x23,0x2a,0x43,0x2a,0x23,0x2a,0x00,0x00,0xa0,0x52,0x00,0x00,0x00,0x00,0x00,0x00,0x00,0x00,0x00,0x00,0x00,0x00,
    0x00,0x00,0x00,0x00,0x00,0x00,0x00,0x00,0x00,0x00,0x00,0x00,0x00,0x00,0x00,0x00,0x00,0x00,0x00,0x00,0x00,0x00,0x00,0x00,
    0x00,0x00,0x00,0x00,0x00,0x00,0x00,0x00,0xe0,0x7b,0x00,0x00,0x23,0x2a,0x23,0x2a,0x23,0x2a,0x23,0x2a,0x43,0x2a,0xe3,0x21,
    0x46,0x5c,0xc8,0x85,0x88,0x7d,0x87,0x75,0x2c,0x9e,0x96,0xef,0x75,0xe7,0x75,0xe7,0x75,0xe7,0x75,0xe7,0x75,0xe7,0x75,0xe7,
    0x75,0xe7,0x75,0xe7,0x75,0xe7,0x75,0xe7,0x75,0xe7,0x75,0xe7,0x75,0xe7,0xb6,0xef,0x11,0xce,0x04,0x72,0x65,0x7a,0x45,0x7a,
    0x45,0x7a,0x45,0x7a,0x45,0x7a,0x45,0x7a,0x45,0x7a,0x45,0x7a,0x45,0x7a,0x45,0x7a,0x45,0x7a,0x45,0x7a,0x45,0x7a,0x45,0x7a,
    0x45,0x7a,0x45,0x7a,0x45,0x7a,0x45,0x7a,0x45,0x7a,0x45,0x7a,0x45,0x7a,0x45,0x7a,0x45,0x7a,0x45,0x7a,0x45,0x7a,0x45,0x7a,
    0x45,0x7a,0x45,0x7a,0x45,0x7a,0x45,0x7a,0x45,0x7a,0x45,0x7a,0x45,0x7a,0x45,0x7a,0x45,0x7a,0x45,0x7a,0x45,0x7a,0x45,0x7a,
    0x45,0x7a,0x45,0x7a,0x45,0x7a,0x45,0x7a,0x45,0x7a,0x45,0x7a,0x45,0x7a,0x45,0x7a,0x45,0x7a,0x45,0x7a,0x65,0x7a,0x04,0x72,
    0x11,0xce,0xb6,0xef,0x75,0xe7,0x75,0xe7,0x75,0xe7,0x75,0xe7,0x75,0xe7,0x75,0xe7,0x75,0xe7,0x75,0xe7,0x75,0xe7,0x75,0xe7,
    0x75,0xe7,0x75,0xe7,0x75,0xe7,0x96,0xef,0x2c,0x9e,0x87,0x75,0x88,0x7d,0xc8,0x85,0x46,0x5c,0xe3,0x21,0x43,0x2a,0x23,0x2a,
    0x23,0x2a,0x23,0x2a,0x23,0x2a,0x00,0x00,0xe0,0x7b,0x00,0x00,0x00,0x00,0x00,0x00,0x00,0x00,0x00,0x00,0x00,0x00,0x00,0x00,
    0x00,0x00,0x00,0x00,0x00,0x00,0x00,0x00,0x00,0x00,0x00,0x00,0x00,0x00,0x00,0x00,0x00,0x00,0x00,0x00,0x00,0x00,0x00,0x00,
    0x00,0x00,0x00,0x00,0x00,0x00,0x00,0x00,0x00,0x00,0xa3,0x3a,0x23,0x2a,0x43,0x2a,0x23,0x2a,0x43,0x2a,0xe3,0x21,0xa5,0x4b,
    0xc8,0x85,0x88,0x7d,0x88,0x7d,0xa9,0x85,0x54,0xdf,0x75,0xe7,0x75,0xe7,0x75,0xe7,0x75,0xe7,0x75,0xe7,0x75,0xe7,0x75,0xe7,
    0x75,0xe7,0x75,0xe7,0x75,0xe7,0x75,0xe7,0x75,0xe7,0x75,0xe7,0x95,0xe7,0x34,0xdf,0xc6,0x82,0x24,0x72,0x45,0x7a,0x45,0x7a,
    0x45,0x7a,0x45,0x7a,0x45,0x7a,0x45,0x7a,0x45,0x7a,0x45,0x7a,0x45,0x7a,0x45,0x7a,0x45,0x7a,0x45,0x7a,0x45,0x7a,0x45,0x7a,
    0x45,0x7a,0x45,0x7a,0x45,0x7a,0x45,0x7a,0x45,0x7a,0x45,0x7a,0x45,0x7a,0x45,0x7a,0x45,0x7a,0x45,0x7a,0x45,0x7a,0x45,0x7a,
    0x45,0x7a,0x45,0x7a,0x45,0x7a,0x45,0x7a,0x45,0x7a,0x45,0x7a,0x45,0x7a,0x45,0x7a,0x45,0x7a,0x45,0x7a,0x45,0x7a,0x45,0x7a,
    0x45,0x7a,0x45,0x7a,0x45,0x7a,0x45,0x7a,0x45,0x7a,0x45,0x7a,0x45,0x7a,0x45,0x7a,0x45,0x7a,0x24,0x72,0xc6,0x82,0x34,0xdf,
    0x95,0xe7,0x75,0xe7,0x75,0xe7,0x75,0xe7,0x75,0xe7,0x75,0xe7,0x75,0xe7,0x75,0xe7,0x75,0xe7,0x75,0xe7,0x75,0xe7,0x75,0xe7,
    0x75,0xe7,0x75,0xe7,0x54,0xdf,0xa9,0x85,0x88,0x7d,0x88,0x7d,0xc8,0x85,0xa5,0x4b,0xe3,0x21,0x43,0x2a,0x23,0x2a,0x43,0x2a,
    0x23,0x2a,0xa3,0x3a,0x00,0x00,0x00,0x00,0x00,0x00,0x00,0x00,0x00,0x00,0x00,0x00,0x00,0x00,0x00,0x00,0x00,0x00,0x00,0x00,
    0x00,0x00,0x00,0x00,0x00,0x00,0x00,0x00,0x00,0x00,0x00,0x00,0x00,0x00,0x00,0x00,0x00,0x00,0x00,0x00,0x00,0x00,0x00,0x00,
    0x00,0x00,0x00,0x00,0x00,0x00,0xa0,0x02,0x00,0x00,0x23,0x2a,0x43,0x2a,0x23,0x2a,0x23,0x2a,0x03,0x2a,0xe4,0x3a,0xa8,0x7d,
    0x88,0x7d,0xa8,0x7d,0x87,0x7d,0xf2,0xce,0x96,0xef,0x75,0xe7,0x75,0xe7,0x75,0xe7,0x75,0xe7,0x75,0xe7,0x75,0xe7,0x75,0xe7,
    0x75,0xe7,0x75,0xe7,0x75,0xe7,0x75,0xe7,0x75,0xe7,0x55,0xe7,0xd6,0xef,0x4b,0xa4,0xe4,0x71,0x65,0x7a,0x45,0x7a,0x45,0x7a,
    0x45,0x7a,0x45,0x7a,0x45,0x7a,0x45,0x7a,0x45,0x7a,0x45,0x7a,0x45,0x7a,0x45,0x7a,0x45,0x7a,0x45,0x7a,0x45,0x7a,0x45,0x7a,
    0x45,0x7a,0x45,0x7a,0x45,0x7a,0x45,0x7a,0x45,0x7a,0x45,0x7a,0x45,0x7a,0x45,0x7a,0x45,0x7a,0x45,0x7a,0x45,0x7a,0x45,0x7a,
    0x45,0x7a,0x45,0x7a,0x45,0x7a,0x45,0x7a,0x45,0x7a,0x45,0x7a,0x45,0x7a,0x45,0x7a,0x45,0x7a,0x45,0x7a,0x45,0x7a,0x45,0x7a,
    0x45,0x7a,0x45,0x7a,0x45,0x7a,0x45,0x7a,0x45,0x7a,0x45,0x7a,0x45,0x7a,0x65,0x7a,0xe4,0x71,0x4b,0xa4,0xd6,0xef,0x55,0xe7,
    0x75,0xe7,0x75,0xe7,0x75,0xe7,0x75,0xe7,0x75,0xe7,0x75,0xe7,0x75,0xe7,0x75,0xe7,0x75,0xe7,0x75,0xe7,0x75,0xe7,0x75,0xe7,
    0x96,0xef,0xf2,0xce,0x87,0x7d,0xa8,0x7d,0x88,0x7d,0xa8,0x7d,0xe4,0x3a,0x03,0x2a,0x23,0x2a,0x23,0x2a,0x43,0x2a,0x23,0x2a,
    0x00,0x00,0xa0,0x02,0x00,0x00,0x00,0x00,0x00,0x00,0x00,0x00,0x00,0x00,0x00,0x00,0x00,0x00,0x00,0x00,0x00,0x00,0x00,0x00,
    0x00,0x00,0x00,0x00,0x00,0x00,0x00,0x00,0x00,0x00,0x00,0x00,0x00,0x00,0x00,0x00,0x00,0x00,0x00,0x00,0x00,0x00,0x00,0x00,
    0x00,0x00,0x00,0x00,0xe0,0x39,0x00,0x00,0x23,0x2a,0x43,0x2a,0x23,0x2a,0x23,0x2a,0x23,0x2a,0x43,0x2a,0x27,0x75,0xa8,0x7d,
    0x88,0x7d,0x67,0x75,0x6e,0xae,0x96,0xef,0x75,0xe7,0x75,0xe7,0x75,0xe7,0x75,0xe7,0x75,0xe7,0x75,0xe7,0x75,0xe7,0x75,0xe7,
    0x75,0xe7,0x75,0xe7,0x75,0xe7,0x75,0xe7,0x75,0xe7,0xb6,0xef,0x52,0xce,0x24,0x72,0x45,0x7a,0x45,0x7a,0x45,0x7a,0x45,0x7a,
    0x45,0x7a,0x45,0x7a,0x45,0x7a,0x45,0x7a,0x45,0x7a,0x45,0x7a,0x45,0x7a,0x45,0x7a,0x45,0x7a,0x45,0x7a,0x45,0x7a,0x45,0x7a,
    0x45,0x7a,0x45,0x7a,0x45,0x7a,0x45,0x7a,0x45,0x7a,0x45,0x7a,0x45,0x7a,0x45,0x7a,0x45,0x7a,0x45,0x7a,0x45,0x7a,0x45,0x7a,
    0x45,0x7a,0x45,0x7a,0x45,0x7a,0x45,0x7a,0x45,0x7a,0x45,0x7a,0x45,0x7a,0x45,0x7a,0x45,0x7a,0x45,0x7a,0x45,0x7a,0x45,0x7a,
    0x45,0x7a,0x45,0x7a,0x45,0x7a,0x45,0x7a,0x45,0x7a,0x45,0x7a,0x45,0x7a,0x24,0x72,0x52,0xce,0xb6,0xef,0x75,0xe7,0x75,0xe7,
    0x75,0xe7,0x75,0xe7,0x75,0xe7,0x75,0xe7,0x75,0xe7,0x75,0xe7,0x75,0xe7,0x75,0xe7,0x75,0xe7,0x75,0xe7,0x75,0xe7,0x96,0xef,
    0x6e,0xae,0x67,0x75,0x88,0x7d,0xa8,0x7d,0x27,0x75,0x43,0x2a,0x23,0x2a,0x23,0x2a,0x23,0x2a,0x43,0x2a,0x23,0x2a,0x00,0x00,
    0xe0,0x39,0x00,0x00,0x00,0x00,0x00,0x00,0x00,0x00,0x00,0x00,0x00,0x00,0x00,0x00,0x00,0x00,0x00,0x00,0x00,0x00,0x00,0x00,
    0x00,0x00,0x00,0x00,0x00,0x00,0x00,0x00,0x00,0x00,0x00,0x00,0x00,0x00,0x00,0x00,0x00,0x00,0x00,0x00,0x00,0x00,0x00,0x00,
    0x00,0x00,0xa0,0x52,0x00,0x00,0x43,0x2a,0x43,0x2a,0x23,0x2a,0x23,0x2a,0x23,0x2a,0x03,0x22,0xa6,0x64,0xc8,0x85,0x88,0x7d,
    0x87,0x7d,0xca,0x8d,0x75,0xe7,0x75,0xe7,0x75,0xe7,0x75,0xe7,0x75,0xe7,0x75,0xe7,0x75,0xe7,0x75,0xe7,0x75,0xe7,0x75,0xe7,
    0x75,0xe7,0x75,0xe7,0x75,0xe7,0x75,0xe7,0x75,0xe7,0x96,0xef,0xa9,0x93,0x04,0x72,0x65,0x7a,0x45,0x7a,0x45,0x7a,0x45,0x7a,
    0x45,0x7a,0x45,0x7a,0x45,0x7a,0x45,0x7a,0x45,0x7a,0x45,0x7a,0x45,0x7a,0x45,0x7a,0x45,0x7a,0x45,0x7a,0x45,0x7a,0x45,0x7a,
    0x45,0x7a,0x45,0x7a,0x45,0x7a,0x45,0x7a,0x45,0x7a,0x45,0x7a,0x45,0x7a,0x45,0x7a,0x45,0x7a,0x45,0x7a,0x45,0x7a,0x45,0x7a,
    0x45,0x7a,0x45,0x7a,0x45,0x7a,0x45,0x7a,0x45,0x7a,0x45,0x7a,0x45,0x7a,0x45,0x7a,0x45,0x7a,0x45,0x7a,0x45,0x7a,0x45,0x7a,
    0x45,0x7a,0x45,0x7a,0x45,0x7a,0x45,0x7a,0x65,0x7a,0x04,0x72,0xa9,0x93,0x96,0xef,0x75,0xe7,0x75,0xe7,0x75,0xe7,0x75,0xe7,
    0x75,0xe7,0x75,0xe7,0x75,0xe7,0x75,0xe7,0x75,0xe7,0x75,0xe7,0x75,0xe7,0x75,0xe7,0x75,0xe7,0x75,0xe7,0x75,0xe7,0xca,0x8d,
    0x87,0x7d,0x88,0x7d,0xc8,0x85,0xa6,0x64,0x03,0x22,0x23,0x2a,0x23,0x2a,0x23,0x2a,0x43,0x2a,0x43,0x2a,0x00,0x00,0xa0,0x52,
    0x00,0x00,0x00,0x00,0x00,0x00,0x00,0x00,0x00,0x00,0x00,0x00,0x00,0x00,0x00,0x00,0x00,0x00,0x00,0x00,0x00,0x00,0x00,0x00,
    0x00,0x00,0x00,0x00,0x00,0x00,0x00,0x00,0x00,0x00,0x00,0x00,0x00,0x00,0x00,0x00,0x00,0x00,0x00,0x00,0x00,0x00,0x00,0x00,
    0x00,0x00,0x00,0x00,0x63,0x22,0x23,0x2a,0x23,0x2a,0x23,0x2a,0x43,0x2a,0xe3,0x21,0xc5,0x53,0xc8,0x85,0x88,0x7d,0xa8,0x7d,
    0x87,0x75,0xf1,0xc6,0x96,0xef,0x75,0xe7,0x75,0xe7,0x75,0xe7,0x75,0xe7,0x75,0xe7,0x75,0xe7,0x75,0xe7,0x75,0xe7,0x75,0xe7,
    0x75,0xe7,0x75,0xe7,0x75,0xe7,0x55,0xe7,0xd6,0xef,0xaf,0xbd,0xe3,0x71,0x65,0x7a,0x45,0x7a,0x45,0x7a,0x45,0x7a,0x45,0x7a,
    0x45,0x7a,0x45,0x7a,0x45,0x7a,0x45,0x7a,0x45,0x7a,0x45,0x7a,0x45,0x7a,0x45,0x7a,0x45,0x7a,0x45,0x7a,0x45,0x7a,0x45,0x7a,
    0x45,0x7a,0x45,0x7a,0x45,0x7a,0x45,0x7a,0x45,0x7a,0x45,0x7a,0x45,0x7a,0x45,0x7a,0x45,0x7a,0x45,0x7a,0x45,0x7a,0x45,0x7a,
    0x45,0x7a,0x45,0x7a,0x45,0x7a,0x45,0x7a,0x45,0x7a,0x45,0x7a,0x45,0x7a,0x45,0x7a,0x45,0x7a,0x45,0x7a,0x45,0x7a,0x45,0x7a,
    0x45,0x7a,0x45,0x7a,0x45,0x7a,0x65,0x7a,0xe3,0x71,0xaf,0xbd,0xd6,0xef,0x55,0xe7,0x75,0xe7,0x75,0xe7,0x75,0xe7,0x75,0xe7,
    0x75,0xe7,0x75,0xe7,0x75,0xe7,0x75,0xe7,0x75,0xe7,0x75,0xe7,0x75,0xe7,0x75,0xe7,0x96,0xef,0xf1,0xc6,0x87,0x75,0xa8,0x7d,
    0x88,0x7d,0xc8,0x85,0xc5,0x53,0xe3,0x21,0x43,0x2a,0x23,0x2a,0x23,0x2a,0x23,0x2a,0x63,0x22,0x00,0x00,0x00,0x00,0x00,0x00,
    0x00,0x00,0x00,0x00,0x00,0x00,0x00,0x00,0x00,0x00,0x00,0x00,0x00,0x00,0x00,0x00,0x00,0x00,0x00,0x00,0x00,0x00,0x00,0x00,
    0x00,0x00,0x00,0x00,0x00,0x00,0x00,0x00,0x00,0x00,0x00,0x00,0x00,0x00,0x00,0x00,0x00,0x00,0x00,0x00,0x00,0x00,0x00,0x00,
    0xe0,0x03,0x00,0x00,0x23,0x2a,0x43,0x2a,0x23,0x2a,0x23,0x2a,0x03,0x2a,0xa4,0x32,0xa8,0x7d,0x88,0x7d,0xa8,0x7d,0x67,0x75,
    0x4d,0xa6,0x96,0xef,0x75,0xe7,0x75,0xe7,0x75,0xe7,0x75,0xe7,0x75,0xe7,0x75,0xe7,0x75,0xe7,0x75,0xe7,0x75,0xe7,0x75,0xe7,
    0x75,0xe7,0x75,0xe7,0x75,0xe7,0x75,0xe7,0x95,0xe7,0x89,0x93,0x04,0x72,0x65,0x7a,0x45,0x7a,0x45,0x7a,0x45,0x7a,0x45,0x7a,
    0x45,0x7a,0x45,0x7a,0x45,0x7a,0x45,0x7a,0x45,0x7a,0x45,0x7a,0x45,0x7a,0x45,0x7a,0x45,0x7a,0x45,0x7a,0x45,0x7a,0x45,0x7a,
    0x45,0x7a,0x45,0x7a,0x45,0x7a,0x45,0x7a,0x45,0x7a,0x45,0x7a,0x45,0x7a,0x45,0x7a,0x45,0x7a,0x45,0x7a,0x45,0x7a,0x45,0x7a,
    0x45,0x7a,0x45,0x7a,0x45,0x7a,0x45,0x7a,0x45,0x7a,0x45,0x7a,0x45,0x7a,0x45,0x7a,0x45,0x7a,0x45,0x7a,0x45,0x7a,0x45,0x7a,
    0x45,0x7a,0x65,0x7a,0x04,0x72,0x89,0x93,0x95,0xe7,0x75,0xe7,0x75,0xe7,0x75,0xe7,0x75,0xe7,0x75,0xe7,0x75,0xe7,0x75,0xe7,
    0x75,0xe7,0x75,0xe7,0x75,0xe7,0x75,0xe7,0x75,0xe7,0x75,0xe7,0x75,0xe7,0x96,0xef,0x4d,0xa6,0x67,0x75,0xa8,0x7d,0x88,0x7d,
    0xa8,0x7d,0xa4,0x32,0x03,0x2a,0x23,0x2a,0x23,0x2a,0x43,0x2a,0x23,0x2a,0x00,0x00,0xe0,0x03,0x00,0x00,0x00,0x00,0x00,0x00,
    0x00,0x00,0x00,0x00,0x00,0x00,0x00,0x00,0x00,0x00,0x00,0x00,0x00,0x00,0x00,0x00,0x00,0x00,0x00,0x00,0x00,0x00,0x00,0x00,
    0x00,0x00,0x00,0x00,0x00,0x00,0x00,0x00,0x00,0x00,0x00,0x00,0x00,0x00,0x00,0x00,0x00,0x00,0x00,0x00,0x00,0x00,0xe0,0x39,
    0x00,0x00,0x23,0x2a,0x43,0x2a,0x23,0x2a,0x23,0x2a,0x23,0x2a,0x03,0x2a,0xa7,0x64,0xc8,0x85,0x88,0x7d,0x88,0x7d,0xa9,0x85,
    0x54,0xdf,0x75,0xe7,0x75,0xe7,0x75,0xe7,0x75,0xe7,0x75,0xe7,0x75,0xe7,0x75,0xe7,0x75,0xe7,0x75,0xe7,0x75,0xe7,0x75,0xe7,
    0x75,0xe7,0x75,0xe7,0x75,0xe7,0xb6,0xef,0x31,0xce,0x04,0x72,0x65,0x7a,0x45,0x7a,0x45,0x7a,0x45,0x7a,0x45,0x7a,0x45,0x7a,
    0x45,0x7a,0x45,0x7a,0x45,0x7a,0x45,0x7a,0x45,0x7a,0x45,0x7a,0x45,0x7a,0x45,0x7a,0x45,0x7a,0x45,0x7a,0x45,0x7a,0x45,0x7a,
    0x45,0x7a,0x45,0x7a,0x45,0x7a,0x45,0x7a,0x45,0x7a,0x45,0x7a,0x45,0x7a,0x45,0x7a,0x45,0x7a,0x45,0x7a,0x45,0x7a,0x45,0x7a,
    0x45,0x7a,0x45,0x7a,0x45,0x7a,0x45,0x7a,0x45,0x7a,0x45,0x7a,0x45,0x7a,0x45,0x7a,0x45,0x7a,0x45,0x7a,0x45,0x7a,0x45,0x7a,
    0x65,0x7a,0x04,0x72,0x31,0xce,0xb6,0xef,0x75,0xe7,0x75,0xe7,0x75,0xe7,0x75,0xe7,0x75,0xe7,0x75,0xe7,0x75,0xe7,0x75,0xe7,
    0x75,0xe7,0x75,0xe7,0x75,0xe7,0x75,0xe7,0x75,0xe7,0x75,0xe7,0x54,0xdf,0xa9,0x85,0x88,0x7d,0x88,0x7d,0xc8,0x85,0xa7,0x64,
    0x03,0x2a,0x23,0x2a,0x23,0x2a,0x23,0x2a,0x43,0x2a,0x23,0x2a,0x00,0x00,0xe0,0x39,0x00,0x00,0x00,0x00,0x00,0x00,0x00,0x00,
    0x00,0x00,0x00,0x00,0x00,0x00,0x00,0x00,0x00,0x00,0x00,0x00,0x00,0x00,0x00,0x00,0x00,0x00,0x00,0x00,0x00,0x00,0x00,0x00,
    0x00,0x00,0x00,0x00,0x00,0x00,0x00,0x00,0x00,0x00,0x00,0x00,0x00,0x00,0x00,0x00,0x00,0x00,0x00,0x00,0x00,0x00,0x00,0x00,
    0x64,0x2a,0x23,0x2a,0x23,0x2a,0x23,0x2a,0x23,0x2a,0x03,0x22,0x04,0x43,0xa8,0x7d,0x88,0x7d,0xa8,0x7d,0x67,0x75,0x8e,0xb6,
    0x96,0xef,0x75,0xe7,0x75,0xe7,0x75,0xe7,0x75,0xe7,0x75,0xe7,0x75,0xe7,0x75,0xe7,0x75,0xe7,0x75,0xe7,0x75,0xe7,0x75,0xe7,
    0x75,0xe7,0x75,0xe7,0x55,0xe7,0xd6,0xef,0x6b,0xa4,0xe3,0x71,0x65,0x7a,0x45,0x7a,0x45,0x7a,0x45,0x7a,0x45,0x7a,0x45,0x7a,
    0x45,0x7a,0x45,0x7a,0x45,0x7a,0x45,0x7a,0x45,0x7a,0x45,0x7a,0x45,0x7a,0x45,0x7a,0x45,0x7a,0x45,0x7a,0x45,0x7a,0x45,0x7a,
    0x45,0x7a,0x45,0x7a,0x45,0x7a,0x45,0x7a,0x45,0x7a,0x45,0x7a,0x45,0x7a,0x45,0x7a,0x45,0x7a,0x45,0x7a,0x45,0x7a,0x45,0x7a,
    0x45,0x7a,0x45,0x7a,0x45,0x7a,0x45,0x7a,0x45,0x7a,0x45,0x7a,0x45,0x7a,0x45,0x7a,0x45,0x7a,0x45,0x7a,0x65,0x7a,0xe3,0x71,
    0x6b,0xa4,0xd6,0xef,0x55,0xe7,0x75,0xe7,0x75,0xe7,0x75,0xe7,0x75,0xe7,0x75,0xe7,0x75,0xe7,0x75,0xe7,0x75,0xe7,0x75,0xe7,
    0x75,0xe7,0x75,0xe7,0x75,0xe7,0x75,0xe7,0x96,0xef,0x8e,0xb6,0x67,0x75,0xa8,0x7d,0x88,0x7d,0xa8,0x7d,0x04,0x43,0x03,0x22,
    0x23,0x2a,0x23,0x2a,0x23,0x2a,0x23,0x2a,0x64,0x2a,0x00,0x00,0x00,0x00,0x00,0x00,0x00,0x00,0x00,0x00,0x00,0x00,0x00,0x00,
    0x00,0x00,0x00,0x00,0x00,0x00,0x00,0x00,0x00,0x00,0x00,0x00,0x00,0x00,0x00,0x00,0x00,0x00,0x00,0x00,0x00,0x00,0x00,0x00,
    0x00,0x00,0x00,0x00,0x00,0x00,0x00,0x00,0x00,0x00,0x00,0x00,0x00,0x00,0x00,0x00,0x00,0x00,0x00,0x00,0xe0,0x39,0x00,0x00,
    0x23,0x2a,0x43,0x2a,0x23,0x2a,0x23,0x2a,0x23,0x2a,0x03,0x2a,0xe7,0x6c,0xc8,0x7d,0x88,0x7d,0x88,0x7d,0xa9,0x85,0x54,0xdf,
    0x75,0xe7,0x75,0xe7,0x75,0xe7,0x75,0xe7,0x75,0xe7,0x75,0xe7,0x75,0xe7,0x75,0xe7,0x75,0xe7,0x75,0xe7,0x75,0xe7,0x75,0xe7,
    0x75,0xe7,0x75,0xe7,0x95,0xe7,0x55,0xe7,0xe7,0x82,0x24,0x72,0x65,0x7a,0x45,0x7a,0x45,0x7a,0x45,0x7a,0x45,0x7a,0x45,0x7a,
    0x45,0x7a,0x45,0x7a,0x45,0x7a,0x45,0x7a,0x45,0x7a,0x45,0x7a,0x45,0x7a,0x45,0x7a,0x45,0x7a,0x45,0x7a,0x45,0x7a,0x45,0x7a,
    0x45,0x7a,0x45,0x7a,0x45,0x7a,0x45,0x7a,0x45,0x7a,0x45,0x7a,0x45,0x7a,0x45,0x7a,0x45,0x7a,0x45,0x7a,0x45,0x7a,0x45,0x7a,
    0x45,0x7a,0x45,0x7a,0x45,0x7a,0x45,0x7a,0x45,0x7a,0x45,0x7a,0x45,0x7a,0x45,0x7a,0x65,0x7a,0x24,0x72,0xe7,0x82,0x55,0xe7,
    0x95,0xe7,0x75,0xe7,0x75,0xe7,0x75,0xe7,0x75,0xe7,0x75,0xe7,0x75,0xe7,0x75,0xe7,0x75,0xe7,0x75,0xe7,0x75,0xe7,0x75,0xe7,
    0x75,0xe7,0x75,0xe7,0x75,0xe7,0x54,0xdf,0xa9,0x85,0x88,0x7d,0x88,0x7d,0xc8,0x7d,0xe7,0x6c,0x03,0x2a,0x23,0x2a,0x23,0x2a,
    0x23,0x2a,0x43,0x2a,0x23,0x2a,0x00,0x00,0xe0,0x39,0x00,0x00,0x00,0x00,0x00,0x00,0x00,0x00,0x00,0x00,0x00,0x00,0x00,0x00,
    0x00,0x00,0x00,0x00,0x00,0x00,0x00,0x00,0x00,0x00,0x00,0x00,0x00,0x00,0x00,0x00,0x00,0x00,0x00,0x00,0x00,0x00,0x00,0x00,
    0x00,0x00,0x00,0x00,0x00,0x00,0x00,0x00,0x00,0x00,0x00,0x00,0x00,0x00,0x00,0x00,0x00,0x00,0xa0,0x52,0x00,0x00,0x23,0x2a,
    0x43,0x2a,0x23,0x2a,0x23,0x2a,0x23,0x2a,0xe3,0x21,0x85,0x4b,0xc8,0x85,0x88,0x7d,0xa8,0x7d,0x67,0x75,0x8e,0xb6,0x96,0xef,
    0x75,0xe7,0x75,0xe7,0x75,0xe7,0x75,0xe7,0x75,0xe7,0x75,0xe7,0x75,0xe7,0x75,0xe7,0x75,0xe7,0x75,0xe7,0x75,0xe7,0x75,0xe7,
    0x75,0xe7,0x75,0xe7,0xb6,0xef,0x72,0xce,0x24,0x72,0x45,0x7a,0x45,0x7a,0x45,0x7a,0x45,0x7a,0x45,0x7a,0x45,0x7a,0x45,0x7a,
    0x45,0x7a,0x45,0x7a,0x45,0x7a,0x45,0x7a,0x45,0x7a,0x45,0x7a,0x45,0x7a,0x45,0x7a,0x45,0x7a,0x45,0x7a,0x45,0x7a,0x45,0x7a,
    0x45,0x7a,0x45,0x7a,0x45,0x7a,0x45,0x7a,0x45,0x7a,0x45,0x7a,0x45,0x7a,0x45,0x7a,0x45,0x7a,0x45,0x7a,0x45,0x7a,0x45,0x7a,
    0x45,0x7a,0x45,0x7a,0x45,0x7a,0x45,0x7a,0x45,0x7a,0x45,0x7a,0x45,0x7a,0x45,0x7a,0x24,0x72,0x72,0xce,0xb6,0xef,0x75,0xe7,
    0x75,0xe7,0x75,0xe7,0x75,0xe7,0x75,0xe7,0x75,0xe7,0x75,0xe7,0x75,0xe7,0x75,0xe7,0x75,0xe7,0x75,0xe7,0x75,0xe7,0x75,0xe7,
    0x75,0xe7,0x96,0xef,0x8e,0xb6,0x67,0x75,0xa8,0x7d,0x88,0x7d,0xc8,0x85,0x85,0x4b,0xe3,0x21,0x23,0x2a,0x23,0x2a,0x23,0x2a,
    0x43,0x2a,0x23,0x2a,0x00,0x00,0xa0,0x52,0x00,0x00,0x00,0x00,0x00,0x00,0x00,0x00,0x00,0x00,0x00,0x00,0x00,0x00,0x00,0x00,
    0x00,0x00,0x00,0x00,0x00,0x00,0x00,0x00,0x00,0x00,0x00,0x00,0x00,0x00,0x00,0x00,0x00,0x00,0x00,0x00,0x00,0x00,0x00,0x00,
    0x00,0x00,0x00,0x00,0x00,0x00,0x00,0x00,0x00,0x00,0x00,0x00,0x00,0x00,0x00,0x00,0x00,0x00,0xe0,0x07,0xa5,0x2a,0x23,0x2a,
    0x43,0x2a,0x23,0x2a,0x23,0x2a,0x23,0x2a,0x23,0x2a,0x27,0x75,0xa8,0x7d,0x88,0x7d,0x88,0x7d,0xa9,0x85,0x54,0xdf,0x75,0xe7,
    0x75,0xe7,0x75,0xe7,0x75,0xe7,0x75,0xe7,0x75,0xe7,0x75,0xe7,0x75,0xe7,0x75,0xe7,0x75,0xe7,0x75,0xe7,0x75,0xe7,0x75,0xe7,
    0x75,0xe7,0x55,0xe7,0xd6,0xef,0x6f,0xbd,0x04,0x72,0x65,0x7a,0x45,0x7a,0x45,0x7a,0x45,0x7a,0x45,0x7a,0x45,0x7a,0x45,0x7a,
    0x45,0x7a,0x45,0x7a,0x45,0x7a,0x45,0x7a,0x45,0x7a,0x45,0x7a,0x45,0x7a,0x45,0x7a,0x45,0x7a,0x45,0x7a,0x45,0x7a,0x45,0x7a,
    0x45,0x7a,0x45,0x7a,0x45,0x7a,0x45,0x7a,0x45,0x7a,0x45,0x7a,0x45,0x7a,0x45,0x7a,0x45,0x7a,0x45,0x7a,0x45,0x7a,0x45,0x7a,
    0x45,0x7a,0x45,0x7a,0x45,0x7a,0x45,0x7a,0x45,0x7a,0x65,0x7a,0x04,0x72,0x6f,0xbd,0xd6,0xef,0x55,0xe7,0x75,0xe7,0x75,0xe7,
    0x75,0xe7,0x75,0xe7,0x75,0xe7,0x75,0xe7,0x75,0xe7,0x75,0xe7,0x75,0xe7,0x75,0xe7,0x75,0xe7,0x75,0xe7,0x75,0xe7,0x75,0xe7,
    0x54,0xdf,0xa9,0x85,0x88,0x7d,0x88,0x7d,0xa8,0x7d,0x27,0x75,0x23,0x2a,0x23,0x2a,0x23,0x2a,0x23,0x2a,0x43,0x2a,0x23,0x2a,
    0xa5,0x2a,0xe0,0x07,0x00,0x00,0x00,0x00,0x00,0x00,0x00,0x00,0x00,0x00,0x00,0x00,0x00,0x00,0x00,0x00,0x00,0x00,0x00,0x00,
    0x00,0x00,0x00,0x00,0x00,0x00,0x00,0x00,0x00,0x00,0x00,0x00,0x00,0x00,0x00,0x00,0x00,0x00,0x00,0x00,0x00,0x00,0x00,0x00,
    0x00,0x00,0x00,0x00,0x00,0x00,0x00,0x00,0x00,0x00,0x00,0x00,0x00,0x00,0x00,0x00,0xa0,0x52,0x00,0x00,0x23,0x2a,0x43,0x2a,
    0x23,0x2a,0x23,0x2a,0x43,0x2a,0xe3,0x21,0xe5,0x53,0xc8,0x85,0x88,0x7d,0xa8,0x7d,0x67,0x75,0x8e,0xb6,0x96,0xef,0x75,0xe7,
    0x75,0xe7,0x75,0xe7,0x75,0xe7,0x75,0xe7,0x75,0xe7,0x75,0xe7,0x75,0xe7,0x75,0xe7,0x75,0xe7,0x75,0xe7,0x75,0xe7,0x75,0xe7,
    0x75,0xe7,0x55,0xe7,0xf6,0xef,0x2e,0xb5,0xc3,0x69,0x65,0x7a,0x45,0x7a,0x45,0x7a,0x45,0x7a,0x45,0x7a,0x45,0x7a,0x45,0x7a,
    0x45,0x7a,0x45,0x7a,0x45,0x7a,0x45,0x7a,0x45,0x7a,0x45,0x7a,0x45,0x7a,0x45,0x7a,0x45,0x7a,0x45,0x7a,0x45,0x7a,0x45,0x7a,
    0x45,0x7a,0x45,0x7a,0x45,0x7a,0x45,0x7a,0x45,0x7a,0x45,0x7a,0x45,0x7a,0x45,0x7a,0x45,0x7a,0x45,0x7a,0x45,0x7a,0x45,0x7a,
    0x45,0x7a,0x45,0x7a,0x45,0x7a,0x65,0x7a,0xc3,0x69,0x2e,0xb5,0xf6,0xef,0x55,0xe7,0x75,0xe7,0x75,0xe7,0x75,0xe7,0x75,0xe7,
    0x75,0xe7,0x75,0xe7,0x75,0xe7,0x75,0xe7,0x75,0xe7,0x75,0xe7,0x75,0xe7,0x75,0xe7,0x75,0xe7,0x75,0xe7,0x96,0xef,0x8e,0xb6,
    0x67,0x75,0xa8,0x7d,0x88,0x7d,0xc8,0x85,0xe5,0x53,0xe3,0x21,0x43,0x2a,0x23,0x2a,0x23,0x2a,0x43,0x2a,0x23,0x2a,0x00,0x00,
    0xa0,0x52,0x00,0x00,0x00,0x00,0x00,0x00,0x00,0x00,0x00,0x00,0x00,0x00,0x00,0x00,0x00,0x00,0x00,0x00,0x00,0x00,0x00,0x00,
    0x00,0x00,0x00,0x00,0x00,0x00,0x00,0x00,0x00,0x00,0x00,0x00,0x00,0x00,0x00,0x00,0x00,0x00,0x00,0x00,0x00,0x00,0x00,0x00,
    0x00,0x00,0x00,0x00,0x00,0x00,0x00,0x00,0x00,0x00,0x00,0x00,0x00,0x00,0x00,0x00,0xe0,0x03,0x44,0x22,0x23,0x2a,0x43,0x2a,
    0x23,0x2a,0x23,0x2a,0x23,0x2a,0x63,0x32,0x68,0x7d,0xa8,0x7d,0x88,0x7d,0x88,0x7d,0xa9,0x85,0x54,0xdf,0x75,0xe7,0x75,0xe7,
    0x75,0xe7,0x75,0xe7,0x75,0xe7,0x75,0xe7,0x75,0xe7,0x75,0xe7,0x75,0xe7,0x75,0xe7,0x75,0xe7,0x75,0xe7,0x75,0xe7,0x75,0xe7,
    0x75,0xe7,0x75,0xe7,0x95,0xe7,0xed,0xac,0x24,0x72,0x45,0x7a,0x65,0x7a,0x45,0x7a,0x45,0x7a,0x45,0x7a,0x45,0x7a,0x45,0x7a,
    0x45,0x7a,0x45,0x7a,0x45,0x7a,0x45,0x7a,0x45,0x7a,0x45,0x7a,0x45,0x7a,0x45,0x7a,0x45,0x7a,0x45,0x7a,0x45,0x7a,0x45,0x7a,
    0x45,0x7a,0x45,0x7a,0x45,0x7a,0x45,0x7a,0x45,0x7a,0x45,0x7a,0x45,0x7a,0x45,0x7a,0x45,0x7a,0x45,0x7a,0x45,0x7a,0x45,0x7a,
    0x65,0x7a,0x45,0x7a,0x24,0x72,0xed,0xac,0x95,0xe7,0x75,0xe7,0x75,0xe7,0x75,0xe7,0x75,0xe7,0x75,0xe7,0x75,0xe7,0x75,0xe7,
    0x75,0xe7,0x75,0xe7,0x75,0xe7,0x75,0xe7,0x75,0xe7,0x75,0xe7,0x75,0xe7,0x75,0xe7,0x75,0xe7,0x54,0xdf,0xa9,0x85,0x88,0x7d,
    0x88,0x7d,0xa8,0x7d,0x68,0x7d,0x63,0x32,0x23,0x2a,0x23,0x2a,0x23,0x2a,0x43,0x2a,0x23,0x2a,0x44,0x22,0xe0,0x03,0x00,0x00,
    0x00,0x00,0x00,0x00,0x00,0x00,0x00,0x00,0x00,0x00,0x00,0x00,0x00,0x00,0x00,0x00,0x00,0x00,0x00,0x00,0x00,0x00,0x00,0x00,
    0x00,0x00,0x00,0x00,0x00,0x00,0x00,0x00,0x00,0x00,0x00,0x00,0x00,0x00,0x00,0x00,0x00,0x00,0x00,0x00,0x00,0x00,0x00,0x00,
    0x00,0x00,0x00,0x00,0x00,0x00,0x00,0x00,0x00,0x00,0x00,0x00,0x00,0x00,0xa0,0x52,0x00,0x00,0x23,0x2a,0x43,0x2a,0x23,0x2a,
    0x23,0x2a,0x43,0x2a,0xe3,0x21,0xa5,0x4b,0xc8,0x85,0x88,0x7d,0xa8,0x7d,0x87,0x75,0x4d,0xa6,0x96,0xef,0x75,0xe7,0x75,0xe7,
    0x75,0xe7,0x75,0xe7,0x75,0xe7,0x75,0xe7,0x75,0xe7,0x75,0xe7,0x75,0xe7,0x75,0xe7,0x75,0xe7,0x75,0xe7,0x75,0xe7,0x75,0xe7,
    0x75,0xe7,0x75,0xe7,0xf7,0xef,0x6f,0xbd,0x04,0x72,0x44,0x7a,0x65,0x7a,0x45,0x7a,0x45,0x7a,0x45,0x7a,0x45,0x7a,0x45,0x7a,
    0x45,0x7a,0x45,0x7a,0x45,0x7a,0x45,0x7a,0x45,0x7a,0x45,0x7a,0x45,0x7a,0x45,0x7a,0x45,0x7a,0x45,0x7a,0x45,0x7a,0x45,0x7a,
    0x45,0x7a,0x45,0x7a,0x45,0x7a,0x45,0x7a,0x45,0x7a,0x45,0x7a,0x45,0x7a,0x45,0x7a,0x45,0x7a,0x45,0x7a,0x65,0x7a,0x44,0x7a,
    0x04,0x72,0x6f,0xbd,0xf7,0xef,0x75,0xe7,0x75,0xe7,0x75,0xe7,0x75,0xe7,0x75,0xe7,0x75,0xe7,0x75,0xe7,0x75,0xe7,0x75,0xe7,
    0x75,0xe7,0x75,0xe7,0x75,0xe7,0x75,0xe7,0x75,0xe7,0x75,0xe7,0x75,0xe7,0x96,0xef,0x4d,0xa6,0x87,0x75,0xa8,0x7d,0x88,0x7d,
    0xc8,0x85,0xa5,0x4b,0xe3,0x21,0x43,0x2a,0x23,0x2a,0x23,0x2a,0x43,0x2a,0x23,0x2a,0x00,0x00,0xa0,0x52,0x00,0x00,0x00,0x00,
    0x00,0x00,0x00,0x00,0x00,0x00,0x00,0x00,0x00,0x00,0x00,0x00,0x00,0x00,0x00,0x00,0x00,0x00,0x00,0x00,0x00,0x00,0x00,0x00,
    0x00,0x00,0x00,0x00,0x00,0x00,0x00,0x00,0x00,0x00,0x00,0x00,0x00,0x00,0x00,0x00,0x00,0x00,0x00,0x00,0x00,0x00,0x00,0x00,
    0x00,0x00,0x00,0x00,0x00,0x00,0x00,0x00,0x00,0x00,0x00,0x00,0x00,0x00,0xe0,0x03,0x44,0x22,0x23,0x2a,0x43,0x2a,0x23,0x2a,
    0x23,0x2a,0x23,0x2a,0x23,0x2a,0x07,0x75,0xa8,0x7d,0x88,0x7d,0xa8,0x7d,0x67,0x75,0xd0,0xbe,0x96,0xef,0x75,0xe7,0x75,0xe7,
    0x75,0xe7,0x75,0xe7,0x75,0xe7,0x75,0xe7,0x75,0xe7,0x75,0xe7,0x75,0xe7,0x75,0xe7,0x75,0xe7,0x75,0xe7,0x75,0xe7,0x75,0xe7,
    0x75,0xe7,0x55,0xe7,0xd6,0xef,0xd0,0xc5,0x85,0x7a,0x04,0x72,0x65,0x7a,0x45,0x7a,0x45,0x7a,0x45,0x7a,0x45,0x7a,0x45,0x7a,
    0x45,0x7a,0x45,0x7a,0x45,0x7a,0x45,0x7a,0x45,0x7a,0x45,0x7a,0x45,0x7a,0x45,0x7a,0x45,0x7a,0x45,0x7a,0x45,0x7a,0x45,0x7a,
    0x45,0x7a,0x45,0x7a,0x45,0x7a,0x45,0x7a,0x45,0x7a,0x45,0x7a,0x45,0x7a,0x45,0x7a,0x65,0x7a,0x04,0x72,0x85,0x7a,0xd0,0xc5,
    0xd6,0xef,0x55,0xe7,0x75,0xe7,0x75,0xe7,0x75,0xe7,0x75,0xe7,0x75,0xe7,0x75,0xe7,0x75,0xe7,0x75,0xe7,0x75,0xe7,0x75,0xe7,
    0x75,0xe7,0x75,0xe7,0x75,0xe7,0x75,0xe7,0x75,0xe7,0x96,0xef,0xd0,0xbe,0x67,0x75,0xa8,0x7d,0x88,0x7d,0xa8,0x7d,0x07,0x75,
    0x23,0x2a,0x23,0x2a,0x23,0x2a,0x23,0x2a,0x43,0x2a,0x23,0x2a,0x44,0x22,0xe0,0x03,0x00,0x00,0x00,0x00,0x00,0x00,0x00,0x00,
    0x00,0x00,0x00,0x00,0x00,0x00,0x00,0x00,0x00,0x00,0x00,0x00,0x00,0x00,0x00,0x00,0x00,0x00,0x00,0x00,0x00,0x00,0x00,0x00,
    0x00,0x00,0x00,0x00,0x00,0x00,0x00,0x00,0x00,0x00,0x00,0x00,0x00,0x00,0x00,0x00,0x00,0x00,0x00,0x00,0x00,0x00,0x00,0x00,
    0x00,0x00,0x00,0x00,0x00,0x00,0x00,0x00,0x00,0x00,0x00,0x00,0xa0,0x52,0x00,0x00,0x23,0x2a,0x43,0x2a,0x23,0x2a,0x23,0x2a,
    0x43,0x2a,0xe3,0x21,0x65,0x4b,0xe8,0x85,0x88,0x7d,0xa8,0x7d,0x88,0x7d,0xa8,0x7d,0x12,0xd7,0x96,0xef,0x75,0xe7,0x75,0xe7,
    0x75,0xe7,0x75,0xe7,0x75,0xe7,0x75,0xe7,0x75,0xe7,0x75,0xe7,0x75,0xe7,0x75,0xe7,0x75,0xe7,0x75,0xe7,0x75,0xe7,0x75,0xe7,
    0x75,0xe7,0x55,0xe7,0xd6,0xef,0xd3,0xd6,0xa9,0x93,0xe3,0x71,0x24,0x72,0x65,0x7a,0x45,0x7a,0x45,0x7a,0x45,0x7a,0x45,0x7a,
    0x45,0x7a,0x45,0x7a,0x45,0x7a,0x45,0x7a,0x45,0x7a,0x45,0x7a,0x45,0x7a,0x45,0x7a,0x45,0x7a,0x45,0x7a,0x45,0x7a,0x45,0x7a,
    0x45,0x7a,0x45,0x7a,0x45,0x7a,0x45,0x7a,0x45,0x7a,0x65,0x7a,0x24,0x72,0xe3,0x71,0xa9,0x93,0xd3,0xd6,0xd6,0xef,0x55,0xe7,
    0x75,0xe7,0x75,0xe7,0x75,0xe7,0x75,0xe7,0x75,0xe7,0x75,0xe7,0x75,0xe7,0x75,0xe7,0x75,0xe7,0x75,0xe7,0x75,0xe7,0x75,0xe7,
    0x75,0xe7,0x75,0xe7,0x75,0xe7,0x96,0xef,0x12,0xd7,0xa8,0x7d,0x88,0x7d,0xa8,0x7d,0x88,0x7d,0xe8,0x85,0x65,0x4b,0xe3,0x21,
    0x43,0x2a,0x23,0x2a,0x23,0x2a,0x43,0x2a,0x23,0x2a,0x00,0x00,0xa0,0x52,0x00,0x00,0x00,0x00,0x00,0x00,0x00,0x00,0x00,0x00,
    0x00,0x00,0x00,0x00,0x00,0x00,0x00,0x00,0x00,0x00,0x00,0x00,0x00,0x00,0x00,0x00,0x00,0x00,0x00,0x00,0x00,0x00,0x00,0x00,
    0x00,0x00,0x00,0x00,0x00,0x00,0x00,0x00,0x00,0x00,0x00,0x00,0x00,0x00,0x00,0x00,0x00,0x00,0x00,0x00,0x00,0x00,0x00,0x00,
    0x00,0x00,0x00,0x00,0x00,0x00,0x00,0x00,0x00,0x00,0x00,0x00,0xe0,0x03,0x44,0x22,0x23,0x2a,0x43,0x2a,0x23,0x2a,0x23,0x2a,
    0x23,0x2a,0x03,0x2a,0x86,0x64,0xc8,0x85,0x88,0x7d,0xa8,0x7d,0x87,0x7d,0xc9,0x8d,0x74,0xe7,0x75,0xe7,0x75,0xe7,0x75,0xe7,
    0x75,0xe7,0x75,0xe7,0x75,0xe7,0x75,0xe7,0x75,0xe7,0x75,0xe7,0x75,0xe7,0x75,0xe7,0x75,0xe7,0x75,0xe7,0x75,0xe7,0x75,0xe7,
    0x75,0xe7,0x55,0xe7,0xb5,0xef,0x95,0xef,0x8f,0xbd,0xe7,0x8a,0xe3,0x71,0x24,0x72,0x65,0x7a,0x65,0x7a,0x45,0x7a,0x45,0x7a,
    0x45,0x7a,0x45,0x7a,0x45,0x7a,0x45,0x7a,0x45,0x7a,0x45,0x7a,0x45,0x7a,0x45,0x7a,0x45,0x7a,0x45,0x7a,0x45,0x7a,0x45,0x7a,
    0x45,0x7a,0x65,0x7a,0x65,0x7a,0x24,0x72,0xe3,0x71,0xe7,0x8a,0x8f,0xbd,0x95,0xef,0xb5,0xef,0x55,0xe7,0x75,0xe7,0x75,0xe7,
    0x75,0xe7,0x75,0xe7,0x75,0xe7,0x75,0xe7,0x75,0xe7,0x75,0xe7,0x75,0xe7,0x75,0xe7,0x75,0xe7,0x75,0xe7,0x75,0xe7,0x75,0xe7,
    0x75,0xe7,0x75,0xe7,0x74,0xe7,0xc9,0x8d,0x87,0x7d,0xa8,0x7d,0x88,0x7d,0xc8,0x85,0x86,0x64,0x03,0x2a,0x23,0x2a,0x23,0x2a,
    0x23,0x2a,0x43,0x2a,0x23,0x2a,0x44,0x22,0xe0,0x03,0x00,0x00,0x00,0x00,0x00,0x00,0x00,0x00,0x00,0x00,0x00,0x00,0x00,0x00,
    0x00,0x00,0x00,0x00,0x00,0x00,0x00,0x00,0x00,0x00,0x00,0x00,0x00,0x00,0x00,0x00,0x00,0x00,0x00,0x00,0x00,0x00,0x00,0x00,
    0x00,0x00,0x00,0x00,0x00,0x00,0x00,0x00,0x00,0x00,0x00,0x00,0x00,0x00,0x00,0x00,0x00,0x00,0x00,0x00,0x00,0x00,0x00,0x00,
    0x00,0x00,0x00,0x00,0x00,0x00,0x00,0x00,0x00,0x00,0xa0,0x52,0x00,0x00,0x23,0x2a,0x43,0x2a,0x23,0x2a,0x23,0x2a,0x23,0x2a,
    0x23,0x2a,0x43,0x2a,0x07,0x75,0xc8,0x7d,0x88,0x7d,0xa8,0x7d,0x67,0x75,0x2c,0x9e,0x96,0xef,0x75,0xe7,0x75,0xe7,0x75,0xe7,
    0x75,0xe7,0x75,0xe7,0x75,0xe7,0x75,0xe7,0x75,0xe7,0x75,0xe7,0x75,0xe7,0x75,0xe7,0x75,0xe7,0x75,0xe7,0x75,0xe7,0x75,0xe7,
    0x75,0xe7,0x75,0xe7,0x75,0xe7,0xd6,0xef,0x54,0xe7,0xed,0xac,0x07,0x8b,0x04,0x72,0x04,0x72,0x24,0x7a,0x45,0x7a,0x65,0x7a,
    0x65,0x7a,0x65,0x7a,0x45,0x7a,0x45,0x7a,0x45,0x7a,0x45,0x7a,0x45,0x7a,0x65,0x7a,0x65,0x7a,0x65,0x7a,0x45,0x7a,0x24,0x7a,
    0x04,0x72,0x04,0x72,0x07,0x8b,0xed,0xac,0x54,0xe7,0xd6,0xef,0x75,0xe7,0x75,0xe7,0x75,0xe7,0x75,0xe7,0x75,0xe7,0x75,0xe7,
    0x75,0xe7,0x75,0xe7,0x75,0xe7,0x75,0xe7,0x75,0xe7,0x75,0xe7,0x75,0xe7,0x75,0xe7,0x75,0xe7,0x75,0xe7,0x75,0xe7,0x75,0xe7,
    0x96,0xef,0x2c,0x9e,0x67,0x75,0xa8,0x7d,0x88,0x7d,0xc8,0x7d,0x07,0x75,0x43,0x2a,0x23,0x2a,0x23,0x2a,0x23,0x2a,0x23,0x2a,
    0x43,0x2a,0x23,0x2a,0x00,0x00,0xa0,0x52,0x00,0x00,0x00,0x00,0x00,0x00,0x00,0x00,0x00,0x00,0x00,0x00,0x00,0x00,0x00,0x00,
    0x00,0x00,0x00,0x00,0x00,0x00,0x00,0x00,0x00,0x00,0x00,0x00,0x00,0x00,0x00,0x00,0x00,0x00,0x00,0x00,0x00,0x00,0x00,0x00,
    0x00,0x00,0x00,0x00,0x00,0x00,0x00,0x00,0x00,0x00,0x00,0x00,0x00,0x00,0x00,0x00,0x00,0x00,0x00,0x00,0x00,0x00,0x00,0x00,
    0x00,0x00,0x00,0x00,0x00,0x00,0x00,0x00,0x00,0x00,0xa0,0x52,0x00,0x00,0x23,0x2a,0x43,0x2a,0x23,0x2a,0x23,0x2a,0x43,0x2a,
    0x03,0x22,0xc4,0x3a,0x88,0x7d,0xa8,0x7d,0x88,0x7d,0xa8,0x7d,0x67,0x75,0x4d,0xa6,0x96,0xef,0x75,0xe7,0x75,0xe7,0x75,0xe7,
    0x75,0xe7,0x75,0xe7,0x75,0xe7,0x75,0xe7,0x75,0xe7,0x75,0xe7,0x75,0xe7,0x75,0xe7,0x75,0xe7,0x75,0xe7,0x75,0xe7,0x75,0xe7,
    0x75,0xe7,0x75,0xe7,0x55,0xe7,0x95,0xe7,0xd6,0xef,0x75,0xe7,0xf0,0xc5,0xc9,0x9b,0xa6,0x82,0x04,0x72,0xe3,0x71,0x04,0x72,
    0x04,0x72,0x24,0x7a,0x24,0x7a,0x24,0x7a,0x24,0x7a,0x24,0x7a,0x04,0x72,0x04,0x72,0xe3,0x71,0x04,0x72,0xa6,0x82,0xc9,0x9b,
    0xf0,0xc5,0x75,0xe7,0xd6,0xef,0x95,0xe7,0x55,0xe7,0x75,0xe7,0x75,0xe7,0x75,0xe7,0x75,0xe7,0x75,0xe7,0x75,0xe7,0x75,0xe7,
    0x75,0xe7,0x75,0xe7,0x75,0xe7,0x75,0xe7,0x75,0xe7,0x75,0xe7,0x75,0xe7,0x75,0xe7,0x75,0xe7,0x75,0xe7,0x96,0xef,0x4d,0xa6,
    0x67,0x75,0xa8,0x7d,0x88,0x7d,0xa8,0x7d,0x88,0x7d,0xc4,0x3a,0x03,0x22,0x43,0x2a,0x23,0x2a,0x23,0x2a,0x43,0x2a,0x23,0x2a,
    0x00,0x00,0xa0,0x52,0x00,0x00,0x00,0x00,0x00,0x00,0x00,0x00,0x00,0x00,0x00,0x00,0x00,0x00,0x00,0x00,0x00,0x00,0x00,0x00,
    0x00,0x00,0x00,0x00,0x00,0x00,0x00,0x00,0x00,0x00,0x00,0x00,0x00,0x00,0x00,0x00,0x00,0x00,0x00,0x00,0x00,0x00,0x00,0x00,
    0x00,0x00,0x00,0x00,0x00,0x00,0x00,0x00,0x00,0x00,0x00,0x00,0x00,0x00,0x00,0x00,0x00,0x00,0x00,0x00,0x00,0x00,0x00,0x00,
    0x00,0x00,0x00,0x00,0x00,0x00,0x00,0x00,0x00,0x00,0xe0,0x03,0x23,0x2a,0x23,0x2a,0x43,0x2a,0x23,0x2a,0x23,0x2a,0x43,0x2a,
    0xe3,0x21,0x65,0x4b,0xc8,0x85,0x88,0x7d,0x88,0x7d,0xa8,0x7d,0x67,0x75,0x4d,0xa6,0x96,0xef,0x75,0xe7,0x75,0xe7,0x75,0xe7,
    0x75,0xe7,0x75,0xe7,0x75,0xe7,0x75,0xe7,0x75,0xe7,0x75,0xe7,0x75,0xe7,0x75,0xe7,0x75,0xe7,0x75,0xe7,0x75,0xe7,0x75,0xe7,
    0x75,0xe7,0x75,0xe7,0x75,0xe7,0x55,0xe7,0x75,0xe7,0xd6,0xef,0xb6,0xef,0x14,0xdf,0x11,0xce,0x0d,0xb5,0xea,0x9b,0x88,0x93,
    0xa6,0x82,0xa6,0x82,0xa6,0x82,0xa6,0x82,0xa6,0x82,0x88,0x93,0xea,0x9b,0x0d,0xb5,0x11,0xce,0x14,0xdf,0xb6,0xef,0xd6,0xef,
    0x75,0xe7,0x55,0xe7,0x75,0xe7,0x75,0xe7,0x75,0xe7,0x75,0xe7,0x75,0xe7,0x75,0xe7,0x75,0xe7,0x75,0xe7,0x75,0xe7,0x75,0xe7,
    0x75,0xe7,0x75,0xe7,0x75,0xe7,0x75,0xe7,0x75,0xe7,0x75,0xe7,0x75,0xe7,0x75,0xe7,0x96,0xef,0x4d,0xa6,0x67,0x75,0xa8,0x7d,
    0x88,0x7d,0x88,0x7d,0xc8,0x85,0x65,0x4b,0xe3,0x21,0x43,0x2a,0x23,0x2a,0x23,0x2a,0x43,0x2a,0x23,0x2a,0x23,0x2a,0xe0,0x03,
    0x00,0x00,0x00,0x00,0x00,0x00,0x00,0x00,0x00,0x00,0x00,0x00,0x00,0x00,0x00,0x00,0x00,0x00,0x00,0x00,0x00,0x00,0x00,0x00,
    0x00,0x00,0x00,0x00,0x00,0x00,0x00,0x00,0x00,0x00,0x00,0x00,0x00,0x00,0x00,0x00,0x00,0x00,0x00,0x00,0x00,0x00,0x00,0x00,
    0x00,0x00,0x00,0x00,0x00,0x00,0x00,0x00,0x00,0x00,0x00,0x00,0x00,0x00,0x00,0x00,0x00,0x00,0x00,0x00,0x00,0x00,0x00,0x00,
    0x00,0x00,0x00,0x00,0x00,0x00,0x00,0x00,0xe0,0x03,0x00,0x00,0x23,0x2a,0x23,0x2a,0x23,0x2a,0x23,0x2a,0x23,0x2a,0x43,0x2a,
    0xe3,0x21,0x06,0x5c,0xe8,0x85,0x88,0x7d,0x88,0x7d,0xa8,0x7d,0x67,0x75,0xaf,0xb6,0xb6,0xef,0x75,0xe7,0x75,0xe7,0x75,0xe7,
    0x75,0xe7,0x75,0xe7,0x75,0xe7,0x75,0xe7,0x75,0xe7,0x75,0xe7,0x75,0xe7,0x75,0xe7,0x75,0xe7,0x75,0xe7,0x75,0xe7,0x75,0xe7,
    0x75,0xe7,0x75,0xe7,0x75,0xe7,0x75,0xe7,0x75,0xe7,0x75,0xe7,0x95,0xe7,0xb6,0xef,0xd6,0xef,0xb6,0xef,0xb6,0xef,0x34,0xdf,
    0x14,0xdf,0x14,0xdf,0x14,0xdf,0x34,0xdf,0xb6,0xef,0xb6,0xef,0xd6,0xef,0xb6,0xef,0x95,0xe7,0x75,0xe7,0x75,0xe7,0x75,0xe7,
    0x75,0xe7,0x75,0xe7,0x75,0xe7,0x75,0xe7,0x75,0xe7,0x75,0xe7,0x75,0xe7,0x75,0xe7,0x75,0xe7,0x75,0xe7,0x75,0xe7,0x75,0xe7,
    0x75,0xe7,0x75,0xe7,0x75,0xe7,0x75,0xe7,0x75,0xe7,0x75,0xe7,0xb6,0xef,0xaf,0xb6,0x67,0x75,0xa8,0x7d,0x88,0x7d,0x88,0x7d,
    0xe8,0x85,0x06,0x5c,0xe3,0x21,0x43,0x2a,0x23,0x2a,0x23,0x2a,0x23,0x2a,0x23,0x2a,0x23,0x2a,0x00,0x00,0xe0,0x03,0x00,0x00,
    0x00,0x00,0x00,0x00,0x00,0x00,0x00,0x00,0x00,0x00,0x00,0x00,0x00,0x00,0x00,0x00,0x00,0x00,0x00,0x00,0x00,0x00,0x00,0x00,
    0x00,0x00,0x00,0x00,0x00,0x00,0x00,0x00,0x00,0x00,0x00,0x00,0x00,0x00,0x00,0x00,0x00,0x00,0x00,0x00,0x00,0x00,0x00,0x00,
    0x00,0x00,0x00,0x00,0x00,0x00,0x00,0x00,0x00,0x00,0x00,0x00,0x00,0x00,0x00,0x00,0x00,0x00,0x00,0x00,0x00,0x00,0x00,0x00,
    0x00,0x00,0x00,0x00,0x00,0x00,0x00,0x00,0xe0,0x39,0x00,0x00,0x23,0x2a,0x63,0x2a,0x23,0x2a,0x23,0x2a,0x23,0x2a,0x23,0x2a,
    0x03,0x22,0x46,0x5c,0xc8,0x85,0x88,0x7d,0x88,0x7d,0xa8,0x7d,0x87,0x7d,0xaf,0xb6,0x96,0xef,0x75,0xe7,0x75,0xe7,0x75,0xe7,
    0x75,0xe7,0x75,0xe7,0x75,0xe7,0x75,0xe7,0x75,0xe7,0x75,0xe7,0x75,0xe7,0x75,0xe7,0x75,0xe7,0x75,0xe7,0x75,0xe7,0x75,0xe7,
    0x75,0xe7,0x75,0xe7,0x75,0xe7,0x75,0xe7,0x75,0xe7,0x75,0xe7,0x75,0xe7,0x55,0xe7,0x75,0xe7,0x75,0xe7,0x95,0xe7,0x95,0xe7,
    0x95,0xe7,0x95,0xe7,0x95,0xe7,0x75,0xe7,0x75,0xe7,0x55,0xe7,0x75,0xe7,0x75,0xe7,0x75,0xe7,0x75,0xe7,0x75,0xe7,0x75,0xe7,
    0x75,0xe7,0x75,0xe7,0x75,0xe7,0x75,0xe7,0x75,0xe7,0x75,0xe7,0x75,0xe7,0x75,0xe7,0x75,0xe7,0x75,0xe7,0x75,0xe7,0x75,0xe7,
    0x75,0xe7,0x75,0xe7,0x75,0xe7,0x75,0xe7,0x96,0xef,0xaf,0xb6,0x87,0x7d,0xa8,0x7d,0x88,0x7d,0x88,0x7d,0xc8,0x85,0x46,0x5c,
    0x03,0x22,0x23,0x2a,0x23,0x2a,0x23,0x2a,0x23,0x2a,0x63,0x2a,0x23,0x2a,0x00,0x00,0xe0,0x39,0x00,0x00,0x00,0x00,0x00,0x00,
    0x00,0x00,0x00,0x00,0x00,0x00,0x00,0x00,0x00,0x00,0x00,0x00,0x00,0x00,0x00,0x00,0x00,0x00,0x00,0x00,0x00,0x00,0x00,0x00,
    0x00,0x00,0x00,0x00,0x00,0x00,0x00,0x00,0x00,0x00,0x00,0x00,0x00,0x00,0x00,0x00,0x00,0x00,0x00,0x00,0x00,0x00,0x00,0x00,
    0x00,0x00,0x00,0x00,0x00,0x00,0x00,0x00,0x00,0x00,0x00,0x00,0x00,0x00,0x00,0x00,0x00,0x00,0x00,0x00,0x00,0x00,0x00,0x00,
    0x00,0x00,0x00,0x00,0x00,0x00,0x00,0x00,0xa0,0x52,0x03,0x2a,0x23,0x2a,0x43,0x2a,0x23,0x2a,0x23,0x2a,0x23,0x2a,0x23,0x2a,
    0x03,0x22,0xa7,0x64,0xe8,0x85,0x88,0x7d,0x88,0x7d,0x88,0x7d,0x67,0x75,0x0b,0x96,0x74,0xe7,0x96,0xef,0x75,0xe7,0x75,0xe7,
    0x75,0xe7,0x75,0xe7,0x75,0xe7,0x75,0xe7,0x75,0xe7,0x75,0xe7,0x75,0xe7,0x75,0xe7,0x75,0xe7,0x75,0xe7,0x75,0xe7,0x75,0xe7,
    0x75,0xe7,0x75,0xe7,0x75,0xe7,0x75,0xe7,0x75,0xe7,0x75,0xe7,0x75,0xe7,0x75,0xe7,0x75,0xe7,0x75,0xe7,0x75,0xe7,0x75,0xe7,
    0x75,0xe7,0x75,0xe7,0x75,0xe7,0x75,0xe7,0x75,0xe7,0x75,0xe7,0x75,0xe7,0x75,0xe7,0x75,0xe7,0x75,0xe7,0x75,0xe7,0x75,0xe7,
    0x75,0xe7,0x75,0xe7,0x75,0xe7,0x75,0xe7,0x75,0xe7,0x75,0xe7,0x75,0xe7,0x75,0xe7,0x75,0xe7,0x75,0xe7,0x75,0xe7,0x75,0xe7,
    0x75,0xe7,0x96,0xef,0x74,0xe7,0x0b,0x96,0x67,0x75,0x88,0x7d,0x88,0x7d,0x88,0x7d,0xe8,0x85,0xa7,0x64,0x03,0x22,0x23,0x2a,
    0x23,0x2a,0x23,0x2a,0x23,0x2a,0x43,0x2a,0x23,0x2a,0x03,0x2a,0xa0,0x52,0x00,0x00,0x00,0x00,0x00,0x00,0x00,0x00,0x00,0x00,
    0x00,0x00,0x00,0x00,0x00,0x00,0x00,0x00,0x00,0x00,0x00,0x00,0x00,0x00,0x00,0x00,0x00,0x00,0x00,0x00,0x00,0x00,0x00,0x00,
    0x00,0x00,0x00,0x00,0x00,0x00,0x00,0x00,0x00,0x00,0x00,0x00,0x00,0x00,0x00,0x00,0x00,0x00,0x00,0x00,0x00,0x00,0x00,0x00,
    0x00,0x00,0x00,0x00,0x00,0x00,0x00,0x00,0x00,0x00,0x00,0x00,0x00,0x00,0x00,0x00,0x00,0x00,0x00,0x00,0x00,0x00,0x00,0x00,
    0x00,0x00,0x00,0x00,0x00,0x00,0x00,0x00,0x00,0x00,0x43,0x2a,0x23,0x2a,0x43,0x2a,0x23,0x2a,0x23,0x2a,0x23,0x2a,0x23,0x2a,
    0x43,0x2a,0xe7,0x6c,0xc8,0x85,0x88,0x7d,0x88,0x7d,0xa8,0x7d,0x67,0x75,0xea,0x8d,0x34,0xdf,0x96,0xef,0x75,0xe7,0x75,0xe7,
    0x75,0xe7,0x75,0xe7,0x75,0xe7,0x75,0xe7,0x75,0xe7,0x75,0xe7,0x75,0xe7,0x75,0xe7,0x75,0xe7,0x75,0xe7,0x75,0xe7,0x75,0xe7,
    0x75,0xe7,0x75,0xe7,0x75,0xe7,0x75,0xe7,0x75,0xe7,0x75,0xe7,0x75,0xe7,0x75,0xe7,0x75,0xe7,0x75,0xe7,0x75,0xe7,0x75,0xe7,
    0x75,0xe7,0x75,0xe7,0x75,0xe7,0x75,0xe7,0x75,0xe7,0x75,0xe7,0x75,0xe7,0x75,0xe7,0x75,0xe7,0x75,0xe7,0x75,0xe7,0x75,0xe7,
    0x75,0xe7,0x75,0xe7,0x75,0xe7,0x75,0xe7,0x75,0xe7,0x75,0xe7,0x75,0xe7,0x75,0xe7,0x75,0xe7,0x75,0xe7,0x75,0xe7,0x96,0xef,
    0x34,0xdf,0xea,0x8d,0x67,0x75,0xa8,0x7d,0x88,0x7d,0x88,0x7d,0xc8,0x85,0xe7,0x6c,0x43,0x2a,0x23,0x2a,0x23,0x2a,0x23,0x2a,
    0x23,0x2a,0x43,0x2a,0x23,0x2a,0x43,0x2a,0x00,0x00,0x00,0x00,0x00,0x00,0x00,0x00,0x00,0x00,0x00,0x00,0x00,0x00,0x00,0x00,
    0x00,0x00,0x00,0x00,0x00,0x00,0x00,0x00,0x00,0x00,0x00,0x00,0x00,0x00,0x00,0x00,0x00,0x00,0x00,0x00,0x00,0x00,0x00,0x00,
    0x00,0x00,0x00,0x00,0x00,0x00,0x00,0x00,0x00,0x00,0x00,0x00,0x00,0x00,0x00,0x00,0x00,0x00,0x00,0x00,0x00,0x00,0x00,0x00,
    0x00,0x00,0x00,0x00,0x00,0x00,0x00,0x00,0x00,0x00,0x00,0x00,0x00,0x00,0x00,0x00,0x00,0x00,0x00,0x00,0x00,0x00,0x00,0x00,
    0x00,0x00,0x00,0x00,0x00,0x00,0xa0,0x52,0x00,0x00,0x23,0x2a,0x23,0x2a,0x23,0x2a,0x23,0x2a,0x23,0x2a,0x23,0x2a,0x03,0x2a,
    0x43,0x2a,0xe7,0x6c,0xe8,0x85,0x88,0x7d,0x88,0x7d,0xa8,0x7d,0x87,0x75,0xa8,0x85,0xd1,0xc6,0x96,0xef,0x95,0xe7,0x75,0xe7,
    0x75,0xe7,0x75,0xe7,0x75,0xe7,0x75,0xe7,0x75,0xe7,0x75,0xe7,0x75,0xe7,0x75,0xe7,0x75,0xe7,0x75,0xe7,0x75,0xe7,0x75,0xe7,
    0x75,0xe7,0x75,0xe7,0x75,0xe7,0x75,0xe7,0x75,0xe7,0x75,0xe7,0x75,0xe7,0x75,0xe7,0x75,0xe7,0x75,0xe7,0x75,0xe7,0x75,0xe7,
    0x75,0xe7,0x75,0xe7,0x75,0xe7,0x75,0xe7,0x75,0xe7,0x75,0xe7,0x75,0xe7,0x75,0xe7,0x75,0xe7,0x75,0xe7,0x75,0xe7,0x75,0xe7,
    0x75,0xe7,0x75,0xe7,0x75,0xe7,0x75,0xe7,0x75,0xe7,0x75,0xe7,0x75,0xe7,0x75,0xe7,0x95,0xe7,0x96,0xef,0xd1,0xc6,0xa8,0x85,
    0x87,0x75,0xa8,0x7d,0x88,0x7d,0x88,0x7d,0xe8,0x85,0xe7,0x6c,0x43,0x2a,0x03,0x2a,0x23,0x2a,0x23,0x2a,0x23,0x2a,0x23,0x2a,
    0x23,0x2a,0x23,0x2a,0x00,0x00,0xa0,0x52,0x00,0x00,0x00,0x00,0x00,0x00,0x00,0x00,0x00,0x00,0x00,0x00,0x00,0x00,0x00,0x00,
    0x00,0x00,0x00,0x00,0x00,0x00,0x00,0x00,0x00,0x00,0x00,0x00,0x00,0x00,0x00,0x00,0x00,0x00,0x00,0x00,0x00,0x00,0x00,0x00,
    0x00,0x00,0x00,0x00,0x00,0x00,0x00,0x00,0x00,0x00,0x00,0x00,0x00,0x00,0x00,0x00,0x00,0x00,0x00,0x00,0x00,0x00,0x00,0x00,
    0x00,0x00,0x00,0x00,0x00,0x00,0x00,0x00,0x00,0x00,0x00,0x00,0x00,0x00,0x00,0x00,0x00,0x00,0x00,0x00,0x00,0x00,0x00,0x00,
    0x00,0x00,0x00,0x00,0x00,0x00,0xe0,0x39,0x00,0x00,0x23,0x2a,0x43,0x2a,0x23,0x2a,0x23,0x2a,0x23,0x2a,0x23,0x2a,0x03,0x2a,
    0x43,0x2a,0x86,0x64,0xe8,0x85,0x88,0x7d,0x88,0x7d,0xa8,0x7d,0x88,0x7d,0x67,0x75,0x2c,0x9e,0x33,0xdf,0x96,0xef,0x75,0xe7,
    0x75,0xe7,0x75,0xe7,0x75,0xe7,0x75,0xe7,0x75,0xe7,0x75,0xe7,0x75,0xe7,0x75,0xe7,0x75,0xe7,0x75,0xe7,0x75,0xe7,0x75,0xe7,
    0x75,0xe7,0x75,0xe7,0x75,0xe7,0x75,0xe7,0x75,0xe7,0x75,0xe7,0x75,0xe7,0x75,0xe7,0x75,0xe7,0x75,0xe7,0x75,0xe7,0x75,0xe7,
    0x75,0xe7,0x75,0xe7,0x75,0xe7,0x75,0xe7,0x75,0xe7,0x75,0xe7,0x75,0xe7,0x75,0xe7,0x75,0xe7,0x75,0xe7,0x75,0xe7,0x75,0xe7,
    0x75,0xe7,0x75,0xe7,0x75,0xe7,0x75,0xe7,0x75,0xe7,0x75,0xe7,0x96,0xef,0x33,0xdf,0x2c,0x9e,0x67,0x75,0x88,0x7d,0xa8,0x7d,
    0x88,0x7d,0x88,0x7d,0xe8,0x85,0x86,0x64,0x43,0x2a,0x03,0x2a,0x23,0x2a,0x23,0x2a,0x23,0x2a,0x23,0x2a,0x43,0x2a,0x23,0x2a,
    0x00,0x00,0xe0,0x39,0x00,0x00,0x00,0x00,0x00,0x00,0x00,0x00,0x00,0x00,0x00,0x00,0x00,0x00,0x00,0x00,0x00,0x00,0x00,0x00,
    0x00,0x00,0x00,0x00,0x00,0x00,0x00,0x00,0x00,0x00,0x00,0x00,0x00,0x00,0x00,0x00,0x00,0x00,0x00,0x00,0x00,0x00,0x00,0x00,
    0x00,0x00,0x00,0x00,0x00,0x00,0x00,0x00,0x00,0x00,0x00,0x00,0x00,0x00,0x00,0x00,0x00,0x00,0x00,0x00,0x00,0x00,0x00,0x00,
    0x00,0x00,0x00,0x00,0x00,0x00,0x00,0x00,0x00,0x00,0x00,0x00,0x00,0x00,0x00,0x00,0x00,0x00,0x00,0x00,0x00,0x00,0x00,0x00,
    0x00,0x00,0x00,0x00,0x00,0x00,0xe0,0x39,0x00,0x00,0x23,0x2a,0x43,0x2a,0x23,0x2a,0x23,0x2a,0x23,0x2a,0x23,0x2a,0x23,0x2a,
    0x03,0x22,0xe5,0x53,0xa8,0x7d,0xa8,0x7d,0x88,0x7d,0x88,0x7d,0xa8,0x7d,0x67,0x75,0xa8,0x7d,0xb0,0xbe,0x95,0xef,0x96,0xef,
    0x75,0xe7,0x75,0xe7,0x75,0xe7,0x75,0xe7,0x75,0xe7,0x75,0xe7,0x75,0xe7,0x75,0xe7,0x75,0xe7,0x75,0xe7,0x75,0xe7,0x75,0xe7,
    0x75,0xe7,0x75,0xe7,0x75,0xe7,0x75,0xe7,0x75,0xe7,0x75,0xe7,0x75,0xe7,0x75,0xe7,0x75,0xe7,0x75,0xe7,0x75,0xe7,0x75,0xe7,
    0x75,0xe7,0x75,0xe7,0x75,0xe7,0x75,0xe7,0x75,0xe7,0x75,0xe7,0x75,0xe7,0x75,0xe7,0x75,0xe7,0x75,0xe7,0x75,0xe7,0x75,0xe7,
    0x75,0xe7,0x75,0xe7,0x75,0xe7,0x96,0xef,0x95,0xef,0xb0,0xbe,0xa8,0x7d,0x67,0x75,0xa8,0x7d,0x88,0x7d,0x88,0x7d,0xa8,0x7d,
    0xa8,0x7d,0xe5,0x53,0x03,0x22,0x23,0x2a,0x23,0x2a,0x23,0x2a,0x23,0x2a,0x23,0x2a,0x43,0x2a,0x23,0x2a,0x00,0x00,0xe0,0x39,
    0x00,0x00,0x00,0x00,0x00,0x00,0x00,0x00,0x00,0x00,0x00,0x00,0x00,0x00,0x00,0x00,0x00,0x00,0x00,0x00,0x00,0x00,0x00,0x00,
    0x00,0x00,0x00,0x00,0x00,0x00,0x00,0x00,0x00,0x00,0x00,0x00,0x00,0x00,0x00,0x00,0x00,0x00,0x00,0x00,0x00,0x00,0x00,0x00,
    0x00,0x00,0x00,0x00,0x00,0x00,0x00,0x00,0x00,0x00,0x00,0x00,0x00,0x00,0x00,0x00,0x00,0x00,0x00,0x00,0x00,0x00,0x00,0x00,
    0x00,0x00,0x00,0x00,0x00,0x00,0x00,0x00,0x00,0x00,0x00,0x00,0x00,0x00,0x00,0x00,0x00,0x00,0x00,0x00,0x00,0x00,0x00,0x00,
    0x00,0x00,0x00,0x00,0x00,0x00,0xe0,0x39,0x00,0x00,0x23,0x2a,0x43,0x2a,0x23,0x2a,0x23,0x2a,0x23,0x2a,0x23,0x2a,0x23,0x2a,
    0xe3,0x21,0x04,0x43,0x47,0x75,0xe8,0x85,0x88,0x7d,0x88,0x7d,0xa8,0x7d,0x88,0x7d,0x67,0x75,0xea,0x95,0xd0,0xbe,0x95,0xef,
    0x96,0xef,0x75,0xe7,0x75,0xe7,0x75,0xe7,0x75,0xe7,0x75,0xe7,0x75,0xe7,0x75,0xe7,0x75,0xe7,0x75,0xe7,0x75,0xe7,0x75,0xe7,
    0x75,0xe7,0x75,0xe7,0x75,0xe7,0x75,0xe7,0x75,0xe7,0x75,0xe7,0x75,0xe7,0x75,0xe7,0x75,0xe7,0x75,0xe7,0x75,0xe7,0x75,0xe7,
    0x75,0xe7,0x75,0xe7,0x75,0xe7,0x75,0xe7,0x75,0xe7,0x75,0xe7,0x75,0xe7,0x75,0xe7,0x75,0xe7,0x75,0xe7,0x75,0xe7,0x75,0xe7,
    0x96,0xef,0x95,0xef,0xd0,0xbe,0xea,0x95,0x67,0x75,0x88,0x7d,0xa8,0x7d,0x88,0x7d,0x88,0x7d,0xe8,0x85,0x47,0x75,0x04,0x43,
    0xe3,0x21,0x23,0x2a,0x23,0x2a,0x23,0x2a,0x23,0x2a,0x23,0x2a,0x43,0x2a,0x23,0x2a,0x00,0x00,0xe0,0x39,0x00,0x00,0x00,0x00,
    0x00,0x00,0x00,0x00,0x00,0x00,0x00,0x00,0x00,0x00,0x00,0x00,0x00,0x00,0x00,0x00,0x00,0x00,0x00,0x00,0x00,0x00,0x00,0x00,
    0x00,0x00,0x00,0x00,0x00,0x00,0x00,0x00,0x00,0x00,0x00,0x00,0x00,0x00,0x00,0x00,0x00,0x00,0x00,0x00,0x00,0x00,0x00,0x00,
    0x00,0x00,0x00,0x00,0x00,0x00,0x00,0x00,0x00,0x00,0x00,0x00,0x00,0x00,0x00,0x00,0x00,0x00,0x00,0x00,0x00,0x00,0x00,0x00,
    0x00,0x00,0x00,0x00,0x00,0x00,0x00,0x00,0x00,0x00,0x00,0x00,0x00,0x00,0x00,0x00,0x00,0x00,0x00,0x00,0x00,0x00,0x00,0x00,
    0x00,0x00,0x00,0x00,0x00,0x00,0xe0,0x39,0x00,0x00,0x23,0x2a,0x43,0x2a,0x23,0x2a,0x23,0x2a,0x23,0x2a,0x23,0x2a,0x43,0x2a,
    0xe3,0x21,0x63,0x32,0x46,0x5c,0xa8,0x7d,0xa8,0x7d,0x88,0x7d,0x88,0x7d,0xa8,0x7d,0x87,0x75,0x67,0x75,0x0b,0x96,0xd0,0xc6,
    0x54,0xe7,0x96,0xef,0x95,0xef,0x75,0xe7,0x75,0xe7,0x75,0xe7,0x75,0xe7,0x75,0xe7,0x75,0xe7,0x75,0xe7,0x75,0xe7,0x75,0xe7,
    0x75,0xe7,0x75,0xe7,0x75,0xe7,0x75,0xe7,0x75,0xe7,0x75,0xe7,0x75,0xe7,0x75,0xe7,0x75,0xe7,0x75,0xe7,0x75,0xe7,0x75,0xe7,
    0x75,0xe7,0x75,0xe7,0x75,0xe7,0x75,0xe7,0x75,0xe7,0x75,0xe7,0x75,0xe7,0x75,0xe7,0x95,0xef,0x96,0xef,0x54,0xe7,0xd0,0xc6,
    0x0b,0x96,0x67,0x75,0x87,0x75,0xa8,0x7d,0x88,0x7d,0x88,0x7d,0xa8,0x7d,0xa8,0x7d,0x46,0x5c,0x63,0x32,0xe3,0x21,0x43,0x2a,
    0x23,0x2a,0x23,0x2a,0x23,0x2a,0x23,0x2a,0x43,0x2a,0x23,0x2a,0x00,0x00,0xe0,0x39,0x00,0x00,0x00,0x00,0x00,0x00,0x00,0x00,
    0x00,0x00,0x00,0x00,0x00,0x00,0x00,0x00,0x00,0x00,0x00,0x00,0x00,0x00,0x00,0x00,0x00,0x00,0x00,0x00,0x00,0x00,0x00,0x00,
    0x00,0x00,0x00,0x00,0x00,0x00,0x00,0x00,0x00,0x00,0x00,0x00,0x00,0x00,0x00,0x00,0x00,0x00,0x00,0x00,0x00,0x00,0x00,0x00,
    0x00,0x00,0x00,0x00,0x00,0x00,0x00,0x00,0x00,0x00,0x00,0x00,0x00,0x00,0x00,0x00,0x00,0x00,0x00,0x00,0x00,0x00,0x00,0x00,
    0x00,0x00,0x00,0x00,0x00,0x00,0x00,0x00,0x00,0x00,0x00,0x00,0x00,0x00,0x00,0x00,0x00,0x00,0x00,0x00,0x00,0x00,0x00,0x00,
    0x00,0x00,0x00,0x00,0x00,0x00,0xe0,0x39,0x00,0x00,0x23,0x2a,0x23,0x2a,0x43,0x2a,0x23,0x2a,0x23,0x2a,0x23,0x2a,0x43,0x2a,
    0x23,0x2a,0xe3,0x21,0x04,0x43,0x27,0x75,0xe8,0x85,0xa8,0x7d,0x88,0x7d,0x88,0x7d,0xa8,0x7d,0x87,0x75,0x67,0x75,0xc9,0x85,
    0x6e,0xae,0x33,0xd7,0x95,0xef,0x96,0xef,0x96,0xef,0x75,0xe7,0x75,0xe7,0x75,0xe7,0x75,0xe7,0x75,0xe7,0x75,0xe7,0x75,0xe7,
    0x75,0xe7,0x75,0xe7,0x75,0xe7,0x75,0xe7,0x75,0xe7,0x75,0xe7,0x75,0xe7,0x75,0xe7,0x75,0xe7,0x75,0xe7,0x75,0xe7,0x75,0xe7,
    0x75,0xe7,0x75,0xe7,0x75,0xe7,0x75,0xe7,0x96,0xef,0x96,0xef,0x95,0xef,0x33,0xd7,0x6e,0xae,0xc9,0x85,0x67,0x75,0x87,0x75,
    0xa8,0x7d,0x88,0x7d,0x88,0x7d,0xa8,0x7d,0xe8,0x85,0x27,0x75,0x04,0x43,0xe3,0x21,0x23,0x2a,0x43,0x2a,0x23,0x2a,0x23,0x2a,
    0x23,0x2a,0x43,0x2a,0x23,0x2a,0x23,0x2a,0x00,0x00,0xe0,0x39,0x00,0x00,0x00,0x00,0x00,0x00,0x00,0x00,0x00,0x00,0x00,0x00,
    0x00,0x00,0x00,0x00,0x00,0x00,0x00,0x00,0x00,0x00,0x00,0x00,0x00,0x00,0x00,0x00,0x00,0x00,0x00,0x00,0x00,0x00,0x00,0x00,
    0x00,0x00,0x00,0x00,0x00,0x00,0x00,0x00,0x00,0x00,0x00,0x00,0x00,0x00,0x00,0x00,0x00,0x00,0x00,0x00,0x00,0x00,0x00,0x00,
    0x00,0x00,0x00,0x00,0x00,0x00,0x00,0x00,0x00,0x00,0x00,0x00,0x00,0x00,0x00,0x00,0x00,0x00,0x00,0x00,0x00,0x00,0x00,0x00,
    0x00,0x00,0x00,0x00,0x00,0x00,0x00,0x00,0x00,0x00,0x00,0x00,0x00,0x00,0x00,0x00,0x00,0x00,0x00,0x00,0x00,0x00,0x00,0x00,
    0x00,0x00,0x00,0x00,0x00,0x00,0xe0,0x39,0x00,0x00,0x03,0x2a,0x43,0x2a,0x63,0x2a,0x23,0x2a,0x23,0x2a,0x23,0x2a,0x23,0x2a,
    0x43,0x2a,0xe3,0x21,0x63,0x32,0x06,0x5c,0x47,0x75,0xc8,0x85,0x88,0x7d,0x88,0x7d,0x88,0x7d,0xa8,0x7d,0x88,0x7d,0x67,0x75,
    0x88,0x7d,0x2c,0x9e,0x8e,0xb6,0xd1,0xc6,0x75,0xe7,0x96,0xef,0x96,0xef,0x96,0xef,0x95,0xef,0x75,0xe7,0x75,0xe7,0x75,0xe7,
    0x75,0xe7,0x75,0xe7,0x75,0xe7,0x75,0xe7,0x75,0xe7,0x75,0xe7,0x75,0xe7,0x75,0xe7,0x75,0xe7,0x75,0xe7,0x95,0xef,0x96,0xef,
    0x96,0xef,0x96,0xef,0x75,0xe7,0xd1,0xc6,0x8e,0xb6,0x2c,0x9e,0x88,0x7d,0x67,0x75,0x88,0x7d,0xa8,0x7d,0x88,0x7d,0x88,0x7d,
    0x88,0x7d,0xc8,0x85,0x47,0x75,0x06,0x5c,0x63,0x32,0xe3,0x21,0x43,0x2a,0x23,0x2a,0x23,0x2a,0x23,0x2a,0x23,0x2a,0x63,0x2a,
    0x43,0x2a,0x03,0x2a,0x00,0x00,0xe0,0x39,0x00,0x00,0x00,0x00,0x00,0x00,0x00,0x00,0x00,0x00,0x00,0x00,0x00,0x00,0x00,0x00,
    0x00,0x00,0x00,0x00,0x00,0x00,0x00,0x00,0x00,0x00,0x00,0x00,0x00,0x00,0x00,0x00,0x00,0x00,0x00,0x00,0x00,0x00,0x00,0x00,
    0x00,0x00,0x00,0x00,0x00,0x00,0x00,0x00,0x00,0x00,0x00,0x00,0x00,0x00,0x00,0x00,0x00,0x00,0x00,0x00,0x00,0x00,0x00,0x00,
    0x00,0x00,0x00,0x00,0x00,0x00,0x00,0x00,0x00,0x00,0x00,0x00,0x00,0x00,0x00,0x00,0x00,0x00,0x00,0x00,0x00,0x00,0x00,0x00,
    0x00,0x00,0x00,0x00,0x00,0x00,0x00,0x00,0x00,0x00,0x00,0x00,0x00,0x00,0x00,0x00,0x00,0x00,0x00,0x00,0x00,0x00,0x00,0x00,
    0x00,0x00,0x00,0x00,0x00,0x00,0xe0,0x39,0x00,0x00,0xc2,0x21,0x23,0x2a,0x43,0x2a,0x43,0x2a,0x23,0x2a,0x23,0x2a,0x23,0x2a,
    0x43,0x2a,0x23,0x2a,0xe3,0x21,0x63,0x32,0x46,0x5c,0x88,0x7d,0xc8,0x85,0xa8,0x7d,0x88,0x7d,0x88,0x7d,0xa8,0x7d,0x88,0x7d,
    0x87,0x75,0x67,0x75,0x87,0x75,0xca,0x8d,0x2c,0x9e,0x8e,0xb6,0xd1,0xc6,0x33,0xd7,0x54,0xdf,0x95,0xef,0x96,0xef,0x96,0xef,
    0x96,0xef,0x96,0xef,0x96,0xef,0x96,0xef,0x96,0xef,0x96,0xef,0x96,0xef,0x95,0xef,0x54,0xdf,0x33,0xd7,0xd1,0xc6,0x8e,0xb6,
    0x2c,0x9e,0xca,0x8d,0x87,0x75,0x67,0x75,0x87,0x75,0x88,0x7d,0xa8,0x7d,0x88,0x7d,0x88,0x7d,0xa8,0x7d,0xc8,0x85,0x88,0x7d,
    0x46,0x5c,0x63,0x32,0xe3,0x21,0x23,0x2a,0x43,0x2a,0x23,0x2a,0x23,0x2a,0x23,0x2a,0x43,0x2a,0x43,0x2a,0x23,0x2a,0xc2,0x21,
    0x00,0x00,0xe0,0x39,0x00,0x00,0x00,0x00,0x00,0x00,0x00,0x00,0x00,0x00,0x00,0x00,0x00,0x00,0x00,0x00,0x00,0x00,0x00,0x00,
    0x00,0x00,0x00,0x00,0x00,0x00,0x00,0x00,0x00,0x00,0x00,0x00,0x00,0x00,0x00,0x00,0x00,0x00,0x00,0x00,0x00,0x00,0x00,0x00,
    0x00,0x00,0x00,0x00,0x00,0x00,0x00,0x00,0x00,0x00,0x00,0x00,0x00,0x00,0x00,0x00,0x00,0x00,0x00,0x00,0x00,0x00,0x00,0x00,
    0x00,0x00,0x00,0x00,0x00,0x00,0x00,0x00,0x00,0x00,0x00,0x00,0x00,0x00,0x00,0x00,0x00,0x00,0x00,0x00,0x00,0x00,0x00,0x00,
    0x00,0x00,0x00,0x00,0x00,0x00,0x00,0x00,0x00,0x00,0x00,0x00,0x00,0x00,0x00,0x00,0x00,0x00,0x00,0x00,0x00,0x00,0x00,0x00,
    0x00,0x00,0x00,0x00,0x00,0x00,0xe0,0x03,0x00,0x00,0x00,0x00,0x23,0x2a,0x23,0x2a,0x43,0x2a,0x23,0x2a,0x23,0x2a,0x23,0x2a,
    0x23,0x2a,0x43,0x2a,0x23,0x2a,0xe3,0x21,0xc4,0x3a,0x06,0x5c,0x47,0x75,0xc8,0x85,0xc8,0x85,0xa8,0x7d,0x88,0x7d,0x88,0x7d,
    0xa8,0x7d,0xa8,0x7d,0x87,0x7d,0x67,0x75,0x67,0x75,0x67,0x75,0xa8,0x7d,0xc9,0x85,0x0b,0x96,0x0b,0x96,0x4d,0xa6,0x8f,0xb6,
    0x8e,0xb6,0x8e,0xb6,0x8e,0xb6,0x8f,0xb6,0x4d,0xa6,0x0b,0x96,0x0b,0x96,0xc9,0x85,0xa8,0x7d,0x67,0x75,0x67,0x75,0x67,0x75,
    0x87,0x7d,0xa8,0x7d,0xa8,0x7d,0x88,0x7d,0x88,0x7d,0xa8,0x7d,0xc8,0x85,0xc8,0x85,0x47,0x75,0x06,0x5c,0xc4,0x3a,0xe3,0x21,
    0x23,0x2a,0x43,0x2a,0x23,0x2a,0x23,0x2a,0x23,0x2a,0x23,0x2a,0x43,0x2a,0x23,0x2a,0x23,0x2a,0x00,0x00,0x00,0x00,0xe0,0x03,
    0x00,0x00,0x00,0x00,0x00,0x00,0x00,0x00,0x00,0x00,0x00,0x00,0x00,0x00,0x00,0x00,0x00,0x00,0x00,0x00,0x00,0x00,0x00,0x00,
    0x00,0x00,0x00,0x00,0x00,0x00,0x00,0x00,0x00,0x00,0x00,0x00,0x00,0x00,0x00,0x00,0x00,0x00,0x00,0x00,0x00,0x00,0x00,0x00,
    0x00,0x00,0x00,0x00,0x00,0x00,0x00,0x00,0x00,0x00,0x00,0x00,0x00,0x00,0x00,0x00,0x00,0x00,0x00,0x00,0x00,0x00,0x00,0x00,
    0x00,0x00,0x00,0x00,0x00,0x00,0x00,0x00,0x00,0x00,0x00,0x00,0x00,0x00,0x00,0x00,0x00,0x00,0x00,0x00,0x00,0x00,0x00,0x00,
    0x00,0x00,0x00,0x00,0x00,0x00,0x00,0x00,0x00,0x00,0x00,0x00,0x00,0x00,0x00,0x00,0x00,0x00,0x00,0x00,0x00,0x00,0x00,0x00,
    0x00,0x00,0x00,0x00,0x00,0x00,0x00,0x00,0xe0,0x39,0x00,0x00,0x22,0x22,0x43,0x2a,0x43,0x2a,0x43,0x2a,0x23,0x2a,0x23,0x2a,
    0x23,0x2a,0x23,0x2a,0x43,0x2a,0x03,0x2a,0xe3,0x21,0x43,0x2a,0x24,0x43,0x66,0x5c,0x68,0x7d,0xc8,0x85,0xc8,0x85,0xa8,0x7d,
    0x88,0x7d,0x88,0x7d,0x88,0x7d,0x88,0x7d,0x88,0x7d,0x88,0x7d,0x88,0x7d,0x87,0x75,0x87,0x75,0x67,0x75,0x67,0x75,0x67,0x75,
    0x67,0x75,0x67,0x75,0x67,0x75,0x67,0x75,0x87,0x75,0x87,0x75,0x88,0x7d,0x88,0x7d,0x88,0x7d,0x88,0x7d,0x88,0x7d,0x88,0x7d,
    0x88,0x7d,0xa8,0x7d,0xc8,0x85,0xc8,0x85,0x68,0x7d,0x66,0x5c,0x24,0x43,0x43,0x2a,0xe3,0x21,0x03,0x2a,0x43,0x2a,0x23,0x2a,
    0x23,0x2a,0x23,0x2a,0x23,0x2a,0x43,0x2a,0x43,0x2a,0x43,0x2a,0x22,0x22,0x00,0x00,0xe0,0x39,0x00,0x00,0x00,0x00,0x00,0x00,
    0x00,0x00,0x00,0x00,0x00,0x00,0x00,0x00,0x00,0x00,0x00,0x00,0x00,0x00,0x00,0x00,0x00,0x00,0x00,0x00,0x00,0x00,0x00,0x00,
    0x00,0x00,0x00,0x00,0x00,0x00,0x00,0x00,0x00,0x00,0x00,0x00,0x00,0x00,0x00,0x00,0x00,0x00,0x00,0x00,0x00,0x00,0x00,0x00,
    0x00,0x00,0x00,0x00,0x00,0x00,0x00,0x00,0x00,0x00,0x00,0x00,0x00,0x00,0x00,0x00,0x00,0x00,0x00,0x00,0x00,0x00,0x00,0x00,
    0x00,0x00,0x00,0x00,0x00,0x00,0x00,0x00,0x00,0x00,0x00,0x00,0x00,0x00,0x00,0x00,0x00,0x00,0x00,0x00,0x00,0x00,0x00,0x00,
    0x00,0x00,0x00,0x00,0x00,0x00,0x00,0x00,0x00,0x00,0x00,0x00,0x00,0x00,0x00,0x00,0x00,0x00,0x00,0x00,0x00,0x00,0x00,0x00,
    0x00,0x00,0x00,0x00,0x00,0x00,0x00,0x00,0xa0,0x52,0x00,0x00,0x00,0x00,0x23,0x2a,0x23,0x2a,0x43,0x2a,0x23,0x2a,0x23,0x2a,
    0x23,0x2a,0x23,0x2a,0x23,0x2a,0x43,0x2a,0x23,0x2a,0xe3,0x21,0xe3,0x21,0x84,0x32,0x65,0x4b,0x86,0x64,0x68,0x7d,0xc8,0x85,
    0xc8,0x85,0xc8,0x85,0xa8,0x7d,0xa8,0x7d,0x88,0x7d,0x88,0x7d,0x88,0x7d,0x88,0x7d,0x88,0x7d,0x88,0x7d,0x88,0x7d,0x88,0x7d,
    0x88,0x7d,0x88,0x7d,0x88,0x7d,0x88,0x7d,0x88,0x7d,0x88,0x7d,0x88,0x7d,0xa8,0x7d,0xa8,0x7d,0xc8,0x85,0xc8,0x85,0xc8,0x85,
    0x68,0x7d,0x86,0x64,0x65,0x4b,0x84,0x32,0xe3,0x21,0xe3,0x21,0x23,0x2a,0x43,0x2a,0x23,0x2a,0x23,0x2a,0x23,0x2a,0x23,0x2a,
    0x23,0x2a,0x43,0x2a,0x23,0x2a,0x23,0x2a,0x00,0x00,0x00,0x00,0xa0,0x52,0x00,0x00,0x00,0x00,0x00,0x00,0x00,0x00,0x00,0x00,
    0x00,0x00,0x00,0x00,0x00,0x00,0x00,0x00,0x00,0x00,0x00,0x00,0x00,0x00,0x00,0x00,0x00,0x00,0x00,0x00,0x00,0x00,0x00,0x00,
    0x00,0x00,0x00,0x00,0x00,0x00,0x00,0x00,0x00,0x00,0x00,0x00,0x00,0x00,0x00,0x00,0x00,0x00,0x00,0x00,0x00,0x00,0x00,0x00,
    0x00,0x00,0x00,0x00,0x00,0x00,0x00,0x00,0x00,0x00,0x00,0x00,0x00,0x00,0x00,0x00,0x00,0x00,0x00,0x00,0x00,0x00,0x00,0x00,
    0x00,0x00,0x00,0x00,0x00,0x00,0x00,0x00,0x00,0x00,0x00,0x00,0x00,0x00,0x00,0x00,0x00,0x00,0x00,0x00,0x00,0x00,0x00,0x00,
    0x00,0x00,0x00,0x00,0x00,0x00,0x00,0x00,0x00,0x00,0x00,0x00,0x00,0x00,0x00,0x00,0x00,0x00,0x00,0x00,0x00,0x00,0x00,0x00,
    0x00,0x00,0x00,0x00,0x00,0x00,0x00,0x00,0x00,0x00,0xe0,0x03,0x00,0x00,0x00,0x00,0x23,0x2a,0x43,0x2a,0x43,0x2a,0x43,0x2a,
    0x23,0x2a,0x23,0x2a,0x23,0x2a,0x23,0x2a,0x23,0x2a,0x23,0x2a,0x03,0x2a,0xe3,0x21,0x03,0x22,0x84,0x32,0x85,0x4b,0x06,0x54,
    0xa6,0x64,0x27,0x75,0x88,0x7d,0xc8,0x85,0xc8,0x85,0xc8,0x85,0xc8,0x85,0xc8,0x85,0xc8,0x85,0xc8,0x85,0xc8,0x85,0xc8,0x85,
    0xc8,0x85,0xc8,0x85,0xc8,0x85,0xc8,0x85,0xc8,0x85,0xc8,0x85,0x88,0x7d,0x27,0x75,0xa6,0x64,0x06,0x54,0x85,0x4b,0x84,0x32,
    0x03,0x22,0xe3,0x21,0x03,0x2a,0x23,0x2a,0x23,0x2a,0x23,0x2a,0x23,0x2a,0x23,0x2a,0x23,0x2a,0x43,0x2a,0x43,0x2a,0x43,0x2a,
    0x23,0x2a,0x00,0x00,0x00,0x00,0xe0,0x03,0x00,0x00,0x00,0x00,0x00,0x00,0x00,0x00,0x00,0x00,0x00,0x00,0x00,0x00,0x00,0x00,
    0x00,0x00,0x00,0x00,0x00,0x00,0x00,0x00,0x00,0x00,0x00,0x00,0x00,0x00,0x00,0x00,0x00,0x00,0x00,0x00,0x00,0x00,0x00,0x00,
    0x00,0x00,0x00,0x00,0x00,0x00,0x00,0x00,0x00,0x00,0x00,0x00,0x00,0x00,0x00,0x00,0x00,0x00,0x00,0x00,0x00,0x00,0x00,0x00,
    0x00,0x00,0x00,0x00,0x00,0x00,0x00,0x00,0x00,0x00,0x00,0x00,0x00,0x00,0x00,0x00,0x00,0x00,0x00,0x00,0x00,0x00,0x00,0x00,
    0x00,0x00,0x00,0x00,0x00,0x00,0x00,0x00,0x00,0x00,0x00,0x00,0x00,0x00,0x00,0x00,0x00,0x00,0x00,0x00,0x00,0x00,0x00,0x00,
    0x00,0x00,0x00,0x00,0x00,0x00,0x00,0x00,0x00,0x00,0x00,0x00,0x00,0x00,0x00,0x00,0x00,0x00,0x00,0x00,0x00,0x00,0x00,0x00,
    0x00,0x00,0x00,0x00,0x00,0x00,0x00,0x00,0x00,0x00,0xa0,0x52,0x00,0x00,0x00,0x00,0x22,0x2a,0x43,0x2a,0x23,0x2a,0x43,0x2a,
    0x43,0x2a,0x23,0x2a,0x23,0x2a,0x23,0x2a,0x23,0x2a,0x23,0x2a,0x43,0x2a,0x23,0x2a,0x03,0x2a,0xe3,0x21,0xe3,0x21,0x03,0x22,
    0x43,0x2a,0x84,0x32,0x04,0x43,0xa5,0x4b,0x26,0x5c,0xc7,0x6c,0xa7,0x64,0xa7,0x64,0xa7,0x64,0xa7,0x64,0xa7,0x64,0xa7,0x64,
    0xa7,0x64,0xc7,0x6c,0x26,0x5c,0xa5,0x4b,0x04,0x43,0x84,0x32,0x43,0x2a,0x03,0x22,0xe3,0x21,0xe3,0x21,0x03,0x2a,0x23,0x2a,
    0x43,0x2a,0x23,0x2a,0x23,0x2a,0x23,0x2a,0x23,0x2a,0x23,0x2a,0x43,0x2a,0x43,0x2a,0x23,0x2a,0x43,0x2a,0x22,0x2a,0x00,0x00,
    0x00,0x00,0xa0,0x52,0x00,0x00,0x00,0x00,0x00,0x00,0x00,0x00,0x00,0x00,0x00,0x00,0x00,0x00,0x00,0x00,0x00,0x00,0x00,0x00,
    0x00,0x00,0x00,0x00,0x00,0x00,0x00,0x00,0x00,0x00,0x00,0x00,0x00,0x00,0x00,0x00,0x00,0x00,0x00,0x00,0x00,0x00,0x00,0x00,
    0x00,0x00,0x00,0x00,0x00,0x00,0x00,0x00,0x00,0x00,0x00,0x00,0x00,0x00,0x00,0x00,0x00,0x00,0x00,0x00,0x00,0x00,0x00,0x00,
    0x00,0x00,0x00,0x00,0x00,0x00,0x00,0x00,0x00,0x00,0x00,0x00,0x00,0x00,0x00,0x00,0x00,0x00,0x00,0x00,0x00,0x00,0x00,0x00,
    0x00,0x00,0x00,0x00,0x00,0x00,0x00,0x00,0x00,0x00,0x00,0x00,0x00,0x00,0x00,0x00,0x00,0x00,0x00,0x00,0x00,0x00,0x00,0x00,
    0x00,0x00,0x00,0x00,0x00,0x00,0x00,0x00,0x00,0x00,0x00,0x00,0x00,0x00,0x00,0x00,0x00,0x00,0x00,0x00,0x00,0x00,0x00,0x00,
    0x00,0x00,0x00,0x00,0x00,0x00,0x00,0x00,0x00,0x00,0x00,0x00,0xa0,0x52,0x00,0x00,0x00,0x00,0x00,0x00,0x23,0x2a,0x23,0x2a,
    0x43,0x2a,0x43,0x2a,0x23,0x2a,0x23,0x2a,0x23,0x2a,0x23,0x2a,0x23,0x2a,0x23,0x2a,0x43,0x2a,0x43,0x2a,0x23,0x2a,0x23,0x2a,
    0x03,0x2a,0x03,0x22,0xe3,0x21,0xe3,0x21,0x03,0x22,0x03,0x22,0x03,0x22,0x03,0x22,0x03,0x22,0x03,0x22,0x03,0x22,0x03,0x22,
    0x03,0x22,0xe3,0x21,0xe3,0x21,0x03,0x22,0x03,0x2a,0x23,0x2a,0x23,0x2a,0x43,0x2a,0x43,0x2a,0x23,0x2a,0x23,0x2a,0x23,0x2a,
    0x23,0x2a,0x23,0x2a,0x23,0x2a,0x43,0x2a,0x43,0x2a,0x23,0x2a,0x23,0x2a,0x00,0x00,0x00,0x00,0x00,0x00,0xa0,0x52,0x00,0x00,
    0x00,0x00,0x00,0x00,0x00,0x00,0x00,0x00,0x00,0x00,0x00,0x00,0x00,0x00,0x00,0x00,0x00,0x00,0x00,0x00,0x00,0x00,0x00,0x00,
    0x00,0x00,0x00,0x00,0x00,0x00,0x00,0x00,0x00,0x00,0x00,0x00,0x00,0x00,0x00,0x00,0x00,0x00,0x00,0x00,0x00,0x00,0x00,0x00,
    0x00,0x00,0x00,0x00,0x00,0x00,0x00,0x00,0x00,0x00,0x00,0x00,0x00,0x00,0x00,0x00,0x00,0x00,0x00,0x00,0x00,0x00,0x00,0x00,
    0x00,0x00,0x00,0x00,0x00,0x00,0x00,0x00,0x00,0x00,0x00,0x00,0x00,0x00,0x00,0x00,0x00,0x00,0x00,0x00,0x00,0x00,0x00,0x00,
    0x00,0x00,0x00,0x00,0x00,0x00,0x00,0x00,0x00,0x00,0x00,0x00,0x00,0x00,0x00,0x00,0x00,0x00,0x00,0x00,0x00,0x00,0x00,0x00,
    0x00,0x00,0x00,0x00,0x00,0x00,0x00,0x00,0x00,0x00,0x00,0x00,0x00,0x00,0x00,0x00,0x00,0x00,0x00,0x00,0x00,0x00,0x00,0x00,
    0x00,0x00,0x00,0x00,0x00,0x00,0x00,0x00,0x00,0x00,0x00,0x00,0x00,0x00,0xe0,0x39,0x00,0x00,0x00,0x00,0x00,0x00,0x43,0x2a,
    0x43,0x2a,0x23,0x2a,0x43,0x2a,0x43,0x2a,0x43,0x2a,0x23,0x2a,0x23,0x2a,0x23,0x2a,0x23,0x2a,0x23,0x2a,0x23,0x2a,0x23,0x2a,
    0x23,0x2a,0x43,0x2a,0x43,0x2a,0x23,0x2a,0x23,0x2a,0x23,0x2a,0x23,0x2a,0x23,0x2a,0x23,0x2a,0x23,0x2a,0x23,0x2a,0x23,0x2a,
    0x43,0x2a,0x43,0x2a,0x23,0x2a,0x23,0x2a,0x23,0x2a,0x23,0x2a,0x23,0x2a,0x23,0x2a,0x23,0x2a,0x23,0x2a,0x43,0x2a,0x43,0x2a,
    0x43,0x2a,0x23,0x2a,0x43,0x2a,0x43,0x2a,0x00,0x00,0x00,0x00,0x00,0x00,0xe0,0x39,0x00,0x00,0x00,0x00,0x00,0x00,0x00,0x00,
    0x00,0x00,0x00,0x00,0x00,0x00,0x00,0x00,0x00,0x00,0x00,0x00,0x00,0x00,0x00,0x00,0x00,0x00,0x00,0x00,0x00,0x00,0x00,0x00,
    0x00,0x00,0x00,0x00,0x00,0x00,0x00,0x00,0x00,0x00,0x00,0x00,0x00,0x00,0x00,0x00,0x00,0x00,0x00,0x00,0x00,0x00,0x00,0x00,
    0x00,0x00,0x00,0x00,0x00,0x00,0x00,0x00,0x00,0x00,0x00,0x00,0x00,0x00,0x00,0x00,0x00,0x00,0x00,0x00,0x00,0x00,0x00,0x00,
    0x00,0x00,0x00,0x00,0x00,0x00,0x00,0x00,0x00,0x00,0x00,0x00,0x00,0x00,0x00,0x00,0x00,0x00,0x00,0x00,0x00,0x00,0x00,0x00,
    0x00,0x00,0x00,0x00,0x00,0x00,0x00,0x00,0x00,0x00,0x00,0x00,0x00,0x00,0x00,0x00,0x00,0x00,0x00,0x00,0x00,0x00,0x00,0x00,
    0x00,0x00,0x00,0x00,0x00,0x00,0x00,0x00,0x00,0x00,0x00,0x00,0x00,0x00,0x00,0x00,0x00,0x00,0x00,0x00,0x00,0x00,0x00,0x00,
    0x00,0x00,0x00,0x00,0x00,0x00,0x00,0x00,0x00,0x00,0x00,0x00,0x00,0x00,0x00,0x00,0xa0,0x02,0x00,0x00,0x00,0x00,0x00,0x00,
    0x42,0x32,0x23,0x2a,0x23,0x2a,0x23,0x2a,0x23,0x2a,0x43,0x2a,0x43,0x2a,0x43,0x2a,0x43,0x2a,0x23,0x2a,0x23,0x2a,0x23,0x2a,
    0x23,0x2a,0x23,0x2a,0x23,0x2a,0x23,0x2a,0x23,0x2a,0x23,0x2a,0x23,0x2a,0x23,0x2a,0x23,0x2a,0x23,0x2a,0x23,0x2a,0x23,0x2a,
    0x23,0x2a,0x23,0x2a,0x23,0x2a,0x23,0x2a,0x43,0x2a,0x43,0x2a,0x43,0x2a,0x43,0x2a,0x23,0x2a,0x23,0x2a,0x23,0x2a,0x23,0x2a,
    0x42,0x32,0x00,0x00,0x00,0x00,0x00,0x00,0xa0,0x02,0x00,0x00,0x00,0x00,0x00,0x00,0x00,0x00,0x00,0x00,0x00,0x00,0x00,0x00,
    0x00,0x00,0x00,0x00,0x00,0x00,0x00,0x00,0x00,0x00,0x00,0x00,0x00,0x00,0x00,0x00,0x00,0x00,0x00,0x00,0x00,0x00,0x00,0x00,
    0x00,0x00,0x00,0x00,0x00,0x00,0x00,0x00,0x00,0x00,0x00,0x00,0x00,0x00,0x00,0x00,0x00,0x00,0x00,0x00,0x00,0x00,0x00,0x00,
    0x00,0x00,0x00,0x00,0x00,0x00,0x00,0x00,0x00,0x00,0x00,0x00,0x00,0x00,0x00,0x00,0x00,0x00,0x00,0x00,0x00,0x00,0x00,0x00,
    0x00,0x00,0x00,0x00,0x00,0x00,0x00,0x00,0x00,0x00,0x00,0x00,0x00,0x00,0x00,0x00,0x00,0x00,0x00,0x00,0x00,0x00,0x00,0x00,
    0x00,0x00,0x00,0x00,0x00,0x00,0x00,0x00,0x00,0x00,0x00,0x00,0x00,0x00,0x00,0x00,0x00,0x00,0x00,0x00,0x00,0x00,0x00,0x00,
    0x00,0x00,0x00,0x00,0x00,0x00,0x00,0x00,0x00,0x00,0x00,0x00,0x00,0x00,0x00,0x00,0x00,0x00,0x00,0x00,0x00,0x00,0x00,0x00,
    0x00,0x00,0x00,0x00,0x00,0x00,0x00,0x00,0x00,0x00,0x00,0x00,0x00,0x00,0x00,0x00,0x00,0x00,0xa0,0x02,0xa0,0x52,0x00,0x00,
    0x00,0x00,0x00,0x00,0xa0,0x52,0x63,0x32,0x23,0x2a,0x23,0x2a,0x23,0x2a,0x23,0x2a,0x23,0x2a,0x43,0x2a,0x43,0x2a,0x43,0x2a,
    0x43,0x2a,0x43,0x2a,0x43,0x2a,0x43,0x2a,0x23,0x2a,0x23,0x2a,0x23,0x2a,0x43,0x2a,0x43,0x2a,0x43,0x2a,0x43,0x2a,0x43,0x2a,
    0x43,0x2a,0x43,0x2a,0x23,0x2a,0x23,0x2a,0x23,0x2a,0x23,0x2a,0x23,0x2a,0x63,0x32,0xa0,0x52,0x00,0x00,0x00,0x00,0x00,0x00,
    0xa0,0x52,0xa0,0x02,0x00,0x00,0x00,0x00,0x00,0x00,0x00,0x00,0x00,0x00,0x00,0x00,0x00,0x00,0x00,0x00,0x00,0x00,0x00,0x00,
    0x00,0x00,0x00,0x00,0x00,0x00,0x00,0x00,0x00,0x00,0x00,0x00,0x00,0x00,0x00,0x00,0x00,0x00,0x00,0x00,0x00,0x00,0x00,0x00,
    0x00,0x00,0x00,0x00,0x00,0x00,0x00,0x00,0x00,0x00,0x00,0x00,0x00,0x00,0x00,0x00,0x00,0x00,0x00,0x00,0x00,0x00,0x00,0x00,
    0x00,0x00,0x00,0x00,0x00,0x00,0x00,0x00,0x00,0x00,0x00,0x00,0x00,0x00,0x00,0x00,0x00,0x00,0x00,0x00,0x00,0x00,0x00,0x00,
    0x00,0x00,0x00,0x00,0x00,0x00,0x00,0x00,0x00,0x00,0x00,0x00,0x00,0x00,0x00,0x00,0x00,0x00,0x00,0x00,0x00,0x00,0x00,0x00,
    0x00,0x00,0x00,0x00,0x00,0x00,0x00,0x00,0x00,0x00,0x00,0x00,0x00,0x00,0x00,0x00,0x00,0x00,0x00,0x00,0x00,0x00,0x00,0x00,
    0x00,0x00,0x00,0x00,0x00,0x00,0x00,0x00,0x00,0x00,0x00,0x00,0x00,0x00,0x00,0x00,0x00,0x00,0x00,0x00,0x00,0x00,0x00,0x00,
    0x00,0x00,0x00,0x00,0x00,0x00,0x00,0x00,0x00,0x00,0x00,0x00,0x00,0x00,0x00,0x00,0x00,0x00,0x00,0x00,0x00,0x00,0xa0,0x52,
    0xe0,0x39,0x00,0x00,0x00,0x00,0x00,0x00,0x00,0x00,0x00,0x00,0xa3,0x3a,0x43,0x32,0x23,0x2a,0x23,0x2a,0x23,0x2a,0x23,0x2a,
    0x23,0x2a,0x23,0x2a,0x23,0x2a,0x23,0x2a,0x23,0x2a,0x23,0x2a,0x23,0x2a,0x23,0x2a,0x23,0x2a,0x23,0x2a,0x23,0x2a,0x23,0x2a,
    0x23,0x2a,0x43,0x32,0xa3,0x3a,0x00,0x00,0x00,0x00,0x00,0x00,0x00,0x00,0x00,0x00,0xe0,0x39,0xa0,0x52,0x00,0x00,0x00,0x00,
    0x00,0x00,0x00,0x00,0x00,0x00,0x00,0x00,0x00,0x00,0x00,0x00,0x00,0x00,0x00,0x00,0x00,0x00,0x00,0x00,0x00,0x00,0x00,0x00,
    0x00,0x00,0x00,0x00,0x00,0x00,0x00,0x00,0x00,0x00,0x00,0x00,0x00,0x00,0x00,0x00,0x00,0x00,0x00,0x00,0x00,0x00,0x00,0x00,
    0x00,0x00,0x00,0x00,0x00,0x00,0x00,0x00,0x00,0x00,0x00,0x00,0x00,0x00,0x00,0x00,0x00,0x00,0x00,0x00,0x00,0x00,0x00,0x00,
    0x00,0x00,0x00,0x00,0x00,0x00,0x00,0x00,0x00,0x00,0x00,0x00,0x00,0x00,0x00,0x00,0x00,0x00,0x00,0x00,0x00,0x00,0x00,0x00,
    0x00,0x00,0x00,0x00,0x00,0x00,0x00,0x00,0x00,0x00,0x00,0x00,0x00,0x00,0x00,0x00,0x00,0x00,0x00,0x00,0x00,0x00,0x00,0x00,
    0x00,0x00,0x00,0x00,0x00,0x00,0x00,0x00,0x00,0x00,0x00,0x00,0x00,0x00,0x00,0x00,0x00,0x00,0x00,0x00,0x00,0x00,0x00,0x00,
    0x00,0x00,0x00,0x00,0x00,0x00,0x00,0x00,0x00,0x00,0x00,0x00,0x00,0x00,0x00,0x00,0x00,0x00,0x00,0x00,0x00,0x00,0x00,0x00,
    0x00,0x00,0x00,0x00,0x00,0x00,0x00,0x00,0x00,0x00,0x00,0x00,0x00,0x00,0x00,0x00,0x00,0x00,0x00,0x00,0x00,0x00,0x00,0x00,
    0x00,0x00,0x00,0x00,0xa0,0x02,0xe0,0x39,0xe0,0x03,0x00,0x00,0x00,0x00,0x00,0x00,0x00,0x00,0x00,0x00,0x00,0x00,0x00,0x00,
    0x00,0x00,0x00,0x00,0x63,0x2a,0xe3,0x29,0x63,0x2a,0x00,0x00,0x00,0x00,0x00,0x00,0x00,0x00,0x00,0x00,0x00,0x00,0x00,0x00,
    0x00,0x00,0x00,0x00,0xe0,0x03,0xe0,0x39,0xa0,0x02,0x00,0x00,0x00,0x00,0x00,0x00,0x00,0x00,0x00,0x00,0x00,0x00,0x00,0x00,
    0x00,0x00,0x00,0x00,0x00,0x00,0x00,0x00,0x00,0x00,0x00,0x00,0x00,0x00,0x00,0x00,0x00,0x00,0x00,0x00,0x00,0x00,0x00,0x00,
    0x00,0x00,0x00,0x00,0x00,0x00,0x00,0x00,0x00,0x00,0x00,0x00,0x00,0x00,0x00,0x00,0x00,0x00,0x00,0x00,0x00,0x00,0x00,0x00,
    0x00,0x00,0x00,0x00,0x00,0x00,0x00,0x00,0x00,0x00,0x00,0x00,0x00,0x00,0x00,0x00,0x00,0x00,0x00,0x00,0x00,0x00,0x00,0x00,
    0x00,0x00,0x00,0x00,0x00,0x00,0x00,0x00,0x00,0x00,0x00,0x00,0x00,0x00,0x00,0x00,0x00,0x00,0x00,0x00,0x00,0x00,0x00,0x00,
    0x00,0x00,0x00,0x00,0x00,0x00,0x00,0x00,0x00,0x00,0x00,0x00,0x00,0x00,0x00,0x00,0x00,0x00,0x00,0x00,0x00,0x00,0x00,0x00,
    0x00,0x00,0x00,0x00,0x00,0x00,0x00,0x00,0x00,0x00,0x00,0x00,0x00,0x00,0x00,0x00,0x00,0x00,0x00,0x00,0x00,0x00,0x00,0x00,
    0x00,0x00,0x00,0x00,0x00,0x00,0x00,0x00,0x00,0x00,0x00,0x00,0x00,0x00,0x00,0x00,0x00,0x00,0x00,0x00,0x00,0x00,0x00,0x00,
    0x00,0x00,0x00,0x00,0x00,0x00,0x00,0x00,0x00,0x00,0x00,0x00,0x00,0x00,0x00,0x00,0x00,0x00,0x00,0x00,0x00,0x00,0x00,0x00,
    0x00,0x00,0x00,0x00,0x00,0x00,0x00,0x00,0x00,0x00,0x00,0x00,0xa0,0x52,0xe0,0x39,0x86,0x31,0xa0,0x52,0xe0,0x03,0xa0,0x02,
    0x00,0x00,0x00,0x00,0x00,0x00,0x00,0x00,0x00,0x00,0xa0,0x02,0xe0,0x03,0xa0,0x52,0x86,0x31,0xe0,0x39,0xa0,0x52,0x00,0x00,
    0x00,0x00,0x00,0x00,0x00,0x00,0x00,0x00,0x00,0x00,0x00,0x00,0x00,0x00,0x00,0x00,0x00,0x00,0x00,0x00,0x00,0x00,0x00,0x00,
    0x00,0x00,0x00,0x00,0x00,0x00,0x00,0x00,0x00,0x00,0x00,0x00,0x00,0x00,0x00,0x00,0x00,0x00,0x00,0x00,0x00,0x00,0x00,0x00,
    0x00,0x00,0x00,0x00,0x00,0x00,0x00,0x00,0x00,0x00,0x00,0x00,0x00,0x00,0x00,0x00,0x00,0x00,0x00,0x00,0x00,0x00,0x00,0x00,
    0x00,0x00,0x00,0x00,0x00,0x00,0x00,0x00,0x00,0x00,0x00,0x00,0x00,0x00,0x00,0x00,0x00,0x00,0x00,0x00,0x00,0x00,0x00,0x00,
    0x00,0x00,0x00,0x00,0x00,0x00,0x00,0x00,0x00,0x00,0x00,0x00,0x00,0x00,0x00,0x00,0x00,0x00,0x00,0x00,0x00,0x00,0x00,0x00,
    0x00,0x00,0x00,0x00,0x00,0x00,0x00,0x00,0x00,0x00,0x00,0x00,0x00,0x00,0x00,0x00,0x00,0x00,0x00,0x00,0x00,0x00,0x00,0x00,
    0x00,0x00,0x00,0x00,0x00,0x00,0x00,0x00,0x00,0x00,0x03,0x01,0x00,0x00,0x00,0x00,0x00,0x00,0x00,0x00,0x00,0x00,0x00,0x00,
    0x00,0x00,0x00,0x00,0x00,0x00,0x00,0x00,0x00,0x00,0x00,0x00,0x00,0x00,0x00,0x00,0x00,0x00,0x00,0x00,0x00,0x00,0x00,0x00,
    0x00,0x00,0x00,0x00,0x00,0x00,0x00,0x01,0x03,0x00,0x00,0x00,0x00,0x00,0x00,0x00,0x00,0x00,0x00,0x00,0x00,0x00,0x00,0x00,
    0x00,0x00,0x00,0x00,0x00,0x00,0x00,0x00,0x00,0x00,0x00,0x00,0x00,0x00,0x00,0x00,0x00,0x00,0x00,0x00,0x00,0x00,0x00,0x00,
    0x00,0x00,0x00,0x00,0x00,0x00,0x00,0x00,0x00,0x00,0x00,0x00,0x00,0x00,0x00,0x00,0x00,0x00,0x00,0x00,0x00,0x00,0x00,0x00,
    0x00,0x00,0x00,0x00,0x00,0x00,0x00,0x00,0x00,0x00,0x00,0x00,0x00,0x00,0x00,0x00,0x00,0x00,0x00,0x00,0x00,0x00,0x00,0x01,
    0x00,0x00,0x00,0x00,0x00,0x00,0x00,0x00,0x00,0x00,0x00,0x00,0x00,0x00,0x00,0x00,0x00,0x00,0x00,0x00,0x00,0x00,0x00,0x00,
    0x00,0x00,0x00,0x00,0x00,0x00,0x00,0x00,0x00,0x00,0x00,0x00,0x00,0x00,0x00,0x00,0x00,0x01,0x00,0x00,0x00,0x00,0x00,0x00,
    0x00,0x00,0x00,0x00,0x00,0x00,0x00,0x00,0x00,0x00,0x00,0x00,0x00,0x00,0x00,0x00,0x00,0x00,0x00,0x00,0x00,0x00,0x00,0x00,
    0x00,0x00,0x00,0x00,0x00,0x00,0x00,0x00,0x00,0x00,0x00,0x00,0x00,0x00,0x00,0x00,0x00,0x00,0x00,0x00,0x00,0x00,0x00,0x00,
    0x00,0x00,0x00,0x00,0x00,0x00,0x00,0x00,0x00,0x00,0x00,0x00,0x00,0x00,0x00,0x00,0x00,0x00,0x00,0x00,0x00,0x00,0x00,0x00,
    0x00,0x00,0x00,0x00,0x00,0x00,0x00,0x04,0x61,0x08,0x00,0x03,0x00,0x00,0x00,0x00,0x00,0x00,0x00,0x00,0x00,0x00,0x00,0x00,
    0x00,0x00,0x00,0x00,0x00,0x00,0x00,0x00,0x00,0x00,0x00,0x00,0x00,0x00,0x00,0x00,0x00,0x00,0x00,0x00,0x00,0x00,0x00,0x00,
    0x00,0x00,0x00,0x03,0x00,0x08,0x61,0x04,0x00,0x00,0x00,0x00,0x00,0x00,0x00,0x00,0x00,0x00,0x00,0x00,0x00,0x00,0x00,0x00,
    0x00,0x00,0x00,0x00,0x00,0x00,0x00,0x00,0x00,0x00,0x00,0x00,0x00,0x00,0x00,0x00,0x00,0x00,0x00,0x00,0x00,0x00,0x00,0x00,
    0x00,0x00,0x00,0x00,0x00,0x00,0x00,0x00,0x00,0x00,0x00,0x00,0x00,0x00,0x00,0x00,0x00,0x00,0x00,0x00,0x00,0x00,0x00,0x00,
    0x00,0x00,0x00,0x00,0x00,0x00,0x00,0x00,0x00,0x00,0x00,0x00,0x00,0x00,0x00,0x00,0x01,0x00,0x0a,0xfa,0xc9,0x12,0x00,0x04,
    0x00,0x00,0x00,0x00,0x00,0x00,0x00,0x00,0x00,0x00,0x00,0x00,0x00,0x00,0x00,0x00,0x00,0x00,0x00,0x00,0x00,0x00,0x00,0x00,
    0x00,0x00,0x00,0x00,0x00,0x00,0x00,0x00,0x00,0x00,0x00,0x00,0x00,0x04,0x00,0x12,0xc9,0xfa,0x0a,0x00,0x01,0x00,0x00,0x00,
    0x00,0x00,0x00,0x00,0x00,0x00,0x00,0x00,0x00,0x00,0x00,0x00,0x00,0x00,0x00,0x00,0x00,0x00,0x00,0x00,0x00,0x00,0x00,0x00,
    0x00,0x00,0x00,0x00,0x00,0x00,0x00,0x00,0x00,0x00,0x00,0x00,0x00,0x00,0x00,0x00,0x00,0x00,0x00,0x00,0x00,0x00,0x00,0x00,
    0x00,0x00,0x00,0x00,0x00,0x00,0x00,0x00,0x00,0x00,0x00,0x00,0x00,0x00,0x00,0x00,0x00,0x00,0x00,0x00,0x00,0x00,0x00,0x00,
    0x00,0x00,0x00,0x02,0x00,0x28,0xf3,0xff,0xd9,0x35,0x00,0x05,0x00,0x00,0x00,0x00,0x00,0x00,0x00,0x00,0x00,0x00,0x00,0x00,
    0x00,0x00,0x00,0x00,0x00,0x00,0x00,0x00,0x00,0x00,0x00,0x00,0x00,0x00,0x00,0x00,0x00,0x00,0x00,0x00,0x00,0x00,0x00,0x05,
    0x00,0x35,0xd9,0xff,0xf3,0x28,0x00,0x02,0x00,0x00,0x00,0x00,0x00,0x00,0x00,0x00,0x00,0x00,0x00,0x00,0x00,0x00,0x00,0x00,
    0x00,0x00,0x00,0x00,0x00,0x00,0x00,0x00,0x00,0x00,0x00,0x00,0x00,0x00,0x00,0x00,0x00,0x00,0x00,0x00,0x00,0x00,0x00,0x00,
    0x00,0x00,0x00,0x00,0x00,0x00,0x00,0x00,0x00,0x00,0x00,0x00,0x00,0x00,0x00,0x00,0x00,0x00,0x00,0x00,0x00,0x00,0x00,0x00,
    0x00,0x00,0x00,0x00,0x00,0x00,0x00,0x00,0x00,0x00,0x00,0x00,0x00,0x00,0x03,0x00,0x4a,0xff,0xf9,0xff,0xee,0x56,0x00,0x02,
    0x01,0x00,0x00,0x00,0x00,0x00,0x00,0x00,0x00,0x00,0x00,0x00,0x00,0x00,0x00,0x00,0x00,0x00,0x00,0x00,0x00,0x00,0x00,0x00,
    0x00,0x00,0x00,0x00,0x00,0x00,0x00,0x00,0x01,0x02,0x00,0x56,0xee,0xff,0xf9,0xff,0x4a,0x00,0x03,0x00,0x00,0x00,0x00,0x00,
    0x00,0x00,0x00,0x00,0x00,0x00,0x00,0x00,0x00,0x00,0x00,0x00,0x00,0x00,0x00,0x00,0x00,0x00,0x00,0x00,0x00,0x00,0x00,0x00,
    0x00,0x00,0x00,0x00,0x00,0x00,0x00,0x00,0x00,0x00,0x00,0x00,0x00,0x00,0x00,0x00,0x00,0x00,0x00,0x00,0x00,0x00,0x00,0x00,
    0x00,0x00,0x00,0x00,0x00,0x00,0x00,0x00,0x00,0x00,0x00,0x00,0x00,0x00,0x00,0x00,0x00,0x00,0x00,0x00,0x00,0x00,0x00,0x00,
    0x00,0x04,0x00,0x77,0xff,0xfb,0xfc,0xff,0xff,0x70,0x00,0x00,0x02,0x00,0x00,0x00,0x00,0x00,0x00,0x00,0x00,0x00,0x00,0x00,
    0x00,0x00,0x00,0x00,0x00,0x00,0x00,0x00,0x00,0x00,0x00,0x00,0x00,0x00,0x00,0x00,0x00,0x00,0x02,0x00,0x00,0x70,0xff,0xff,
    0xfc,0xfb,0xff,0x77,0x00,0x04,0x00,0x00,0x00,0x00,0x00,0x00,0x00,0x00,0x00,0x00,0x00,0x00,0x00,0x00,0x00,0x00,0x00,0x00,
    0x00,0x00,0x00,0x00,0x00,0x00,0x00,0x00,0x00,0x00,0x00,0x00,0x00,0x00,0x00,0x00,0x00,0x00,0x00,0x00,0x00,0x00,0x00,0x00,
    0x00,0x00,0x00,0x00,0x00,0x00,0x00,0x00,0x00,0x00,0x00,0x00,0x00,0x00,0x00,0x00,0x00,0x00,0x00,0x00,0x00,0x00,0x00,0x00,
    0x00,0x00,0x00,0x00,0x00,0x00,0x00,0x00,0x00,0x00,0x00,0x00,0x03,0x00,0x9d,0xff,0xfb,0xff,0xfe,0xfc,0xff,0x9d,0x0d,0x00,
    0x03,0x00,0x00,0x00,0x00,0x00,0x00,0x00,0x00,0x00,0x00,0x00,0x00,0x00,0x00,0x00,0x00,0x00,0x00,0x00,0x00,0x00,0x00,0x00,
    0x00,0x00,0x00,0x00,0x03,0x00,0x0d,0x9d,0xff,0xfc,0xfe,0xff,0xfb,0xff,0x9d,0x00,0x03,0x00,0x00,0x00,0x00,0x00,0x00,0x00,
    0x00,0x00,0x00,0x00,0x00,0x00,0x00,0x00,0x00,0x00,0x00,0x00,0x00,0x00,0x00,0x00,0x00,0x00,0x00,0x00,0x00,0x00,0x00,0x00,
    0x00,0x00,0x00,0x00,0x00,0x00,0x00,0x00,0x00,0x00,0x00,0x00,0x00,0x00,0x00,0x00,0x00,0x00,0x00,0x00,0x00,0x00,0x00,0x00,
    0x00,0x00,0x00,0x00,0x00,0x00,0x00,0x00,0x00,0x00,0x00,0x00,0x00,0x00,0x00,0x00,0x00,0x00,0x00,0x00,0x00,0x00,0x00,0x01,
    0x05,0xcf,0xff,0xfd,0xff,0xff,0xff,0xfb,0xff,0xca,0x19,0x00,0x04,0x00,0x00,0x00,0x00,0x00,0x00,0x00,0x00,0x00,0x00,0x00,
    0x00,0x00,0x00,0x00,0x00,0x00,0x00,0x00,0x00,0x00,0x00,0x00,0x00,0x00,0x04,0x00,0x19,0xca,0xff,0xfb,0xff,0xff,0xff,0xfd,
    0xff,0xcf,0x05,0x01,0x00,0x00,0x00,0x00,0x00,0x00,0x00,0x00,0x00,0x00,0x00,0x00,0x00,0x00,0x00,0x00,0x00,0x00,0x00,0x00,
    0x00,0x00,0x00,0x00,0x00,0x00,0x00,0x00,0x00,0x00,0x00,0x00,0x00,0x00,0x00,0x00,0x00,0x00,0x00,0x00,0x00,0x00,0x00,0x00,
    0x00,0x00,0x00,0x00,0x00,0x00,0x00,0x00,0x00,0x00,0x00,0x00,0x00,0x00,0x00,0x00,0x00,0x00,0x00,0x00,0x00,0x00,0x00,0x00,
    0x00,0x00,0x00,0x00,0x00,0x00,0x00,0x00,0x00,0x01,0x00,0x10,0xee,0xff,0xfe,0xff,0xff,0xff,0xff,0xfb,0xff,0xe6,0x36,0x00,
    0x05,0x00,0x00,0x00,0x00,0x00,0x00,0x00,0x00,0x01,0x01,0x01,0x01,0x01,0x01,0x01,0x00,0x00,0x00,0x00,0x00,0x00,0x00,0x00,
    0x05,0x00,0x36,0xe6,0xff,0xfb,0xff,0xff,0xff,0xff,0xfe,0xff,0xee,0x10,0x00,0x01,0x00,0x00,0x00,0x00,0x00,0x00,0x00,0x00,
    0x00,0x00,0x00,0x00,0x00,0x00,0x00,0x00,0x00,0x00,0x00,0x00,0x00,0x00,0x00,0x00,0x00,0x00,0x00,0x00,0x00,0x00,0x00,0x00,
    0x00,0x00,0x00,0x00,0x00,0x00,0x00,0x00,0x00,0x00,0x00,0x00,0x00,0x00,0x00,0x00,0x00,0x00,0x00,0x00,0x00,0x00,0x00,0x00,
    0x00,0x00,0x00,0x00,0x00,0x00,0x00,0x00,0x00,0x00,0x00,0x00,0x00,0x00,0x00,0x00,0x00,0x00,0x00,0x00,0x02,0x00,0x31,0xfa,
    0xfe,0xff,0xff,0xff,0xff,0xff,0xff,0xfc,0xff,0xf2,0x62,0x00,0x03,0x01,0x00,0x00,0x01,0x03,0x04,0x03,0x00,0x00,0x00,0x00,
    0x00,0x00,0x00,0x03,0x04,0x03,0x01,0x00,0x00,0x01,0x03,0x00,0x62,0xf2,0xff,0xfc,0xff,0xff,0xff,0xff,0xff,0xff,0xfe,0xfa,
    0x31,0x00,0x02,0x00,0x00,0x00,0x00,0x00,0x00,0x00,0x00,0x00,0x00,0x00,0x00,0x00,0x00,0x00,0x00,0x00,0x00,0x00,0x00,0x00,
    0x00,0x00,0x00,0x00,0x00,0x00,0x00,0x00,0x00,0x00,0x00,0x00,0x00,0x00,0x00,0x00,0x00,0x00,0x00,0x00,0x00,0x00,0x00,0x00,
    0x00,0x00,0x00,0x00,0x00,0x00,0x00,0x00,0x00,0x00,0x00,0x00,0x00,0x00,0x00,0x00,0x00,0x00,0x00,0x00,0x00,0x00,0x00,0x00,
    0x00,0x00,0x00,0x00,0x00,0x00,0x00,0x03,0x00,0x53,0xff,0xfc,0xff,0xff,0xff,0xff,0xff,0xff,0xff,0xfd,0xff,0xff,0x80,0x00,
    0x00,0x03,0x03,0x00,0x00,0x00,0x00,0x09,0x10,0x10,0x11,0x10,0x10,0x09,0x00,0x00,0x00,0x00,0x03,0x03,0x00,0x00,0x80,0xff,
    0xff,0xfd,0xff,0xff,0xff,0xff,0xff,0xff,0xff,0xfc,0xff,0x53,0x00,0x03,0x00,0x00,0x00,0x00,0x00,0x00,0x00,0x00,0x00,0x00,
    0x00,0x00,0x00,0x00,0x00,0x00,0x00,0x00,0x00,0x00,0x00,0x00,0x00,0x00,0x00,0x00,0x00,0x00,0x00,0x00,0x00,0x00,0x00,0x00,
    0x00,0x00,0x00,0x00,0x00,0x00,0x00,0x00,0x00,0x00,0x00,0x00,0x00,0x00,0x00,0x00,0x00,0x00,0x00,0x00,0x00,0x00,0x00,0x00,
    0x00,0x00,0x00,0x00,0x00,0x00,0x00,0x00,0x00,0x00,0x00,0x00,0x00,0x00,0x00,0x00,0x00,0x00,0x04,0x00,0x87,0xff,0xfb,0xff,
    0xff,0xff,0xff,0xff,0xff,0xff,0xff,0xfe,0xfc,0xff,0x9d,0x0d,0x00,0x00,0x0a,0x35,0x70,0xad,0xe1,0xee,0xee,0xee,0xee,0xee,
    0xe1,0xad,0x70,0x35,0x0a,0x00,0x00,0x0d,0x9d,0xff,0xfc,0xfe,0xff,0xff,0xff,0xff,0xff,0xff,0xff,0xff,0xfb,0xff,0x87,0x00,
    0x04,0x00,0x00,0x00,0x00,0x00,0x00,0x00,0x00,0x00,0x00,0x00,0x00,0x00,0x00,0x00,0x00,0x00,0x00,0x00,0x00,0x00,0x00,0x00,
    0x00,0x00,0x00,0x00,0x00,0x00,0x00,0x00,0x00,0x00,0x00,0x00,0x00,0x00,0x00,0x00,0x00,0x00,0x00,0x00,0x00,0x00,0x00,0x00,
    0x00,0x00,0x00,0x00,0x00,0x00,0x00,0x00,0x00,0x00,0x00,0x00,0x00,0x00,0x00,0x00,0x00,0x00,0x00,0x00,0x00,0x00,0x00,0x00,
    0x00,0x00,0x00,0x00,0x00,0x02,0x00,0xb6,0xff,0xfc,0xff,0xff,0xff,0xff,0xff,0xff,0xff,0xff,0xff,0xff,0xfa,0xff,0xca,0x2b,
    0x7f,0xe2,0xff,0xff,0xff,0xff,0xff,0xff,0xff,0xff,0xff,0xff,0xff,0xff,0xff,0xe2,0x7f,0x2b,0xca,0xff,0xfa,0xff,0xff,0xff,
    0xff,0xff,0xff,0xff,0xff,0xff,0xff,0xfc,0xff,0xb6,0x00,0x02,0x00,0x00,0x00,0x00,0x00,0x00,0x00,0x00,0x00,0x00,0x00,0x00,
    0x00,0x00,0x00,0x00,0x00,0x00,0x00,0x00,0x00,0x00,0x00,0x00,0x00,0x00,0x00,0x00,0x00,0x00,0x00,0x00,0x00,0x00,0x00,0x00,
    0x00,0x00,0x00,0x00,0x00,0x00,0x00,0x00,0x00,0x00,0x00,0x00,0x00,0x00,0x00,0x00,0x00,0x00,0x00,0x00,0x00,0x00,0x00,0x00,
    0x00,0x00,0x00,0x00,0x00,0x00,0x00,0x00,0x00,0x00,0x00,0x00,0x00,0x00,0x00,0x00,0x01,0x08,0xd7,0xff,0xfd,0xff,0xff,0xff,
    0xff,0xff,0xff,0xff,0xff,0xff,0xff,0xff,0xfc,0xff,0xfd,0xff,0xff,0xfe,0xfb,0xfc,0xfd,0xfe,0xfe,0xfe,0xfe,0xfe,0xfd,0xfc,
    0xfb,0xfe,0xff,0xff,0xfd,0xff,0xfc,0xff,0xff,0xff,0xff,0xff,0xff,0xff,0xff,0xff,0xff,0xff,0xfd,0xff,0xd7,0x08,0x01,0x00,
    0x00,0x00,0x00,0x00,0x00,0x00,0x00,0x00,0x00,0x00,0x00,0x00,0x00,0x00,0x00,0x00,0x00,0x00,0x00,0x00,0x00,0x00,0x00,0x00,
    0x00,0x00,0x00,0x00,0x00,0x00,0x00,0x00,0x00,0x00,0x00,0x00,0x00,0x00,0x00,0x00,0x00,0x00,0x00,0x00,0x00,0x00,0x00,0x00,
    0x00,0x00,0x00,0x00,0x00,0x00,0x00,0x00,0x00,0x00,0x00,0x00,0x00,0x00,0x00,0x00,0x00,0x00,0x00,0x00,0x00,0x00,0x00,0x00,
    0x00,0x00,0x01,0x00,0x16,0xf2,0xff,0xfe,0xff,0xff,0xff,0xff,0xff,0xff,0xff,0xff,0xff,0xff,0xff,0xff,0xfd,0xff,0xfc,0xfd,
    0xff,0xff,0xff,0xff,0xff,0xff,0xff,0xff,0xff,0xff,0xff,0xff,0xff,0xfd,0xfc,0xff,0xfd,0xff,0xff,0xff,0xff,0xff,0xff,0xff,
    0xff,0xff,0xff,0xff,0xff,0xfe,0xff,0xf2,0x16,0x00,0x01,0x00,0x00,0x00,0x00,0x00,0x00,0x00,0x00,0x00,0x00,0x00,0x00,0x00,
    0x00,0x00,0x00,0x00,0x00,0x00,0x00,0x00,0x00,0x00,0x00,0x00,0x00,0x00,0x00,0x00,0x00,0x00,0x00,0x00,0x00,0x00,0x00,0x00,
    0x00,0x00,0x00,0x00,0x00,0x00,0x00,0x00,0x00,0x00,0x00,0x00,0x00,0x00,0x00,0x00,0x00,0x00,0x00,0x00,0x00,0x00,0x00,0x00,
    0x00,0x00,0x00,0x00,0x00,0x00,0x00,0x00,0x00,0x00,0x00,0x00,0x00,0x03,0x00,0x3a,0xfd,0xfd,0xff,0xff,0xff,0xff,0xff,0xff,
    0xff,0xff,0xff,0xff,0xff,0xff,0xff,0xff,0xfe,0xff,0xff,0xff,0xff,0xff,0xff,0xff,0xff,0xff,0xff,0xff,0xff,0xff,0xff,0xff,
    0xff,0xff,0xfe,0xff,0xff,0xff,0xff,0xff,0xff,0xff,0xff,0xff,0xff,0xff,0xff,0xff,0xff,0xfd,0xfd,0x3a,0x00,0x03,0x00,0x00,
    0x00,0x00,0x00,0x00,0x00,0x00,0x00,0x00,0x00,0x00,0x00,0x00,0x00,0x00,0x00,0x00,0x00,0x00,0x00,0x00,0x00,0x00,0x00,0x00,
    0x00,0x00,0x00,0x00,0x00,0x00,0x00,0x00,0x00,0x00,0x00,0x00,0x00,0x00,0x00,0x00,0x00,0x00,0x00,0x00,0x00,0x00,0x00,0x00,
    0x00,0x00,0x00,0x00,0x00,0x00,0x00,0x00,0x00,0x00,0x00,0x00,0x00,0x00,0x00,0x00,0x00,0x00,0x00,0x00,0x00,0x00,0x00,0x00,
    0x04,0x00,0x5e,0xff,0xfc,0xff,0xff,0xff,0xff,0xff,0xff,0xff,0xff,0xff,0xff,0xff,0xff,0xff,0xff,0xff,0xff,0xff,0xff,0xff,
    0xff,0xff,0xff,0xff,0xff,0xff,0xff,0xff,0xff,0xff,0xff,0xff,0xff,0xff,0xff,0xff,0xff,0xff,0xff,0xff,0xff,0xff,0xff,0xff,
    0xff,0xff,0xff,0xff,0xfc,0xff,0x5e,0x00,0x04,0x00,0x00,0x00,0x00,0x00,0x00,0x00,0x00,0x00,0x00,0x00,0x00,0x00,0x00,0x00,
    0x00,0x00,0x00,0x00,0x00,0x00,0x00,0x00,0x00,0x00,0x00,0x00,0x00,0x00,0x00,0x00,0x00,0x00,0x00,0x00,0x00,0x00,0x00,0x00,
    0x00,0x00,0x00,0x00,0x00,0x00,0x00,0x00,0x00,0x00,0x00,0x00,0x00,0x00,0x00,0x00,0x00,0x00,0x00,0x00,0x00,0x00,0x00,0x00,
    0x00,0x00,0x00,0x00,0x00,0x00,0x00,0x00,0x00,0x00,0x00,0x04,0x00,0x95,0xff,0xfb,0xff,0xff,0xff,0xff,0xff,0xff,0xff,0xff,
    0xff,0xff,0xff,0xff,0xff,0xff,0xff,0xff,0xff,0xff,0xff,0xff,0xff,0xff,0xff,0xff,0xff,0xff,0xff,0xff,0xff,0xff,0xff,0xff,
    0xff,0xff,0xff,0xff,0xff,0xff,0xff,0xff,0xff,0xff,0xff,0xff,0xff,0xff,0xff,0xfb,0xff,0x95,0x00,0x04,0x00,0x00,0x00,0x00,
    0x00,0x00,0x00,0x00,0x00,0x00,0x00,0x00,0x00,0x00,0x00,0x00,0x00,0x00,0x00,0x00,0x00,0x00,0x00,0x00,0x00,0x00,0x00,0x00,
    0x00,0x00,0x00,0x00,0x00,0x00,0x00,0x00,0x00,0x00,0x00,0x00,0x00,0x00,0x00,0x00,0x00,0x00,0x00,0x00,0x00,0x00,0x00,0x00,
    0x00,0x00,0x00,0x00,0x00,0x00,0x00,0x00,0x00,0x00,0x00,0x00,0x00,0x00,0x00,0x00,0x00,0x00,0x00,0x00,0x00,0x00,0x02,0x00,
    0xbe,0xff,0xfc,0xff,0xff,0xff,0xff,0xff,0xff,0xff,0xff,0xff,0xff,0xff,0xff,0xff,0xff,0xff,0xff,0xff,0xff,0xff,0xff,0xff,
    0xff,0xff,0xff,0xff,0xff,0xff,0xff,0xff,0xff,0xff,0xff,0xff,0xff,0xff,0xff,0xff,0xff,0xff,0xff,0xff,0xff,0xff,0xff,0xff,
    0xff,0xff,0xfc,0xff,0xbe,0x00,0x02,0x00,0x00,0x00,0x00,0x00,0x00,0x00,0x00,0x00,0x00,0x00,0x00,0x00,0x00,0x00,0x00,0x00,
    0x00,0x00,0x00,0x00,0x00,0x00,0x00,0x00,0x00,0x00,0x00,0x00,0x00,0x00,0x00,0x00,0x00,0x00,0x00,0x00,0x00,0x00,0x00,0x00,
    0x00,0x00,0x00,0x00,0x00,0x00,0x00,0x00,0x00,0x00,0x00,0x00,0x00,0x00,0x00,0x00,0x00,0x00,0x00,0x00,0x00,0x00,0x00,0x00,
    0x00,0x00,0x00,0x00,0x00,0x00,0x00,0x00,0x01,0x01,0x0a,0xe0,0xff,0xfd,0xff,0xff,0xff,0xff,0xff,0xff,0xff,0xff,0xff,0xff,
    0xff,0xff,0xff,0xff,0xff,0xff,0xff,0xff,0xff,0xff,0xff,0xff,0xff,0xff,0xff,0xff,0xff,0xff,0xff,0xff,0xff,0xff,0xff,0xff,
    0xff,0xff,0xff,0xff,0xff,0xff,0xff,0xff,0xff,0xff,0xff,0xff,0xff,0xfd,0xff,0xe0,0x0a,0x01,0x01,0x00,0x00,0x00,0x00,0x00,
    0x00,0x00,0x00,0x00,0x00,0x00,0x00,0x00,0x00,0x00,0x00,0x00,0x00,0x00,0x00,0x00,0x00,0x00,0x00,0x00,0x00,0x00,0x00,0x00,
    0x00,0x00,0x00,0x00,0x00,0x00,0x00,0x00,0x00,0x00,0x00,0x00,0x00,0x00,0x00,0x00,0x00,0x00,0x00,0x00,0x00,0x00,0x00,0x00,
    0x00,0x00,0x00,0x00,0x00,0x00,0x00,0x00,0x00,0x00,0x00,0x00,0x00,0x00,0x00,0x00,0x00,0x00,0x00,0x02,0x00,0x1f,0xf5,0xfe,
    0xfe,0xff,0xff,0xff,0xff,0xff,0xff,0xff,0xff,0xff,0xff,0xff,0xff,0xff,0xff,0xff,0xff,0xff,0xff,0xff,0xff,0xff,0xff,0xff,
    0xff,0xff,0xff,0xff,0xff,0xff,0xff,0xff,0xff,0xff,0xff,0xff,0xff,0xff,0xff,0xff,0xff,0xff,0xff,0xff,0xff,0xff,0xff,0xff,
    0xfe,0xfe,0xf5,0x1f,0x00,0x02,0x00,0x00,0x00,0x00,0x00,0x00,0x00,0x00,0x00,0x00,0x00,0x00,0x00,0x00,0x00,0x00,0x00,0x00,
    0x00,0x00,0x00,0x00,0x00,0x00,0x00,0x00,0x00,0x00,0x00,0x00,0x00,0x00,0x00,0x00,0x00,0x00,0x00,0x00,0x00,0x00,0x00,0x00,
    0x00,0x00,0x00,0x00,0x00,0x00,0x00,0x00,0x00,0x00,0x00,0x00,0x00,0x00,0x00,0x00,0x00,0x00,0x00,0x00,0x00,0x00,0x00,0x00,
    0x00,0x00,0x00,0x00,0x00,0x00,0x03,0x00,0x41,0xff,0xfd,0xff,0xff,0xff,0xff,0xff,0xff,0xff,0xff,0xff,0xff,0xff,0xff,0xff,
    0xff,0xff,0xff,0xff,0xff,0xff,0xff,0xff,0xff,0xff,0xff,0xff,0xff,0xff,0xff,0xff,0xff,0xff,0xff,0xff,0xff,0xff,0xff,0xff,
    0xff,0xff,0xff,0xff,0xff,0xff,0xff,0xff,0xff,0xff,0xff,0xff,0xfd,0xff,0x41,0x00,0x03,0x00,0x00,0x00,0x00,0x00,0x00,0x00,
    0x00,0x00,0x00,0x00,0x00,0x00,0x00,0x00,0x00,0x00,0x00,0x00,0x00,0x00,0x00,0x00,0x00,0x00,0x00,0x00,0x00,0x00,0x00,0x00,
    0x00,0x00,0x00,0x00,0x00,0x00,0x00,0x00,0x00,0x00,0x00,0x00,0x00,0x00,0x00,0x00,0x00,0x00,0x00,0x00,0x00,0x00,0x00,0x00,
    0x00,0x00,0x00,0x00,0x00,0x00,0x00,0x00,0x00,0x00,0x00,0x00,0x00,0x00,0x00,0x00,0x00,0x04,0x00,0x6b,0xff,0xfb,0xff,0xff,
    0xff,0xff,0xff,0xff,0xff,0xff,0xff,0xff,0xff,0xff,0xff,0xff,0xff,0xff,0xff,0xff,0xff,0xff,0xff,0xff,0xff,0xff,0xff,0xff,
    0xff,0xff,0xff,0xff,0xff,0xff,0xff,0xff,0xff,0xff,0xff,0xff,0xff,0xff,0xff,0xff,0xff,0xff,0xff,0xff,0xff,0xff,0xff,0xfb,
    0xff,0x6b,0x00,0x04,0x00,0x00,0x00,0x00,0x00,0x00,0x00,0x00,0x00,0x00,0x00,0x00,0x00,0x00,0x00,0x00,0x00,0x00,0x00,0x00,
    0x00,0x00,0x00,0x00,0x00,0x00,0x00,0x00,0x00,0x00,0x00,0x00,0x00,0x00,0x00,0x00,0x00,0x00,0x00,0x00,0x00,0x00,0x00,0x00,
    0x00,0x00,0x00,0x00,0x00,0x00,0x00,0x00,0x00,0x00,0x00,0x00,0x00,0x00,0x00,0x00,0x00,0x00,0x00,0x00,0x00,0x00,0x00,0x00,
    0x00,0x00,0x00,0x00,0x03,0x00,0xa2,0xff,0xfb,0xff,0xff,0xff,0xff,0xff,0xff,0xff,0xff,0xff,0xff,0xff,0xff,0xff,0xff,0xff,
    0xff,0xff,0xff,0xff,0xff,0xff,0xff,0xff,0xff,0xff,0xff,0xff,0xff,0xff,0xff,0xff,0xff,0xff,0xff,0xff,0xff,0xff,0xff,0xff,
    0xff,0xff,0xff,0xff,0xff,0xff,0xff,0xff,0xff,0xff,0xfb,0xff,0xa2,0x00,0x03,0x00,0x00,0x00,0x00,0x00,0x00,0x00,0x00,0x00,
    0x00,0x00,0x00,0x00,0x00,0x00,0x00,0x00,0x00,0x00,0x00,0x00,0x00,0x00,0x00,0x00,0x00,0x00,0x00,0x00,0x00,0x00,0x00,0x00,
    0x00,0x00,0x00,0x00,0x00,0x00,0x00,0x00,0x00,0x00,0x00,0x00,0x00,0x00,0x00,0x00,0x00,0x00,0x00,0x00,0x00,0x00,0x00,0x00,
    0x00,0x00,0x00,0x00,0x00,0x00,0x00,0x00,0x00,0x00,0x00,0x00,0x00,0x00,0x00,0x02,0x02,0xc5,0xff,0xfc,0xff,0xff,0xff,0xff,
    0xff,0xff,0xff,0xff,0xff,0xff,0xff,0xff,0xff,0xff,0xff,0xff,0xff,0xff,0xff,0xff,0xff,0xff,0xff,0xff,0xff,0xff,0xff,0xff,
    0xff,0xff,0xff,0xff,0xff,0xff,0xff,0xff,0xff,0xff,0xff,0xff,0xff,0xff,0xff,0xff,0xff,0xff,0xff,0xff,0xff,0xfc,0xff,0xc5,
    0x02,0x02,0x00,0x00,0x00,0x00,0x00,0x00,0x00,0x00,0x00,0x00,0x00,0x00,0x00,0x00,0x00,0x00,0x00,0x00,0x00,0x00,0x00,0x00,
    0x00,0x00,0x00,0x00,0x00,0x00,0x00,0x00,0x00,0x00,0x00,0x00,0x00,0x00,0x00,0x00,0x00,0x00,0x00,0x00,0x00,0x00,0x00,0x00,
    0x00,0x00,0x00,0x00,0x00,0x00,0x00,0x00,0x00,0x00,0x00,0x00,0x00,0x00,0x00,0x00,0x00,0x00,0x00,0x00,0x00,0x00,0x00,0x00,
    0x00,0x01,0x00,0x0d,0xe9,0xff,0xfe,0xff,0xff,0xff,0xff,0xff,0xff,0xff,0xff,0xff,0xff,0xff,0xff,0xff,0xff,0xff,0xff,0xff,
    0xff,0xff,0xff,0xff,0xff,0xff,0xff,0xff,0xff,0xff,0xff,0xff,0xff,0xff,0xff,0xff,0xff,0xff,0xff,0xff,0xff,0xff,0xff,0xff,
    0xff,0xff,0xff,0xff,0xff,0xff,0xff,0xff,0xfe,0xff,0xe9,0x0d,0x00,0x01,0x00,0x00,0x00,0x00,0x00,0x00,0x00,0x00,0x00,0x00,
    0x00,0x00,0x00,0x00,0x00,0x00,0x00,0x00,0x00,0x00,0x00,0x00,0x00,0x00,0x00,0x00,0x00,0x00,0x00,0x00,0x00,0x00,0x00,0x00,
    0x00,0x00,0x00,0x00,0x00,0x00,0x00,0x00,0x00,0x00,0x00,0x00,0x00,0x00,0x00,0x00,0x00,0x00,0x00,0x00,0x00,0x00,0x00,0x00,
    0x00,0x00,0x00,0x00,0x00,0x00,0x00,0x00,0x00,0x00,0x00,0x00,0x02,0x00,0x28,0xf7,0xfe,0xff,0xff,0xff,0xff,0xff,0xff,0xff,
    0xff,0xff,0xff,0xff,0xff,0xff,0xff,0xff,0xff,0xff,0xff,0xff,0xff,0xff,0xff,0xff,0xff,0xff,0xff,0xff,0xff,0xff,0xff,0xff,
    0xff,0xff,0xff,0xff,0xff,0xff,0xff,0xff,0xff,0xff,0xff,0xff,0xff,0xff,0xff,0xff,0xff,0xff,0xff,0xff,0xfe,0xf7,0x28,0x00,
    0x02,0x00,0x00,0x00,0x00,0x00,0x00,0x00,0x00,0x00,0x00,0x00,0x00,0x00,0x00,0x00,0x00,0x00,0x00,0x00,0x00,0x00,0x00,0x00,
    0x00,0x00,0x00,0x00,0x00,0x00,0x00,0x00,0x00,0x00,0x00,0x00,0x00,0x00,0x00,0x00,0x00,0x00,0x00,0x00,0x00,0x00,0x00,0x00,
    0x00,0x00,0x00,0x00,0x00,0x00,0x00,0x00,0x00,0x00,0x00,0x00,0x00,0x00,0x00,0x00,0x00,0x00,0x00,0x00,0x00,0x00,0x00,0x03,
    0x00,0x49,0xff,0xfd,0xff,0xff,0xff,0xff,0xff,0xff,0xff,0xff,0xff,0xff,0xff,0xff,0xff,0xff,0xff,0xff,0xff,0xff,0xff,0xff,
    0xff,0xff,0xff,0xff,0xff,0xff,0xff,0xff,0xff,0xff,0xff,0xff,0xff,0xff,0xff,0xff,0xff,0xff,0xff,0xff,0xff,0xff,0xff,0xff,
    0xff,0xff,0xff,0xff,0xff,0xff,0xff,0xfd,0xff,0x49,0x00,0x03,0x00,0x00,0x00,0x00,0x00,0x00,0x00,0x00,0x00,0x00,0x00,0x00,
    0x00,0x00,0x00,0x00,0x00,0x00,0x00,0x00,0x00,0x00,0x00,0x00,0x00,0x00,0x00,0x00,0x00,0x00,0x00,0x00,0x00,0x00,0x00,0x00,
    0x00,0x00,0x00,0x00,0x00,0x00,0x00,0x00,0x00,0x00,0x00,0x00,0x00,0x00,0x00,0x00,0x00,0x00,0x00,0x00,0x00,0x00,0x00,0x00,
    0x00,0x00,0x00,0x00,0x00,0x00,0x00,0x00,0x00,0x00,0x04,0x01,0x79,0xff,0xfb,0xff,0xff,0xff,0xff,0xff,0xff,0xff,0xff,0xff,
    0xff,0xff,0xff,0xff,0xff,0xff,0xff,0xff,0xff,0xff,0xff,0xff,0xff,0xff,0xff,0xff,0xff,0xff,0xff,0xff,0xff,0xff,0xff,0xff,
    0xff,0xff,0xff,0xff,0xff,0xff,0xff,0xff,0xff,0xff,0xff,0xff,0xff,0xff,0xff,0xff,0xff,0xff,0xfb,0xff,0x79,0x01,0x04,0x00,
    0x00,0x00,0x00,0x00,0x00,0x00,0x00,0x00,0x00,0x00,0x00,0x00,0x00,0x00,0x00,0x00,0x00,0x00,0x00,0x00,0x00,0x00,0x00,0x00,
    0x00,0x00,0x00,0x00,0x00,0x00,0x00,0x00,0x00,0x00,0x00,0x00,0x00,0x00,0x00,0x00,0x00,0x00,0x00,0x00,0x00,0x00,0x00,0x00,
    0x00,0x00,0x00,0x00,0x00,0x00,0x00,0x00,0x00,0x00,0x00,0x00,0x00,0x00,0x00,0x00,0x00,0x00,0x00,0x00,0x00,0x03,0x00,0xac,
    0xff,0xfc,0xff,0xff,0xff,0xff,0xff,0xff,0xff,0xff,0xff,0xff,0xff,0xff,0xff,0xff,0xff,0xff,0xff,0xff,0xff,0xff,0xff,0xff,
    0xff,0xff,0xff,0xff,0xff,0xff,0xff,0xff,0xff,0xff,0xff,0xff,0xff,0xff,0xff,0xff,0xff,0xff,0xff,0xff,0xff,0xff,0xff,0xff,
    0xff,0xff,0xff,0xff,0xff,0xfc,0xff,0xac,0x00,0x03,0x00,0x00,0x00,0x00,0x00,0x00,0x00,0x00,0x00,0x00,0x00,0x00,0x00,0x00,
    0x00,0x00,0x00,0x00,0x00,0x00,0x00,0x00,0x00,0x00,0x00,0x00,0x00,0x00,0x00,0x00,0x00,0x00,0x00,0x00,0x00,0x00,0x00,0x00,
    0x00,0x00,0x00,0x00,0x00,0x00,0x00,0x00,0x00,0x00,0x00,0x00,0x00,0x00,0x00,0x00,0x00,0x00,0x00,0x00,0x00,0x00,0x00,0x00,
    0x00,0x00,0x00,0x00,0x00,0x00,0x00,0x02,0x01,0x22,0xed,0xfe,0xfe,0xff,0xff,0xff,0xff,0xff,0xff,0xff,0xff,0xff,0xff,0xff,
    0xff,0xff,0xff,0xff,0xff,0xff,0xff,0xff,0xff,0xff,0xff,0xff,0xff,0xff,0xff,0xff,0xff,0xff,0xff,0xff,0xff,0xff,0xff,0xff,
    0xff,0xff,0xff,0xff,0xff,0xff,0xff,0xff,0xff,0xff,0xff,0xff,0xff,0xff,0xff,0xff,0xfe,0xfe,0xed,0x22,0x01,0x02,0x00,0x00,
    0x00,0x00,0x00,0x00,0x00,0x00,0x00,0x00,0x00,0x00,0x00,0x00,0x00,0x00,0x00,0x00,0x00,0x00,0x00,0x00,0x00,0x00,0x00,0x00,
    0x00,0x00,0x00,0x00,0x00,0x00,0x00,0x00,0x00,0x00,0x00,0x00,0x00,0x00,0x00,0x00,0x00,0x00,0x00,0x00,0x00,0x00,0x00,0x00,
    0x00,0x00,0x00,0x00,0x00,0x00,0x00,0x00,0x00,0x00,0x00,0x00,0x00,0x00,0x00,0x00,0x00,0x01,0x03,0x02,0xc8,0xff,0xfd,0xff,
    0xff,0xff,0xff,0xff,0xff,0xff,0xff,0xff,0xff,0xff,0xff,0xff,0xff,0xff,0xff,0xff,0xff,0xff,0xff,0xff,0xff,0xff,0xff,0xff,
    0xff,0xff,0xff,0xff,0xff,0xff,0xff,0xff,0xff,0xff,0xff,0xff,0xff,0xff,0xff,0xff,0xff,0xff,0xff,0xff,0xff,0xff,0xff,0xff,
    0xff,0xff,0xff,0xff,0xfd,0xff,0xc8,0x02,0x03,0x01,0x00,0x00,0x00,0x00,0x00,0x00,0x00,0x00,0x00,0x00,0x00,0x00,0x00,0x00,
    0x00,0x00,0x00,0x00,0x00,0x00,0x00,0x00,0x00,0x00,0x00,0x00,0x00,0x00,0x00,0x00,0x00,0x00,0x00,0x00,0x00,0x00,0x00,0x00,
    0x00,0x00,0x00,0x00,0x00,0x00,0x00,0x00,0x00,0x00,0x00,0x00,0x00,0x00,0x00,0x00,0x00,0x00,0x00,0x00,0x00,0x00,0x00,0x00,
    0x00,0x00,0x00,0x00,0x03,0x00,0x99,0xff,0xfc,0xff,0xff,0xff,0xff,0xff,0xff,0xff,0xff,0xff,0xff,0xff,0xff,0xff,0xff,0xff,
    0xff,0xff,0xff,0xff,0xff,0xff,0xff,0xff,0xff,0xff,0xff,0xff,0xff,0xff,0xff,0xff,0xff,0xff,0xff,0xff,0xff,0xff,0xff,0xff,
    0xff,0xff,0xff,0xff,0xff,0xff,0xff,0xff,0xff,0xff,0xff,0xff,0xff,0xff,0xff,0xff,0xfc,0xff,0x99,0x00,0x03,0x00,0x00,0x00,
    0x00,0x00,0x00,0x00,0x00,0x00,0x00,0x00,0x00,0x00,0x00,0x00,0x00,0x00,0x00,0x00,0x00,0x00,0x00,0x00,0x00,0x00,0x00,0x00,
    0x00,0x00,0x00,0x00,0x00,0x00,0x00,0x00,0x00,0x00,0x00,0x00,0x00,0x00,0x00,0x00,0x00,0x00,0x00,0x00,0x00,0x00,0x00,0x00,
    0x00,0x00,0x00,0x00,0x00,0x00,0x00,0x00,0x00,0x00,0x00,0x00,0x00,0x00,0x03,0x00,0x61,0xff,0xfb,0xff,0xff,0xff,0xff,0xff,
    0xff,0xff,0xff,0xff,0xff,0xff,0xff,0xff,0xff,0xff,0xff,0xff,0xff,0xff,0xff,0xff,0xff,0xff,0xff,0xff,0xff,0xff,0xff,0xff,
    0xff,0xff,0xff,0xff,0xff,0xff,0xff,0xff,0xff,0xff,0xff,0xff,0xff,0xff,0xff,0xff,0xff,0xff,0xff,0xff,0xff,0xff,0xff,0xff,
    0xff,0xff,0xff,0xff,0xfb,0xff,0x61,0x00,0x03,0x00,0x00,0x00,0x00,0x00,0x00,0x00,0x00,0x00,0x00,0x00,0x00,0x00,0x00,0x00,
    0x00,0x00,0x00,0x00,0x00,0x00,0x00,0x00,0x00,0x00,0x00,0x00,0x00,0x00,0x00,0x00,0x00,0x00,0x00,0x00,0x00,0x00,0x00,0x00,
    0x00,0x00,0x00,0x00,0x00,0x00,0x00,0x00,0x00,0x00,0x00,0x00,0x00,0x00,0x00,0x00,0x00,0x00,0x00,0x00,0x00,0x00,0x00,0x00,
    0x02,0x02,0x24,0xf4,0xfc,0xfe,0xff,0xff,0xff,0xff,0xff,0xff,0xff,0xff,0xff,0xff,0xff,0xff,0xff,0xff,0xff,0xff,0xff,0xff,
    0xff,0xff,0xff,0xff,0xff,0xff,0xff,0xff,0xff,0xff,0xff,0xff,0xff,0xff,0xff,0xff,0xff,0xff,0xff,0xff,0xff,0xff,0xff,0xff,
    0xff,0xff,0xff,0xff,0xff,0xff,0xff,0xff,0xff,0xff,0xff,0xff,0xff,0xff,0xff,0xfe,0xfc,0xf4,0x24,0x02,0x02,0x00,0x00,0x00,
    0x00,0x00,0x00,0x00,0x00,0x00,0x00,0x00,0x00,0x00,0x00,0x00,0x00,0x00,0x00,0x00,0x00,0x00,0x00,0x00,0x00,0x00,0x00,0x00,
    0x00,0x00,0x00,0x00,0x00,0x00,0x00,0x00,0x00,0x00,0x00,0x00,0x00,0x00,0x00,0x00,0x00,0x00,0x00,0x00,0x00,0x00,0x00,0x00,
    0x00,0x00,0x00,0x00,0x00,0x00,0x00,0x00,0x00,0x00,0x00,0x04,0x00,0xa1,0xff,0xfb,0xff,0xff,0xff,0xff,0xff,0xff,0xff,0xff,
    0xff,0xff,0xff,0xff,0xff,0xff,0xff,0xff,0xff,0xff,0xff,0xff,0xff,0xff,0xff,0xff,0xff,0xff,0xff,0xff,0xff,0xff,0xff,0xff,
    0xff,0xff,0xff,0xff,0xff,0xff,0xff,0xff,0xff,0xff,0xff,0xff,0xff,0xff,0xff,0xff,0xff,0xff,0xff,0xff,0xff,0xff,0xff,0xff,
    0xff,0xff,0xff,0xfb,0xff,0xa1,0x00,0x04,0x00,0x00,0x00,0x00,0x00,0x00,0x00,0x00,0x00,0x00,0x00,0x00,0x00,0x00,0x00,0x00,
    0x00,0x00,0x00,0x00,0x00,0x00,0x00,0x00,0x00,0x00,0x00,0x00,0x00,0x00,0x00,0x00,0x00,0x00,0x00,0x00,0x00,0x00,0x00,0x00,
    0x00,0x00,0x00,0x00,0x00,0x00,0x00,0x00,0x00,0x00,0x00,0x00,0x00,0x00,0x00,0x00,0x00,0x00,0x00,0x00,0x00,0x03,0x00,0x31,
    0xf8,0xfc,0xfe,0xff,0xff,0xff,0xff,0xff,0xff,0xff,0xff,0xff,0xff,0xff,0xff,0xff,0xff,0xff,0xff,0xff,0xff,0xff,0xff,0xff,
    0xff,0xff,0xff,0xff,0xff,0xff,0xff,0xff,0xff,0xff,0xff,0xff,0xff,0xff,0xff,0xff,0xff,0xff,0xff,0xff,0xff,0xff,0xff,0xff,
    0xff,0xff,0xff,0xff,0xff,0xff,0xff,0xff,0xff,0xff,0xff,0xff,0xff,0xff,0xfe,0xfc,0xf8,0x31,0x00,0x03,0x00,0x00,0x00,0x00,
    0x00,0x00,0x00,0x00,0x00,0x00,0x00,0x00,0x00,0x00,0x00,0x00,0x00,0x00,0x00,0x00,0x00,0x00,0x00,0x00,0x00,0x00,0x00,0x00,
    0x00,0x00,0x00,0x00,0x00,0x00,0x00,0x00,0x00,0x00,0x00,0x00,0x00,0x00,0x00,0x00,0x00,0x00,0x00,0x00,0x00,0x00,0x00,0x00,
    0x00,0x00,0x00,0x00,0x00,0x00,0x00,0x01,0x03,0x05,0xce,0xff,0xfd,0xff,0xff,0xff,0xff,0xff,0xff,0xff,0xff,0xff,0xff,0xff,
    0xff,0xff,0xff,0xff,0xff,0xff,0xff,0xff,0xff,0xff,0xff,0xff,0xff,0xff,0xff,0xff,0xff,0xff,0xff,0xff,0xff,0xff,0xff,0xff,
    0xff,0xff,0xff,0xff,0xff,0xff,0xff,0xff,0xff,0xff,0xff,0xff,0xff,0xff,0xff,0xff,0xff,0xff,0xff,0xff,0xff,0xff,0xff,0xff,
    0xff,0xff,0xfd,0xff,0xce,0x05,0x03,0x01,0x00,0x00,0x00,0x00,0x00,0x00,0x00,0x00,0x00,0x00,0x00,0x00,0x00,0x00,0x00,0x00,
    0x00,0x00,0x00,0x00,0x00,0x00,0x00,0x00,0x00,0x00,0x00,0x00,0x00,0x00,0x00,0x00,0x00,0x00,0x00,0x00,0x00,0x00,0x00,0x00,
    0x00,0x00,0x00,0x00,0x00,0x00,0x00,0x00,0x00,0x00,0x00,0x00,0x00,0x00,0x00,0x00,0x00,0x00,0x03,0x00,0x80,0xff,0xfb,0xff,
    0xff,0xff,0xff,0xff,0xff,0xff,0xff,0xff,0xff,0xff,0xff,0xff,0xff,0xff,0xff,0xff,0xff,0xff,0xff,0xff,0xff,0xff,0xff,0xff,
    0xff,0xff,0xff,0xff,0xff,0xff,0xff,0xff,0xff,0xff,0xff,0xff,0xff,0xff,0xff,0xff,0xff,0xff,0xff,0xff,0xff,0xff,0xff,0xff,
    0xff,0xff,0xff,0xff,0xff,0xff,0xff,0xff,0xff,0xff,0xff,0xff,0xff,0xff,0xfb,0xff,0x80,0x00,0x03,0x00,0x00,0x00,0x00,0x00,
    0x00,0x00,0x00,0x00,0x00,0x00,0x00,0x00,0x00,0x00,0x00,0x00,0x00,0x00,0x00,0x00,0x00,0x00,0x00,0x00,0x00,0x00,0x00,0x00,
    0x00,0x00,0x00,0x00,0x00,0x00,0x00,0x00,0x00,0x00,0x00,0x00,0x00,0x00,0x00,0x00,0x00,0x00,0x00,0x00,0x00,0x00,0x00,0x00,
    0x00,0x00,0x00,0x00,0x02,0x01,0x27,0xfa,0xfc,0xfe,0xff,0xff,0xff,0xff,0xff,0xff,0xff,0xff,0xff,0xff,0xff,0xff,0xff,0xff,
    0xff,0xff,0xff,0xff,0xff,0xff,0xff,0xff,0xff,0xff,0xff,0xff,0xff,0xff,0xff,0xff,0xff,0xff,0xff,0xff,0xff,0xff,0xff,0xff,
    0xff,0xff,0xff,0xff,0xff,0xff,0xff,0xff,0xff,0xff,0xff,0xff,0xff,0xff,0xff,0xff,0xff,0xff,0xff,0xff,0xff,0xff,0xff,0xff,
    0xff,0xfe,0xfc,0xfa,0x27,0x01,0x02,0x00,0x00,0x00,0x00,0x00,0x00,0x00,0x00,0x00,0x00,0x00,0x00,0x00,0x00,0x00,0x00,0x00,
    0x00,0x00,0x00,0x00,0x00,0x00,0x00,0x00,0x00,0x00,0x00,0x00,0x00,0x00,0x00,0x00,0x00,0x00,0x00,0x00,0x00,0x00,0x00,0x00,
    0x00,0x00,0x00,0x00,0x00,0x00,0x00,0x00,0x00,0x00,0x00,0x00,0x00,0x00,0x00,0x03,0x00,0xa1,0xff,0xfb,0xff,0xff,0xff,0xff,
    0xff,0xff,0xff,0xff,0xff,0xff,0xff,0xff,0xff,0xff,0xff,0xff,0xff,0xff,0xff,0xff,0xff,0xff,0xff,0xff,0xff,0xff,0xff,0xff,
    0xff,0xff,0xff,0xff,0xff,0xff,0xff,0xff,0xff,0xff,0xff,0xff,0xff,0xff,0xff,0xff,0xff,0xff,0xff,0xff,0xff,0xff,0xff,0xff,
    0xff,0xff,0xff,0xff,0xff,0xff,0xff,0xff,0xff,0xff,0xff,0xff,0xff,0xfb,0xff,0xa1,0x00,0x03,0x00,0x00,0x00,0x00,0x00,0x00,
    0x00,0x00,0x00,0x00,0x00,0x00,0x00,0x00,0x00,0x00,0x00,0x00,0x00,0x00,0x00,0x00,0x00,0x00,0x00,0x00,0x00,0x00,0x00,0x00,
    0x00,0x00,0x00,0x00,0x00,0x00,0x00,0x00,0x00,0x00,0x00,0x00,0x00,0x00,0x00,0x00,0x00,0x00,0x00,0x00,0x00,0x00,0x00,0x00,
    0x00,0x03,0x00,0x44,0xfc,0xfc,0xff,0xff,0xff,0xff,0xff,0xff,0xff,0xff,0xff,0xff,0xff,0xff,0xff,0xff,0xff,0xff,0xff,0xff,
    0xff,0xff,0xff,0xff,0xff,0xff,0xff,0xff,0xff,0xff,0xff,0xff,0xff,0xff,0xff,0xff,0xff,0xff,0xff,0xff,0xff,0xff,0xff,0xff,
    0xff,0xff,0xff,0xff,0xff,0xff,0xff,0xff,0xff,0xff,0xff,0xff,0xff,0xff,0xff,0xff,0xff,0xff,0xff,0xff,0xff,0xff,0xff,0xff,
    0xff,0xfc,0xfc,0x44,0x00,0x03,0x00,0x00,0x00,0x00,0x00,0x00,0x00,0x00,0x00,0x00,0x00,0x00,0x00,0x00,0x00,0x00,0x00,0x00,
    0x00,0x00,0x00,0x00,0x00,0x00,0x00,0x00,0x00,0x00,0x00,0x00,0x00,0x00,0x00,0x00,0x00,0x00,0x00,0x00,0x00,0x00,0x00,0x00,
    0x00,0x00,0x00,0x00,0x00,0x00,0x00,0x00,0x00,0x00,0x00,0x01,0x02,0x06,0xd9,0xff,0xfd,0xff,0xff,0xff,0xff,0xff,0xff,0xff,
    0xff,0xff,0xff,0xff,0xff,0xff,0xff,0xff,0xff,0xff,0xff,0xff,0xff,0xff,0xff,0xff,0xff,0xff,0xff,0xff,0xff,0xff,0xff,0xff,
    0xff,0xff,0xff,0xff,0xff,0xff,0xff,0xff,0xff,0xff,0xff,0xff,0xff,0xff,0xff,0xff,0xff,0xff,0xff,0xff,0xff,0xff,0xff,0xff,
    0xff,0xff,0xff,0xff,0xff,0xff,0xff,0xff,0xff,0xff,0xff,0xff,0xfd,0xff,0xd9,0x06,0x02,0x01,0x00,0x00,0x00,0x00,0x00,0x00,
    0x00,0x00,0x00,0x00,0x00,0x00,0x00,0x00,0x00,0x00,0x00,0x00,0x00,0x00,0x00,0x00,0x00,0x00,0x00,0x00,0x00,0x00,0x00,0x00,
    0x00,0x00,0x00,0x00,0x00,0x00,0x00,0x00,0x00,0x00,0x00,0x00,0x00,0x00,0x00,0x00,0x00,0x00,0x00,0x00,0x00,0x00,0x03,0x00,
    0x60,0xff,0xfc,0xff,0xff,0xff,0xff,0xff,0xff,0xff,0xff,0xff,0xff,0xff,0xff,0xff,0xff,0xff,0xff,0xff,0xff,0xff,0xff,0xff,
    0xff,0xff,0xff,0xff,0xff,0xff,0xff,0xff,0xff,0xff,0xff,0xff,0xff,0xff,0xff,0xff,0xff,0xff,0xff,0xff,0xff,0xff,0xff,0xff,
    0xff,0xff,0xff,0xff,0xff,0xff,0xff,0xff,0xff,0xff,0xff,0xff,0xff,0xff,0xff,0xff,0xff,0xff,0xff,0xff,0xff,0xff,0xff,0xff,
    0xfc,0xff,0x60,0x00,0x03,0x00,0x00,0x00,0x00,0x00,0x00,0x00,0x00,0x00,0x00,0x00,0x00,0x00,0x00,0x00,0x00,0x00,0x00,0x00,
    0x00,0x00,0x00,0x00,0x00,0x00,0x00,0x00,0x00,0x00,0x00,0x00,0x00,0x00,0x00,0x00,0x00,0x00,0x00,0x00,0x00,0x00,0x00,0x00,
    0x00,0x00,0x00,0x00,0x00,0x00,0x00,0x00,0x01,0x01,0x13,0xe7,0xfe,0xfd,0xff,0xff,0xff,0xff,0xff,0xff,0xff,0xff,0xff,0xff,
    0xff,0xff,0xff,0xff,0xff,0xff,0xff,0xff,0xff,0xff,0xff,0xff,0xff,0xff,0xff,0xff,0xff,0xff,0xff,0xff,0xff,0xff,0xff,0xff,
    0xff,0xff,0xff,0xff,0xff,0xff,0xff,0xff,0xff,0xff,0xff,0xff,0xff,0xff,0xff,0xff,0xff,0xff,0xff,0xff,0xff,0xff,0xff,0xff,
    0xff,0xff,0xff,0xff,0xff,0xff,0xff,0xff,0xff,0xff,0xff,0xfd,0xfe,0xe7,0x13,0x01,0x01,0x00,0x00,0x00,0x00,0x00,0x00,0x00,
    0x00,0x00,0x00,0x00,0x00,0x00,0x00,0x00,0x00,0x00,0x00,0x00,0x00,0x00,0x00,0x00,0x00,0x00,0x00,0x00,0x00,0x00,0x00,0x00,
    0x00,0x00,0x00,0x00,0x00,0x00,0x00,0x00,0x00,0x00,0x00,0x00,0x00,0x00,0x00,0x00,0x00,0x00,0x00,0x03,0x00,0x80,0xff,0xfb,
    0xff,0xff,0xff,0xff,0xff,0xff,0xff,0xff,0xff,0xff,0xff,0xff,0xff,0xff,0xff,0xff,0xff,0xff,0xff,0xff,0xff,0xff,0xff,0xff,
    0xff,0xff,0xff,0xff,0xff,0xff,0xff,0xff,0xff,0xff,0xff,0xff,0xff,0xff,0xff,0xff,0xff,0xff,0xff,0xff,0xff,0xff,0xff,0xff,
    0xff,0xff,0xff,0xff,0xff,0xff,0xff,0xff,0xff,0xff,0xff,0xff,0xff,0xff,0xff,0xff,0xff,0xff,0xff,0xff,0xff,0xff,0xff,0xfb,
    0xff,0x80,0x00,0x03,0x00,0x00,0x00,0x00,0x00,0x00,0x00,0x00,0x00,0x00,0x00,0x00,0x00,0x00,0x00,0x00,0x00,0x00,0x00,0x00,
    0x00,0x00,0x00,0x00,0x00,0x00,0x00,0x00,0x00,0x00,0x00,0x00,0x00,0x00,0x00,0x00,0x00,0x00,0x00,0x00,0x00,0x00,0x00,0x00,
    0x00,0x00,0x00,0x00,0x00,0x01,0x01,0x13,0xec,0xfe,0xfe,0xff,0xff,0xff,0xff,0xff,0xff,0xff,0xff,0xff,0xff,0xff,0xff,0xff,
    0xff,0xff,0xff,0xff,0xff,0xff,0xff,0xff,0xff,0xff,0xff,0xff,0xff,0xff,0xff,0xff,0xff,0xff,0xff,0xff,0xff,0xff,0xff,0xff,
    0xff,0xff,0xff,0xff,0xff,0xff,0xff,0xff,0xff,0xff,0xff,0xff,0xff,0xff,0xff,0xff,0xff,0xff,0xff,0xff,0xff,0xff,0xff,0xff,
    0xff,0xff,0xff,0xff,0xff,0xff,0xff,0xff,0xff,0xff,0xfe,0xfe,0xec,0x13,0x01,0x01,0x00,0x00,0x00,0x00,0x00,0x00,0x00,0x00,
    0x00,0x00,0x00,0x00,0x00,0x00,0x00,0x00,0x00,0x00,0x00,0x00,0x00,0x00,0x00,0x00,0x00,0x00,0x00,0x00,0x00,0x00,0x00,0x00,
    0x00,0x00,0x00,0x00,0x00,0x00,0x00,0x00,0x00,0x00,0x00,0x00,0x00,0x00,0x00,0x00,0x03,0x00,0x80,0xff,0xfc,0xff,0xff,0xff,
    0xff,0xff,0xff,0xff,0xff,0xff,0xff,0xff,0xff,0xff,0xff,0xff,0xff,0xff,0xff,0xff,0xff,0xff,0xff,0xff,0xff,0xff,0xff,0xff,
    0xff,0xff,0xff,0xff,0xff,0xff,0xff,0xff,0xff,0xff,0xff,0xff,0xff,0xff,0xff,0xff,0xff,0xff,0xff,0xff,0xff,0xff,0xff,0xff,
    0xff,0xff,0xff,0xff,0xff,0xff,0xff,0xff,0xff,0xff,0xff,0xff,0xff,0xff,0xff,0xff,0xff,0xff,0xff,0xff,0xff,0xff,0xfc,0xff,
    0x80,0x00,0x03,0x00,0x00,0x00,0x00,0x00,0x00,0x00,0x00,0x00,0x00,0x00,0x00,0x00,0x00,0x00,0x00,0x00,0x00,0x00,0x00,0x00,
    0x00,0x00,0x00,0x00,0x00,0x00,0x00,0x00,0x00,0x00,0x00,0x00,0x00,0x00,0x00,0x00,0x00,0x00,0x00,0x00,0x00,0x00,0x00,0x00,
    0x00,0x00,0x01,0x01,0x13,0xec,0xfe,0xfe,0xff,0xff,0xff,0xff,0xff,0xff,0xff,0xff,0xff,0xff,0xff,0xff,0xff,0xff,0xff,0xff,
    0xff,0xff,0xff,0xff,0xff,0xff,0xff,0xff,0xff,0xff,0xff,0xff,0xff,0xff,0xff,0xff,0xff,0xff,0xff,0xff,0xff,0xff,0xff,0xff,
    0xff,0xff,0xff,0xff,0xff,0xff,0xff,0xff,0xff,0xff,0xff,0xff,0xff,0xff,0xff,0xff,0xff,0xff,0xff,0xff,0xff,0xff,0xff,0xff,
    0xff,0xff,0xff,0xff,0xff,0xff,0xff,0xff,0xff,0xfe,0xfe,0xec,0x13,0x01,0x01,0x00,0x00,0x00,0x00,0x00,0x00,0x00,0x00,0x00,
    0x00,0x00,0x00,0x00,0x00,0x00,0x00,0x00,0x00,0x00,0x00,0x00,0x00,0x00,0x00,0x00,0x00,0x00,0x00,0x00,0x00,0x00,0x00,0x00,
    0x00,0x00,0x00,0x00,0x00,0x00,0x00,0x00,0x00,0x00,0x00,0x00,0x00,0x03,0x00,0x80,0xff,0xfc,0xff,0xff,0xff,0xff,0xff,0xff,
    0xff,0xff,0xff,0xff,0xff,0xff,0xff,0xff,0xff,0xff,0xff,0xff,0xff,0xff,0xff,0xff,0xff,0xff,0xff,0xff,0xff,0xff,0xff,0xff,
    0xff,0xff,0xff,0xff,0xff,0xff,0xff,0xff,0xff,0xff,0xff,0xff,0xff,0xff,0xff,0xff,0xff,0xff,0xff,0xff,0xff,0xff,0xff,0xff,
    0xff,0xff,0xff,0xff,0xff,0xff,0xff,0xff,0xff,0xff,0xff,0xff,0xff,0xff,0xff,0xff,0xff,0xff,0xff,0xff,0xff,0xfc,0xff,0x80,
    0x00,0x03,0x00,0x00,0x00,0x00,0x00,0x00,0x00,0x00,0x00,0x00,0x00,0x00,0x00,0x00,0x00,0x00,0x00,0x00,0x00,0x00,0x00,0x00,
    0x00,0x00,0x00,0x00,0x00,0x00,0x00,0x00,0x00,0x00,0x00,0x00,0x00,0x00,0x00,0x00,0x00,0x00,0x00,0x00,0x00,0x00,0x00,0x01,
    0x01,0x13,0xec,0xfe,0xfe,0xff,0xff,0xff,0xff,0xff,0xff,0xff,0xff,0xff,0xff,0xff,0xff,0xff,0xff,0xff,0xff,0xff,0xff,0xff,
    0xff,0xff,0xff,0xff,0xff,0xff,0xff,0xff,0xff,0xff,0xff,0xff,0xff,0xff,0xff,0xff,0xff,0xff,0xff,0xff,0xff,0xff,0xff,0xff,
    0xff,0xff,0xff,0xff,0xff,0xff,0xff,0xff,0xff,0xff,0xff,0xff,0xff,0xff,0xff,0xff,0xff,0xff,0xff,0xff,0xff,0xff,0xff,0xff,
    0xff,0xff,0xff,0xff,0xff,0xff,0xff,0xff,0xfe,0xfe,0xec,0x13,0x01,0x01,0x00,0x00,0x00,0x00,0x00,0x00,0x00,0x00,0x00,0x00,
    0x00,0x00,0x00,0x00,0x00,0x00,0x00,0x00,0x00,0x00,0x00,0x00,0x00,0x00,0x00,0x00,0x00,0x00,0x00,0x00,0x00,0x00,0x00,0x00,
    0x00,0x00,0x00,0x00,0x00,0x00,0x00,0x00,0x00,0x00,0x03,0x00,0x80,0xff,0xfc,0xff,0xff,0xff,0xff,0xff,0xff,0xff,0xff,0xff,
    0xff,0xff,0xff,0xff,0xff,0xff,0xff,0xff,0xff,0xff,0xff,0xff,0xff,0xff,0xff,0xff,0xff,0xff,0xff,0xff,0xff,0xff,0xff,0xff,
    0xff,0xff,0xff,0xff,0xff,0xff,0xff,0xff,0xff,0xff,0xff,0xff,0xff,0xff,0xff,0xff,0xff,0xff,0xff,0xff,0xff,0xff,0xff,0xff,
    0xff,0xff,0xff,0xff,0xff,0xff,0xff,0xff,0xff,0xff,0xff,0xff,0xff,0xff,0xff,0xff,0xff,0xff,0xff,0xff,0xfc,0xff,0x80,0x00,
    0x03,0x00,0x00,0x00,0x00,0x00,0x00,0x00,0x00,0x00,0x00,0x00,0x00,0x00,0x00,0x00,0x00,0x00,0x00,0x00,0x00,0x00,0x00,0x00,
    0x00,0x00,0x00,0x00,0x00,0x00,0x00,0x00,0x00,0x00,0x00,0x00,0x00,0x00,0x00,0x00,0x00,0x00,0x00,0x00,0x01,0x01,0x0b,0xe8,
    0xfe,0xfe,0xff,0xff,0xff,0xff,0xff,0xff,0xff,0xff,0xff,0xff,0xff,0xff,0xff,0xff,0xff,0xff,0xff,0xff,0xff,0xff,0xff,0xff,
    0xff,0xff,0xff,0xff,0xff,0xff,0xff,0xff,0xff,0xff,0xff,0xff,0xff,0xff,0xff,0xff,0xff,0xff,0xff,0xff,0xff,0xff,0xff,0xff,
    0xff,0xff,0xff,0xff,0xff,0xff,0xff,0xff,0xff,0xff,0xff,0xff,0xff,0xff,0xff,0xff,0xff,0xff,0xff,0xff,0xff,0xff,0xff,0xff,
    0xff,0xff,0xff,0xff,0xff,0xff,0xff,0xfe,0xfe,0xe8,0x0b,0x01,0x01,0x00,0x00,0x00,0x00,0x00,0x00,0x00,0x00,0x00,0x00,0x00,
    0x00,0x00,0x00,0x00,0x00,0x00,0x00,0x00,0x00,0x00,0x00,0x00,0x00,0x00,0x00,0x00,0x00,0x00,0x00,0x00,0x00,0x00,0x00,0x00,
    0x00,0x00,0x00,0x00,0x00,0x00,0x00,0x03,0x00,0x60,0xff,0xfc,0xff,0xff,0xff,0xff,0xff,0xff,0xff,0xff,0xff,0xff,0xff,0xff,
    0xff,0xff,0xff,0xff,0xff,0xff,0xff,0xff,0xff,0xff,0xff,0xff,0xff,0xff,0xff,0xff,0xff,0xff,0xff,0xff,0xff,0xff,0xff,0xff,
    0xff,0xff,0xff,0xff,0xff,0xff,0xff,0xff,0xff,0xff,0xff,0xff,0xff,0xff,0xff,0xff,0xff,0xff,0xff,0xff,0xff,0xff,0xff,0xff,
    0xff,0xff,0xff,0xff,0xff,0xff,0xff,0xff,0xff,0xff,0xff,0xff,0xff,0xff,0xff,0xff,0xff,0xff,0xff,0xfc,0xff,0x60,0x00,0x03,
    0x00,0x00,0x00,0x00,0x00,0x00,0x00,0x00,0x00,0x00,0x00,0x00,0x00,0x00,0x00,0x00,0x00,0x00,0x00,0x00,0x00,0x00,0x00,0x00,
    0x00,0x00,0x00,0x00,0x00,0x00,0x00,0x00,0x00,0x00,0x00,0x00,0x00,0x00,0x00,0x00,0x00,0x00,0x02,0x00,0xcb,0xff,0xfc,0xff,
    0xff,0xff,0xff,0xff,0xff,0xff,0xff,0xff,0xff,0xff,0xff,0xff,0xff,0xff,0xff,0xff,0xff,0xff,0xff,0xff,0xff,0xff,0xff,0xff,
    0xff,0xff,0xff,0xff,0xff,0xff,0xff,0xff,0xff,0xff,0xff,0xff,0xff,0xff,0xff,0xff,0xff,0xff,0xff,0xff,0xff,0xff,0xff,0xff,
    0xff,0xff,0xff,0xff,0xff,0xff,0xff,0xff,0xff,0xff,0xff,0xff,0xff,0xff,0xff,0xff,0xff,0xff,0xff,0xff,0xff,0xff,0xff,0xff,
    0xff,0xff,0xff,0xff,0xff,0xff,0xfc,0xff,0xcb,0x00,0x02,0x00,0x00,0x00,0x00,0x00,0x00,0x00,0x00,0x00,0x00,0x00,0x00,0x00,
    0x00,0x00,0x00,0x00,0x00,0x00,0x00,0x00,0x00,0x00,0x00,0x00,0x00,0x00,0x00,0x00,0x00,0x00,0x00,0x00,0x00,0x00,0x00,0x00,
    0x00,0x00,0x00,0x00,0x03,0x00,0x40,0xfd,0xfd,0xff,0xff,0xff,0xff,0xff,0xff,0xff,0xff,0xff,0xff,0xff,0xff,0xff,0xff,0xff,
    0xff,0xff,0xff,0xff,0xff,0xff,0xff,0xff,0xff,0xff,0xff,0xff,0xff,0xff,0xff,0xff,0xff,0xff,0xff,0xff,0xff,0xff,0xff,0xff,
    0xff,0xff,0xff,0xff,0xff,0xff,0xff,0xff,0xff,0xff,0xff,0xff,0xff,0xff,0xff,0xff,0xff,0xff,0xff,0xff,0xff,0xff,0xff,0xff,
    0xff,0xff,0xff,0xff,0xff,0xff,0xff,0xff,0xff,0xff,0xff,0xff,0xff,0xff,0xff,0xff,0xff,0xff,0xfd,0xfd,0x40,0x00,0x03,0x00,
    0x00,0x00,0x00,0x00,0x00,0x00,0x00,0x00,0x00,0x00,0x00,0x00,0x00,0x00,0x00,0x00,0x00,0x00,0x00,0x00,0x00,0x00,0x00,0x00,
    0x00,0x00,0x00,0x00,0x00,0x00,0x00,0x00,0x00,0x00,0x00,0x00,0x00,0x00,0x00,0x03,0x00,0xa6,0xff,0xfb,0xff,0xff,0xff,0xff,
    0xff,0xff,0xff,0xff,0xff,0xff,0xff,0xff,0xff,0xff,0xff,0xff,0xff,0xff,0xff,0xff,0xff,0xff,0xff,0xff,0xff,0xff,0xff,0xff,
    0xff,0xff,0xff,0xff,0xff,0xff,0xff,0xff,0xff,0xff,0xff,0xff,0xff,0xff,0xff,0xff,0xff,0xff,0xff,0xff,0xff,0xff,0xff,0xff,
    0xff,0xff,0xff,0xff,0xff,0xff,0xff,0xff,0xff,0xff,0xff,0xff,0xff,0xff,0xff,0xff,0xff,0xff,0xff,0xff,0xff,0xff,0xff,0xff,
    0xff,0xff,0xff,0xff,0xff,0xfb,0xff,0xa6,0x00,0x03,0x00,0x00,0x00,0x00,0x00,0x00,0x00,0x00,0x00,0x00,0x00,0x00,0x00,0x00,
    0x00,0x00,0x00,0x00,0x00,0x00,0x00,0x00,0x00,0x00,0x00,0x00,0x00,0x00,0x00,0x00,0x00,0x00,0x00,0x00,0x00,0x00,0x00,0x00,
    0x00,0x02,0x00,0x22,0xf7,0xfe,0xfe,0xff,0xff,0xff,0xff,0xff,0xff,0xff,0xff,0xff,0xff,0xff,0xff,0xff,0xff,0xff,0xff,0xff,
    0xff,0xff,0xff,0xff,0xff,0xff,0xff,0xff,0xff,0xff,0xff,0xff,0xff,0xff,0xff,0xff,0xff,0xff,0xff,0xff,0xff,0xff,0xff,0xff,
    0xff,0xff,0xff,0xff,0xff,0xff,0xff,0xff,0xff,0xff,0xff,0xff,0xff,0xff,0xff,0xff,0xff,0xff,0xff,0xff,0xff,0xff,0xff,0xff,
    0xff,0xff,0xff,0xff,0xff,0xff,0xff,0xff,0xff,0xff,0xff,0xff,0xff,0xff,0xff,0xff,0xfe,0xfe,0xf7,0x22,0x00,0x02,0x00,0x00,
    0x00,0x00,0x00,0x00,0x00,0x00,0x00,0x00,0x00,0x00,0x00,0x00,0x00,0x00,0x00,0x00,0x00,0x00,0x00,0x00,0x00,0x00,0x00,0x00,
    0x00,0x00,0x00,0x00,0x00,0x00,0x00,0x00,0x00,0x00,0x00,0x00,0x03,0x00,0x81,0xff,0xfc,0xff,0xff,0xff,0xff,0xff,0xff,0xff,
    0xff,0xff,0xff,0xff,0xff,0xff,0xff,0xff,0xff,0xff,0xff,0xff,0xff,0xff,0xff,0xff,0xff,0xff,0xff,0xff,0xff,0xff,0xff,0xff,
    0xff,0xff,0xff,0xff,0xff,0xff,0xff,0xff,0xff,0xff,0xff,0xff,0xff,0xff,0xff,0xff,0xff,0xff,0xff,0xff,0xff,0xff,0xff,0xff,
    0xff,0xff,0xff,0xff,0xff,0xff,0xff,0xff,0xff,0xff,0xff,0xff,0xff,0xff,0xff,0xff,0xff,0xff,0xff,0xff,0xff,0xff,0xff,0xff,
    0xff,0xff,0xff,0xff,0xfc,0xff,0x81,0x00,0x03,0x00,0x00,0x00,0x00,0x00,0x00,0x00,0x00,0x00,0x00,0x00,0x00,0x00,0x00,0x00,
    0x00,0x00,0x00,0x00,0x00,0x00,0x00,0x00,0x00,0x00,0x00,0x00,0x00,0x00,0x00,0x00,0x00,0x00,0x00,0x00,0x00,0x00,0x01,0x01,
    0x0b,0xe8,0xff,0xfe,0xff,0xff,0xff,0xff,0xff,0xff,0xff,0xff,0xff,0xff,0xff,0xff,0xff,0xff,0xff,0xff,0xff,0xff,0xff,0xff,
    0xff,0xff,0xff,0xff,0xff,0xff,0xff,0xff,0xff,0xff,0xff,0xff,0xff,0xff,0xff,0xff,0xff,0xff,0xff,0xff,0xff,0xff,0xff,0xff,
    0xff,0xff,0xff,0xff,0xff,0xff,0xff,0xff,0xff,0xff,0xff,0xff,0xff,0xff,0xff,0xff,0xff,0xff,0xff,0xff,0xff,0xff,0xff,0xff,
    0xff,0xff,0xff,0xff,0xff,0xff,0xff,0xff,0xff,0xff,0xff,0xff,0xff,0xff,0xff,0xfe,0xff,0xe8,0x0b,0x01,0x01,0x00,0x00,0x00,
    0x00,0x00,0x00,0x00,0x00,0x00,0x00,0x00,0x00,0x00,0x00,0x00,0x00,0x00,0x00,0x00,0x00,0x00,0x00,0x00,0x00,0x00,0x00,0x00,
    0x00,0x00,0x00,0x00,0x00,0x00,0x00,0x00,0x00,0x03,0x00,0x60,0xff,0xfc,0xff,0xff,0xff,0xff,0xff,0xff,0xff,0xff,0xff,0xff,
    0xff,0xff,0xff,0xff,0xff,0xff,0xff,0xff,0xff,0xff,0xff,0xff,0xff,0xff,0xff,0xff,0xff,0xff,0xff,0xff,0xff,0xff,0xff,0xff,
    0xff,0xff,0xff,0xff,0xff,0xff,0xff,0xff,0xff,0xff,0xff,0xff,0xff,0xff,0xff,0xff,0xff,0xff,0xff,0xff,0xff,0xff,0xff,0xff,
    0xff,0xff,0xff,0xff,0xff,0xff,0xff,0xff,0xff,0xff,0xff,0xff,0xff,0xff,0xff,0xff,0xff,0xff,0xff,0xff,0xff,0xff,0xff,0xff,
    0xff,0xff,0xff,0xfc,0xff,0x60,0x00,0x03,0x00,0x00,0x00,0x00,0x00,0x00,0x00,0x00,0x00,0x00,0x00,0x00,0x00,0x00,0x00,0x00,
    0x00,0x00,0x00,0x00,0x00,0x00,0x00,0x00,0x00,0x00,0x00,0x00,0x00,0x00,0x00,0x00,0x00,0x00,0x00,0x00,0x02,0x03,0xcb,0xff,
    0xfc,0xff,0xff,0xff,0xff,0xff,0xff,0xff,0xff,0xff,0xff,0xff,0xff,0xff,0xff,0xff,0xff,0xff,0xff,0xff,0xff,0xff,0xff,0xff,
    0xff,0xff,0xff,0xff,0xff,0xff,0xff,0xff,0xff,0xff,0xff,0xff,0xff,0xff,0xff,0xff,0xff,0xff,0xff,0xff,0xff,0xff,0xff,0xff,
    0xff,0xff,0xff,0xff,0xff,0xff,0xff,0xff,0xff,0xff,0xff,0xff,0xff,0xff,0xff,0xff,0xff,0xff,0xff,0xff,0xff,0xff,0xff,0xff,
    0xff,0xff,0xff,0xff,0xff,0xff,0xff,0xff,0xff,0xff,0xff,0xff,0xff,0xff,0xfc,0xff,0xcb,0x03,0x02,0x00,0x00,0x00,0x00,0x00,
    0x00,0x00,0x00,0x00,0x00,0x00,0x00,0x00,0x00,0x00,0x00,0x00,0x00,0x00,0x00,0x00,0x00,0x00,0x00,0x00,0x00,0x00,0x00,0x00,
    0x00,0x00,0x00,0x00,0x00,0x00,0x01,0x00,0x1a,0xf4,0xff,0xfe,0xff,0xff,0xff,0xff,0xff,0xff,0xff,0xff,0xff,0xff,0xff,0xff,
    0xff,0xff,0xff,0xff,0xff,0xff,0xff,0xff,0xff,0xff,0xff,0xff,0xff,0xff,0xff,0xff,0xff,0xff,0xff,0xff,0xff,0xff,0xff,0xff,
    0xff,0xff,0xff,0xff,0xff,0xff,0xff,0xff,0xff,0xff,0xff,0xff,0xff,0xff,0xff,0xff,0xff,0xff,0xff,0xff,0xff,0xff,0xff,0xff,
    0xff,0xff,0xff,0xff,0xff,0xff,0xff,0xff,0xff,0xff,0xff,0xff,0xff,0xff,0xff,0xff,0xff,0xff,0xff,0xff,0xff,0xff,0xff,0xff,
    0xff,0xfe,0xff,0xf4,0x1a,0x00,0x01,0x00,0x00,0x00,0x00,0x00,0x00,0x00,0x00,0x00,0x00,0x00,0x00,0x00,0x00,0x00,0x00,0x00,
    0x00,0x00,0x00,0x00,0x00,0x00,0x00,0x00,0x00,0x00,0x00,0x00,0x00,0x00,0x00,0x00,0x00,0x04,0x00,0x5d,0xff,0xfc,0xff,0xff,
    0xff,0xff,0xff,0xff,0xff,0xff,0xff,0xff,0xff,0xff,0xff,0xff,0xff,0xff,0xff,0xff,0xff,0xff,0xff,0xff,0xff,0xff,0xff,0xff,
    0xff,0xff,0xff,0xff,0xff,0xff,0xff,0xff,0xff,0xff,0xff,0xff,0xff,0xff,0xff,0xff,0xff,0xff,0xff,0xff,0xff,0xff,0xff,0xff,
    0xff,0xff,0xff,0xff,0xff,0xff,0xff,0xff,0xff,0xff,0xff,0xff,0xff,0xff,0xff,0xff,0xff,0xff,0xff,0xff,0xff,0xff,0xff,0xff,
    0xff,0xff,0xff,0xff,0xff,0xff,0xff,0xff,0xff,0xff,0xff,0xff,0xff,0xfc,0xff,0x5d,0x00,0x04,0x00,0x00,0x00,0x00,0x00,0x00,
    0x00,0x00,0x00,0x00,0x00,0x00,0x00,0x00,0x00,0x00,0x00,0x00,0x00,0x00,0x00,0x00,0x00,0x00,0x00,0x00,0x00,0x00,0x00,0x00,
    0x00,0x00,0x00,0x00,0x02,0x01,0xbd,0xff,0xfc,0xff,0xff,0xff,0xff,0xff,0xff,0xff,0xff,0xff,0xff,0xff,0xff,0xff,0xff,0xff,
    0xff,0xff,0xff,0xff,0xff,0xff,0xff,0xff,0xff,0xff,0xff,0xff,0xff,0xff,0xff,0xff,0xff,0xff,0xff,0xff,0xff,0xff,0xff,0xff,
    0xff,0xff,0xff,0xff,0xff,0xff,0xff,0xff,0xff,0xff,0xff,0xff,0xff,0xff,0xff,0xff,0xff,0xff,0xff,0xff,0xff,0xff,0xff,0xff,
    0xff,0xff,0xff,0xff,0xff,0xff,0xff,0xff,0xff,0xff,0xff,0xff,0xff,0xff,0xff,0xff,0xff,0xff,0xff,0xff,0xff,0xff,0xff,0xff,
    0xfc,0xff,0xbd,0x01,0x02,0x00,0x00,0x00,0x00,0x00,0x00,0x00,0x00,0x00,0x00,0x00,0x00,0x00,0x00,0x00,0x00,0x00,0x00,0x00,
    0x00,0x00,0x00,0x00,0x00,0x00,0x00,0x00,0x00,0x00,0x00,0x00,0x00,0x00,0x02,0x00,0x2a,0xfb,0xfe,0xff,0xff,0xff,0xff,0xff,
    0xff,0xff,0xff,0xff,0xff,0xff,0xff,0xff,0xff,0xff,0xff,0xff,0xff,0xff,0xff,0xff,0xff,0xff,0xff,0xff,0xff,0xff,0xff,0xff,
    0xff,0xff,0xff,0xff,0xff,0xff,0xff,0xff,0xff,0xff,0xff,0xff,0xff,0xff,0xff,0xff,0xff,0xff,0xff,0xff,0xff,0xff,0xff,0xff,
    0xff,0xff,0xff,0xff,0xff,0xff,0xff,0xff,0xff,0xff,0xff,0xff,0xff,0xff,0xff,0xff,0xff,0xff,0xff,0xff,0xff,0xff,0xff,0xff,
    0xff,0xff,0xff,0xff,0xff,0xff,0xff,0xff,0xff,0xff,0xff,0xff,0xfe,0xfb,0x2a,0x00,0x02,0x00,0x00,0x00,0x00,0x00,0x00,0x00,
    0x00,0x00,0x00,0x00,0x00,0x00,0x00,0x00,0x00,0x00,0x00,0x00,0x00,0x00,0x00,0x00,0x00,0x00,0x00,0x00,0x00,0x00,0x00,0x00,
    0x00,0x03,0x00,0x9b,0xff,0xfb,0xff,0xff,0xff,0xff,0xff,0xff,0xff,0xff,0xff,0xff,0xff,0xff,0xff,0xff,0xff,0xff,0xff,0xff,
    0xff,0xff,0xff,0xff,0xff,0xff,0xff,0xff,0xff,0xff,0xff,0xff,0xff,0xff,0xff,0xff,0xff,0xff,0xff,0xff,0xff,0xff,0xff,0xff,
    0xff,0xff,0xff,0xff,0xff,0xff,0xff,0xff,0xff,0xff,0xff,0xff,0xff,0xff,0xff,0xff,0xff,0xff,0xff,0xff,0xff,0xff,0xff,0xff,
    0xff,0xff,0xff,0xff,0xff,0xff,0xff,0xff,0xff,0xff,0xff,0xff,0xff,0xff,0xff,0xff,0xff,0xff,0xff,0xff,0xff,0xff,0xff,0xfb,
    0xff,0x9b,0x00,0x03,0x00,0x00,0x00,0x00,0x00,0x00,0x00,0x00,0x00,0x00,0x00,0x00,0x00,0x00,0x00,0x00,0x00,0x00,0x00,0x00,
    0x00,0x00,0x00,0x00,0x00,0x00,0x00,0x00,0x00,0x00,0x00,0x00,0x01,0x06,0xda,0xff,0xfd,0xff,0xff,0xff,0xff,0xff,0xff,0xff,
    0xff,0xff,0xff,0xff,0xff,0xff,0xff,0xff,0xff,0xff,0xff,0xff,0xff,0xff,0xff,0xff,0xff,0xff,0xff,0xff,0xff,0xff,0xff,0xff,
    0xff,0xff,0xff,0xff,0xff,0xff,0xff,0xff,0xff,0xff,0xff,0xff,0xff,0xff,0xff,0xff,0xff,0xff,0xff,0xff,0xff,0xff,0xff,0xff,
    0xff,0xff,0xff,0xff,0xff,0xff,0xff,0xff,0xff,0xff,0xff,0xff,0xff,0xff,0xff,0xff,0xff,0xff,0xff,0xff,0xff,0xff,0xff,0xff,
    0xff,0xff,0xff,0xff,0xff,0xff,0xff,0xff,0xff,0xff,0xfd,0xff,0xda,0x06,0x01,0x00,0x00,0x00,0x00,0x00,0x00,0x00,0x00,0x00,
    0x00,0x00,0x00,0x00,0x00,0x00,0x00,0x00,0x00,0x00,0x00,0x00,0x00,0x00,0x00,0x00,0x00,0x00,0x00,0x00,0x00,0x00,0x02,0x00,
    0x28,0xf9,0xfe,0xff,0xff,0xff,0xff,0xff,0xff,0xff,0xff,0xff,0xff,0xff,0xff,0xff,0xff,0xff,0xff,0xff,0xff,0xff,0xff,0xff,
    0xff,0xff,0xff,0xff,0xff,0xff,0xff,0xff,0xff,0xff,0xff,0xff,0xff,0xff,0xff,0xff,0xff,0xff,0xff,0xff,0xff,0xff,0xff,0xff,
    0xff,0xff,0xff,0xff,0xff,0xff,0xff,0xff,0xff,0xff,0xff,0xff,0xff,0xff,0xff,0xff,0xff,0xff,0xff,0xff,0xff,0xff,0xff,0xff,
    0xff,0xff,0xff,0xff,0xff,0xff,0xff,0xff,0xff,0xff,0xff,0xff,0xff,0xff,0xff,0xff,0xff,0xff,0xff,0xff,0xff,0xff,0xfe,0xf9,
    0x28,0x00,0x02,0x00,0x00,0x00,0x00,0x00,0x00,0x00,0x00,0x00,0x00,0x00,0x00,0x00,0x00,0x00,0x00,0x00,0x00,0x00,0x00,0x00,
    0x00,0x00,0x00,0x00,0x00,0x00,0x00,0x00,0x00,0x04,0x00,0x71,0xff,0xfb,0xff,0xff,0xff,0xff,0xff,0xff,0xff,0xff,0xff,0xff,
    0xff,0xff,0xff,0xff,0xff,0xff,0xff,0xff,0xff,0xff,0xff,0xff,0xff,0xff,0xff,0xff,0xff,0xff,0xff,0xff,0xff,0xff,0xff,0xff,
    0xff,0xff,0xff,0xff,0xff,0xff,0xff,0xff,0xff,0xff,0xff,0xff,0xff,0xff,0xff,0xff,0xff,0xff,0xff,0xff,0xff,0xff,0xff,0xff,
    0xff,0xff,0xff,0xff,0xff,0xff,0xff,0xff,0xff,0xff,0xff,0xff,0xff,0xff,0xff,0xff,0xff,0xff,0xff,0xff,0xff,0xff,0xff,0xff,
    0xff,0xff,0xff,0xff,0xff,0xff,0xff,0xff,0xff,0xfb,0xff,0x71,0x00,0x04,0x00,0x00,0x00,0x00,0x00,0x00,0x00,0x00,0x00,0x00,
    0x00,0x00,0x00,0x00,0x00,0x00,0x00,0x00,0x00,0x00,0x00,0x00,0x00,0x00,0x00,0x00,0x00,0x00,0x00,0x00,0x03,0x00,0xaf,0xff,
    0xfc,0xff,0xff,0xff,0xff,0xff,0xff,0xff,0xff,0xff,0xff,0xff,0xff,0xff,0xff,0xff,0xff,0xff,0xff,0xff,0xff,0xff,0xff,0xff,
    0xff,0xff,0xff,0xff,0xff,0xff,0xff,0xff,0xff,0xff,0xff,0xff,0xff,0xff,0xff,0xff,0xff,0xff,0xff,0xff,0xff,0xff,0xff,0xff,
    0xff,0xff,0xff,0xff,0xff,0xff,0xff,0xff,0xff,0xff,0xff,0xff,0xff,0xff,0xff,0xff,0xff,0xff,0xff,0xff,0xff,0xff,0xff,0xff,
    0xff,0xff,0xff,0xff,0xff,0xff,0xff,0xff,0xff,0xff,0xff,0xff,0xff,0xff,0xff,0xff,0xff,0xff,0xff,0xff,0xfc,0xff,0xaf,0x00,
    0x03,0x00,0x00,0x00,0x00,0x00,0x00,0x00,0x00,0x00,0x00,0x00,0x00,0x00,0x00,0x00,0x00,0x00,0x00,0x00,0x00,0x00,0x00,0x00,
    0x00,0x00,0x00,0x00,0x00,0x00,0x01,0x00,0x0b,0xe4,0xff,0xfe,0xff,0xff,0xff,0xff,0xff,0xff,0xff,0xff,0xff,0xff,0xff,0xff,
    0xff,0xff,0xff,0xff,0xff,0xff,0xff,0xff,0xff,0xff,0xff,0xff,0xff,0xff,0xff,0xff,0xff,0xff,0xff,0xff,0xff,0xff,0xff,0xff,
    0xff,0xff,0xff,0xff,0xff,0xff,0xff,0xff,0xff,0xff,0xff,0xff,0xff,0xff,0xff,0xff,0xff,0xff,0xff,0xff,0xff,0xff,0xff,0xff,
    0xff,0xff,0xff,0xff,0xff,0xff,0xff,0xff,0xff,0xff,0xff,0xff,0xff,0xff,0xff,0xff,0xff,0xff,0xff,0xff,0xff,0xff,0xff,0xff,
    0xff,0xff,0xff,0xff,0xff,0xff,0xff,0xfe,0xff,0xe4,0x0b,0x00,0x01,0x00,0x00,0x00,0x00,0x00,0x00,0x00,0x00,0x00,0x00,0x00,
    0x00,0x00,0x00,0x00,0x00,0x00,0x00,0x00,0x00,0x00,0x00,0x00,0x00,0x00,0x00,0x00,0x00,0x03,0x00,0x34,0xfc,0xfd,0xff,0xff,
    0xff,0xff,0xff,0xff,0xff,0xff,0xff,0xff,0xff,0xff,0xff,0xff,0xff,0xff,0xff,0xff,0xff,0xff,0xff,0xff,0xff,0xff,0xff,0xff,
    0xff,0xff,0xff,0xff,0xff,0xff,0xff,0xff,0xff,0xff,0xff,0xff,0xff,0xff,0xff,0xff,0xff,0xff,0xff,0xff,0xff,0xff,0xff,0xff,
    0xff,0xff,0xff,0xff,0xff,0xff,0xff,0xff,0xff,0xff,0xff,0xff,0xff,0xff,0xff,0xff,0xff,0xff,0xff,0xff,0xff,0xff,0xff,0xff,
    0xff,0xff,0xff,0xff,0xff,0xff,0xff,0xff,0xff,0xff,0xff,0xff,0xff,0xff,0xff,0xff,0xff,0xff,0xff,0xfd,0xfc,0x34,0x00,0x03,
    0x00,0x00,0x00,0x00,0x00,0x00,0x00,0x00,0x00,0x00,0x00,0x00,0x00,0x00,0x00,0x00,0x00,0x00,0x00,0x00,0x00,0x00,0x00,0x00,
    0x00,0x00,0x00,0x00,0x03,0x02,0xa1,0xff,0xfc,0xff,0xff,0xff,0xff,0xff,0xff,0xff,0xff,0xff,0xff,0xff,0xff,0xff,0xff,0xff,
    0xff,0xff,0xff,0xff,0xff,0xff,0xff,0xff,0xff,0xff,0xff,0xff,0xff,0xff,0xff,0xff,0xff,0xff,0xff,0xff,0xff,0xff,0xff,0xff,
    0xff,0xff,0xff,0xff,0xff,0xff,0xff,0xff,0xff,0xff,0xff,0xff,0xff,0xff,0xff,0xff,0xff,0xff,0xff,0xff,0xff,0xff,0xff,0xff,
    0xff,0xff,0xff,0xff,0xff,0xff,0xff,0xff,0xff,0xff,0xff,0xff,0xff,0xff,0xff,0xff,0xff,0xff,0xff,0xff,0xff,0xff,0xff,0xff,
    0xff,0xff,0xff,0xff,0xff,0xff,0xfc,0xff,0xa1,0x02,0x03,0x00,0x00,0x00,0x00,0x00,0x00,0x00,0x00,0x00,0x00,0x00,0x00,0x00,
    0x00,0x00,0x00,0x00,0x00,0x00,0x00,0x00,0x00,0x00,0x00,0x00,0x00,0x00,0x01,0x00,0x0d,0xef,0xff,0xfe,0xff,0xff,0xff,0xff,
    0xff,0xff,0xff,0xff,0xff,0xff,0xff,0xff,0xff,0xff,0xff,0xff,0xff,0xff,0xff,0xff,0xff,0xff,0xff,0xff,0xff,0xff,0xff,0xff,
    0xff,0xff,0xff,0xff,0xff,0xff,0xff,0xff,0xff,0xff,0xff,0xff,0xff,0xff,0xff,0xff,0xff,0xff,0xff,0xff,0xff,0xff,0xff,0xff,
    0xff,0xff,0xff,0xff,0xff,0xff,0xff,0xff,0xff,0xff,0xff,0xff,0xff,0xff,0xff,0xff,0xff,0xff,0xff,0xff,0xff,0xff,0xff,0xff,
    0xff,0xff,0xff,0xff,0xff,0xff,0xff,0xff,0xff,0xff,0xff,0xff,0xff,0xff,0xff,0xff,0xff,0xfe,0xff,0xef,0x0d,0x00,0x01,0x00,
    0x00,0x00,0x00,0x00,0x00,0x00,0x00,0x00,0x00,0x00,0x00,0x00,0x00,0x00,0x00,0x00,0x00,0x00,0x00,0x00,0x00,0x00,0x00,0x00,
    0x00,0x02,0x00,0x27,0xf6,0xfe,0xff,0xff,0xff,0xff,0xff,0xff,0xff,0xff,0xff,0xff,0xff,0xff,0xff,0xff,0xff,0xff,0xff,0xff,
    0xff,0xff,0xff,0xff,0xff,0xff,0xff,0xff,0xff,0xff,0xff,0xff,0xff,0xff,0xff,0xff,0xff,0xff,0xff,0xff,0xff,0xff,0xff,0xff,
    0xff,0xff,0xff,0xff,0xff,0xff,0xff,0xff,0xff,0xff,0xff,0xff,0xff,0xff,0xff,0xff,0xff,0xff,0xff,0xff,0xff,0xff,0xff,0xff,
    0xff,0xff,0xff,0xff,0xff,0xff,0xff,0xff,0xff,0xff,0xff,0xff,0xff,0xff,0xff,0xff,0xff,0xff,0xff,0xff,0xff,0xff,0xff,0xff,
    0xff,0xff,0xff,0xff,0xff,0xfe,0xf6,0x27,0x00,0x02,0x00,0x00,0x00,0x00,0x00,0x00,0x00,0x00,0x00,0x00,0x00,0x00,0x00,0x00,
    0x00,0x00,0x00,0x00,0x00,0x00,0x00,0x00,0x00,0x00,0x00,0x00,0x03,0x00,0x52,0xff,0xfc,0xff,0xff,0xff,0xff,0xff,0xff,0xff,
    0xff,0xff,0xff,0xff,0xff,0xff,0xff,0xff,0xff,0xff,0xff,0xff,0xff,0xff,0xff,0xff,0xff,0xff,0xff,0xff,0xff,0xff,0xff,0xff,
    0xff,0xff,0xff,0xff,0xff,0xff,0xff,0xff,0xff,0xff,0xff,0xff,0xff,0xff,0xff,0xff,0xff,0xff,0xff,0xff,0xff,0xff,0xff,0xff,
    0xff,0xff,0xff,0xff,0xff,0xff,0xff,0xff,0xff,0xff,0xff,0xff,0xff,0xff,0xff,0xff,0xff,0xff,0xff,0xff,0xff,0xff,0xff,0xff,
    0xff,0xff,0xff,0xff,0xff,0xff,0xff,0xff,0xff,0xff,0xff,0xff,0xff,0xff,0xff,0xff,0xfc,0xff,0x52,0x00,0x03,0x00,0x00,0x00,
    0x00,0x00,0x00,0x00,0x00,0x00,0x00,0x00,0x00,0x00,0x00,0x00,0x00,0x00,0x00,0x00,0x00,0x00,0x00,0x00,0x00,0x00,0x00,0x04,
    0x00,0x90,0xff,0xfb,0xff,0xff,0xff,0xff,0xff,0xff,0xff,0xff,0xff,0xff,0xff,0xff,0xff,0xff,0xff,0xff,0xff,0xff,0xff,0xff,
    0xff,0xff,0xff,0xff,0xff,0xff,0xff,0xff,0xff,0xff,0xff,0xff,0xff,0xff,0xff,0xff,0xff,0xff,0xff,0xff,0xff,0xff,0xff,0xff,
    0xff,0xff,0xff,0xff,0xff,0xff,0xff,0xff,0xff,0xff,0xff,0xff,0xff,0xff,0xff,0xff,0xff,0xff,0xff,0xff,0xff,0xff,0xff,0xff,
    0xff,0xff,0xff,0xff,0xff,0xff,0xff,0xff,0xff,0xff,0xff,0xff,0xff,0xff,0xff,0xff,0xff,0xff,0xff,0xff,0xff,0xff,0xff,0xff,
    0xff,0xff,0xff,0xfb,0xff,0x90,0x00,0x04,0x00,0x00,0x00,0x00,0x00,0x00,0x00,0x00,0x00,0x00,0x00,0x00,0x00,0x00,0x00,0x00,
    0x00,0x00,0x00,0x00,0x00,0x00,0x00,0x00,0x00,0x00,0x01,0x02,0xcc,0xff,0xfd,0xff,0xff,0xff,0xff,0xff,0xff,0xff,0xff,0xff,
    0xff,0xff,0xff,0xff,0xff,0xff,0xff,0xff,0xff,0xff,0xff,0xff,0xff,0xff,0xff,0xff,0xff,0xff,0xff,0xff,0xff,0xff,0xff,0xff,
    0xff,0xff,0xff,0xff,0xff,0xff,0xff,0xff,0xff,0xff,0xff,0xff,0xff,0xff,0xff,0xff,0xff,0xff,0xff,0xff,0xff,0xff,0xff,0xff,
    0xff,0xff,0xff,0xff,0xff,0xff,0xff,0xff,0xff,0xff,0xff,0xff,0xff,0xff,0xff,0xff,0xff,0xff,0xff,0xff,0xff,0xff,0xff,0xff,
    0xff,0xff,0xff,0xff,0xff,0xff,0xff,0xff,0xff,0xff,0xff,0xff,0xff,0xff,0xfd,0xff,0xcc,0x02,0x01,0x00,0x00,0x00,0x00,0x00,
    0x00,0x00,0x00,0x00,0x00,0x00,0x00,0x00,0x00,0x00,0x00,0x00,0x00,0x00,0x00,0x00,0x00,0x00,0x00,0x00,0x02,0x00,0x1f,0xf4,
    0xfe,0xfe,0xff,0xff,0xff,0xff,0xff,0xff,0xff,0xff,0xff,0xff,0xff,0xff,0xff,0xff,0xff,0xff,0xff,0xff,0xff,0xff,0xff,0xff,
    0xff,0xff,0xff,0xff,0xff,0xff,0xff,0xff,0xff,0xff,0xff,0xff,0xff,0xff,0xff,0xff,0xff,0xff,0xff,0xff,0xff,0xff,0xff,0xff,
    0xff,0xff,0xff,0xff,0xff,0xff,0xff,0xff,0xff,0xff,0xff,0xff,0xff,0xff,0xff,0xff,0xff,0xff,0xff,0xff,0xff,0xff,0xff,0xff,
    0xff,0xff,0xff,0xff,0xff,0xff,0xff,0xff,0xff,0xff,0xff,0xff,0xff,0xff,0xff,0xff,0xff,0xff,0xff,0xff,0xff,0xff,0xff,0xff,
    0xff,0xfe,0xfe,0xf4,0x1f,0x00,0x02,0x00,0x00,0x00,0x00,0x00,0x00,0x00,0x00,0x00,0x00,0x00,0x00,0x00,0x00,0x00,0x00,0x00,
    0x00,0x00,0x00,0x00,0x00,0x00,0x00,0x03,0x00,0x41,0xff,0xfd,0xff,0xff,0xff,0xff,0xff,0xff,0xff,0xff,0xff,0xff,0xff,0xff,
    0xff,0xff,0xff,0xff,0xff,0xff,0xff,0xff,0xff,0xff,0xff,0xff,0xff,0xff,0xff,0xff,0xff,0xff,0xff,0xff,0xff,0xff,0xff,0xff,
    0xff,0xff,0xff,0xff,0xff,0xff,0xff,0xff,0xff,0xff,0xff,0xff,0xff,0xff,0xff,0xff,0xff,0xff,0xff,0xff,0xff,0xff,0xff,0xff,
    0xff,0xff,0xff,0xff,0xff,0xff,0xff,0xff,0xff,0xff,0xff,0xff,0xff,0xff,0xff,0xff,0xff,0xff,0xff,0xff,0xff,0xff,0xff,0xff,
    0xff,0xff,0xff,0xff,0xff,0xff,0xff,0xff,0xff,0xff,0xff,0xff,0xff,0xfd,0xff,0x41,0x00,0x03,0x00,0x00,0x00,0x00,0x00,0x00,
    0x00,0x00,0x00,0x00,0x00,0x00,0x00,0x00,0x00,0x00,0x00,0x00,0x00,0x00,0x00,0x00,0x00,0x00,0x04,0x00,0x6c,0xff,0xfb,0xff,
    0xff,0xff,0xff,0xff,0xff,0xff,0xff,0xff,0xff,0xff,0xff,0xff,0xff,0xff,0xff,0xff,0xff,0xff,0xff,0xff,0xff,0xff,0xff,0xff,
    0xff,0xff,0xff,0xff,0xff,0xff,0xff,0xff,0xff,0xff,0xff,0xff,0xff,0xff,0xff,0xff,0xff,0xff,0xff,0xff,0xff,0xff,0xff,0xff,
    0xff,0xff,0xff,0xff,0xff,0xff,0xff,0xff,0xff,0xff,0xff,0xff,0xff,0xff,0xff,0xff,0xff,0xff,0xff,0xff,0xff,0xff,0xff,0xff,
    0xff,0xff,0xff,0xff,0xff,0xff,0xff,0xff,0xff,0xff,0xff,0xff,0xff,0xff,0xff,0xff,0xff,0xff,0xff,0xff,0xff,0xff,0xff,0xff,
    0xfb,0xff,0x6c,0x00,0x04,0x00,0x00,0x00,0x00,0x00,0x00,0x00,0x00,0x00,0x00,0x00,0x00,0x00,0x00,0x00,0x00,0x00,0x00,0x00,
    0x00,0x00,0x00,0x00,0x00,0x03,0x00,0x9f,0xff,0xfb,0xff,0xff,0xff,0xff,0xff,0xff,0xff,0xff,0xff,0xff,0xff,0xff,0xff,0xff,
    0xff,0xff,0xff,0xff,0xff,0xff,0xff,0xff,0xff,0xff,0xff,0xff,0xff,0xff,0xff,0xff,0xff,0xff,0xff,0xff,0xff,0xff,0xff,0xff,
    0xff,0xff,0xff,0xff,0xff,0xff,0xff,0xff,0xff,0xff,0xff,0xff,0xff,0xff,0xff,0xff,0xff,0xff,0xff,0xff,0xff,0xff,0xff,0xff,
    0xff,0xff,0xff,0xff,0xff,0xff,0xff,0xff,0xff,0xff,0xff,0xff,0xff,0xff,0xff,0xff,0xff,0xff,0xff,0xff,0xff,0xff,0xff,0xff,
    0xff,0xff,0xff,0xff,0xff,0xff,0xff,0xff,0xff,0xff,0xff,0xfb,0xff,0x9f,0x00,0x03,0x00,0x00,0x00,0x00,0x00,0x00,0x00,0x00,
    0x00,0x00,0x00,0x00,0x00,0x00,0x00,0x00,0x00,0x00,0x00,0x00,0x00,0x00,0x00,0x00,0x01,0x08,0xda,0xff,0xfd,0xff,0xff,0xff,
    0xff,0xff,0xff,0xff,0xff,0xff,0xff,0xff,0xff,0xff,0xff,0xff,0xff,0xff,0xff,0xff,0xff,0xff,0xff,0xff,0xff,0xff,0xff,0xff,
    0xff,0xff,0xff,0xff,0xff,0xff,0xff,0xff,0xff,0xff,0xff,0xff,0xff,0xff,0xff,0xff,0xff,0xff,0xff,0xff,0xff,0xff,0xff,0xff,
    0xff,0xff,0xff,0xff,0xff,0xff,0xff,0xff,0xff,0xff,0xff,0xff,0xff,0xff,0xff,0xff,0xff,0xff,0xff,0xff,0xff,0xff,0xff,0xff,
    0xff,0xff,0xff,0xff,0xff,0xff,0xff,0xff,0xff,0xff,0xff,0xff,0xff,0xff,0xff,0xff,0xff,0xff,0xff,0xff,0xff,0xff,0xfd,0xff,
    0xda,0x08,0x01,0x00,0x00,0x00,0x00,0x00,0x00,0x00,0x00,0x00,0x00,0x00,0x00,0x00,0x00,0x00,0x00,0x00,0x00,0x00,0x00,0x00,
    0x00,0x00,0x01,0x00,0x16,0xf2,0xff,0xfe,0xff,0xff,0xff,0xff,0xff,0xff,0xff,0xff,0xff,0xff,0xff,0xff,0xff,0xff,0xff,0xff,
    0xff,0xff,0xff,0xff,0xff,0xff,0xff,0xff,0xff,0xff,0xff,0xff,0xff,0xff,0xff,0xff,0xff,0xff,0xff,0xff,0xff,0xff,0xff,0xff,
    0xff,0xff,0xff,0xff,0xff,0xff,0xff,0xff,0xff,0xff,0xff,0xff,0xff,0xff,0xff,0xff,0xff,0xff,0xff,0xff,0xff,0xff,0xff,0xff,
    0xff,0xff,0xff,0xff,0xff,0xff,0xff,0xff,0xff,0xff,0xff,0xff,0xff,0xff,0xff,0xff,0xff,0xff,0xff,0xff,0xff,0xff,0xff,0xff,
    0xff,0xff,0xff,0xff,0xff,0xff,0xff,0xff,0xff,0xfe,0xff,0xf2,0x16,0x00,0x01,0x00,0x00,0x00,0x00,0x00,0x00,0x00,0x00,0x00,
    0x00,0x00,0x00,0x00,0x00,0x00,0x00,0x00,0x00,0x00,0x00,0x00,0x00,0x03,0x00,0x3a,0xfd,0xfd,0xff,0xff,0xff,0xff,0xff,0xff,
    0xff,0xff,0xff,0xff,0xff,0xff,0xff,0xff,0xff,0xff,0xff,0xff,0xff,0xff,0xff,0xff,0xff,0xff,0xff,0xff,0xff,0xff,0xff,0xff,
    0xff,0xff,0xff,0xff,0xff,0xff,0xff,0xff,0xff,0xff,0xff,0xff,0xff,0xff,0xff,0xff,0xff,0xff,0xff,0xff,0xff,0xff,0xff,0xff,
    0xff,0xff,0xff,0xff,0xff,0xff,0xff,0xff,0xff,0xff,0xff,0xff,0xff,0xff,0xff,0xff,0xff,0xff,0xff,0xff,0xff,0xff,0xff,0xff,
    0xff,0xff,0xff,0xff,0xff,0xff,0xff,0xff,0xff,0xff,0xff,0xff,0xff,0xff,0xff,0xff,0xff,0xff,0xff,0xff,0xff,0xfd,0xfd,0x3a,
    0x00,0x03,0x00,0x00,0x00,0x00,0x00,0x00,0x00,0x00,0x00,0x00,0x00,0x00,0x00,0x00,0x00,0x00,0x00,0x00,0x00,0x00,0x00,0x00,
    0x03,0x00,0x53,0xff,0xfc,0xff,0xff,0xff,0xff,0xff,0xff,0xff,0xff,0xff,0xff,0xff,0xff,0xff,0xff,0xff,0xff,0xff,0xff,0xff,
    0xff,0xff,0xff,0xff,0xff,0xff,0xff,0xff,0xff,0xff,0xff,0xff,0xff,0xff,0xff,0xff,0xff,0xff,0xff,0xff,0xff,0xff,0xff,0xff,
    0xff,0xff,0xff,0xff,0xff,0xff,0xff,0xff,0xff,0xff,0xff,0xff,0xff,0xff,0xff,0xff,0xff,0xff,0xff,0xff,0xff,0xff,0xff,0xff,
    0xff,0xff,0xff,0xff,0xff,0xff,0xff,0xff,0xff,0xff,0xff,0xff,0xff,0xff,0xff,0xff,0xff,0xff,0xff,0xff,0xff,0xff,0xff,0xff,
    0xff,0xff,0xff,0xff,0xff,0xff,0xff,0xff,0xfc,0xff,0x53,0x00,0x03,0x00,0x00,0x00,0x00,0x00,0x00,0x00,0x00,0x00,0x00,0x00,
    0x00,0x00,0x00,0x00,0x00,0x00,0x00,0x00,0x00,0x00,0x00,0x04,0x00,0x7f,0xff,0xfb,0xff,0xff,0xff,0xff,0xff,0xff,0xff,0xff,
    0xff,0xff,0xff,0xff,0xff,0xff,0xff,0xff,0xff,0xff,0xff,0xff,0xff,0xff,0xff,0xff,0xff,0xff,0xff,0xff,0xff,0xff,0xff,0xff,
    0xff,0xff,0xff,0xff,0xff,0xff,0xff,0xff,0xff,0xff,0xff,0xff,0xff,0xff,0xff,0xff,0xff,0xff,0xff,0xff,0xff,0xff,0xff,0xff,
    0xff,0xff,0xff,0xff,0xff,0xff,0xff,0xff,0xff,0xff,0xff,0xff,0xff,0xff,0xff,0xff,0xff,0xff,0xff,0xff,0xff,0xff,0xff,0xff,
    0xff,0xff,0xff,0xff,0xff,0xff,0xff,0xff,0xff,0xff,0xff,0xff,0xff,0xff,0xff,0xff,0xff,0xff,0xff,0xfb,0xff,0x7f,0x00,0x04,
    0x00,0x00,0x00,0x00,0x00,0x00,0x00,0x00,0x00,0x00,0x00,0x00,0x00,0x00,0x00,0x00,0x00,0x00,0x00,0x00,0x00,0x00,0x03,0x00,
    0x90,0xff,0xfb,0xff,0xff,0xff,0xff,0xff,0xff,0xff,0xff,0xff,0xff,0xff,0xff,0xff,0xff,0xff,0xff,0xff,0xff,0xff,0xff,0xff,
    0xff,0xff,0xff,0xff,0xff,0xff,0xff,0xff,0xff,0xff,0xff,0xff,0xff,0xff,0xff,0xff,0xff,0xff,0xff,0xff,0xff,0xff,0xff,0xff,
    0xff,0xff,0xff,0xff,0xff,0xff,0xff,0xff,0xff,0xff,0xff,0xff,0xff,0xff,0xff,0xff,0xff,0xff,0xff,0xff,0xff,0xff,0xff,0xff,
    0xff,0xff,0xff,0xff,0xff,0xff,0xff,0xff,0xff,0xff,0xff,0xff,0xff,0xff,0xff,0xff,0xff,0xff,0xff,0xff,0xff,0xff,0xff,0xff,
    0xff,0xff,0xff,0xff,0xff,0xff,0xfb,0xff,0x90,0x00,0x03,0x00,0x00,0x00,0x00,0x00,0x00,0x00,0x00,0x00,0x00,0x00,0x00,0x00,
    0x00,0x00,0x00,0x00,0x00,0x00,0x00,0x00,0x00,0x02,0x00,0xbe,0xff,0xfc,0xff,0xff,0xff,0xff,0xff,0xff,0xff,0xff,0xff,0xff,
    0xff,0xff,0xff,0xff,0xff,0xff,0xff,0xff,0xff,0xff,0xff,0xff,0xff,0xff,0xff,0xff,0xff,0xff,0xff,0xff,0xff,0xff,0xff,0xff,
    0xff,0xff,0xff,0xff,0xff,0xff,0xff,0xff,0xff,0xff,0xff,0xff,0xff,0xff,0xff,0xff,0xff,0xff,0xff,0xff,0xff,0xff,0xff,0xff,
    0xff,0xff,0xff,0xff,0xff,0xff,0xff,0xff,0xff,0xff,0xff,0xff,0xff,0xff,0xff,0xff,0xff,0xff,0xff,0xff,0xff,0xff,0xff,0xff,
    0xff,0xff,0xff,0xff,0xff,0xff,0xff,0xff,0xff,0xff,0xff,0xff,0xff,0xff,0xff,0xff,0xff,0xfc,0xff,0xbe,0x00,0x02,0x00,0x00,
    0x00,0x00,0x00,0x00,0x00,0x00,0x00,0x00,0x00,0x00,0x00,0x00,0x00,0x00,0x00,0x00,0x00,0x00,0x00,0x00,0x02,0x05,0xca,0xff,
    0xfd,0xff,0xff,0xff,0xff,0xff,0xff,0xff,0xff,0xff,0xff,0xff,0xff,0xff,0xff,0xff,0xff,0xff,0xff,0xff,0xff,0xff,0xff,0xff,
    0xff,0xff,0xff,0xff,0xff,0xff,0xff,0xff,0xff,0xff,0xff,0xff,0xff,0xff,0xff,0xff,0xff,0xff,0xff,0xff,0xff,0xff,0xff,0xff,
    0xff,0xff,0xff,0xff,0xff,0xff,0xff,0xff,0xff,0xff,0xff,0xff,0xff,0xff,0xff,0xff,0xff,0xff,0xff,0xff,0xff,0xff,0xff,0xff,
    0xff,0xff,0xff,0xff,0xff,0xff,0xff,0xff,0xff,0xff,0xff,0xff,0xff,0xff,0xff,0xff,0xff,0xff,0xff,0xff,0xff,0xff,0xff,0xff,
    0xff,0xff,0xff,0xff,0xfd,0xff,0xca,0x05,0x02,0x00,0x00,0x00,0x00,0x00,0x00,0x00,0x00,0x00,0x00,0x00,0x00,0x00,0x00,0x00,
    0x00,0x00,0x00,0x00,0x00,0x00,0x01,0x00,0x0e,0xef,0xff,0xfe,0xff,0xff,0xff,0xff,0xff,0xff,0xff,0xff,0xff,0xff,0xff,0xff,
    0xff,0xff,0xff,0xff,0xff,0xff,0xff,0xff,0xff,0xff,0xff,0xff,0xff,0xff,0xff,0xff,0xff,0xff,0xff,0xff,0xff,0xff,0xff,0xff,
    0xff,0xff,0xff,0xff,0xff,0xff,0xff,0xff,0xff,0xff,0xff,0xff,0xff,0xff,0xff,0xff,0xff,0xff,0xff,0xff,0xff,0xff,0xff,0xff,
    0xff,0xff,0xff,0xff,0xff,0xff,0xff,0xff,0xff,0xff,0xff,0xff,0xff,0xff,0xff,0xff,0xff,0xff,0xff,0xff,0xff,0xff,0xff,0xff,
    0xff,0xff,0xff,0xff,0xff,0xff,0xff,0xff,0xff,0xff,0xff,0xff,0xff,0xff,0xff,0xfe,0xff,0xef,0x0e,0x00,0x01,0x00,0x00,0x00,
    0x00,0x00,0x00,0x00,0x00,0x00,0x00,0x00,0x00,0x00,0x00,0x00,0x00,0x00,0x00,0x00,0x00,0x02,0x00,0x29,0xf6,0xfe,0xfe,0xff,
    0xff,0xff,0xff,0xff,0xff,0xff,0xff,0xff,0xff,0xff,0xff,0xff,0xff,0xff,0xff,0xff,0xff,0xff,0xff,0xff,0xff,0xff,0xff,0xff,
    0xff,0xff,0xff,0xff,0xff,0xff,0xff,0xff,0xff,0xff,0xff,0xff,0xff,0xff,0xff,0xff,0xff,0xff,0xff,0xff,0xff,0xff,0xff,0xff,
    0xff,0xff,0xff,0xff,0xff,0xff,0xff,0xff,0xff,0xff,0xff,0xff,0xff,0xff,0xff,0xff,0xff,0xff,0xff,0xff,0xff,0xff,0xff,0xff,
    0xff,0xff,0xff,0xff,0xff,0xff,0xff,0xff,0xff,0xff,0xff,0xff,0xff,0xff,0xff,0xff,0xff,0xff,0xff,0xff,0xff,0xff,0xff,0xff,
    0xff,0xff,0xfe,0xfe,0xf6,0x29,0x00,0x02,0x00,0x00,0x00,0x00,0x00,0x00,0x00,0x00,0x00,0x00,0x00,0x00,0x00,0x00,0x00,0x00,
    0x00,0x00,0x00,0x00,0x03,0x00,0x45,0xff,0xfd,0xff,0xff,0xff,0xff,0xff,0xff,0xff,0xff,0xff,0xff,0xff,0xff,0xff,0xff,0xff,
    0xff,0xff,0xff,0xff,0xff,0xff,0xff,0xff,0xff,0xff,0xff,0xff,0xff,0xff,0xff,0xff,0xff,0xff,0xff,0xff,0xff,0xff,0xff,0xff,
    0xff,0xff,0xff,0xff,0xff,0xff,0xff,0xff,0xff,0xff,0xff,0xff,0xff,0xff,0xff,0xff,0xff,0xff,0xff,0xff,0xff,0xff,0xff,0xff,
    0xff,0xff,0xff,0xff,0xff,0xff,0xff,0xff,0xff,0xff,0xff,0xff,0xff,0xff,0xff,0xff,0xff,0xff,0xff,0xff,0xff,0xff,0xff,0xff,
    0xff,0xff,0xff,0xff,0xff,0xff,0xff,0xff,0xff,0xff,0xff,0xff,0xff,0xff,0xfd,0xff,0x45,0x00,0x03,0x00,0x00,0x00,0x00,0x00,
    0x00,0x00,0x00,0x00,0x00,0x00,0x00,0x00,0x00,0x00,0x00,0x00,0x00,0x00,0x00,0x03,0x00,0x41,0xff,0xfd,0xff,0xff,0xff,0xff,
    0xff,0xff,0xff,0xff,0xff,0xff,0xff,0xff,0xff,0xff,0xff,0xff,0xff,0xff,0xff,0xff,0xff,0xff,0xff,0xff,0xff,0xff,0xff,0xff,
    0xff,0xff,0xff,0xff,0xff,0xff,0xff,0xff,0xff,0xff,0xff,0xff,0xff,0xff,0xff,0xff,0xff,0xff,0xff,0xff,0xff,0xff,0xff,0xff,
    0xff,0xff,0xff,0xff,0xff,0xff,0xff,0xff,0xff,0xff,0xff,0xff,0xff,0xff,0xff,0xff,0xff,0xff,0xff,0xff,0xff,0xff,0xff,0xff,
    0xff,0xff,0xff,0xff,0xff,0xff,0xff,0xff,0xff,0xff,0xff,0xff,0xff,0xff,0xff,0xff,0xff,0xff,0xff,0xff,0xff,0xff,0xff,0xff,
    0xff,0xfd,0xff,0x41,0x00,0x03,0x00,0x00,0x00,0x00,0x00,0x00,0x00,0x00,0x00,0x00,0x00,0x00,0x00,0x00,0x00,0x00,0x00,0x00,
    0x00,0x00,0x03,0x00,0x3e,0xff,0xfd,0xff,0xff,0xff,0xff,0xff,0xff,0xff,0xff,0xff,0xff,0xff,0xff,0xff,0xff,0xff,0xff,0xff,
    0xff,0xff,0xff,0xff,0xff,0xff,0xff,0xff,0xff,0xff,0xff,0xff,0xff,0xff,0xff,0xff,0xff,0xff,0xff,0xff,0xff,0xff,0xff,0xff,
    0xff,0xff,0xff,0xff,0xff,0xff,0xff,0xff,0xff,0xff,0xff,0xff,0xff,0xff,0xff,0xff,0xff,0xff,0xff,0xff,0xff,0xff,0xff,0xff,
    0xff,0xff,0xff,0xff,0xff,0xff,0xff,0xff,0xff,0xff,0xff,0xff,0xff,0xff,0xff,0xff,0xff,0xff,0xff,0xff,0xff,0xff,0xff,0xff,
    0xff,0xff,0xff,0xff,0xff,0xff,0xff,0xff,0xff,0xff,0xff,0xff,0xfd,0xff,0x3e,0x00,0x03,0x00,0x00,0x00,0x00,0x00,0x00,0x00,
    0x00,0x00,0x00,0x00,0x00,0x00,0x00,0x00,0x00,0x00,0x00,0x00,0x00,0x04,0x00,0x70,0xff,0xfc,0xff,0xff,0xff,0xff,0xff,0xff,
    0xff,0xff,0xff,0xff,0xff,0xff,0xff,0xff,0xff,0xff,0xff,0xff,0xff,0xff,0xff,0xff,0xff,0xff,0xff,0xff,0xff,0xff,0xff,0xff,
    0xff,0xff,0xff,0xff,0xff,0xff,0xff,0xff,0xff,0xff,0xff,0xff,0xff,0xff,0xff,0xff,0xff,0xff,0xff,0xff,0xff,0xff,0xff,0xff,
    0xff,0xff,0xff,0xff,0xff,0xff,0xff,0xff,0xff,0xff,0xff,0xff,0xff,0xff,0xff,0xff,0xff,0xff,0xff,0xff,0xff,0xff,0xff,0xff,
    0xff,0xff,0xff,0xff,0xff,0xff,0xff,0xff,0xff,0xff,0xff,0xff,0xff,0xff,0xff,0xff,0xff,0xff,0xff,0xff,0xff,0xff,0xff,0xfc,
    0xff,0x70,0x00,0x04,0x00,0x00,0x00,0x00,0x00,0x00,0x00,0x00,0x00,0x00,0x00,0x00,0x00,0x00,0x00,0x00,0x00,0x00,0x00,0x00,
    0x04,0x00,0x83,0xff,0xfb,0xff,0xff,0xff,0xff,0xff,0xff,0xff,0xff,0xff,0xff,0xff,0xff,0xff,0xff,0xff,0xff,0xff,0xff,0xff,
    0xff,0xff,0xff,0xff,0xff,0xff,0xff,0xff,0xff,0xff,0xff,0xff,0xff,0xff,0xff,0xff,0xff,0xff,0xff,0xff,0xff,0xff,0xff,0xff,
    0xff,0xff,0xff,0xff,0xff,0xff,0xff,0xff,0xff,0xff,0xff,0xff,0xff,0xff,0xff,0xff,0xff,0xff,0xff,0xff,0xff,0xff,0xff,0xff,
    0xff,0xff,0xff,0xff,0xff,0xff,0xff,0xff,0xff,0xff,0xff,0xff,0xff,0xff,0xff,0xff,0xff,0xff,0xff,0xff,0xff,0xff,0xff,0xff,
    0xff,0xff,0xff,0xff,0xff,0xff,0xff,0xff,0xff,0xff,0xfb,0xff,0x83,0x00,0x04,0x00,0x00,0x00,0x00,0x00,0x00,0x00,0x00,0x00,
    0x00,0x00,0x00,0x00,0x00,0x00,0x00,0x00,0x00,0x00,0x00,0x04,0x00,0x7f,0xff,0xfb,0xff,0xff,0xff,0xff,0xff,0xff,0xff,0xff,
    0xff,0xff,0xff,0xff,0xff,0xff,0xff,0xff,0xff,0xff,0xff,0xff,0xff,0xff,0xff,0xff,0xff,0xff,0xff,0xff,0xff,0xff,0xff,0xff,
    0xff,0xff,0xff,0xff,0xff,0xff,0xff,0xff,0xff,0xff,0xff,0xff,0xff,0xff,0xff,0xff,0xff,0xff,0xff,0xff,0xff,0xff,0xff,0xff,
    0xff,0xff,0xff,0xff,0xff,0xff,0xff,0xff,0xff,0xff,0xff,0xff,0xff,0xff,0xff,0xff,0xff,0xff,0xff,0xff,0xff,0xff,0xff,0xff,
    0xff,0xff,0xff,0xff,0xff,0xff,0xff,0xff,0xff,0xff,0xff,0xff,0xff,0xff,0xff,0xff,0xff,0xff,0xff,0xff,0xff,0xfb,0xff,0x7f,
    0x00,0x04,0x00,0x00,0x00,0x00,0x00,0x00,0x00,0x00,0x00,0x00,0x00,0x00,0x00,0x00,0x00,0x00,0x00,0x00,0x00,0x00,0x04,0x00,
    0x80,0xff,0xfb,0xff,0xff,0xff,0xff,0xff,0xff,0xff,0xff,0xff,0xff,0xff,0xff,0xff,0xff,0xff,0xff,0xff,0xff,0xff,0xff,0xff,
    0xff,0xff,0xff,0xff,0xff,0xff,0xff,0xff,0xff,0xff,0xff,0xff,0xff,0xff,0xff,0xff,0xff,0xff,0xff,0xff,0xff,0xff,0xff,0xff,
    0xff,0xff,0xff,0xff,0xff,0xff,0xff,0xff,0xff,0xff,0xff,0xff,0xff,0xff,0xff,0xff,0xff,0xff,0xff,0xff,0xff,0xff,0xff,0xff,
    0xff,0xff,0xff,0xff,0xff,0xff,0xff,0xff,0xff,0xff,0xff,0xff,0xff,0xff,0xff,0xff,0xff,0xff,0xff,0xff,0xff,0xff,0xff,0xff,
    0xff,0xff,0xff,0xff,0xff,0xff,0xff,0xff,0xfb,0xff,0x80,0x00,0x04,0x00,0x00,0x00,0x00,0x00,0x00,0x00,0x00,0x00,0x00,0x00,
    0x00,0x00,0x00,0x00,0x00,0x00,0x00,0x00,0x00,0x04,0x00,0x80,0xff,0xfb,0xff,0xff,0xff,0xff,0xff,0xff,0xff,0xff,0xff,0xff,
    0xff,0xff,0xff,0xff,0xff,0xff,0xff,0xff,0xff,0xff,0xff,0xff,0xff,0xff,0xff,0xff,0xff,0xff,0xff,0xff,0xff,0xff,0xff,0xff,
    0xff,0xff,0xff,0xff,0xff,0xff,0xff,0xff,0xff,0xff,0xff,0xff,0xff,0xff,0xff,0xff,0xff,0xff,0xff,0xff,0xff,0xff,0xff,0xff,
    0xff,0xff,0xff,0xff,0xff,0xff,0xff,0xff,0xff,0xff,0xff,0xff,0xff,0xff,0xff,0xff,0xff,0xff,0xff,0xff,0xff,0xff,0xff,0xff,
    0xff,0xff,0xff,0xff,0xff,0xff,0xff,0xff,0xff,0xff,0xff,0xff,0xff,0xff,0xff,0xff,0xff,0xff,0xff,0xfb,0xff,0x80,0x00,0x04,
    0x00,0x00,0x00,0x00,0x00,0x00,0x00,0x00,0x00,0x00,0x00,0x00,0x00,0x00,0x00,0x00,0x00,0x00,0x00,0x00,0x04,0x00,0x7f,0xff,
    0xfb,0xff,0xff,0xff,0xff,0xff,0xff,0xff,0xff,0xff,0xff,0xff,0xff,0xff,0xff,0xff,0xff,0xff,0xff,0xff,0xff,0xff,0xff,0xff,
    0xff,0xff,0xff,0xff,0xff,0xff,0xff,0xff,0xff,0xff,0xff,0xff,0xff,0xff,0xff,0xff,0xff,0xff,0xff,0xff,0xff,0xff,0xff,0xff,
    0xff,0xff,0xff,0xff,0xff,0xff,0xff,0xff,0xff,0xff,0xff,0xff,0xff,0xff,0xff,0xff,0xff,0xff,0xff,0xff,0xff,0xff,0xff,0xff,
    0xff,0xff,0xff,0xff,0xff,0xff,0xff,0xff,0xff,0xff,0xff,0xff,0xff,0xff,0xff,0xff,0xff,0xff,0xff,0xff,0xff,0xff,0xff,0xff,
    0xff,0xff,0xff,0xff,0xff,0xff,0xfb,0xff,0x7f,0x00,0x04,0x00,0x00,0x00,0x00,0x00,0x00,0x00,0x00,0x00,0x00,0x00,0x00,0x00,
    0x00,0x00,0x00,0x00,0x00,0x00,0x00,0x04,0x00,0x83,0xff,0xfb,0xff,0xff,0xff,0xff,0xff,0xff,0xff,0xff,0xff,0xff,0xff,0xff,
    0xff,0xff,0xff,0xff,0xff,0xff,0xff,0xff,0xff,0xff,0xff,0xff,0xff,0xff,0xff,0xff,0xff,0xff,0xff,0xff,0xff,0xff,0xff,0xff,
    0xff,0xff,0xff,0xff,0xff,0xff,0xff,0xff,0xff,0xff,0xff,0xff,0xff,0xff,0xff,0xff,0xff,0xff,0xff,0xff,0xff,0xff,0xff,0xff,
    0xff,0xff,0xff,0xff,0xff,0xff,0xff,0xff,0xff,0xff,0xff,0xff,0xff,0xff,0xff,0xff,0xff,0xff,0xff,0xff,0xff,0xff,0xff,0xff,
    0xff,0xff,0xff,0xff,0xff,0xff,0xff,0xff,0xff,0xff,0xff,0xff,0xff,0xff,0xff,0xff,0xff,0xfb,0xff,0x83,0x00,0x04,0x00,0x00,
    0x00,0x00,0x00,0x00,0x00,0x00,0x00,0x00,0x00,0x00,0x00,0x00,0x00,0x00,0x00,0x00,0x00,0x00,0x04,0x00,0x70,0xff,0xfc,0xff,
    0xff,0xff,0xff,0xff,0xff,0xff,0xff,0xff,0xff,0xff,0xff,0xff,0xff,0xff,0xff,0xff,0xff,0xff,0xff,0xff,0xff,0xff,0xff,0xff,
    0xff,0xff,0xff,0xff,0xff,0xff,0xff,0xff,0xff,0xff,0xff,0xff,0xff,0xff,0xff,0xff,0xff,0xff,0xff,0xff,0xff,0xff,0xff,0xff,
    0xff,0xff,0xff,0xff,0xff,0xff,0xff,0xff,0xff,0xff,0xff,0xff,0xff,0xff,0xff,0xff,0xff,0xff,0xff,0xff,0xff,0xff,0xff,0xff,
    0xff,0xff,0xff,0xff,0xff,0xff,0xff,0xff,0xff,0xff,0xff,0xff,0xff,0xff,0xff,0xff,0xff,0xff,0xff,0xff,0xff,0xff,0xff,0xff,
    0xff,0xff,0xff,0xff,0xfc,0xff,0x70,0x00,0x04,0x00,0x00,0x00,0x00,0x00,0x00,0x00,0x00,0x00,0x00,0x00,0x00,0x00,0x00,0x00,
    0x00,0x00,0x00,0x00,0x00,0x03,0x00,0x3e,0xff,0xfd,0xff,0xff,0xff,0xff,0xff,0xff,0xff,0xff,0xff,0xff,0xff,0xff,0xff,0xff,
    0xff,0xff,0xff,0xff,0xff,0xff,0xff,0xff,0xff,0xff,0xff,0xff,0xff,0xff,0xff,0xff,0xff,0xff,0xff,0xff,0xff,0xff,0xff,0xff,
    0xff,0xff,0xff,0xff,0xff,0xff,0xff,0xff,0xff,0xff,0xff,0xff,0xff,0xff,0xff,0xff,0xff,0xff,0xff,0xff,0xff,0xff,0xff,0xff,
    0xff,0xff,0xff,0xff,0xff,0xff,0xff,0xff,0xff,0xff,0xff,0xff,0xff,0xff,0xff,0xff,0xff,0xff,0xff,0xff,0xff,0xff,0xff,0xff,
    0xff,0xff,0xff,0xff,0xff,0xff,0xff,0xff,0xff,0xff,0xff,0xff,0xff,0xff,0xff,0xfd,0xff,0x3e,0x00,0x03,0x00,0x00,0x00,0x00,
    0x00,0x00,0x00,0x00,0x00,0x00,0x00,0x00,0x00,0x00,0x00,0x00,0x00,0x00,0x00,0x00,0x03,0x00,0x41,0xff,0xfd,0xff,0xff,0xff,
    0xff,0xff,0xff,0xff,0xff,0xff,0xff,0xff,0xff,0xff,0xff,0xff,0xff,0xff,0xff,0xff,0xff,0xff,0xff,0xff,0xff,0xff,0xff,0xff,
    0xff,0xff,0xff,0xff,0xff,0xff,0xff,0xff,0xff,0xff,0xff,0xff,0xff,0xff,0xff,0xff,0xff,0xff,0xff,0xff,0xff,0xff,0xff,0xff,
    0xff,0xff,0xff,0xff,0xff,0xff,0xff,0xff,0xff,0xff,0xff,0xff,0xff,0xff,0xff,0xff,0xff,0xff,0xff,0xff,0xff,0xff,0xff,0xff,
    0xff,0xff,0xff,0xff,0xff,0xff,0xff,0xff,0xff,0xff,0xff,0xff,0xff,0xff,0xff,0xff,0xff,0xff,0xff,0xff,0xff,0xff,0xff,0xff,
    0xff,0xff,0xfd,0xff,0x41,0x00,0x03,0x00,0x00,0x00,0x00,0x00,0x00,0x00,0x00,0x00,0x00,0x00,0x00,0x00,0x00,0x00,0x00,0x00,
    0x00,0x00,0x00,0x03,0x00,0x43,0xff,0xfd,0xff,0xff,0xff,0xff,0xff,0xff,0xff,0xff,0xff,0xff,0xff,0xff,0xff,0xff,0xff,0xff,
    0xff,0xff,0xff,0xff,0xff,0xff,0xff,0xff,0xff,0xff,0xff,0xff,0xff,0xff,0xff,0xff,0xff,0xff,0xff,0xff,0xff,0xff,0xff,0xff,
    0xff,0xff,0xff,0xff,0xff,0xff,0xff,0xff,0xff,0xff,0xff,0xff,0xff,0xff,0xff,0xff,0xff,0xff,0xff,0xff,0xff,0xff,0xff,0xff,
    0xff,0xff,0xff,0xff,0xff,0xff,0xff,0xff,0xff,0xff,0xff,0xff,0xff,0xff,0xff,0xff,0xff,0xff,0xff,0xff,0xff,0xff,0xff,0xff,
    0xff,0xff,0xff,0xff,0xff,0xff,0xff,0xff,0xff,0xff,0xff,0xff,0xff,0xfd,0xff,0x43,0x00,0x03,0x00,0x00,0x00,0x00,0x00,0x00,
    0x00,0x00,0x00,0x00,0x00,0x00,0x00,0x00,0x00,0x00,0x00,0x00,0x00,0x00,0x02,0x00,0x1d,0xf2,0xfe,0xfe,0xff,0xff,0xff,0xff,
    0xff,0xff,0xff,0xff,0xff,0xff,0xff,0xff,0xff,0xff,0xff,0xff,0xff,0xff,0xff,0xff,0xff,0xff,0xff,0xff,0xff,0xff,0xff,0xff,
    0xff,0xff,0xff,0xff,0xff,0xff,0xff,0xff,0xff,0xff,0xff,0xff,0xff,0xff,0xff,0xff,0xff,0xff,0xff,0xff,0xff,0xff,0xff,0xff,
    0xff,0xff,0xff,0xff,0xff,0xff,0xff,0xff,0xff,0xff,0xff,0xff,0xff,0xff,0xff,0xff,0xff,0xff,0xff,0xff,0xff,0xff,0xff,0xff,
    0xff,0xff,0xff,0xff,0xff,0xff,0xff,0xff,0xff,0xff,0xff,0xff,0xff,0xff,0xff,0xff,0xff,0xff,0xff,0xff,0xff,0xff,0xff,0xfe,
    0xfe,0xf2,0x1d,0x00,0x02,0x00,0x00,0x00,0x00,0x00,0x00,0x00,0x00,0x00,0x00,0x00,0x00,0x00,0x00,0x00,0x00,0x00,0x00,0x00,
    0x00,0x01,0x00,0x0f,0xef,0xff,0xfe,0xff,0xff,0xff,0xff,0xff,0xff,0xff,0xff,0xff,0xff,0xff,0xff,0xff,0xff,0xff,0xff,0xff,
    0xff,0xff,0xff,0xff,0xff,0xff,0xff,0xff,0xff,0xff,0xff,0xff,0xff,0xff,0xff,0xff,0xff,0xff,0xff,0xff,0xff,0xff,0xff,0xff,
    0xff,0xff,0xff,0xff,0xff,0xff,0xff,0xff,0xff,0xff,0xff,0xff,0xff,0xff,0xff,0xff,0xff,0xff,0xff,0xff,0xff,0xff,0xff,0xff,
    0xff,0xff,0xff,0xff,0xff,0xff,0xff,0xff,0xff,0xff,0xff,0xff,0xff,0xff,0xff,0xff,0xff,0xff,0xff,0xff,0xff,0xff,0xff,0xff,
    0xff,0xff,0xff,0xff,0xff,0xff,0xff,0xff,0xff,0xff,0xfe,0xff,0xef,0x0f,0x00,0x01,0x00,0x00,0x00,0x00,0x00,0x00,0x00,0x00,
    0x00,0x00,0x00,0x00,0x00,0x00,0x00,0x00,0x00,0x00,0x00,0x00,0x00,0x01,0x05,0xcc,0xff,0xfd,0xff,0xff,0xff,0xff,0xff,0xff,
    0xff,0xff,0xff,0xff,0xff,0xff,0xff,0xff,0xff,0xff,0xff,0xff,0xff,0xff,0xff,0xff,0xff,0xff,0xff,0xff,0xff,0xff,0xff,0xff,
    0xff,0xff,0xff,0xff,0xff,0xff,0xff,0xff,0xff,0xff,0xff,0xff,0xff,0xff,0xff,0xff,0xff,0xff,0xff,0xff,0xff,0xff,0xff,0xff,
    0xff,0xff,0xff,0xff,0xff,0xff,0xff,0xff,0xff,0xff,0xff,0xff,0xff,0xff,0xff,0xff,0xff,0xff,0xff,0xff,0xff,0xff,0xff,0xff,
    0xff,0xff,0xff,0xff,0xff,0xff,0xff,0xff,0xff,0xff,0xff,0xff,0xff,0xff,0xff,0xff,0xff,0xff,0xff,0xff,0xff,0xfd,0xff,0xcc,
    0x05,0x01,0x00,0x00,0x00,0x00,0x00,0x00,0x00,0x00,0x00,0x00,0x00,0x00,0x00,0x00,0x00,0x00,0x00,0x00,0x00,0x00,0x00,0x00,
    0x02,0x00,0xb7,0xff,0xfc,0xff,0xff,0xff,0xff,0xff,0xff,0xff,0xff,0xff,0xff,0xff,0xff,0xff,0xff,0xff,0xff,0xff,0xff,0xff,
    0xff,0xff,0xff,0xff,0xff,0xff,0xff,0xff,0xff,0xff,0xff,0xff,0xff,0xff,0xff,0xff,0xff,0xff,0xff,0xff,0xff,0xff,0xff,0xff,
    0xff,0xff,0xff,0xff,0xff,0xff,0xff,0xff,0xff,0xff,0xff,0xff,0xff,0xff,0xff,0xff,0xff,0xff,0xff,0xff,0xff,0xff,0xff,0xff,
    0xff,0xff,0xff,0xff,0xff,0xff,0xff,0xff,0xff,0xff,0xff,0xff,0xff,0xff,0xff,0xff,0xff,0xff,0xff,0xff,0xff,0xff,0xff,0xff,
    0xff,0xff,0xff,0xff,0xff,0xff,0xff,0xff,0xfc,0xff,0xb7,0x00,0x02,0x00,0x00,0x00,0x00,0x00,0x00,0x00,0x00,0x00,0x00,0x00,
    0x00,0x00,0x00,0x00,0x00,0x00,0x00,0x00,0x00,0x00,0x00,0x04,0x00,0x88,0xff,0xfb,0xff,0xff,0xff,0xff,0xff,0xff,0xff,0xff,
    0xff,0xff,0xff,0xff,0xff,0xff,0xff,0xff,0xff,0xff,0xff,0xff,0xff,0xff,0xff,0xff,0xff,0xff,0xff,0xff,0xff,0xff,0xff,0xff,
    0xff,0xff,0xff,0xff,0xff,0xff,0xff,0xff,0xff,0xff,0xff,0xff,0xff,0xff,0xff,0xff,0xff,0xff,0xff,0xff,0xff,0xff,0xff,0xff,
    0xff,0xff,0xff,0xff,0xff,0xff,0xff,0xff,0xff,0xff,0xff,0xff,0xff,0xff,0xff,0xff,0xff,0xff,0xff,0xff,0xff,0xff,0xff,0xff,
    0xff,0xff,0xff,0xff,0xff,0xff,0xff,0xff,0xff,0xff,0xff,0xff,0xff,0xff,0xff,0xff,0xff,0xff,0xff,0xfb,0xff,0x88,0x00,0x04,
    0x00,0x00,0x00,0x00,0x00,0x00,0x00,0x00,0x00,0x00,0x00,0x00,0x00,0x00,0x00,0x00,0x00,0x00,0x00,0x00,0x00,0x00,0x04,0x00,
    0x6e,0xff,0xfc,0xff,0xff,0xff,0xff,0xff,0xff,0xff,0xff,0xff,0xff,0xff,0xff,0xff,0xff,0xff,0xff,0xff,0xff,0xff,0xff,0xff,
    0xff,0xff,0xff,0xff,0xff,0xff,0xff,0xff,0xff,0xff,0xff,0xff,0xff,0xff,0xff,0xff,0xff,0xff,0xff,0xff,0xff,0xff,0xff,0xff,
    0xff,0xff,0xff,0xff,0xff,0xff,0xff,0xff,0xff,0xff,0xff,0xff,0xff,0xff,0xff,0xff,0xff,0xff,0xff,0xff,0xff,0xff,0xff,0xff,
    0xff,0xff,0xff,0xff,0xff,0xff,0xff,0xff,0xff,0xff,0xff,0xff,0xff,0xff,0xff,0xff,0xff,0xff,0xff,0xff,0xff,0xff,0xff,0xff,
    0xff,0xff,0xff,0xff,0xff,0xff,0xfc,0xff,0x6e,0x00,0x04,0x00,0x00,0x00,0x00,0x00,0x00,0x00,0x00,0x00,0x00,0x00,0x00,0x00,
    0x00,0x00,0x00,0x00,0x00,0x00,0x00,0x00,0x00,0x03,0x00,0x42,0xff,0xfd,0xff,0xff,0xff,0xff,0xff,0xff,0xff,0xff,0xff,0xff,
    0xff,0xff,0xff,0xff,0xff,0xff,0xff,0xff,0xff,0xff,0xff,0xff,0xff,0xff,0xff,0xff,0xff,0xff,0xff,0xff,0xff,0xff,0xff,0xff,
    0xff,0xff,0xff,0xff,0xff,0xff,0xff,0xff,0xff,0xff,0xff,0xff,0xff,0xff,0xff,0xff,0xff,0xff,0xff,0xff,0xff,0xff,0xff,0xff,
    0xff,0xff,0xff,0xff,0xff,0xff,0xff,0xff,0xff,0xff,0xff,0xff,0xff,0xff,0xff,0xff,0xff,0xff,0xff,0xff,0xff,0xff,0xff,0xff,
    0xff,0xff,0xff,0xff,0xff,0xff,0xff,0xff,0xff,0xff,0xff,0xff,0xff,0xff,0xff,0xff,0xff,0xfd,0xff,0x42,0x00,0x03,0x00,0x00,
    0x00,0x00,0x00,0x00,0x00,0x00,0x00,0x00,0x00,0x00,0x00,0x00,0x00,0x00,0x00,0x00,0x00,0x00,0x00,0x00,0x02,0x00,0x2b,0xf8,
    0xfe,0xff,0xff,0xff,0xff,0xff,0xff,0xff,0xff,0xff,0xff,0xff,0xff,0xff,0xff,0xff,0xff,0xff,0xff,0xff,0xff,0xff,0xff,0xff,
    0xff,0xff,0xff,0xff,0xff,0xff,0xff,0xff,0xff,0xff,0xff,0xff,0xff,0xff,0xff,0xff,0xff,0xff,0xff,0xff,0xff,0xff,0xff,0xff,
    0xff,0xff,0xff,0xff,0xff,0xff,0xff,0xff,0xff,0xff,0xff,0xff,0xff,0xff,0xff,0xff,0xff,0xff,0xff,0xff,0xff,0xff,0xff,0xff,
    0xff,0xff,0xff,0xff,0xff,0xff,0xff,0xff,0xff,0xff,0xff,0xff,0xff,0xff,0xff,0xff,0xff,0xff,0xff,0xff,0xff,0xff,0xff,0xff,
    0xff,0xff,0xff,0xff,0xfe,0xf8,0x2b,0x00,0x02,0x00,0x00,0x00,0x00,0x00,0x00,0x00,0x00,0x00,0x00,0x00,0x00,0x00,0x00,0x00,
    0x00,0x00,0x00,0x00,0x00,0x00,0x00,0x01,0x00,0x09,0xe3,0xff,0xfd,0xff,0xff,0xff,0xff,0xff,0xff,0xff,0xff,0xff,0xff,0xff,
    0xff,0xff,0xff,0xff,0xff,0xff,0xff,0xff,0xff,0xff,0xff,0xff,0xff,0xff,0xff,0xff,0xff,0xff,0xff,0xff,0xff,0xff,0xff,0xff,
    0xff,0xff,0xff,0xff,0xff,0xff,0xff,0xff,0xff,0xff,0xff,0xff,0xff,0xff,0xff,0xff,0xff,0xff,0xff,0xff,0xff,0xff,0xff,0xff,
    0xff,0xff,0xff,0xff,0xff,0xff,0xff,0xff,0xff,0xff,0xff,0xff,0xff,0xff,0xff,0xff,0xff,0xff,0xff,0xff,0xff,0xff,0xff,0xff,
    0xff,0xff,0xff,0xff,0xff,0xff,0xff,0xff,0xff,0xff,0xff,0xff,0xff,0xff,0xfd,0xff,0xe3,0x09,0x00,0x01,0x00,0x00,0x00,0x00,
    0x00,0x00,0x00,0x00,0x00,0x00,0x00,0x00,0x00,0x00,0x00,0x00,0x00,0x00,0x00,0x00,0x00,0x00,0x00,0x03,0x00,0xaf,0xff,0xfc,
    0xff,0xff,0xff,0xff,0xff,0xff,0xff,0xff,0xff,0xff,0xff,0xff,0xff,0xff,0xff,0xff,0xff,0xff,0xff,0xff,0xff,0xff,0xff,0xff,
    0xff,0xff,0xff,0xff,0xff,0xff,0xff,0xff,0xff,0xff,0xff,0xff,0xff,0xff,0xff,0xff,0xff,0xff,0xff,0xff,0xff,0xff,0xff,0xff,
    0xff,0xff,0xff,0xff,0xff,0xff,0xff,0xff,0xff,0xff,0xff,0xff,0xff,0xff,0xff,0xff,0xff,0xff,0xff,0xff,0xff,0xff,0xff,0xff,
    0xff,0xff,0xff,0xff,0xff,0xff,0xff,0xff,0xff,0xff,0xff,0xff,0xff,0xff,0xff,0xff,0xff,0xff,0xff,0xff,0xff,0xff,0xff,0xff,
    0xff,0xfc,0xff,0xaf,0x00,0x03,0x00,0x00,0x00,0x00,0x00,0x00,0x00,0x00,0x00,0x00,0x00,0x00,0x00,0x00,0x00,0x00,0x00,0x00,
    0x00,0x00,0x00,0x00,0x00,0x00,0x04,0x00,0x6e,0xff,0xfb,0xff,0xff,0xff,0xff,0xff,0xff,0xff,0xff,0xff,0xff,0xff,0xff,0xff,
    0xff,0xff,0xff,0xff,0xff,0xff,0xff,0xff,0xff,0xff,0xff,0xff,0xff,0xff,0xff,0xff,0xff,0xff,0xff,0xff,0xff,0xff,0xff,0xff,
    0xff,0xff,0xff,0xff,0xff,0xff,0xff,0xff,0xff,0xff,0xff,0xff,0xff,0xff,0xff,0xff,0xff,0xff,0xff,0xff,0xff,0xff,0xff,0xff,
    0xff,0xff,0xff,0xff,0xff,0xff,0xff,0xff,0xff,0xff,0xff,0xff,0xff,0xff,0xff,0xff,0xff,0xff,0xff,0xff,0xff,0xff,0xff,0xff,
    0xff,0xff,0xff,0xff,0xff,0xff,0xff,0xff,0xff,0xff,0xff,0xff,0xfb,0xff,0x6e,0x00,0x04,0x00,0x00,0x00,0x00,0x00,0x00,0x00,
    0x00,0x00,0x00,0x00,0x00,0x00,0x00,0x00,0x00,0x00,0x00,0x00,0x00,0x00,0x00,0x00,0x00,0x03,0x00,0x3c,0xfe,0xfd,0xff,0xff,
    0xff,0xff,0xff,0xff,0xff,0xff,0xff,0xff,0xff,0xff,0xff,0xff,0xff,0xff,0xff,0xff,0xff,0xff,0xff,0xff,0xff,0xff,0xff,0xff,
    0xff,0xff,0xff,0xff,0xff,0xff,0xff,0xff,0xff,0xff,0xff,0xff,0xff,0xff,0xff,0xff,0xff,0xff,0xff,0xff,0xff,0xff,0xff,0xff,
    0xff,0xff,0xff,0xff,0xff,0xff,0xff,0xff,0xff,0xff,0xff,0xff,0xff,0xff,0xff,0xff,0xff,0xff,0xff,0xff,0xff,0xff,0xff,0xff,
    0xff,0xff,0xff,0xff,0xff,0xff,0xff,0xff,0xff,0xff,0xff,0xff,0xff,0xff,0xff,0xff,0xff,0xff,0xff,0xff,0xff,0xff,0xff,0xfd,
    0xfe,0x3c,0x00,0x03,0x00,0x00,0x00,0x00,0x00,0x00,0x00,0x00,0x00,0x00,0x00,0x00,0x00,0x00,0x00,0x00,0x00,0x00,0x00,0x00,
    0x00,0x00,0x00,0x00,0x01,0x00,0x14,0xef,0xff,0xfe,0xff,0xff,0xff,0xff,0xff,0xff,0xff,0xff,0xff,0xff,0xff,0xff,0xff,0xff,
    0xff,0xff,0xff,0xff,0xff,0xff,0xff,0xff,0xff,0xff,0xff,0xff,0xff,0xff,0xff,0xff,0xff,0xff,0xff,0xff,0xff,0xff,0xff,0xff,
    0xff,0xff,0xff,0xff,0xff,0xff,0xff,0xff,0xff,0xff,0xff,0xff,0xff,0xff,0xff,0xff,0xff,0xff,0xff,0xff,0xff,0xff,0xff,0xff,
    0xff,0xff,0xff,0xff,0xff,0xff,0xff,0xff,0xff,0xff,0xff,0xff,0xff,0xff,0xff,0xff,0xff,0xff,0xff,0xff,0xff,0xff,0xff,0xff,
    0xff,0xff,0xff,0xff,0xff,0xff,0xff,0xff,0xff,0xfe,0xff,0xef,0x14,0x00,0x01,0x00,0x00,0x00,0x00,0x00,0x00,0x00,0x00,0x00,
    0x00,0x00,0x00,0x00,0x00,0x00,0x00,0x00,0x00,0x00,0x00,0x00,0x00,0x00,0x00,0x00,0x02,0x00,0xb4,0xfe,0xfc,0xff,0xff,0xff,
    0xff,0xff,0xff,0xff,0xff,0xff,0xff,0xff,0xff,0xff,0xff,0xff,0xff,0xff,0xff,0xff,0xff,0xff,0xff,0xff,0xff,0xff,0xff,0xff,
    0xff,0xff,0xff,0xff,0xff,0xff,0xff,0xff,0xff,0xff,0xff,0xff,0xff,0xff,0xff,0xff,0xff,0xff,0xff,0xff,0xff,0xff,0xff,0xff,
    0xff,0xff,0xff,0xff,0xff,0xff,0xff,0xff,0xff,0xff,0xff,0xff,0xff,0xff,0xff,0xff,0xff,0xff,0xff,0xff,0xff,0xff,0xff,0xff,
    0xff,0xff,0xff,0xff,0xff,0xff,0xff,0xff,0xff,0xff,0xff,0xff,0xff,0xff,0xff,0xff,0xff,0xff,0xff,0xff,0xfc,0xfe,0xb4,0x00,
    0x02,0x00,0x00,0x00,0x00,0x00,0x00,0x00,0x00,0x00,0x00,0x00,0x00,0x00,0x00,0x00,0x00,0x00,0x00,0x00,0x00,0x00,0x00,0x00,
    0x00,0x00,0x00,0x04,0x00,0x6f,0xff,0xfb,0xff,0xff,0xff,0xff,0xff,0xff,0xff,0xff,0xff,0xff,0xff,0xff,0xff,0xff,0xff,0xff,
    0xff,0xff,0xff,0xff,0xff,0xff,0xff,0xff,0xff,0xff,0xff,0xff,0xff,0xff,0xff,0xff,0xff,0xff,0xff,0xff,0xff,0xff,0xff,0xff,
    0xff,0xff,0xff,0xff,0xff,0xff,0xff,0xff,0xff,0xff,0xff,0xff,0xff,0xff,0xff,0xff,0xff,0xff,0xff,0xff,0xff,0xff,0xff,0xff,
    0xff,0xff,0xff,0xff,0xff,0xff,0xff,0xff,0xff,0xff,0xff,0xff,0xff,0xff,0xff,0xff,0xff,0xff,0xff,0xff,0xff,0xff,0xff,0xff,
    0xff,0xff,0xff,0xff,0xff,0xff,0xff,0xfb,0xff,0x6f,0x00,0x04,0x00,0x00,0x00,0x00,0x00,0x00,0x00,0x00,0x00,0x00,0x00,0x00,
    0x00,0x00,0x00,0x00,0x00,0x00,0x00,0x00,0x00,0x00,0x00,0x00,0x00,0x00,0x01,0x00,0x17,0xe9,0xfe,0xfe,0xff,0xff,0xff,0xff,
    0xff,0xff,0xff,0xff,0xff,0xff,0xff,0xff,0xff,0xff,0xff,0xff,0xff,0xff,0xff,0xff,0xff,0xff,0xff,0xff,0xff,0xff,0xff,0xff,
    0xff,0xff,0xff,0xff,0xff,0xff,0xff,0xff,0xff,0xff,0xff,0xff,0xff,0xff,0xff,0xff,0xff,0xff,0xff,0xff,0xff,0xff,0xff,0xff,
    0xff,0xff,0xff,0xff,0xff,0xff,0xff,0xff,0xff,0xff,0xff,0xff,0xff,0xff,0xff,0xff,0xff,0xff,0xff,0xff,0xff,0xff,0xff,0xff,
    0xff,0xff,0xff,0xff,0xff,0xff,0xff,0xff,0xff,0xff,0xff,0xff,0xff,0xff,0xff,0xff,0xff,0xfe,0xfe,0xe9,0x17,0x00,0x01,0x00,
    0x00,0x00,0x00,0x00,0x00,0x00,0x00,0x00,0x00,0x00,0x00,0x00,0x00,0x00,0x00,0x00,0x00,0x00,0x00,0x00,0x00,0x00,0x00,0x00,
    0x00,0x00,0x04,0x00,0x8b,0xff,0xfb,0xff,0xff,0xff,0xff,0xff,0xff,0xff,0xff,0xff,0xff,0xff,0xff,0xff,0xff,0xff,0xff,0xff,
    0xff,0xff,0xff,0xff,0xff,0xff,0xff,0xff,0xff,0xff,0xff,0xff,0xff,0xff,0xff,0xff,0xff,0xff,0xff,0xff,0xff,0xff,0xff,0xff,
    0xff,0xff,0xff,0xff,0xff,0xff,0xff,0xff,0xff,0xff,0xff,0xff,0xff,0xff,0xff,0xff,0xff,0xff,0xff,0xff,0xff,0xff,0xff,0xff,
    0xff,0xff,0xff,0xff,0xff,0xff,0xff,0xff,0xff,0xff,0xff,0xff,0xff,0xff,0xff,0xff,0xff,0xff,0xff,0xff,0xff,0xff,0xff,0xff,
    0xff,0xff,0xff,0xff,0xfb,0xff,0x8b,0x00,0x04,0x00,0x00,0x00,0x00,0x00,0x00,0x00,0x00,0x00,0x00,0x00,0x00,0x00,0x00,0x00,
    0x00,0x00,0x00,0x00,0x00,0x00,0x00,0x00,0x00,0x00,0x00,0x00,0x00,0x03,0x01,0x37,0xfe,0xfd,0xff,0xff,0xff,0xff,0xff,0xff,
    0xff,0xff,0xff,0xff,0xff,0xff,0xff,0xff,0xff,0xff,0xff,0xff,0xff,0xff,0xff,0xff,0xff,0xff,0xff,0xff,0xff,0xff,0xff,0xff,
    0xff,0xff,0xff,0xff,0xff,0xff,0xff,0xff,0xff,0xff,0xff,0xff,0xff,0xff,0xff,0xff,0xff,0xff,0xff,0xff,0xff,0xff,0xff,0xff,
    0xff,0xff,0xff,0xff,0xff,0xff,0xff,0xff,0xff,0xff,0xff,0xff,0xff,0xff,0xff,0xff,0xff,0xff,0xff,0xff,0xff,0xff,0xff,0xff,
    0xff,0xff,0xff,0xff,0xff,0xff,0xff,0xff,0xff,0xff,0xff,0xff,0xff,0xff,0xff,0xfd,0xfe,0x37,0x01,0x03,0x00,0x00,0x00,0x00,
    0x00,0x00,0x00,0x00,0x00,0x00,0x00,0x00,0x00,0x00,0x00,0x00,0x00,0x00,0x00,0x00,0x00,0x00,0x00,0x00,0x00,0x00,0x00,0x00,
    0x00,0x01,0x06,0xd6,0xfe,0xfd,0xff,0xff,0xff,0xff,0xff,0xff,0xff,0xff,0xff,0xff,0xff,0xff,0xff,0xff,0xff,0xff,0xff,0xff,
    0xff,0xff,0xff,0xff,0xff,0xff,0xff,0xff,0xff,0xff,0xff,0xff,0xff,0xff,0xff,0xff,0xff,0xff,0xff,0xff,0xff,0xff,0xff,0xff,
    0xff,0xff,0xff,0xff,0xff,0xff,0xff,0xff,0xff,0xff,0xff,0xff,0xff,0xff,0xff,0xff,0xff,0xff,0xff,0xff,0xff,0xff,0xff,0xff,
    0xff,0xff,0xff,0xff,0xff,0xff,0xff,0xff,0xff,0xff,0xff,0xff,0xff,0xff,0xff,0xff,0xff,0xff,0xff,0xff,0xff,0xff,0xff,0xff,
    0xff,0xfd,0xfe,0xd6,0x06,0x01,0x00,0x00,0x00,0x00,0x00,0x00,0x00,0x00,0x00,0x00,0x00,0x00,0x00,0x00,0x00,0x00,0x00,0x00,
    0x00,0x00,0x00,0x00,0x00,0x00,0x00,0x00,0x00,0x00,0x00,0x00,0x03,0x00,0x5f,0xff,0xfc,0xff,0xff,0xff,0xff,0xff,0xff,0xff,
    0xff,0xff,0xff,0xff,0xff,0xff,0xff,0xff,0xff,0xff,0xff,0xff,0xff,0xff,0xff,0xff,0xff,0xff,0xff,0xff,0xff,0xff,0xff,0xff,
    0xff,0xff,0xff,0xff,0xff,0xff,0xff,0xff,0xff,0xff,0xff,0xff,0xff,0xff,0xff,0xff,0xff,0xff,0xff,0xff,0xff,0xff,0xff,0xff,
    0xff,0xff,0xff,0xff,0xff,0xff,0xff,0xff,0xff,0xff,0xff,0xff,0xff,0xff,0xff,0xff,0xff,0xff,0xff,0xff,0xff,0xff,0xff,0xff,
    0xff,0xff,0xff,0xff,0xff,0xff,0xff,0xff,0xff,0xff,0xff,0xff,0xfc,0xff,0x5f,0x00,0x03,0x00,0x00,0x00,0x00,0x00,0x00,0x00,
    0x00,0x00,0x00,0x00,0x00,0x00,0x00,0x00,0x00,0x00,0x00,0x00,0x00,0x00,0x00,0x00,0x00,0x00,0x00,0x00,0x00,0x00,0x00,0x01,
    0x02,0x07,0xd8,0xfe,0xfd,0xff,0xff,0xff,0xff,0xff,0xff,0xff,0xff,0xff,0xff,0xff,0xff,0xff,0xff,0xff,0xff,0xff,0xff,0xff,
    0xff,0xff,0xff,0xff,0xff,0xff,0xff,0xff,0xff,0xff,0xff,0xff,0xff,0xff,0xff,0xff,0xff,0xff,0xff,0xff,0xff,0xff,0xff,0xff,
    0xff,0xff,0xff,0xff,0xff,0xff,0xff,0xff,0xff,0xff,0xff,0xff,0xff,0xff,0xff,0xff,0xff,0xff,0xff,0xff,0xff,0xff,0xff,0xff,
    0xff,0xff,0xff,0xff,0xff,0xff,0xff,0xff,0xff,0xff,0xff,0xff,0xff,0xff,0xff,0xff,0xff,0xff,0xff,0xff,0xff,0xff,0xfd,0xfe,
    0xd8,0x07,0x02,0x01,0x00,0x00,0x00,0x00,0x00,0x00,0x00,0x00,0x00,0x00,0x00,0x00,0x00,0x00,0x00,0x00,0x00,0x00,0x00,0x00,
    0x00,0x00,0x00,0x00,0x00,0x00,0x00,0x00,0x00,0x00,0x00,0x03,0x00,0x5f,0xff,0xfc,0xff,0xff,0xff,0xff,0xff,0xff,0xff,0xff,
    0xff,0xff,0xff,0xff,0xff,0xff,0xff,0xff,0xff,0xff,0xff,0xff,0xff,0xff,0xff,0xff,0xff,0xff,0xff,0xff,0xff,0xff,0xff,0xff,
    0xff,0xff,0xff,0xff,0xff,0xff,0xff,0xff,0xff,0xff,0xff,0xff,0xff,0xff,0xff,0xff,0xff,0xff,0xff,0xff,0xff,0xff,0xff,0xff,
    0xff,0xff,0xff,0xff,0xff,0xff,0xff,0xff,0xff,0xff,0xff,0xff,0xff,0xff,0xff,0xff,0xff,0xff,0xff,0xff,0xff,0xff,0xff,0xff,
    0xff,0xff,0xff,0xff,0xff,0xff,0xff,0xff,0xff,0xfc,0xff,0x5f,0x00,0x03,0x00,0x00,0x00,0x00,0x00,0x00,0x00,0x00,0x00,0x00,
    0x00,0x00,0x00,0x00,0x00,0x00,0x00,0x00,0x00,0x00,0x00,0x00,0x00,0x00,0x00,0x00,0x00,0x00,0x00,0x00,0x00,0x00,0x01,0x02,
    0x07,0xd8,0xfe,0xfd,0xff,0xff,0xff,0xff,0xff,0xff,0xff,0xff,0xff,0xff,0xff,0xff,0xff,0xff,0xff,0xff,0xff,0xff,0xff,0xff,
    0xff,0xff,0xff,0xff,0xff,0xff,0xff,0xff,0xff,0xff,0xff,0xff,0xff,0xff,0xff,0xff,0xff,0xff,0xff,0xff,0xff,0xff,0xff,0xff,
    0xff,0xff,0xff,0xff,0xff,0xff,0xff,0xff,0xff,0xff,0xff,0xff,0xff,0xff,0xff,0xff,0xff,0xff,0xff,0xff,0xff,0xff,0xff,0xff,
    0xff,0xff,0xff,0xff,0xff,0xff,0xff,0xff,0xff,0xff,0xff,0xff,0xff,0xff,0xff,0xff,0xff,0xff,0xff,0xfd,0xfe,0xd8,0x07,0x02,
    0x01,0x00,0x00,0x00,0x00,0x00,0x00,0x00,0x00,0x00,0x00,0x00,0x00,0x00,0x00,0x00,0x00,0x00,0x00,0x00,0x00,0x00,0x00,0x00,
    0x00,0x00,0x00,0x00,0x00,0x00,0x00,0x00,0x00,0x00,0x03,0x00,0x5f,0xff,0xfc,0xff,0xff,0xff,0xff,0xff,0xff,0xff,0xff,0xff,
    0xff,0xff,0xff,0xff,0xff,0xff,0xff,0xff,0xff,0xff,0xff,0xff,0xff,0xff,0xff,0xff,0xff,0xff,0xff,0xff,0xff,0xff,0xff,0xff,
    0xff,0xff,0xff,0xff,0xff,0xff,0xff,0xff,0xff,0xff,0xff,0xff,0xff,0xff,0xff,0xff,0xff,0xff,0xff,0xff,0xff,0xff,0xff,0xff,
    0xff,0xff,0xff,0xff,0xff,0xff,0xff,0xff,0xff,0xff,0xff,0xff,0xff,0xff,0xff,0xff,0xff,0xff,0xff,0xff,0xff,0xff,0xff,0xff,
    0xff,0xff,0xff,0xff,0xff,0xff,0xfc,0xff,0x5f,0x00,0x03,0x00,0x00,0x00,0x00,0x00,0x00,0x00,0x00,0x00,0x00,0x00,0x00,0x00,
    0x00,0x00,0x00,0x00,0x00,0x00,0x00,0x00,0x00,0x00,0x00,0x00,0x00,0x00,0x00,0x00,0x00,0x00,0x00,0x00,0x00,0x01,0x02,0x07,
    0xda,0xfe,0xfd,0xff,0xff,0xff,0xff,0xff,0xff,0xff,0xff,0xff,0xff,0xff,0xff,0xff,0xff,0xff,0xff,0xff,0xff,0xff,0xff,0xff,
    0xff,0xff,0xff,0xff,0xff,0xff,0xff,0xff,0xff,0xff,0xff,0xff,0xff,0xff,0xff,0xff,0xff,0xff,0xff,0xff,0xff,0xff,0xff,0xff,
    0xff,0xff,0xff,0xff,0xff,0xff,0xff,0xff,0xff,0xff,0xff,0xff,0xff,0xff,0xff,0xff,0xff,0xff,0xff,0xff,0xff,0xff,0xff,0xff,
    0xff,0xff,0xff,0xff,0xff,0xff,0xff,0xff,0xff,0xff,0xff,0xff,0xff,0xff,0xff,0xff,0xfd,0xfe,0xda,0x07,0x02,0x01,0x00,0x00,
    0x00,0x00,0x00,0x00,0x00,0x00,0x00,0x00,0x00,0x00,0x00,0x00,0x00,0x00,0x00,0x00,0x00,0x00,0x00,0x00,0x00,0x00,0x00,0x00,
    0x00,0x00,0x00,0x00,0x00,0x00,0x00,0x00,0x00,0x03,0x00,0x55,0xff,0xfb,0xff,0xff,0xff,0xff,0xff,0xff,0xff,0xff,0xff,0xff,
    0xff,0xff,0xff,0xff,0xff,0xff,0xff,0xff,0xff,0xff,0xff,0xff,0xff,0xff,0xff,0xff,0xff,0xff,0xff,0xff,0xff,0xff,0xff,0xff,
    0xff,0xff,0xff,0xff,0xff,0xff,0xff,0xff,0xff,0xff,0xff,0xff,0xff,0xff,0xff,0xff,0xff,0xff,0xff,0xff,0xff,0xff,0xff,0xff,
    0xff,0xff,0xff,0xff,0xff,0xff,0xff,0xff,0xff,0xff,0xff,0xff,0xff,0xff,0xff,0xff,0xff,0xff,0xff,0xff,0xff,0xff,0xff,0xff,
    0xff,0xff,0xff,0xfb,0xff,0x55,0x00,0x03,0x00,0x00,0x00,0x00,0x00,0x00,0x00,0x00,0x00,0x00,0x00,0x00,0x00,0x00,0x00,0x00,
    0x00,0x00,0x00,0x00,0x00,0x00,0x00,0x00,0x00,0x00,0x00,0x00,0x00,0x00,0x00,0x00,0x00,0x00,0x00,0x00,0x00,0x03,0x00,0xaa,
    0xff,0xfc,0xff,0xff,0xff,0xff,0xff,0xff,0xff,0xff,0xff,0xff,0xff,0xff,0xff,0xff,0xff,0xff,0xff,0xff,0xff,0xff,0xff,0xff,
    0xff,0xff,0xff,0xff,0xff,0xff,0xff,0xff,0xff,0xff,0xff,0xff,0xff,0xff,0xff,0xff,0xff,0xff,0xff,0xff,0xff,0xff,0xff,0xff,
    0xff,0xff,0xff,0xff,0xff,0xff,0xff,0xff,0xff,0xff,0xff,0xff,0xff,0xff,0xff,0xff,0xff,0xff,0xff,0xff,0xff,0xff,0xff,0xff,
    0xff,0xff,0xff,0xff,0xff,0xff,0xff,0xff,0xff,0xff,0xff,0xff,0xff,0xfc,0xff,0xaa,0x00,0x03,0x00,0x00,0x00,0x00,0x00,0x00,
    0x00,0x00,0x00,0x00,0x00,0x00,0x00,0x00,0x00,0x00,0x00,0x00,0x00,0x00,0x00,0x00,0x00,0x00,0x00,0x00,0x00,0x00,0x00,0x00,
    0x00,0x00,0x00,0x00,0x00,0x00,0x00,0x00,0x01,0x02,0x12,0xdd,0xff,0xfd,0xff,0xff,0xff,0xff,0xff,0xff,0xff,0xff,0xff,0xff,
    0xff,0xff,0xff,0xff,0xff,0xff,0xff,0xff,0xff,0xff,0xff,0xff,0xff,0xff,0xff,0xff,0xff,0xff,0xff,0xff,0xff,0xff,0xff,0xff,
    0xff,0xff,0xff,0xff,0xff,0xff,0xff,0xff,0xff,0xff,0xff,0xff,0xff,0xff,0xff,0xff,0xff,0xff,0xff,0xff,0xff,0xff,0xff,0xff,
    0xff,0xff,0xff,0xff,0xff,0xff,0xff,0xff,0xff,0xff,0xff,0xff,0xff,0xff,0xff,0xff,0xff,0xff,0xff,0xff,0xff,0xff,0xff,0xfd,
    0xff,0xdd,0x12,0x02,0x01,0x00,0x00,0x00,0x00,0x00,0x00,0x00,0x00,0x00,0x00,0x00,0x00,0x00,0x00,0x00,0x00,0x00,0x00,0x00,
    0x00,0x00,0x00,0x00,0x00,0x00,0x00,0x00,0x00,0x00,0x00,0x00,0x00,0x00,0x00,0x00,0x00,0x00,0x00,0x00,0x02,0x00,0x38,0xf9,
    0xfb,0xfe,0xff,0xff,0xff,0xff,0xff,0xff,0xff,0xff,0xff,0xff,0xff,0xff,0xff,0xff,0xff,0xff,0xff,0xff,0xff,0xff,0xff,0xff,
    0xff,0xff,0xff,0xff,0xff,0xff,0xff,0xff,0xff,0xff,0xff,0xff,0xff,0xff,0xff,0xff,0xff,0xff,0xff,0xff,0xff,0xff,0xff,0xff,
    0xff,0xff,0xff,0xff,0xff,0xff,0xff,0xff,0xff,0xff,0xff,0xff,0xff,0xff,0xff,0xff,0xff,0xff,0xff,0xff,0xff,0xff,0xff,0xff,
    0xff,0xff,0xff,0xff,0xff,0xff,0xff,0xff,0xff,0xfe,0xfb,0xf9,0x38,0x00,0x02,0x00,0x00,0x00,0x00,0x00,0x00,0x00,0x00,0x00,
    0x00,0x00,0x00,0x00,0x00,0x00,0x00,0x00,0x00,0x00,0x00,0x00,0x00,0x00,0x00,0x00,0x00,0x00,0x00,0x00,0x00,0x00,0x00,0x00,
    0x00,0x00,0x00,0x00,0x00,0x00,0x00,0x00,0x04,0x00,0xa0,0xff,0xfa,0xff,0xff,0xff,0xff,0xff,0xff,0xff,0xff,0xff,0xff,0xff,
    0xff,0xff,0xff,0xff,0xff,0xff,0xff,0xff,0xff,0xff,0xff,0xff,0xff,0xff,0xff,0xff,0xff,0xff,0xff,0xff,0xff,0xff,0xff,0xff,
    0xff,0xff,0xff,0xff,0xff,0xff,0xff,0xff,0xff,0xff,0xff,0xff,0xff,0xff,0xff,0xff,0xff,0xff,0xff,0xff,0xff,0xff,0xff,0xff,
    0xff,0xff,0xff,0xff,0xff,0xff,0xff,0xff,0xff,0xff,0xff,0xff,0xff,0xff,0xff,0xff,0xff,0xff,0xff,0xff,0xfa,0xff,0xa0,0x00,
    0x04,0x00,0x00,0x00,0x00,0x00,0x00,0x00,0x00,0x00,0x00,0x00,0x00,0x00,0x00,0x00,0x00,0x00,0x00,0x00,0x00,0x00,0x00,0x00,
    0x00,0x00,0x00,0x00,0x00,0x00,0x00,0x00,0x00,0x00,0x00,0x00,0x00,0x00,0x00,0x00,0x00,0x00,0x00,0x01,0x03,0x13,0xca,0xff,
    0xfc,0xff,0xff,0xff,0xff,0xff,0xff,0xff,0xff,0xff,0xff,0xff,0xff,0xff,0xff,0xff,0xff,0xff,0xff,0xff,0xff,0xff,0xff,0xff,
    0xff,0xff,0xff,0xff,0xff,0xff,0xff,0xff,0xff,0xff,0xff,0xff,0xff,0xff,0xff,0xff,0xff,0xff,0xff,0xff,0xff,0xff,0xff,0xff,
    0xff,0xff,0xff,0xff,0xff,0xff,0xff,0xff,0xff,0xff,0xff,0xff,0xff,0xff,0xff,0xff,0xff,0xff,0xff,0xff,0xff,0xff,0xff,0xff,
    0xff,0xff,0xff,0xff,0xff,0xff,0xfc,0xff,0xca,0x13,0x03,0x01,0x00,0x00,0x00,0x00,0x00,0x00,0x00,0x00,0x00,0x00,0x00,0x00,
    0x00,0x00,0x00,0x00,0x00,0x00,0x00,0x00,0x00,0x00,0x00,0x00,0x00,0x00,0x00,0x00,0x00,0x00,0x00,0x00,0x00,0x00,0x00,0x00,
    0x00,0x00,0x00,0x00,0x00,0x00,0x00,0x01,0x00,0x11,0xde,0xff,0xfd,0xff,0xff,0xff,0xff,0xff,0xff,0xff,0xff,0xff,0xff,0xff,
    0xff,0xff,0xff,0xff,0xff,0xff,0xff,0xff,0xff,0xff,0xff,0xff,0xff,0xff,0xff,0xff,0xff,0xff,0xff,0xff,0xff,0xff,0xff,0xff,
    0xff,0xff,0xff,0xff,0xff,0xff,0xff,0xff,0xff,0xff,0xff,0xff,0xff,0xff,0xff,0xff,0xff,0xff,0xff,0xff,0xff,0xff,0xff,0xff,
    0xff,0xff,0xff,0xff,0xff,0xff,0xff,0xff,0xff,0xff,0xff,0xff,0xff,0xff,0xff,0xff,0xfd,0xff,0xde,0x11,0x00,0x01,0x00,0x00,
    0x00,0x00,0x00,0x00,0x00,0x00,0x00,0x00,0x00,0x00,0x00,0x00,0x00,0x00,0x00,0x00,0x00,0x00,0x00,0x00,0x00,0x00,0x00,0x00,
    0x00,0x00,0x00,0x00,0x00,0x00,0x00,0x00,0x00,0x00,0x00,0x00,0x00,0x00,0x00,0x00,0x00,0x00,0x00,0x03,0x00,0x34,0xf5,0xfd,
    0xfd,0xff,0xff,0xff,0xff,0xff,0xff,0xff,0xff,0xff,0xff,0xff,0xff,0xff,0xff,0xff,0xff,0xff,0xff,0xff,0xff,0xff,0xff,0xff,
    0xff,0xff,0xff,0xff,0xff,0xff,0xff,0xff,0xff,0xff,0xff,0xff,0xff,0xff,0xff,0xff,0xff,0xff,0xff,0xff,0xff,0xff,0xff,0xff,
    0xff,0xff,0xff,0xff,0xff,0xff,0xff,0xff,0xff,0xff,0xff,0xff,0xff,0xff,0xff,0xff,0xff,0xff,0xff,0xff,0xff,0xff,0xff,0xff,
    0xff,0xff,0xfd,0xfd,0xf5,0x34,0x00,0x03,0x00,0x00,0x00,0x00,0x00,0x00,0x00,0x00,0x00,0x00,0x00,0x00,0x00,0x00,0x00,0x00,
    0x00,0x00,0x00,0x00,0x00,0x00,0x00,0x00,0x00,0x00,0x00,0x00,0x00,0x00,0x00,0x00,0x00,0x00,0x00,0x00,0x00,0x00,0x00,0x00,
    0x00,0x00,0x00,0x00,0x00,0x00,0x00,0x04,0x00,0x5f,0xff,0xfc,0xfe,0xff,0xff,0xff,0xff,0xff,0xff,0xff,0xff,0xff,0xff,0xff,
    0xff,0xff,0xff,0xff,0xff,0xff,0xff,0xff,0xff,0xff,0xff,0xff,0xff,0xff,0xff,0xff,0xff,0xff,0xff,0xff,0xff,0xff,0xff,0xff,
    0xff,0xff,0xff,0xff,0xff,0xff,0xff,0xff,0xff,0xff,0xff,0xff,0xff,0xff,0xff,0xff,0xff,0xff,0xff,0xff,0xff,0xff,0xff,0xff,
    0xff,0xff,0xff,0xff,0xff,0xff,0xff,0xff,0xff,0xff,0xff,0xff,0xfe,0xfc,0xff,0x5f,0x00,0x04,0x00,0x00,0x00,0x00,0x00,0x00,
    0x00,0x00,0x00,0x00,0x00,0x00,0x00,0x00,0x00,0x00,0x00,0x00,0x00,0x00,0x00,0x00,0x00,0x00,0x00,0x00,0x00,0x00,0x00,0x00,
    0x00,0x00,0x00,0x00,0x00,0x00,0x00,0x00,0x00,0x00,0x00,0x00,0x00,0x00,0x00,0x00,0x00,0x00,0x00,0x04,0x00,0x65,0xff,0xfc,
    0xfe,0xff,0xff,0xff,0xff,0xff,0xff,0xff,0xff,0xff,0xff,0xff,0xff,0xff,0xff,0xff,0xff,0xff,0xff,0xff,0xff,0xff,0xff,0xff,
    0xff,0xff,0xff,0xff,0xff,0xff,0xff,0xff,0xff,0xff,0xff,0xff,0xff,0xff,0xff,0xff,0xff,0xff,0xff,0xff,0xff,0xff,0xff,0xff,
    0xff,0xff,0xff,0xff,0xff,0xff,0xff,0xff,0xff,0xff,0xff,0xff,0xff,0xff,0xff,0xff,0xff,0xff,0xff,0xff,0xff,0xff,0xfe,0xfc,
    0xff,0x65,0x00,0x04,0x00,0x00,0x00,0x00,0x00,0x00,0x00,0x00,0x00,0x00,0x00,0x00,0x00,0x00,0x00,0x00,0x00,0x00,0x00,0x00,
    0x00,0x00,0x00,0x00,0x00,0x00,0x00,0x00,0x00,0x00,0x00,0x00,0x00,0x00,0x00,0x00,0x00,0x00,0x00,0x00,0x00,0x00,0x00,0x00,
    0x00,0x00,0x00,0x00,0x00,0x00,0x00,0x04,0x00,0x65,0xff,0xfc,0xfd,0xff,0xff,0xff,0xff,0xff,0xff,0xff,0xff,0xff,0xff,0xff,
    0xff,0xff,0xff,0xff,0xff,0xff,0xff,0xff,0xff,0xff,0xff,0xff,0xff,0xff,0xff,0xff,0xff,0xff,0xff,0xff,0xff,0xff,0xff,0xff,
    0xff,0xff,0xff,0xff,0xff,0xff,0xff,0xff,0xff,0xff,0xff,0xff,0xff,0xff,0xff,0xff,0xff,0xff,0xff,0xff,0xff,0xff,0xff,0xff,
    0xff,0xff,0xff,0xff,0xff,0xff,0xff,0xff,0xfd,0xfc,0xff,0x65,0x00,0x04,0x00,0x00,0x00,0x00,0x00,0x00,0x00,0x00,0x00,0x00,
    0x00,0x00,0x00,0x00,0x00,0x00,0x00,0x00,0x00,0x00,0x00,0x00,0x00,0x00,0x00,0x00,0x00,0x00,0x00,0x00,0x00,0x00,0x00,0x00,
    0x00,0x00,0x00,0x00,0x00,0x00,0x00,0x00,0x00,0x00,0x00,0x00,0x00,0x00,0x00,0x00,0x00,0x00,0x00,0x04,0x00,0x65,0xff,0xff,
    0xfc,0xff,0xff,0xff,0xff,0xff,0xff,0xff,0xff,0xff,0xff,0xff,0xff,0xff,0xff,0xff,0xff,0xff,0xff,0xff,0xff,0xff,0xff,0xff,
    0xff,0xff,0xff,0xff,0xff,0xff,0xff,0xff,0xff,0xff,0xff,0xff,0xff,0xff,0xff,0xff,0xff,0xff,0xff,0xff,0xff,0xff,0xff,0xff,
    0xff,0xff,0xff,0xff,0xff,0xff,0xff,0xff,0xff,0xff,0xff,0xff,0xff,0xff,0xff,0xff,0xff,0xff,0xfc,0xff,0xff,0x65,0x00,0x04,
    0x00,0x00,0x00,0x00,0x00,0x00,0x00,0x00,0x00,0x00,0x00,0x00,0x00,0x00,0x00,0x00,0x00,0x00,0x00,0x00,0x00,0x00,0x00,0x00,
    0x00,0x00,0x00,0x00,0x00,0x00,0x00,0x00,0x00,0x00,0x00,0x00,0x00,0x00,0x00,0x00,0x00,0x00,0x00,0x00,0x00,0x00,0x00,0x00,
    0x00,0x00,0x00,0x00,0x00,0x00,0x00,0x04,0x00,0x56,0xee,0xff,0xfb,0xff,0xff,0xff,0xff,0xff,0xff,0xff,0xff,0xff,0xff,0xff,
    0xff,0xff,0xff,0xff,0xff,0xff,0xff,0xff,0xff,0xff,0xff,0xff,0xff,0xff,0xff,0xff,0xff,0xff,0xff,0xff,0xff,0xff,0xff,0xff,
    0xff,0xff,0xff,0xff,0xff,0xff,0xff,0xff,0xff,0xff,0xff,0xff,0xff,0xff,0xff,0xff,0xff,0xff,0xff,0xff,0xff,0xff,0xff,0xff,
    0xff,0xff,0xff,0xff,0xfb,0xff,0xee,0x56,0x00,0x04,0x00,0x00,0x00,0x00,0x00,0x00,0x00,0x00,0x00,0x00,0x00,0x00,0x00,0x00,
    0x00,0x00,0x00,0x00,0x00,0x00,0x00,0x00,0x00,0x00,0x00,0x00,0x00,0x00,0x00,0x00,0x00,0x00,0x00,0x00,0x00,0x00,0x00,0x00,
    0x00,0x00,0x00,0x00,0x00,0x00,0x00,0x00,0x00,0x00,0x00,0x00,0x00,0x00,0x00,0x00,0x00,0x00,0x00,0x04,0x00,0x31,0xce,0xff,
    0xfd,0xfd,0xff,0xff,0xff,0xff,0xff,0xff,0xff,0xff,0xff,0xff,0xff,0xff,0xff,0xff,0xff,0xff,0xff,0xff,0xff,0xff,0xff,0xff,
    0xff,0xff,0xff,0xff,0xff,0xff,0xff,0xff,0xff,0xff,0xff,0xff,0xff,0xff,0xff,0xff,0xff,0xff,0xff,0xff,0xff,0xff,0xff,0xff,
    0xff,0xff,0xff,0xff,0xff,0xff,0xff,0xff,0xff,0xff,0xff,0xff,0xff,0xfd,0xfd,0xff,0xce,0x31,0x00,0x04,0x00,0x00,0x00,0x00,
    0x00,0x00,0x00,0x00,0x00,0x00,0x00,0x00,0x00,0x00,0x00,0x00,0x00,0x00,0x00,0x00,0x00,0x00,0x00,0x00,0x00,0x00,0x00,0x00,
    0x00,0x00,0x00,0x00,0x00,0x00,0x00,0x00,0x00,0x00,0x00,0x00,0x00,0x00,0x00,0x00,0x00,0x00,0x00,0x00,0x00,0x00,0x00,0x00,
    0x00,0x00,0x00,0x00,0x00,0x00,0x00,0x04,0x00,0x0d,0x92,0xff,0xff,0xfc,0xff,0xff,0xff,0xff,0xff,0xff,0xff,0xff,0xff,0xff,
    0xff,0xff,0xff,0xff,0xff,0xff,0xff,0xff,0xff,0xff,0xff,0xff,0xff,0xff,0xff,0xff,0xff,0xff,0xff,0xff,0xff,0xff,0xff,0xff,
    0xff,0xff,0xff,0xff,0xff,0xff,0xff,0xff,0xff,0xff,0xff,0xff,0xff,0xff,0xff,0xff,0xff,0xff,0xff,0xff,0xff,0xff,0xff,0xfc,
    0xff,0xff,0x92,0x0d,0x00,0x04,0x00,0x00,0x00,0x00,0x00,0x00,0x00,0x00,0x00,0x00,0x00,0x00,0x00,0x00,0x00,0x00,0x00,0x00,
    0x00,0x00,0x00,0x00,0x00,0x00,0x00,0x00,0x00,0x00,0x00,0x00,0x00,0x00,0x00,0x00,0x00,0x00,0x00,0x00,0x00,0x00,0x00,0x00,
    0x00,0x00,0x00,0x00,0x00,0x00,0x00,0x00,0x00,0x00,0x00,0x00,0x00,0x00,0x00,0x00,0x00,0x00,0x00,0x02,0x00,0x00,0x47,0xd9,
    0xff,0xfd,0xfc,0xff,0xff,0xff,0xff,0xff,0xff,0xff,0xff,0xff,0xff,0xff,0xff,0xff,0xff,0xff,0xff,0xff,0xff,0xff,0xff,0xff,
    0xff,0xff,0xff,0xff,0xff,0xff,0xff,0xff,0xff,0xff,0xff,0xff,0xff,0xff,0xff,0xff,0xff,0xff,0xff,0xff,0xff,0xff,0xff,0xff,
    0xff,0xff,0xff,0xff,0xff,0xff,0xff,0xff,0xfc,0xfd,0xff,0xd9,0x47,0x00,0x00,0x02,0x00,0x00,0x00,0x00,0x00,0x00,0x00,0x00,
    0x00,0x00,0x00,0x00,0x00,0x00,0x00,0x00,0x00,0x00,0x00,0x00,0x00,0x00,0x00,0x00,0x00,0x00,0x00,0x00,0x00,0x00,0x00,0x00,
    0x00,0x00,0x00,0x00,0x00,0x00,0x00,0x00,0x00,0x00,0x00,0x00,0x00,0x00,0x00,0x00,0x00,0x00,0x00,0x00,0x00,0x00,0x00,0x00,
    0x00,0x00,0x00,0x00,0x00,0x00,0x00,0x01,0x04,0x00,0x0f,0x9b,0xff,0xff,0xfc,0xfe,0xff,0xff,0xff,0xff,0xff,0xff,0xff,0xff,
    0xff,0xff,0xff,0xff,0xff,0xff,0xff,0xff,0xff,0xff,0xff,0xff,0xff,0xff,0xff,0xff,0xff,0xff,0xff,0xff,0xff,0xff,0xff,0xff,
    0xff,0xff,0xff,0xff,0xff,0xff,0xff,0xff,0xff,0xff,0xff,0xff,0xff,0xff,0xff,0xff,0xff,0xfe,0xfc,0xff,0xff,0x9b,0x0f,0x00,
    0x04,0x01,0x00,0x00,0x00,0x00,0x00,0x00,0x00,0x00,0x00,0x00,0x00,0x00,0x00,0x00,0x00,0x00,0x00,0x00,0x00,0x00,0x00,0x00,
    0x00,0x00,0x00,0x00,0x00,0x00,0x00,0x00,0x00,0x00,0x00,0x00,0x00,0x00,0x00,0x00,0x00,0x00,0x00,0x00,0x00,0x00,0x00,0x00,
    0x00,0x00,0x00,0x00,0x00,0x00,0x00,0x00,0x00,0x00,0x00,0x00,0x00,0x00,0x00,0x00,0x00,0x00,0x00,0x00,0x03,0x00,0x00,0x45,
    0xbc,0xff,0xff,0xfb,0xfd,0xff,0xff,0xff,0xff,0xff,0xff,0xff,0xff,0xff,0xff,0xff,0xff,0xff,0xff,0xff,0xff,0xff,0xff,0xff,
    0xff,0xff,0xff,0xff,0xff,0xff,0xff,0xff,0xff,0xff,0xff,0xff,0xff,0xff,0xff,0xff,0xff,0xff,0xff,0xff,0xff,0xff,0xff,0xff,
    0xff,0xff,0xfd,0xfb,0xff,0xff,0xbc,0x45,0x00,0x00,0x03,0x00,0x00,0x00,0x00,0x00,0x00,0x00,0x00,0x00,0x00,0x00,0x00,0x00,
    0x00,0x00,0x00,0x00,0x00,0x00,0x00,0x00,0x00,0x00,0x00,0x00,0x00,0x00,0x00,0x00,0x00,0x00,0x00,0x00,0x00,0x00,0x00,0x00,
    0x00,0x00,0x00,0x00,0x00,0x00,0x00,0x00,0x00,0x00,0x00,0x00,0x00,0x00,0x00,0x00,0x00,0x00,0x00,0x00,0x00,0x00,0x00,0x00,
    0x00,0x00,0x00,0x00,0x00,0x00,0x00,0x00,0x01,0x02,0x00,0x00,0x6d,0xe9,0xff,0xff,0xfe,0xfc,0xff,0xff,0xff,0xff,0xff,0xff,
    0xff,0xff,0xff,0xff,0xff,0xff,0xff,0xff,0xff,0xff,0xff,0xff,0xff,0xff,0xff,0xff,0xff,0xff,0xff,0xff,0xff,0xff,0xff,0xff,
    0xff,0xff,0xff,0xff,0xff,0xff,0xff,0xff,0xff,0xff,0xff,0xfc,0xfe,0xff,0xff,0xe9,0x6d,0x00,0x00,0x02,0x01,0x00,0x00,0x00,
    0x00,0x00,0x00,0x00,0x00,0x00,0x00,0x00,0x00,0x00,0x00,0x00,0x00,0x00,0x00,0x00,0x00,0x00,0x00,0x00,0x00,0x00,0x00,0x00,
    0x00,0x00,0x00,0x00,0x00,0x00,0x00,0x00,0x00,0x00,0x00,0x00,0x00,0x00,0x00,0x00,0x00,0x00,0x00,0x00,0x00,0x00,0x00,0x00,
    0x00,0x00,0x00,0x00,0x00,0x00,0x00,0x00,0x00,0x00,0x00,0x00,0x00,0x00,0x00,0x00,0x00,0x00,0x00,0x00,0x00,0x03,0x01,0x00,
    0x16,0x74,0xc5,0xff,0xff,0xfd,0xfb,0xfe,0xff,0xff,0xff,0xff,0xff,0xff,0xff,0xff,0xff,0xff,0xff,0xff,0xff,0xff,0xff,0xff,
    0xff,0xff,0xff,0xff,0xff,0xff,0xff,0xff,0xff,0xff,0xff,0xff,0xff,0xff,0xff,0xff,0xff,0xff,0xff,0xfe,0xfb,0xfd,0xff,0xff,
    0xc5,0x74,0x16,0x00,0x01,0x03,0x00,0x00,0x00,0x00,0x00,0x00,0x00,0x00,0x00,0x00,0x00,0x00,0x00,0x00,0x00,0x00,0x00,0x00,
    0x00,0x00,0x00,0x00,0x00,0x00,0x00,0x00,0x00,0x00,0x00,0x00,0x00,0x00,0x00,0x00,0x00,0x00,0x00,0x00,0x00,0x00,0x00,0x00,
    0x00,0x00,0x00,0x00,0x00,0x00,0x00,0x00,0x00,0x00,0x00,0x00,0x00,0x00,0x00,0x00,0x00,0x00,0x00,0x00,0x00,0x00,0x00,0x00,
    0x00,0x00,0x00,0x00,0x00,0x00,0x00,0x00,0x00,0x00,0x03,0x00,0x00,0x00,0x45,0xba,0xff,0xff,0xff,0xfd,0xfb,0xfd,0xfe,0xff,
    0xff,0xff,0xff,0xff,0xff,0xff,0xff,0xff,0xff,0xff,0xff,0xff,0xff,0xff,0xff,0xff,0xff,0xff,0xff,0xff,0xff,0xff,0xff,0xff,
    0xff,0xff,0xfe,0xfd,0xfb,0xfd,0xff,0xff,0xff,0xba,0x45,0x00,0x00,0x00,0x03,0x00,0x00,0x00,0x00,0x00,0x00,0x00,0x00,0x00,
    0x00,0x00,0x00,0x00,0x00,0x00,0x00,0x00,0x00,0x00,0x00,0x00,0x00,0x00,0x00,0x00,0x00,0x00,0x00,0x00,0x00,0x00,0x00,0x00,
    0x00,0x00,0x00,0x00,0x00,0x00,0x00,0x00,0x00,0x00,0x00,0x00,0x00,0x00,0x00,0x00,0x00,0x00,0x00,0x00,0x00,0x00,0x00,0x00,
    0x00,0x00,0x00,0x00,0x00,0x00,0x00,0x00,0x00,0x00,0x00,0x00,0x00,0x00,0x00,0x00,0x00,0x00,0x00,0x00,0x00,0x00,0x01,0x04,
    0x01,0x00,0x00,0x45,0x9e,0xe3,0xff,0xff,0xff,0xff,0xfd,0xfb,0xfc,0xfd,0xfe,0xff,0xff,0xff,0xff,0xff,0xff,0xff,0xff,0xff,
    0xff,0xff,0xff,0xff,0xff,0xff,0xff,0xff,0xfe,0xfd,0xfc,0xfb,0xfd,0xff,0xff,0xff,0xff,0xe3,0x9e,0x45,0x00,0x00,0x01,0x04,
    0x01,0x00,0x00,0x00,0x00,0x00,0x00,0x00,0x00,0x00,0x00,0x00,0x00,0x00,0x00,0x00,0x00,0x00,0x00,0x00,0x00,0x00,0x00,0x00,
    0x00,0x00,0x00,0x00,0x00,0x00,0x00,0x00,0x00,0x00,0x00,0x00,0x00,0x00,0x00,0x00,0x00,0x00,0x00,0x00,0x00,0x00,0x00,0x00,
    0x00,0x00,0x00,0x00,0x00,0x00,0x00,0x00,0x00,0x00,0x00,0x00,0x00,0x00,0x00,0x00,0x00,0x00,0x00,0x00,0x00,0x00,0x00,0x00,
    0x00,0x00,0x00,0x00,0x00,0x00,0x00,0x00,0x00,0x00,0x00,0x00,0x03,0x01,0x00,0x00,0x0e,0x4f,0x8f,0xd6,0xf0,0xff,0xff,0xff,
    0xff,0xff,0xfd,0xfc,0xfb,0xfc,0xfc,0xfc,0xfc,0xfe,0xfe,0xfe,0xfc,0xfc,0xfc,0xfc,0xfb,0xfc,0xfd,0xff,0xff,0xff,0xff,0xff,
    0xf0,0xd6,0x8f,0x4f,0x0e,0x00,0x00,0x01,0x03,0x00,0x00,0x00,0x00,0x00,0x00,0x00,0x00,0x00,0x00,0x00,0x00,0x00,0x00,0x00,
    0x00,0x00,0x00,0x00,0x00,0x00,0x00,0x00,0x00,0x00,0x00,0x00,0x00,0x00,0x00,0x00,0x00,0x00,0x00,0x00,0x00,0x00,0x00,0x00,
    0x00,0x00,0x00,0x00,0x00,0x00,0x00,0x00,0x00,0x00,0x00,0x00,0x00,0x00,0x00,0x00,0x00,0x00,0x00,0x00,0x00,0x00,0x00,0x00,
    0x00,0x00,0x00,0x00,0x00,0x00,0x00,0x00,0x00,0x00,0x00,0x00,0x00,0x00,0x00,0x00,0x00,0x00,0x00,0x00,0x00,0x00,0x00,0x00,
    0x00,0x03,0x03,0x00,0x00,0x00,0x03,0x14,0x42,0x8c,0xbe,0xe1,0xf0,0xff,0xff,0xff,0xff,0xff,0xff,0xff,0xff,0xff,0xff,0xff,
    0xff,0xff,0xff,0xff,0xff,0xff,0xf0,0xe1,0xbe,0x8c,0x42,0x14,0x03,0x00,0x00,0x00,0x03,0x03,0x00,0x00,0x00,0x00,0x00,0x00,
    0x00,0x00,0x00,0x00,0x00,0x00,0x00,0x00,0x00,0x00,0x00,0x00,0x00,0x00,0x00,0x00,0x00,0x00,0x00,0x00,0x00,0x00,0x00,0x00,
    0x00,0x00,0x00,0x00,0x00,0x00,0x00,0x00,0x00,0x00,0x00,0x00,0x00,0x00,0x00,0x00,0x00,0x00,0x00,0x00,0x00,0x00,0x00,0x00,
    0x00,0x00,0x00,0x00,0x00,0x00,0x00,0x00,0x00,0x00,0x00,0x00,0x00,0x00,0x00,0x00,0x00,0x00,0x00,0x00,0x00,0x00,0x00,0x00,
    0x00,0x00,0x00,0x00,0x00,0x00,0x00,0x00,0x00,0x00,0x00,0x00,0x00,0x00,0x01,0x03,0x04,0x00,0x00,0x00,0x00,0x00,0x09,0x15,
    0x3e,0x52,0x80,0xae,0xbf,0xbe,0xcb,0xf0,0xef,0xf0,0xcb,0xbe,0xbf,0xae,0x80,0x52,0x3e,0x15,0x09,0x00,0x00,0x00,0x00,0x00,
    0x04,0x03,0x01,0x00,0x00,0x00,0x00,0x00,0x00,0x00,0x00,0x00,0x00,0x00,0x00,0x00,0x00,0x00,0x00,0x00,0x00,0x00,0x00,0x00,
    0x00,0x00,0x00,0x00,0x00,0x00,0x00,0x00,0x00,0x00,0x00,0x00,0x00,0x00,0x00,0x00,0x00,0x00,0x00,0x00,0x00,0x00,0x00,0x00,
    0x00,0x00,0x00,0x00,0x00,0x00,0x00,0x00,0x00,0x00,0x00,0x00,0x00,0x00,0x00,0x00,0x00,0x00,0x00,0x00,0x00,0x00,0x00,0x00,
    0x00,0x00,0x00,0x00,0x00,0x00,0x00,0x00,0x00,0x00,0x00,0x00,0x00,0x00,0x00,0x00,0x00,0x00,0x00,0x00,0x00,0x00,0x00,0x00,
    0x00,0x00,0x00,0x00,0x01,0x01,0x03,0x04,0x02,0x00,0x00,0x00,0x00,0x00,0x00,0x00,0x00,0x00,0x10,0x10,0x10,0x00,0x00,0x00,
    0x00,0x00,0x00,0x00,0x00,0x00,0x02,0x04,0x03,0x01,0x01,0x00,0x00,0x00,0x00,0x00,0x00,0x00,0x00,0x00,0x00,0x00,0x00,0x00,
    0x00,0x00,0x00,0x00,0x00,0x00,0x00,0x00,0x00,0x00,0x00,0x00,0x00,0x00,0x00,0x00,0x00,0x00,0x00,0x00,0x00,0x00,0x00,0x00,
    0x00,0x00,0x00,0x00,0x00,0x00,0x00,0x00,0x00,0x00,0x00,0x00,0x00,0x00,0x00,0x00,0x00,0x00,0x00,0x00,0x00,0x00,0x00,0x00,
    0x00,0x00,0x00,0x00,0x00,0x00,0x00,0x00,0x00,0x00,0x00,0x00,0x00,0x00,0x00,0x00,0x00,0x00,0x00,0x00,0x00,0x00,0x00,0x00,
    0x00,0x00,0x00,0x00,0x00,0x00,0x00,0x00,0x00,0x00,0x00,0x00,0x00,0x00,0x00,0x00,0x00,0x00,0x00,0x00,0x01,0x01,0x03,0x04,
    0x05,0x03,0x02,0x03,0x01,0x00,0x00,0x00,0x01,0x03,0x02,0x03,0x05,0x04,0x03,0x01,0x01,0x00,0x00,0x00,0x00,0x00,0x00,0x00,
    0x00,0x00,0x00,0x00,0x00,0x00,0x00,0x00,0x00,0x00,0x00,0x00,0x00,0x00,0x00,0x00,0x00,0x00,0x00,0x00,0x00,0x00,0x00,0x00,
    0x00,0x00,0x00,0x00,0x00,0x00,0x00,0x00,0x00,0x00,0x00,0x00,0x00,0x00,0x00,0x00,0x00,0x00,0x00,0x00,0x00,0x00,0x00,0x00,
};

const lv_image_dsc_t avo_img_mark_160 = {
    .header = { .magic = LV_IMAGE_HEADER_MAGIC, .cf = LV_COLOR_FORMAT_RGB565A8, .flags = 0,
                .w = 131, .h = 160, .stride = 262 },
    .data_size = sizeof(avo_img_mark_160_map),
    .data = avo_img_mark_160_map,
};
